# Generated from AMR_FLW_link.STL
v -1.072882005459519e-09 -0.01799999736249447 0.042500004172325134
v -1.072882005459519e-09 0.018000001087784767 0.042500004172325134
v 0.0078093549236655235 -0.01799999736249447 0.04177635908126831
f 1 2 3
v 0.0078093549236655235 -0.01799999736249447 0.04177635908126831
v -1.072882005459519e-09 0.018000001087784767 0.042500004172325134
v 0.0078093549236655235 0.018000001087784767 0.04177635908126831
f 4 5 6
v 0.0078093549236655235 -0.01799999736249447 0.04177635908126831
v 0.0078093549236655235 0.018000001087784767 0.04177635908126831
v 0.015352769754827023 -0.01799999736249447 0.03963007032871246
f 7 8 9
v 0.015352769754827023 -0.01799999736249447 0.03963007032871246
v 0.0078093549236655235 0.018000001087784767 0.04177635908126831
v 0.015352769754827023 0.018000001087784767 0.03963007032871246
f 10 11 12
v 0.015352769754827023 -0.01799999736249447 0.03963007032871246
v 0.015352769754827023 0.018000001087784767 0.03963007032871246
v 0.022373361513018608 -0.01799999736249447 0.036134228110313416
f 13 14 15
v 0.022373361513018608 -0.01799999736249447 0.036134228110313416
v 0.015352769754827023 0.018000001087784767 0.03963007032871246
v 0.022373361513018608 0.018000001087784767 0.036134228110313416
f 16 17 18
v 0.022373361513018608 -0.01799999736249447 0.036134228110313416
v 0.022373361513018608 0.018000001087784767 0.036134228110313416
v 0.028632057830691338 -0.01799999736249447 0.031407877802848816
f 19 20 21
v 0.028632057830691338 -0.01799999736249447 0.031407877802848816
v 0.022373361513018608 0.018000001087784767 0.036134228110313416
v 0.028632057830691338 0.018000001087784767 0.031407877802848816
f 22 23 24
v 0.028632057830691338 -0.01799999736249447 0.031407877802848816
v 0.028632057830691338 0.018000001087784767 0.031407877802848816
v 0.03391572833061218 -0.01799999736249447 0.02561197243630886
f 25 26 27
v 0.03391572833061218 -0.01799999736249447 0.02561197243630886
v 0.028632057830691338 0.018000001087784767 0.031407877802848816
v 0.03391572833061218 0.018000001087784767 0.02561197243630886
f 28 29 30
v 0.03391572833061218 -0.01799999736249447 0.02561197243630886
v 0.03391572833061218 0.018000001087784767 0.02561197243630886
v 0.038044437766075134 -0.01799999736249447 0.01894388161599636
f 31 32 33
v 0.038044437766075134 -0.01799999736249447 0.01894388161599636
v 0.03391572833061218 0.018000001087784767 0.02561197243630886
v 0.038044437766075134 0.018000001087784767 0.01894388161599636
f 34 35 36
v 0.038044437766075134 -0.01799999736249447 0.01894388161599636
v 0.038044437766075134 0.018000001087784767 0.01894388161599636
v 0.04087759554386139 -0.01799999736249447 0.011630674824118614
f 37 38 39
v 0.04087759554386139 -0.01799999736249447 0.011630674824118614
v 0.038044437766075134 0.018000001087784767 0.01894388161599636
v 0.04087759554386139 0.018000001087784767 0.011630674824118614
f 40 41 42
v 0.04087759554386139 -0.01799999736249447 0.011630674824118614
v 0.04087759554386139 0.018000001087784767 0.011630674824118614
v 0.04231870174407959 -0.01799999736249447 0.003921402618288994
f 43 44 45
v 0.04231870174407959 -0.01799999736249447 0.003921402618288994
v 0.04087759554386139 0.018000001087784767 0.011630674824118614
v 0.04231870174407959 0.018000001087784767 0.003921402618288994
f 46 47 48
v 0.04231870174407959 -0.01799999736249447 0.003921402618288994
v 0.04231870174407959 0.018000001087784767 0.003921402618288994
v 0.04231870174407959 -0.01799999736249447 -0.003921406343579292
f 49 50 51
v 0.04231870174407959 -0.01799999736249447 -0.003921406343579292
v 0.04231870174407959 0.018000001087784767 0.003921402618288994
v 0.04231870174407959 0.018000001087784767 -0.003921406343579292
f 52 53 54
v 0.04231870174407959 -0.01799999736249447 -0.003921406343579292
v 0.04231870174407959 0.018000001087784767 -0.003921406343579292
v 0.04087759554386139 -0.01799999736249447 -0.011630678549408913
f 55 56 57
v 0.04087759554386139 -0.01799999736249447 -0.011630678549408913
v 0.04231870174407959 0.018000001087784767 -0.003921406343579292
v 0.04087759554386139 0.018000001087784767 -0.011630678549408913
f 58 59 60
v 0.04087759554386139 -0.01799999736249447 -0.011630678549408913
v 0.04087759554386139 0.018000001087784767 -0.011630678549408913
v 0.038044437766075134 -0.01799999736249447 -0.01894388534128666
f 61 62 63
v 0.038044437766075134 -0.01799999736249447 -0.01894388534128666
v 0.04087759554386139 0.018000001087784767 -0.011630678549408913
v 0.038044437766075134 0.018000001087784767 -0.01894388534128666
f 64 65 66
v 0.038044437766075134 -0.01799999736249447 -0.01894388534128666
v 0.038044437766075134 0.018000001087784767 -0.01894388534128666
v 0.03391572833061218 -0.01799999736249447 -0.02561197616159916
f 67 68 69
v 0.03391572833061218 -0.01799999736249447 -0.02561197616159916
v 0.038044437766075134 0.018000001087784767 -0.01894388534128666
v 0.03391572833061218 0.018000001087784767 -0.02561197616159916
f 70 71 72
v 0.03391572833061218 -0.01799999736249447 -0.02561197616159916
v 0.03391572833061218 0.018000001087784767 -0.02561197616159916
v 0.028632057830691338 -0.01799999736249447 -0.03140787035226822
f 73 74 75
v 0.028632057830691338 -0.01799999736249447 -0.03140787035226822
v 0.03391572833061218 0.018000001087784767 -0.02561197616159916
v 0.028632057830691338 0.018000001087784767 -0.03140787035226822
f 76 77 78
v 0.028632057830691338 -0.01799999736249447 -0.03140787035226822
v 0.028632057830691338 0.018000001087784767 -0.03140787035226822
v 0.022373361513018608 -0.01799999736249447 -0.03613422065973282
f 79 80 81
v 0.022373361513018608 -0.01799999736249447 -0.03613422065973282
v 0.028632057830691338 0.018000001087784767 -0.03140787035226822
v 0.022373361513018608 0.018000001087784767 -0.03613422065973282
f 82 83 84
v 0.022373361513018608 -0.01799999736249447 -0.03613422065973282
v 0.022373361513018608 0.018000001087784767 -0.03613422065973282
v 0.015352769754827023 -0.01799999736249447 -0.039630062878131866
f 85 86 87
v 0.015352769754827023 -0.01799999736249447 -0.039630062878131866
v 0.022373361513018608 0.018000001087784767 -0.03613422065973282
v 0.015352769754827023 0.018000001087784767 -0.039630062878131866
f 88 89 90
v 0.015352769754827023 -0.01799999736249447 -0.039630062878131866
v 0.015352769754827023 0.018000001087784767 -0.039630062878131866
v 0.0078093549236655235 -0.01799999736249447 -0.041776351630687714
f 91 92 93
v 0.0078093549236655235 -0.01799999736249447 -0.041776351630687714
v 0.015352769754827023 0.018000001087784767 -0.039630062878131866
v 0.0078093549236655235 0.018000001087784767 -0.041776351630687714
f 94 95 96
v 0.0078093549236655235 -0.01799999736249447 -0.041776351630687714
v 0.0078093549236655235 0.018000001087784767 -0.041776351630687714
v -1.072882005459519e-09 -0.01799999736249447 -0.04249999672174454
f 97 98 99
v -1.072882005459519e-09 -0.01799999736249447 -0.04249999672174454
v 0.0078093549236655235 0.018000001087784767 -0.041776351630687714
v -1.072882005459519e-09 0.018000001087784767 -0.04249999672174454
f 100 101 102
v -1.072882005459519e-09 -0.01799999736249447 -0.04249999672174454
v -1.072882005459519e-09 0.018000001087784767 -0.04249999672174454
v -0.007809356786310673 -0.01799999736249447 -0.041776351630687714
f 103 104 105
v -0.007809356786310673 -0.01799999736249447 -0.041776351630687714
v -1.072882005459519e-09 0.018000001087784767 -0.04249999672174454
v -0.007809356786310673 0.018000001087784767 -0.041776351630687714
f 106 107 108
v -0.007809356786310673 -0.01799999736249447 -0.041776351630687714
v -0.007809356786310673 0.018000001087784767 -0.041776351630687714
v -0.015352771617472172 -0.01799999736249447 -0.039630062878131866
f 109 110 111
v -0.015352771617472172 -0.01799999736249447 -0.039630062878131866
v -0.007809356786310673 0.018000001087784767 -0.041776351630687714
v -0.015352771617472172 0.018000001087784767 -0.039630062878131866
f 112 113 114
v -0.015352771617472172 -0.01799999736249447 -0.039630062878131866
v -0.015352771617472172 0.018000001087784767 -0.039630062878131866
v -0.022373365238308907 -0.01799999736249447 -0.03613422065973282
f 115 116 117
v -0.022373365238308907 -0.01799999736249447 -0.03613422065973282
v -0.015352771617472172 0.018000001087784767 -0.039630062878131866
v -0.022373365238308907 0.018000001087784767 -0.03613422065973282
f 118 119 120
v -0.022373365238308907 -0.01799999736249447 -0.03613422065973282
v -0.022373365238308907 0.018000001087784767 -0.03613422065973282
v -0.028632061555981636 -0.01799999736249447 -0.03140787035226822
f 121 122 123
v -0.028632061555981636 -0.01799999736249447 -0.03140787035226822
v -0.022373365238308907 0.018000001087784767 -0.03613422065973282
v -0.028632061555981636 0.018000001087784767 -0.03140787035226822
f 124 125 126
v -0.028632061555981636 -0.01799999736249447 -0.03140787035226822
v -0.028632061555981636 0.018000001087784767 -0.03140787035226822
v -0.03391572833061218 -0.01799999736249447 -0.02561197616159916
f 127 128 129
v -0.03391572833061218 -0.01799999736249447 -0.02561197616159916
v -0.028632061555981636 0.018000001087784767 -0.03140787035226822
v -0.03391572833061218 0.018000001087784767 -0.02561197616159916
f 130 131 132
v -0.03391572833061218 -0.01799999736249447 -0.02561197616159916
v -0.03391572833061218 0.018000001087784767 -0.02561197616159916
v -0.038044437766075134 -0.01799999736249447 -0.01894388534128666
f 133 134 135
v -0.038044437766075134 -0.01799999736249447 -0.01894388534128666
v -0.03391572833061218 0.018000001087784767 -0.02561197616159916
v -0.038044437766075134 0.018000001087784767 -0.01894388534128666
f 136 137 138
v -0.038044437766075134 -0.01799999736249447 -0.01894388534128666
v -0.038044437766075134 0.018000001087784767 -0.01894388534128666
v -0.04087759554386139 -0.01799999736249447 -0.011630678549408913
f 139 140 141
v -0.04087759554386139 -0.01799999736249447 -0.011630678549408913
v -0.038044437766075134 0.018000001087784767 -0.01894388534128666
v -0.04087759554386139 0.018000001087784767 -0.011630678549408913
f 142 143 144
v -0.04087759554386139 -0.01799999736249447 -0.011630678549408913
v -0.04087759554386139 0.018000001087784767 -0.011630678549408913
v -0.04231870174407959 -0.01799999736249447 -0.003921406343579292
f 145 146 147
v -0.04231870174407959 -0.01799999736249447 -0.003921406343579292
v -0.04087759554386139 0.018000001087784767 -0.011630678549408913
v -0.04231870174407959 0.018000001087784767 -0.003921406343579292
f 148 149 150
v -0.04231870174407959 -0.01799999736249447 -0.003921406343579292
v -0.04231870174407959 0.018000001087784767 -0.003921406343579292
v -0.042500004172325134 -0.01799999736249447 -1.8530144085815436e-09
f 151 152 153
v -0.042500004172325134 -0.01799999736249447 -1.8530144085815436e-09
v -0.04231870174407959 0.018000001087784767 -0.003921406343579292
v -0.04231870174407959 0.018000001087784767 0.003921402618288994
f 154 155 156
v -1.072882005459519e-09 0.018000001087784767 0.042500004172325134
v -1.072882005459519e-09 -0.01799999736249447 0.042500004172325134
v -0.007809356786310673 0.018000001087784767 0.04177635908126831
f 157 158 159
v -0.007809356786310673 0.018000001087784767 0.04177635908126831
v -1.072882005459519e-09 -0.01799999736249447 0.042500004172325134
v -0.007809356786310673 -0.01799999736249447 0.04177635908126831
f 160 161 162
v -0.007809356786310673 0.018000001087784767 0.04177635908126831
v -0.007809356786310673 -0.01799999736249447 0.04177635908126831
v -0.015352771617472172 0.018000001087784767 0.03963007032871246
f 163 164 165
v -0.015352771617472172 0.018000001087784767 0.03963007032871246
v -0.007809356786310673 -0.01799999736249447 0.04177635908126831
v -0.015352771617472172 -0.01799999736249447 0.03963007032871246
f 166 167 168
v -0.015352771617472172 0.018000001087784767 0.03963007032871246
v -0.015352771617472172 -0.01799999736249447 0.03963007032871246
v -0.022373365238308907 0.018000001087784767 0.036134228110313416
f 169 170 171
v -0.022373365238308907 0.018000001087784767 0.036134228110313416
v -0.015352771617472172 -0.01799999736249447 0.03963007032871246
v -0.022373365238308907 -0.01799999736249447 0.036134228110313416
f 172 173 174
v -0.022373365238308907 0.018000001087784767 0.036134228110313416
v -0.022373365238308907 -0.01799999736249447 0.036134228110313416
v -0.028632061555981636 0.018000001087784767 0.031407877802848816
f 175 176 177
v -0.028632061555981636 0.018000001087784767 0.031407877802848816
v -0.022373365238308907 -0.01799999736249447 0.036134228110313416
v -0.028632061555981636 -0.01799999736249447 0.031407877802848816
f 178 179 180
v -0.028632061555981636 0.018000001087784767 0.031407877802848816
v -0.028632061555981636 -0.01799999736249447 0.031407877802848816
v -0.03391572833061218 0.018000001087784767 0.02561197243630886
f 181 182 183
v -0.03391572833061218 0.018000001087784767 0.02561197243630886
v -0.028632061555981636 -0.01799999736249447 0.031407877802848816
v -0.03391572833061218 -0.01799999736249447 0.02561197243630886
f 184 185 186
v -0.03391572833061218 0.018000001087784767 0.02561197243630886
v -0.03391572833061218 -0.01799999736249447 0.02561197243630886
v -0.038044437766075134 0.018000001087784767 0.01894388161599636
f 187 188 189
v -0.038044437766075134 0.018000001087784767 0.01894388161599636
v -0.03391572833061218 -0.01799999736249447 0.02561197243630886
v -0.038044437766075134 -0.01799999736249447 0.01894388161599636
f 190 191 192
v -0.038044437766075134 0.018000001087784767 0.01894388161599636
v -0.038044437766075134 -0.01799999736249447 0.01894388161599636
v -0.04087759554386139 0.018000001087784767 0.011630674824118614
f 193 194 195
v -0.04087759554386139 0.018000001087784767 0.011630674824118614
v -0.038044437766075134 -0.01799999736249447 0.01894388161599636
v -0.04087759554386139 -0.01799999736249447 0.011630674824118614
f 196 197 198
v -0.04087759554386139 0.018000001087784767 0.011630674824118614
v -0.04087759554386139 -0.01799999736249447 0.011630674824118614
v -0.04231870174407959 0.018000001087784767 0.003921402618288994
f 199 200 201
v -0.04231870174407959 0.018000001087784767 0.003921402618288994
v -0.04087759554386139 -0.01799999736249447 0.011630674824118614
v -0.04231870174407959 -0.01799999736249447 0.003921402618288994
f 202 203 204
v -0.04231870174407959 0.018000001087784767 0.003921402618288994
v -0.04231870174407959 -0.01799999736249447 0.003921402618288994
v -0.042500004172325134 -0.01799999736249447 -1.8530144085815436e-09
f 205 206 207
v -0.007809356786310673 -0.01799999736249447 0.04177635908126831
v -0.011076153255999088 -0.01799999736249447 0.04493774473667145
v -0.015352771617472172 -0.01799999736249447 0.03963007032871246
f 208 209 210
v -0.015352771617472172 -0.01799999736249447 0.03963007032871246
v -0.011076153255999088 -0.01799999736249447 0.04493774473667145
v -0.016412051394581795 -0.01799999736249447 0.04327501356601715
f 211 212 213
v -0.015352771617472172 -0.01799999736249447 0.03963007032871246
v -0.016412051394581795 -0.01799999736249447 0.04327501356601715
v -0.022373365238308907 -0.01799999736249447 0.036134228110313416
f 214 215 216
v -0.03391572833061218 -0.01799999736249447 0.02561197243630886
v -0.03808985650539398 -0.01799999736249447 0.026291532441973686
v -0.038044437766075134 -0.01799999736249447 0.01894388161599636
f 217 218 219
v -0.038044437766075134 -0.01799999736249447 0.01894388161599636
v -0.03808985650539398 -0.01799999736249447 0.026291532441973686
v -0.0409812331199646 -0.01799999736249447 0.021508609876036644
f 220 221 222
v -0.038044437766075134 -0.01799999736249447 0.01894388161599636
v -0.0409812331199646 -0.01799999736249447 0.021508609876036644
v -0.04087759554386139 -0.01799999736249447 0.011630674824118614
f 223 224 225
v -0.016412051394581795 -0.01799999736249447 0.04327501356601715
v -0.021508606150746346 -0.01799999736249447 0.0409812331199646
v -0.022373365238308907 -0.01799999736249447 0.036134228110313416
f 226 227 228
v -0.022373365238308907 -0.01799999736249447 0.036134228110313416
v -0.021508606150746346 -0.01799999736249447 0.0409812331199646
v -0.026291536167263985 -0.01799999736249447 0.03808985650539398
f 229 230 231
v -0.022373365238308907 -0.01799999736249447 0.036134228110313416
v -0.026291536167263985 -0.01799999736249447 0.03808985650539398
v -0.028632061555981636 -0.01799999736249447 0.031407877802848816
f 232 233 234
v -0.028632061555981636 -0.01799999736249447 0.031407877802848816
v -0.026291536167263985 -0.01799999736249447 0.03808985650539398
v -0.030691059306263924 -0.01799999736249447 0.03464304655790329
f 235 236 237
v -0.028632061555981636 -0.01799999736249447 0.031407877802848816
v -0.030691059306263924 -0.01799999736249447 0.03464304655790329
v -0.03391572833061218 -0.01799999736249447 0.02561197243630886
f 238 239 240
v -0.03391572833061218 -0.01799999736249447 0.02561197243630886
v -0.030691059306263924 -0.01799999736249447 0.03464304655790329
v -0.03464303910732269 -0.01799999736249447 0.030691063031554222
f 241 242 243
v -0.03391572833061218 -0.01799999736249447 0.02561197243630886
v -0.03464303910732269 -0.01799999736249447 0.030691063031554222
v -0.03808985650539398 -0.01799999736249447 0.026291532441973686
f 244 245 246
v 0.04087759554386139 -0.01799999736249447 0.011630674824118614
v 0.04327501356601715 -0.01799999736249447 0.016412047669291496
v 0.038044437766075134 -0.01799999736249447 0.01894388161599636
f 247 248 249
v 0.038044437766075134 -0.01799999736249447 0.01894388161599636
v 0.04327501356601715 -0.01799999736249447 0.016412047669291496
v 0.0409812331199646 -0.01799999736249447 0.021508609876036644
f 250 251 252
v 0.038044437766075134 -0.01799999736249447 0.01894388161599636
v 0.0409812331199646 -0.01799999736249447 0.021508609876036644
v 0.03391572833061218 -0.01799999736249447 0.02561197243630886
f 253 254 255
v 0.03391572833061218 -0.01799999736249447 -0.02561197616159916
v 0.03808985650539398 -0.01799999736249447 -0.026291528716683388
v 0.038044437766075134 -0.01799999736249447 -0.01894388534128666
f 256 257 258
v 0.038044437766075134 -0.01799999736249447 -0.01894388534128666
v 0.03808985650539398 -0.01799999736249447 -0.026291528716683388
v 0.0409812331199646 -0.01799999736249447 -0.021508613601326942
f 259 260 261
v 0.038044437766075134 -0.01799999736249447 -0.01894388534128666
v 0.0409812331199646 -0.01799999736249447 -0.021508613601326942
v 0.04087759554386139 -0.01799999736249447 -0.011630678549408913
f 262 263 264
v -0.022373365238308907 -0.01799999736249447 -0.03613422065973282
v -0.021508606150746346 -0.01799999736249447 -0.040981225669384
v -0.015352771617472172 -0.01799999736249447 -0.039630062878131866
f 265 266 267
v -0.015352771617472172 -0.01799999736249447 -0.039630062878131866
v -0.021508606150746346 -0.01799999736249447 -0.040981225669384
v -0.016412051394581795 -0.01799999736249447 -0.043275006115436554
f 268 269 270
v -0.015352771617472172 -0.01799999736249447 -0.039630062878131866
v -0.016412051394581795 -0.01799999736249447 -0.043275006115436554
v -0.007809356786310673 -0.01799999736249447 -0.041776351630687714
f 271 272 273
v -0.04087759554386139 -0.01799999736249447 -0.011630678549408913
v -0.04327501356601715 -0.01799999736249447 -0.016412043944001198
v -0.038044437766075134 -0.01799999736249447 -0.01894388534128666
f 274 275 276
v -0.038044437766075134 -0.01799999736249447 -0.01894388534128666
v -0.04327501356601715 -0.01799999736249447 -0.016412043944001198
v -0.0409812331199646 -0.01799999736249447 -0.021508613601326942
f 277 278 279
v -0.038044437766075134 -0.01799999736249447 -0.01894388534128666
v -0.0409812331199646 -0.01799999736249447 -0.021508613601326942
v -0.03391572833061218 -0.01799999736249447 -0.02561197616159916
f 280 281 282
v 0.022373361513018608 -0.01799999736249447 0.036134228110313416
v 0.021508602425456047 -0.01799999736249447 0.0409812331199646
v 0.015352769754827023 -0.01799999736249447 0.03963007032871246
f 283 284 285
v 0.015352769754827023 -0.01799999736249447 0.03963007032871246
v 0.021508602425456047 -0.01799999736249447 0.0409812331199646
v 0.016412047669291496 -0.01799999736249447 0.04327501356601715
f 286 287 288
v 0.015352769754827023 -0.01799999736249447 0.03963007032871246
v 0.016412047669291496 -0.01799999736249447 0.04327501356601715
v 0.0078093549236655235 -0.01799999736249447 0.04177635908126831
f 289 290 291
v 0.04231870174407959 -0.01799999736249447 0.003921402618288994
v 0.0459451824426651 -0.01799999736249447 0.005578754469752312
v 0.04087759554386139 -0.01799999736249447 0.011630674824118614
f 292 293 294
v 0.04087759554386139 -0.01799999736249447 0.011630674824118614
v 0.0459451824426651 -0.01799999736249447 0.005578754469752312
v 0.04493774473667145 -0.01799999736249447 0.011076157912611961
f 295 296 297
v 0.04087759554386139 -0.01799999736249447 0.011630674824118614
v 0.04493774473667145 -0.01799999736249447 0.011076157912611961
v 0.04327501356601715 -0.01799999736249447 0.016412047669291496
f 298 299 300
v 0.022373361513018608 -0.01799999736249447 -0.03613422065973282
v 0.026291532441973686 -0.01799999736249447 -0.038089849054813385
v 0.028632057830691338 -0.01799999736249447 -0.03140787035226822
f 301 302 303
v 0.028632057830691338 -0.01799999736249447 -0.03140787035226822
v 0.026291532441973686 -0.01799999736249447 -0.038089849054813385
v 0.030691055580973625 -0.01799999736249447 -0.03464304655790329
f 304 305 306
v 0.028632057830691338 -0.01799999736249447 -0.03140787035226822
v 0.030691055580973625 -0.01799999736249447 -0.03464304655790329
v 0.03391572833061218 -0.01799999736249447 -0.02561197616159916
f 307 308 309
v 0.03391572833061218 -0.01799999736249447 -0.02561197616159916
v 0.030691055580973625 -0.01799999736249447 -0.03464304655790329
v 0.03464305400848389 -0.01799999736249447 -0.03069106675684452
f 310 311 312
v 0.03391572833061218 -0.01799999736249447 -0.02561197616159916
v 0.03464305400848389 -0.01799999736249447 -0.03069106675684452
v 0.03808985650539398 -0.01799999736249447 -0.026291528716683388
f 313 314 315
v -0.0409812331199646 -0.01799999736249447 -0.021508613601326942
v -0.03808985650539398 -0.01799999736249447 -0.026291528716683388
v -0.03391572833061218 -0.01799999736249447 -0.02561197616159916
f 316 317 318
v -0.03391572833061218 -0.01799999736249447 -0.02561197616159916
v -0.03808985650539398 -0.01799999736249447 -0.026291528716683388
v -0.03464303910732269 -0.01799999736249447 -0.03069106675684452
f 319 320 321
v -0.03391572833061218 -0.01799999736249447 -0.02561197616159916
v -0.03464303910732269 -0.01799999736249447 -0.03069106675684452
v -0.028632061555981636 -0.01799999736249447 -0.03140787035226822
f 322 323 324
v -0.028632061555981636 -0.01799999736249447 -0.03140787035226822
v -0.03464303910732269 -0.01799999736249447 -0.03069106675684452
v -0.030691059306263924 -0.01799999736249447 -0.03464304655790329
f 325 326 327
v -0.028632061555981636 -0.01799999736249447 -0.03140787035226822
v -0.030691059306263924 -0.01799999736249447 -0.03464304655790329
v -0.022373365238308907 -0.01799999736249447 -0.03613422065973282
f 328 329 330
v -0.022373365238308907 -0.01799999736249447 -0.03613422065973282
v -0.030691059306263924 -0.01799999736249447 -0.03464304655790329
v -0.026291536167263985 -0.01799999736249447 -0.038089849054813385
f 331 332 333
v -0.022373365238308907 -0.01799999736249447 -0.03613422065973282
v -0.026291536167263985 -0.01799999736249447 -0.038089849054813385
v -0.021508606150746346 -0.01799999736249447 -0.040981225669384
f 334 335 336
v 0.016412047669291496 -0.01799999736249447 0.04327501356601715
v 0.011076151393353939 -0.01799999736249447 0.04493774473667145
v 0.0078093549236655235 -0.01799999736249447 0.04177635908126831
f 337 338 339
v 0.0078093549236655235 -0.01799999736249447 0.04177635908126831
v 0.011076151393353939 -0.01799999736249447 0.04493774473667145
v 0.005578755401074886 -0.01799999736249447 0.0459451787173748
f 340 341 342
v 0.0078093549236655235 -0.01799999736249447 0.04177635908126831
v 0.005578755401074886 -0.01799999736249447 0.0459451787173748
v -1.072882005459519e-09 -0.01799999736249447 0.042500004172325134
f 343 344 345
v -1.072882005459519e-09 -0.01799999736249447 0.042500004172325134
v 0.005578755401074886 -0.01799999736249447 0.0459451787173748
v -1.072882005459519e-09 -0.01799999736249447 0.046282630413770676
f 346 347 348
v -1.072882005459519e-09 -0.01799999736249447 0.042500004172325134
v -1.072882005459519e-09 -0.01799999736249447 0.046282630413770676
v -0.007809356786310673 -0.01799999736249447 0.04177635908126831
f 349 350 351
v -0.007809356786310673 -0.01799999736249447 0.04177635908126831
v -1.072882005459519e-09 -0.01799999736249447 0.046282630413770676
v -0.0055787572637200356 -0.01799999736249447 0.0459451787173748
f 352 353 354
v -0.007809356786310673 -0.01799999736249447 0.04177635908126831
v -0.0055787572637200356 -0.01799999736249447 0.0459451787173748
v -0.011076153255999088 -0.01799999736249447 0.04493774473667145
f 355 356 357
v 0.0409812331199646 -0.01799999736249447 0.021508609876036644
v 0.03808985650539398 -0.01799999736249447 0.026291532441973686
v 0.03391572833061218 -0.01799999736249447 0.02561197243630886
f 358 359 360
v 0.03391572833061218 -0.01799999736249447 0.02561197243630886
v 0.03808985650539398 -0.01799999736249447 0.026291532441973686
v 0.03464305400848389 -0.01799999736249447 0.030691063031554222
f 361 362 363
v 0.03391572833061218 -0.01799999736249447 0.02561197243630886
v 0.03464305400848389 -0.01799999736249447 0.030691063031554222
v 0.028632057830691338 -0.01799999736249447 0.031407877802848816
f 364 365 366
v 0.028632057830691338 -0.01799999736249447 0.031407877802848816
v 0.03464305400848389 -0.01799999736249447 0.030691063031554222
v 0.030691055580973625 -0.01799999736249447 0.03464304655790329
f 367 368 369
v 0.028632057830691338 -0.01799999736249447 0.031407877802848816
v 0.030691055580973625 -0.01799999736249447 0.03464304655790329
v 0.022373361513018608 -0.01799999736249447 0.036134228110313416
f 370 371 372
v 0.022373361513018608 -0.01799999736249447 0.036134228110313416
v 0.030691055580973625 -0.01799999736249447 0.03464304655790329
v 0.026291532441973686 -0.01799999736249447 0.03808985650539398
f 373 374 375
v 0.022373361513018608 -0.01799999736249447 0.036134228110313416
v 0.026291532441973686 -0.01799999736249447 0.03808985650539398
v 0.021508602425456047 -0.01799999736249447 0.0409812331199646
f 376 377 378
v 0.0409812331199646 -0.01799999736249447 -0.021508613601326942
v 0.04327501356601715 -0.01799999736249447 -0.016412043944001198
v 0.04087759554386139 -0.01799999736249447 -0.011630678549408913
f 379 380 381
v 0.04087759554386139 -0.01799999736249447 -0.011630678549408913
v 0.04327501356601715 -0.01799999736249447 -0.016412043944001198
v 0.04493774473667145 -0.01799999736249447 -0.01107616163790226
f 382 383 384
v 0.04087759554386139 -0.01799999736249447 -0.011630678549408913
v 0.04493774473667145 -0.01799999736249447 -0.01107616163790226
v 0.04231870174407959 -0.01799999736249447 -0.003921406343579292
f 385 386 387
v 0.04231870174407959 -0.01799999736249447 -0.003921406343579292
v 0.04493774473667145 -0.01799999736249447 -0.01107616163790226
v 0.0459451824426651 -0.01799999736249447 -0.00557875819504261
f 388 389 390
v 0.04231870174407959 -0.01799999736249447 -0.003921406343579292
v 0.0459451824426651 -0.01799999736249447 -0.00557875819504261
v 0.04231870174407959 -0.01799999736249447 0.003921402618288994
f 391 392 393
v 0.04231870174407959 -0.01799999736249447 0.003921402618288994
v 0.0459451824426651 -0.01799999736249447 -0.00557875819504261
v 0.046282634139060974 -0.01799999736249447 -1.8530144085815436e-09
f 394 395 396
v 0.04231870174407959 -0.01799999736249447 0.003921402618288994
v 0.046282634139060974 -0.01799999736249447 -1.8530144085815436e-09
v 0.0459451824426651 -0.01799999736249447 0.005578754469752312
f 397 398 399
v 0.0078093549236655235 -0.01799999736249447 -0.041776351630687714
v 0.011076151393353939 -0.01799999736249447 -0.04493773728609085
v 0.015352769754827023 -0.01799999736249447 -0.039630062878131866
f 400 401 402
v 0.015352769754827023 -0.01799999736249447 -0.039630062878131866
v 0.011076151393353939 -0.01799999736249447 -0.04493773728609085
v 0.016412047669291496 -0.01799999736249447 -0.043275006115436554
f 403 404 405
v 0.015352769754827023 -0.01799999736249447 -0.039630062878131866
v 0.016412047669291496 -0.01799999736249447 -0.043275006115436554
v 0.022373361513018608 -0.01799999736249447 -0.03613422065973282
f 406 407 408
v 0.022373361513018608 -0.01799999736249447 -0.03613422065973282
v 0.016412047669291496 -0.01799999736249447 -0.043275006115436554
v 0.021508602425456047 -0.01799999736249447 -0.040981225669384
f 409 410 411
v 0.022373361513018608 -0.01799999736249447 -0.03613422065973282
v 0.021508602425456047 -0.01799999736249447 -0.040981225669384
v 0.026291532441973686 -0.01799999736249447 -0.038089849054813385
f 412 413 414
v -0.0409812331199646 -0.01799999736249447 0.021508609876036644
v -0.04327501356601715 -0.01799999736249447 0.016412047669291496
v -0.04087759554386139 -0.01799999736249447 0.011630674824118614
f 415 416 417
v -0.04087759554386139 -0.01799999736249447 0.011630674824118614
v -0.04327501356601715 -0.01799999736249447 0.016412047669291496
v -0.04493774473667145 -0.01799999736249447 0.011076157912611961
f 418 419 420
v -0.04087759554386139 -0.01799999736249447 0.011630674824118614
v -0.04493774473667145 -0.01799999736249447 0.011076157912611961
v -0.04231870174407959 -0.01799999736249447 0.003921402618288994
f 421 422 423
v -0.04231870174407959 -0.01799999736249447 0.003921402618288994
v -0.04493774473667145 -0.01799999736249447 0.011076157912611961
v -0.0459451824426651 -0.01799999736249447 0.005578754469752312
f 424 425 426
v -0.04231870174407959 -0.01799999736249447 0.003921402618288994
v -0.0459451824426651 -0.01799999736249447 0.005578754469752312
v -0.042500004172325134 -0.01799999736249447 -1.8530144085815436e-09
f 427 428 429
v -0.042500004172325134 -0.01799999736249447 -1.8530144085815436e-09
v -0.0459451824426651 -0.01799999736249447 0.005578754469752312
v -0.046282634139060974 -0.01799999736249447 -1.8530144085815436e-09
f 430 431 432
v -0.042500004172325134 -0.01799999736249447 -1.8530144085815436e-09
v -0.046282634139060974 -0.01799999736249447 -1.8530144085815436e-09
v -0.04231870174407959 -0.01799999736249447 -0.003921406343579292
f 433 434 435
v -0.04231870174407959 -0.01799999736249447 -0.003921406343579292
v -0.046282634139060974 -0.01799999736249447 -1.8530144085815436e-09
v -0.0459451824426651 -0.01799999736249447 -0.00557875819504261
f 436 437 438
v -0.04231870174407959 -0.01799999736249447 -0.003921406343579292
v -0.0459451824426651 -0.01799999736249447 -0.00557875819504261
v -0.04087759554386139 -0.01799999736249447 -0.011630678549408913
f 439 440 441
v -0.04087759554386139 -0.01799999736249447 -0.011630678549408913
v -0.0459451824426651 -0.01799999736249447 -0.00557875819504261
v -0.04493774473667145 -0.01799999736249447 -0.01107616163790226
f 442 443 444
v -0.04087759554386139 -0.01799999736249447 -0.011630678549408913
v -0.04493774473667145 -0.01799999736249447 -0.01107616163790226
v -0.04327501356601715 -0.01799999736249447 -0.016412043944001198
f 445 446 447
v -0.016412051394581795 -0.01799999736249447 -0.043275006115436554
v -0.011076153255999088 -0.01799999736249447 -0.04493773728609085
v -0.007809356786310673 -0.01799999736249447 -0.041776351630687714
f 448 449 450
v -0.007809356786310673 -0.01799999736249447 -0.041776351630687714
v -0.011076153255999088 -0.01799999736249447 -0.04493773728609085
v -0.0055787572637200356 -0.01799999736249447 -0.0459451749920845
f 451 452 453
v -0.007809356786310673 -0.01799999736249447 -0.041776351630687714
v -0.0055787572637200356 -0.01799999736249447 -0.0459451749920845
v -1.072882005459519e-09 -0.01799999736249447 -0.04249999672174454
f 454 455 456
v -1.072882005459519e-09 -0.01799999736249447 -0.04249999672174454
v -0.0055787572637200356 -0.01799999736249447 -0.0459451749920845
v -1.072882005459519e-09 -0.01799999736249447 -0.04628262668848038
f 457 458 459
v -1.072882005459519e-09 -0.01799999736249447 -0.04249999672174454
v -1.072882005459519e-09 -0.01799999736249447 -0.04628262668848038
v 0.0078093549236655235 -0.01799999736249447 -0.041776351630687714
f 460 461 462
v 0.0078093549236655235 -0.01799999736249447 -0.041776351630687714
v -1.072882005459519e-09 -0.01799999736249447 -0.04628262668848038
v 0.005578755401074886 -0.01799999736249447 -0.0459451749920845
f 463 464 465
v 0.0078093549236655235 -0.01799999736249447 -0.041776351630687714
v 0.005578755401074886 -0.01799999736249447 -0.0459451749920845
v 0.011076151393353939 -0.01799999736249447 -0.04493773728609085
f 466 467 468
v -0.04716821014881134 -0.017575478181242943 0.0057272594422101974
v -0.047514647245407104 -0.017575478181242943 -1.8530144085815436e-09
v -0.047231465578079224 -0.01776060275733471 -1.8530144085815436e-09
f 469 470 471
v 0.04807424545288086 -0.016888892278075218 -1.8530144085815436e-09
v 0.04772372543811798 -0.016888892278075218 0.005794709548354149
v 0.04716821014881134 -0.017575478181242943 0.0057272594422101974
f 472 473 474
v 0.04716821014881134 -0.017575478181242943 0.0057272594422101974
v 0.04772372543811798 -0.016888892278075218 0.005794709548354149
v 0.046778395771980286 -0.016888892278075218 0.011086685582995415
f 475 476 477
v 0.04716821014881134 -0.017575478181242943 0.0057272594422101974
v 0.046778395771980286 -0.016888892278075218 0.011086685582995415
v 0.046133965253829956 -0.017575478181242943 0.011370999738574028
f 478 479 480
v 0.046133965253829956 -0.017575478181242943 0.011370999738574028
v 0.046778395771980286 -0.016888892278075218 0.011086685582995415
v 0.04667729139328003 -0.016888892278075218 0.011504916474223137
f 481 482 483
v 0.046133965253829956 -0.017575478181242943 0.011370999738574028
v 0.04667729139328003 -0.016888892278075218 0.011504916474223137
v 0.04442696273326874 -0.017575478181242943 0.01684892736375332
f 484 485 486
v 0.04667729139328003 -0.016888892278075218 0.011504916474223137
v 0.045175015926361084 -0.016888892278075218 0.016442356631159782
v 0.04442696273326874 -0.017575478181242943 0.01684892736375332
f 487 488 489
v 0.04442696273326874 -0.017575478181242943 0.01684892736375332
v 0.045175015926361084 -0.016888892278075218 0.016442356631159782
v 0.044950202107429504 -0.016888892278075218 0.01704735867679119
f 490 491 492
v 0.04442696273326874 -0.017575478181242943 0.01684892736375332
v 0.044950202107429504 -0.016888892278075218 0.01704735867679119
v 0.04207213222980499 -0.017575478181242943 0.022081157192587852
f 493 494 495
v 0.044950202107429504 -0.016888892278075218 0.01704735867679119
v 0.042960718274116516 -0.016888892278075218 0.021575680002570152
v 0.04207213222980499 -0.017575478181242943 0.022081157192587852
f 496 497 498
v 0.04207213222980499 -0.017575478181242943 0.022081157192587852
v 0.042960718274116516 -0.016888892278075218 0.021575680002570152
v 0.042567625641822815 -0.016888892278075218 0.022341212257742882
f 499 500 501
v 0.04207213222980499 -0.017575478181242943 0.022081157192587852
v 0.042567625641822815 -0.016888892278075218 0.022341212257742882
v 0.03910379111766815 -0.017575478181242943 0.02699139527976513
f 502 503 504
v 0.042567625641822815 -0.016888892278075218 0.022341212257742882
v 0.04016543924808502 -0.016888892278075218 0.026417231187224388
v 0.03910379111766815 -0.017575478181242943 0.02699139527976513
f 505 506 507
v 0.03910379111766815 -0.017575478181242943 0.02699139527976513
v 0.04016543924808502 -0.016888892278075218 0.026417231187224388
v 0.03956432640552521 -0.016888892278075218 0.02730928175151348
f 508 509 510
v 0.03910379111766815 -0.017575478181242943 0.02699139527976513
v 0.03956432640552521 -0.016888892278075218 0.02730928175151348
v 0.03556522727012634 -0.017575478181242943 0.03150804340839386
f 511 512 513
v 0.03956432640552521 -0.016888892278075218 0.02730928175151348
v 0.03682701289653778 -0.016888892278075218 0.030901527032256126
v 0.03556522727012634 -0.017575478181242943 0.03150804340839386
f 514 515 516
v 0.03556522727012634 -0.017575478181242943 0.03150804340839386
v 0.03682701289653778 -0.016888892278075218 0.030901527032256126
v 0.03598408401012421 -0.016888892278075218 0.03187911957502365
f 517 518 519
v 0.03556522727012634 -0.017575478181242943 0.03150804340839386
v 0.03598408401012421 -0.016888892278075218 0.03187911957502365
v 0.03150804340839386 -0.017575478181242943 0.03556522727012634
f 520 521 522
v 0.03598408401012421 -0.016888892278075218 0.03187911957502365
v 0.03299054503440857 -0.016888892278075218 0.03496793657541275
v 0.03150804340839386 -0.017575478181242943 0.03556522727012634
f 523 524 525
v 0.03150804340839386 -0.017575478181242943 0.03556522727012634
v 0.03299054503440857 -0.016888892278075218 0.03496793657541275
v 0.03187912702560425 -0.016888892278075218 0.0359840914607048
f 526 527 528
v 0.03150804340839386 -0.017575478181242943 0.03556522727012634
v 0.03187912702560425 -0.016888892278075218 0.0359840914607048
v 0.02699139527976513 -0.017575478181242943 0.03910379111766815
f 529 530 531
v 0.03187912702560425 -0.016888892278075218 0.0359840914607048
v 0.028707949444651604 -0.016888892278075218 0.038561463356018066
v 0.02699139527976513 -0.017575478181242943 0.03910379111766815
f 532 533 534
v 0.02699139527976513 -0.017575478181242943 0.03910379111766815
v 0.028707949444651604 -0.016888892278075218 0.038561463356018066
v 0.02730928175151348 -0.016888892278075218 0.03956432640552521
f 535 536 537
v 0.02699139527976513 -0.017575478181242943 0.03910379111766815
v 0.02730928175151348 -0.016888892278075218 0.03956432640552521
v 0.02208116464316845 -0.017575478181242943 0.04207213222980499
f 538 539 540
v 0.02730928175151348 -0.016888892278075218 0.03956432640552521
v 0.02403712086379528 -0.016888892278075218 0.04163351655006409
v 0.02208116464316845 -0.017575478181242943 0.04207213222980499
f 541 542 543
v 0.02208116464316845 -0.017575478181242943 0.04207213222980499
v 0.02403712086379528 -0.016888892278075218 0.04163351655006409
v 0.02234121970832348 -0.016888892278075218 0.04256763309240341
f 544 545 546
v 0.02208116464316845 -0.017575478181242943 0.04207213222980499
v 0.02234121970832348 -0.016888892278075218 0.04256763309240341
v 0.016848919913172722 -0.017575478181242943 0.044426970183849335
f 547 548 549
v 0.02234121970832348 -0.016888892278075218 0.04256763309240341
v 0.019041238352656364 -0.016888892278075218 0.04414254426956177
v 0.016848919913172722 -0.017575478181242943 0.044426970183849335
f 550 551 552
v 0.016848919913172722 -0.017575478181242943 0.044426970183849335
v 0.019041238352656364 -0.016888892278075218 0.04414254426956177
v 0.01704735867679119 -0.016888892278075218 0.044950202107429504
f 553 554 555
v 0.016848919913172722 -0.017575478181242943 0.044426970183849335
v 0.01704735867679119 -0.016888892278075218 0.044950202107429504
v 0.011371000669896603 -0.017575478181242943 0.04613396152853966
f 556 557 558
v 0.01704735867679119 -0.016888892278075218 0.044950202107429504
v 0.013787849806249142 -0.016888892278075218 0.046054624021053314
v 0.011371000669896603 -0.017575478181242943 0.04613396152853966
f 559 560 561
v 0.011371000669896603 -0.017575478181242943 0.04613396152853966
v 0.013787849806249142 -0.016888892278075218 0.046054624021053314
v 0.011504917405545712 -0.016888892278075218 0.04667729511857033
f 562 563 564
v 0.011371000669896603 -0.017575478181242943 0.04613396152853966
v 0.011504917405545712 -0.016888892278075218 0.04667729511857033
v 0.005727260373532772 -0.017575478181242943 0.04716821387410164
f 565 566 567
v 0.011504917405545712 -0.016888892278075218 0.04667729511857033
v 0.008348002098500729 -0.016888892278075218 0.04734388738870621
v 0.005727260373532772 -0.017575478181242943 0.04716821387410164
f 568 569 570
v 0.005727260373532772 -0.017575478181242943 0.04716821387410164
v 0.008348002098500729 -0.016888892278075218 0.04734388738870621
v 0.0057947030290961266 -0.016888892278075218 0.04772372916340828
f 571 572 573
v 0.005727260373532772 -0.017575478181242943 0.04716821387410164
v 0.0057947030290961266 -0.016888892278075218 0.04772372916340828
v -1.072882005459519e-09 -0.017575478181242943 0.0475146509706974
f 574 575 576
v -1.072882005459519e-09 -0.017575478181242943 0.0475146509706974
v 0.0057947030290961266 -0.016888892278075218 0.04772372916340828
v 0.002795262960717082 -0.016888892278075218 0.04799291118979454
f 577 578 579
v 0.002795262960717082 -0.016888892278075218 0.04799291118979454
v -1.072882005459519e-09 -0.016888892278075218 0.04807424545288086
v -1.072882005459519e-09 -0.017575478181242943 0.0475146509706974
f 580 581 582
v -1.072882005459519e-09 -0.017575478181242943 0.0475146509706974
v -1.072882005459519e-09 -0.016888892278075218 0.04807424545288086
v -0.0027952652890235186 -0.016888892278075218 0.04799291118979454
f 583 584 585
v -1.072882005459519e-09 -0.017575478181242943 0.0475146509706974
v -0.0027952652890235186 -0.016888892278075218 0.04799291118979454
v -0.005727262236177921 -0.017575478181242943 0.04716821387410164
f 586 587 588
v -0.0027952652890235186 -0.016888892278075218 0.04799291118979454
v -0.005794704891741276 -0.016888892278075218 0.04772372916340828
v -0.005727262236177921 -0.017575478181242943 0.04716821387410164
f 589 590 591
v -0.005727262236177921 -0.017575478181242943 0.04716821387410164
v -0.005794704891741276 -0.016888892278075218 0.04772372916340828
v -0.008348003961145878 -0.016888892278075218 0.04734388738870621
f 592 593 594
v -0.005727262236177921 -0.017575478181242943 0.04716821387410164
v -0.008348003961145878 -0.016888892278075218 0.04734388738870621
v -0.011371002532541752 -0.017575478181242943 0.04613396152853966
f 595 596 597
v -0.008348003961145878 -0.016888892278075218 0.04734388738870621
v -0.01150491926819086 -0.016888892278075218 0.04667729511857033
v -0.011371002532541752 -0.017575478181242943 0.04613396152853966
f 598 599 600
v -0.011371002532541752 -0.017575478181242943 0.04613396152853966
v -0.01150491926819086 -0.016888892278075218 0.04667729511857033
v -0.013787851668894291 -0.016888892278075218 0.046054624021053314
f 601 602 603
v -0.011371002532541752 -0.017575478181242943 0.04613396152853966
v -0.013787851668894291 -0.016888892278075218 0.046054624021053314
v -0.01684892363846302 -0.017575478181242943 0.044426970183849335
f 604 605 606
v -0.013787851668894291 -0.016888892278075218 0.046054624021053314
v -0.01704736240208149 -0.016888892278075218 0.044950202107429504
v -0.01684892363846302 -0.017575478181242943 0.044426970183849335
f 607 608 609
v -0.01684892363846302 -0.017575478181242943 0.044426970183849335
v -0.01704736240208149 -0.016888892278075218 0.044950202107429504
v -0.019041242077946663 -0.016888892278075218 0.04414254426956177
f 610 611 612
v -0.01684892363846302 -0.017575478181242943 0.044426970183849335
v -0.019041242077946663 -0.016888892278075218 0.04414254426956177
v -0.022081153467297554 -0.017575478181242943 0.04207213222980499
f 613 614 615
v -0.019041242077946663 -0.016888892278075218 0.04414254426956177
v -0.022341208532452583 -0.016888892278075218 0.04256763309240341
v -0.022081153467297554 -0.017575478181242943 0.04207213222980499
f 616 617 618
v -0.022081153467297554 -0.017575478181242943 0.04207213222980499
v -0.022341208532452583 -0.016888892278075218 0.04256763309240341
v -0.02403712458908558 -0.016888892278075218 0.04163351655006409
f 619 620 621
v -0.022081153467297554 -0.017575478181242943 0.04207213222980499
v -0.02403712458908558 -0.016888892278075218 0.04163351655006409
v -0.026991399005055428 -0.017575478181242943 0.03910379111766815
f 622 623 624
v -0.02403712458908558 -0.016888892278075218 0.04163351655006409
v -0.02730928547680378 -0.016888892278075218 0.03956432640552521
v -0.026991399005055428 -0.017575478181242943 0.03910379111766815
f 625 626 627
v -0.026991399005055428 -0.017575478181242943 0.03910379111766815
v -0.02730928547680378 -0.016888892278075218 0.03956432640552521
v -0.028707953169941902 -0.016888892278075218 0.038561463356018066
f 628 629 630
v -0.026991399005055428 -0.017575478181242943 0.03910379111766815
v -0.028707953169941902 -0.016888892278075218 0.038561463356018066
v -0.03150804340839386 -0.017575478181242943 0.03556522727012634
f 631 632 633
v -0.028707953169941902 -0.016888892278075218 0.038561463356018066
v -0.031879112124443054 -0.016888892278075218 0.0359840914607048
v -0.03150804340839386 -0.017575478181242943 0.03556522727012634
f 634 635 636
v -0.03150804340839386 -0.017575478181242943 0.03556522727012634
v -0.031879112124443054 -0.016888892278075218 0.0359840914607048
v -0.03299054503440857 -0.016888892278075218 0.03496793657541275
f 637 638 639
v -0.03150804340839386 -0.017575478181242943 0.03556522727012634
v -0.03299054503440857 -0.016888892278075218 0.03496793657541275
v -0.03556522727012634 -0.017575478181242943 0.03150804340839386
f 640 641 642
v -0.03299054503440857 -0.016888892278075218 0.03496793657541275
v -0.03598408401012421 -0.016888892278075218 0.03187911957502365
v -0.03556522727012634 -0.017575478181242943 0.03150804340839386
f 643 644 645
v -0.03556522727012634 -0.017575478181242943 0.03150804340839386
v -0.03598408401012421 -0.016888892278075218 0.03187911957502365
v -0.03682701289653778 -0.016888892278075218 0.030901527032256126
f 646 647 648
v -0.03556522727012634 -0.017575478181242943 0.03150804340839386
v -0.03682701289653778 -0.016888892278075218 0.030901527032256126
v -0.03910379111766815 -0.017575478181242943 0.02699139527976513
f 649 650 651
v -0.03682701289653778 -0.016888892278075218 0.030901527032256126
v -0.03956432640552521 -0.016888892278075218 0.02730928175151348
v -0.03910379111766815 -0.017575478181242943 0.02699139527976513
f 652 653 654
v -0.03910379111766815 -0.017575478181242943 0.02699139527976513
v -0.03956432640552521 -0.016888892278075218 0.02730928175151348
v -0.04016543924808502 -0.016888892278075218 0.026417231187224388
f 655 656 657
v -0.03910379111766815 -0.017575478181242943 0.02699139527976513
v -0.04016543924808502 -0.016888892278075218 0.026417231187224388
v -0.04207213222980499 -0.017575478181242943 0.022081157192587852
f 658 659 660
v -0.04016543924808502 -0.016888892278075218 0.026417231187224388
v -0.042567625641822815 -0.016888892278075218 0.022341212257742882
v -0.04207213222980499 -0.017575478181242943 0.022081157192587852
f 661 662 663
v -0.04207213222980499 -0.017575478181242943 0.022081157192587852
v -0.042567625641822815 -0.016888892278075218 0.022341212257742882
v -0.042960718274116516 -0.016888892278075218 0.021575680002570152
f 664 665 666
v -0.04207213222980499 -0.017575478181242943 0.022081157192587852
v -0.042960718274116516 -0.016888892278075218 0.021575680002570152
v -0.04442696273326874 -0.017575478181242943 0.01684892736375332
f 667 668 669
v -0.042960718274116516 -0.016888892278075218 0.021575680002570152
v -0.044950202107429504 -0.016888892278075218 0.01704735867679119
v -0.04442696273326874 -0.017575478181242943 0.01684892736375332
f 670 671 672
v -0.04442696273326874 -0.017575478181242943 0.01684892736375332
v -0.044950202107429504 -0.016888892278075218 0.01704735867679119
v -0.045175015926361084 -0.016888892278075218 0.016442356631159782
f 673 674 675
v -0.04442696273326874 -0.017575478181242943 0.01684892736375332
v -0.045175015926361084 -0.016888892278075218 0.016442356631159782
v -0.04613395035266876 -0.017575478181242943 0.011370999738574028
f 676 677 678
v -0.04807424545288086 -0.016888892278075218 -1.8530144085815436e-09
v -0.047514647245407104 -0.017575478181242943 -1.8530144085815436e-09
v -0.04772372543811798 -0.016888892278075218 0.005794709548354149
f 679 680 681
v -0.04772372543811798 -0.016888892278075218 0.005794709548354149
v -0.047514647245407104 -0.017575478181242943 -1.8530144085815436e-09
v -0.04716821014881134 -0.017575478181242943 0.0057272594422101974
f 682 683 684
v -0.04772372543811798 -0.016888892278075218 0.005794709548354149
v -0.04716821014881134 -0.017575478181242943 0.0057272594422101974
v -0.046778395771980286 -0.016888892278075218 0.011086685582995415
f 685 686 687
v -0.046778395771980286 -0.016888892278075218 0.011086685582995415
v -0.04716821014881134 -0.017575478181242943 0.0057272594422101974
v -0.04613395035266876 -0.017575478181242943 0.011370999738574028
f 688 689 690
v -0.046778395771980286 -0.016888892278075218 0.011086685582995415
v -0.04613395035266876 -0.017575478181242943 0.011370999738574028
v -0.04667729139328003 -0.016888892278075218 0.011504916474223137
f 691 692 693
v -0.04667729139328003 -0.016888892278075218 0.011504916474223137
v -0.04613395035266876 -0.017575478181242943 0.011370999738574028
v -0.045175015926361084 -0.016888892278075218 0.016442356631159782
f 694 695 696
v 0.046887099742889404 -0.01776060275733471 0.0056931208819150925
v 0.047231465578079224 -0.01776060275733471 -1.8530144085815436e-09
v 0.047514647245407104 -0.017575478181242943 -1.8530144085815436e-09
f 697 698 699
v -0.047231465578079224 -0.01776060275733471 -1.8530144085815436e-09
v -0.04688708484172821 -0.01776060275733471 0.0056931208819150925
v -0.04716821014881134 -0.017575478181242943 0.0057272594422101974
f 700 701 702
v -0.04716821014881134 -0.017575478181242943 0.0057272594422101974
v -0.04688708484172821 -0.01776060275733471 0.0056931208819150925
v -0.04585900902748108 -0.01776060275733471 0.011303229257464409
f 703 704 705
v -0.04716821014881134 -0.017575478181242943 0.0057272594422101974
v -0.04585900902748108 -0.01776060275733471 0.011303229257464409
v -0.04613395035266876 -0.017575478181242943 0.011370999738574028
f 706 707 708
v -0.04613395035266876 -0.017575478181242943 0.011370999738574028
v -0.04585900902748108 -0.01776060275733471 0.011303229257464409
v -0.04416218400001526 -0.01776060275733471 0.01674850843846798
f 709 710 711
v -0.04613395035266876 -0.017575478181242943 0.011370999738574028
v -0.04416218400001526 -0.01776060275733471 0.01674850843846798
v -0.04442696273326874 -0.017575478181242943 0.01684892736375332
f 712 713 714
v -0.04442696273326874 -0.017575478181242943 0.01684892736375332
v -0.04416218400001526 -0.01776060275733471 0.01674850843846798
v -0.04182139039039612 -0.01776060275733471 0.021949557587504387
f 715 716 717
v -0.04442696273326874 -0.017575478181242943 0.01684892736375332
v -0.04182139039039612 -0.01776060275733471 0.021949557587504387
v -0.04207213222980499 -0.017575478181242943 0.022081157192587852
f 718 719 720
v -0.04207213222980499 -0.017575478181242943 0.022081157192587852
v -0.04182139039039612 -0.01776060275733471 0.021949557587504387
v -0.038870736956596375 -0.01776060275733471 0.026830529794096947
f 721 722 723
v -0.04207213222980499 -0.017575478181242943 0.022081157192587852
v -0.038870736956596375 -0.01776060275733471 0.026830529794096947
v -0.03910379111766815 -0.017575478181242943 0.02699139527976513
f 724 725 726
v -0.03910379111766815 -0.017575478181242943 0.02699139527976513
v -0.038870736956596375 -0.01776060275733471 0.026830529794096947
v -0.03535325825214386 -0.01776060275733471 0.03132025897502899
f 727 728 729
v -0.03910379111766815 -0.017575478181242943 0.02699139527976513
v -0.03535325825214386 -0.01776060275733471 0.03132025897502899
v -0.03556522727012634 -0.017575478181242943 0.03150804340839386
f 730 731 732
v -0.03556522727012634 -0.017575478181242943 0.03150804340839386
v -0.03535325825214386 -0.01776060275733471 0.03132025897502899
v -0.03132025897502899 -0.01776060275733471 0.03535325825214386
f 733 734 735
v -0.03556522727012634 -0.017575478181242943 0.03150804340839386
v -0.03132025897502899 -0.01776060275733471 0.03535325825214386
v -0.03150804340839386 -0.017575478181242943 0.03556522727012634
f 736 737 738
v -0.03150804340839386 -0.017575478181242943 0.03556522727012634
v -0.03132025897502899 -0.01776060275733471 0.03535325825214386
v -0.026830526068806648 -0.01776060275733471 0.038870736956596375
f 739 740 741
v -0.03150804340839386 -0.017575478181242943 0.03556522727012634
v -0.026830526068806648 -0.01776060275733471 0.038870736956596375
v -0.026991399005055428 -0.017575478181242943 0.03910379111766815
f 742 743 744
v -0.026991399005055428 -0.017575478181242943 0.03910379111766815
v -0.026830526068806648 -0.01776060275733471 0.038870736956596375
v -0.021949561312794685 -0.01776060275733471 0.04182138293981552
f 745 746 747
v -0.026991399005055428 -0.017575478181242943 0.03910379111766815
v -0.021949561312794685 -0.01776060275733471 0.04182138293981552
v -0.022081153467297554 -0.017575478181242943 0.04207213222980499
f 748 749 750
v -0.022081153467297554 -0.017575478181242943 0.04207213222980499
v -0.021949561312794685 -0.01776060275733471 0.04182138293981552
v -0.01674850471317768 -0.01776060275733471 0.04416218400001526
f 751 752 753
v -0.022081153467297554 -0.017575478181242943 0.04207213222980499
v -0.01674850471317768 -0.01776060275733471 0.04416218400001526
v -0.01684892363846302 -0.017575478181242943 0.044426970183849335
f 754 755 756
v -0.01684892363846302 -0.017575478181242943 0.044426970183849335
v -0.01674850471317768 -0.01776060275733471 0.04416218400001526
v -0.011303232051432133 -0.01776060275733471 0.04585900530219078
f 757 758 759
v -0.01684892363846302 -0.017575478181242943 0.044426970183849335
v -0.011303232051432133 -0.01776060275733471 0.04585900530219078
v -0.011371002532541752 -0.017575478181242943 0.04613396152853966
f 760 761 762
v -0.011371002532541752 -0.017575478181242943 0.04613396152853966
v -0.011303232051432133 -0.01776060275733471 0.04585900530219078
v -0.005693123675882816 -0.01776060275733471 0.046887096017599106
f 763 764 765
v -0.011371002532541752 -0.017575478181242943 0.04613396152853966
v -0.005693123675882816 -0.01776060275733471 0.046887096017599106
v -0.005727262236177921 -0.017575478181242943 0.04716821387410164
f 766 767 768
v -0.005727262236177921 -0.017575478181242943 0.04716821387410164
v -0.005693123675882816 -0.01776060275733471 0.046887096017599106
v -1.072882005459519e-09 -0.01776060275733471 0.047231465578079224
f 769 770 771
v -0.005727262236177921 -0.017575478181242943 0.04716821387410164
v -1.072882005459519e-09 -0.01776060275733471 0.047231465578079224
v -1.072882005459519e-09 -0.017575478181242943 0.0475146509706974
f 772 773 774
v -1.072882005459519e-09 -0.017575478181242943 0.0475146509706974
v -1.072882005459519e-09 -0.01776060275733471 0.047231465578079224
v 0.005693121813237667 -0.01776060275733471 0.046887096017599106
f 775 776 777
v -1.072882005459519e-09 -0.017575478181242943 0.0475146509706974
v 0.005693121813237667 -0.01776060275733471 0.046887096017599106
v 0.005727260373532772 -0.017575478181242943 0.04716821387410164
f 778 779 780
v 0.005727260373532772 -0.017575478181242943 0.04716821387410164
v 0.005693121813237667 -0.01776060275733471 0.046887096017599106
v 0.011303230188786983 -0.01776060275733471 0.04585900530219078
f 781 782 783
v 0.005727260373532772 -0.017575478181242943 0.04716821387410164
v 0.011303230188786983 -0.01776060275733471 0.04585900530219078
v 0.011371000669896603 -0.017575478181242943 0.04613396152853966
f 784 785 786
v 0.011371000669896603 -0.017575478181242943 0.04613396152853966
v 0.011303230188786983 -0.01776060275733471 0.04585900530219078
v 0.016748500987887383 -0.01776060275733471 0.04416218400001526
f 787 788 789
v 0.011371000669896603 -0.017575478181242943 0.04613396152853966
v 0.016748500987887383 -0.01776060275733471 0.04416218400001526
v 0.016848919913172722 -0.017575478181242943 0.044426970183849335
f 790 791 792
v 0.016848919913172722 -0.017575478181242943 0.044426970183849335
v 0.016748500987887383 -0.01776060275733471 0.04416218400001526
v 0.021949557587504387 -0.01776060275733471 0.04182138293981552
f 793 794 795
v 0.016848919913172722 -0.017575478181242943 0.044426970183849335
v 0.021949557587504387 -0.01776060275733471 0.04182138293981552
v 0.02208116464316845 -0.017575478181242943 0.04207213222980499
f 796 797 798
v 0.02208116464316845 -0.017575478181242943 0.04207213222980499
v 0.021949557587504387 -0.01776060275733471 0.04182138293981552
v 0.02683052234351635 -0.01776060275733471 0.038870736956596375
f 799 800 801
v 0.02208116464316845 -0.017575478181242943 0.04207213222980499
v 0.02683052234351635 -0.01776060275733471 0.038870736956596375
v 0.02699139527976513 -0.017575478181242943 0.03910379111766815
f 802 803 804
v 0.02699139527976513 -0.017575478181242943 0.03910379111766815
v 0.02683052234351635 -0.01776060275733471 0.038870736956596375
v 0.03132025897502899 -0.01776060275733471 0.03535325825214386
f 805 806 807
v 0.02699139527976513 -0.017575478181242943 0.03910379111766815
v 0.03132025897502899 -0.01776060275733471 0.03535325825214386
v 0.03150804340839386 -0.017575478181242943 0.03556522727012634
f 808 809 810
v 0.03150804340839386 -0.017575478181242943 0.03556522727012634
v 0.03132025897502899 -0.01776060275733471 0.03535325825214386
v 0.03535325825214386 -0.01776060275733471 0.03132025897502899
f 811 812 813
v 0.03150804340839386 -0.017575478181242943 0.03556522727012634
v 0.03535325825214386 -0.01776060275733471 0.03132025897502899
v 0.03556522727012634 -0.017575478181242943 0.03150804340839386
f 814 815 816
v 0.03556522727012634 -0.017575478181242943 0.03150804340839386
v 0.03535325825214386 -0.01776060275733471 0.03132025897502899
v 0.038870736956596375 -0.01776060275733471 0.026830529794096947
f 817 818 819
v 0.03556522727012634 -0.017575478181242943 0.03150804340839386
v 0.038870736956596375 -0.01776060275733471 0.026830529794096947
v 0.03910379111766815 -0.017575478181242943 0.02699139527976513
f 820 821 822
v 0.03910379111766815 -0.017575478181242943 0.02699139527976513
v 0.038870736956596375 -0.01776060275733471 0.026830529794096947
v 0.04182139039039612 -0.01776060275733471 0.021949557587504387
f 823 824 825
v 0.03910379111766815 -0.017575478181242943 0.02699139527976513
v 0.04182139039039612 -0.01776060275733471 0.021949557587504387
v 0.04207213222980499 -0.017575478181242943 0.022081157192587852
f 826 827 828
v 0.04207213222980499 -0.017575478181242943 0.022081157192587852
v 0.04182139039039612 -0.01776060275733471 0.021949557587504387
v 0.04416218400001526 -0.01776060275733471 0.01674850843846798
f 829 830 831
v 0.04207213222980499 -0.017575478181242943 0.022081157192587852
v 0.04416218400001526 -0.01776060275733471 0.01674850843846798
v 0.04442696273326874 -0.017575478181242943 0.01684892736375332
f 832 833 834
v 0.04442696273326874 -0.017575478181242943 0.01684892736375332
v 0.04416218400001526 -0.01776060275733471 0.01674850843846798
v 0.04585900902748108 -0.01776060275733471 0.011303229257464409
f 835 836 837
v 0.04442696273326874 -0.017575478181242943 0.01684892736375332
v 0.04585900902748108 -0.01776060275733471 0.011303229257464409
v 0.046133965253829956 -0.017575478181242943 0.011370999738574028
f 838 839 840
v 0.046133965253829956 -0.017575478181242943 0.011370999738574028
v 0.04585900902748108 -0.01776060275733471 0.011303229257464409
v 0.046887099742889404 -0.01776060275733471 0.0056931208819150925
f 841 842 843
v 0.046133965253829956 -0.017575478181242943 0.011370999738574028
v 0.046887099742889404 -0.01776060275733471 0.0056931208819150925
v 0.04716821014881134 -0.017575478181242943 0.0057272594422101974
f 844 845 846
v 0.04716821014881134 -0.017575478181242943 0.0057272594422101974
v 0.046887099742889404 -0.01776060275733471 0.0056931208819150925
v 0.047514647245407104 -0.017575478181242943 -1.8530144085815436e-09
f 847 848 849
v 0.04716821014881134 -0.017575478181242943 0.0057272594422101974
v 0.047514647245407104 -0.017575478181242943 -1.8530144085815436e-09
v 0.04807424545288086 -0.016888892278075218 -1.8530144085815436e-09
f 850 851 852
v -0.047231465578079224 -0.01776060275733471 -1.8530144085815436e-09
v -0.046282634139060974 -0.01799999736249447 -1.8530144085815436e-09
v -0.04688708484172821 -0.01776060275733471 0.0056931208819150925
f 853 854 855
v -0.04688708484172821 -0.01776060275733471 0.0056931208819150925
v -0.046282634139060974 -0.01799999736249447 -1.8530144085815436e-09
v -0.0459451824426651 -0.01799999736249447 0.005578754469752312
f 856 857 858
v -0.04688708484172821 -0.01776060275733471 0.0056931208819150925
v -0.0459451824426651 -0.01799999736249447 0.005578754469752312
v -0.04585900902748108 -0.01776060275733471 0.011303229257464409
f 859 860 861
v -0.04585900902748108 -0.01776060275733471 0.011303229257464409
v -0.0459451824426651 -0.01799999736249447 0.005578754469752312
v -0.04493774473667145 -0.01799999736249447 0.011076157912611961
f 862 863 864
v -0.04585900902748108 -0.01776060275733471 0.011303229257464409
v -0.04493774473667145 -0.01799999736249447 0.011076157912611961
v -0.04416218400001526 -0.01776060275733471 0.01674850843846798
f 865 866 867
v -0.04416218400001526 -0.01776060275733471 0.01674850843846798
v -0.04493774473667145 -0.01799999736249447 0.011076157912611961
v -0.04327501356601715 -0.01799999736249447 0.016412047669291496
f 868 869 870
v -0.04416218400001526 -0.01776060275733471 0.01674850843846798
v -0.04327501356601715 -0.01799999736249447 0.016412047669291496
v -0.04182139039039612 -0.01776060275733471 0.021949557587504387
f 871 872 873
v -0.04182139039039612 -0.01776060275733471 0.021949557587504387
v -0.04327501356601715 -0.01799999736249447 0.016412047669291496
v -0.0409812331199646 -0.01799999736249447 0.021508609876036644
f 874 875 876
v -0.04182139039039612 -0.01776060275733471 0.021949557587504387
v -0.0409812331199646 -0.01799999736249447 0.021508609876036644
v -0.038870736956596375 -0.01776060275733471 0.026830529794096947
f 877 878 879
v -0.038870736956596375 -0.01776060275733471 0.026830529794096947
v -0.0409812331199646 -0.01799999736249447 0.021508609876036644
v -0.03808985650539398 -0.01799999736249447 0.026291532441973686
f 880 881 882
v -0.038870736956596375 -0.01776060275733471 0.026830529794096947
v -0.03808985650539398 -0.01799999736249447 0.026291532441973686
v -0.03535325825214386 -0.01776060275733471 0.03132025897502899
f 883 884 885
v -0.03535325825214386 -0.01776060275733471 0.03132025897502899
v -0.03808985650539398 -0.01799999736249447 0.026291532441973686
v -0.03464303910732269 -0.01799999736249447 0.030691063031554222
f 886 887 888
v -0.03535325825214386 -0.01776060275733471 0.03132025897502899
v -0.03464303910732269 -0.01799999736249447 0.030691063031554222
v -0.03132025897502899 -0.01776060275733471 0.03535325825214386
f 889 890 891
v -0.03132025897502899 -0.01776060275733471 0.03535325825214386
v -0.03464303910732269 -0.01799999736249447 0.030691063031554222
v -0.030691059306263924 -0.01799999736249447 0.03464304655790329
f 892 893 894
v -0.03132025897502899 -0.01776060275733471 0.03535325825214386
v -0.030691059306263924 -0.01799999736249447 0.03464304655790329
v -0.026830526068806648 -0.01776060275733471 0.038870736956596375
f 895 896 897
v -0.026830526068806648 -0.01776060275733471 0.038870736956596375
v -0.030691059306263924 -0.01799999736249447 0.03464304655790329
v -0.026291536167263985 -0.01799999736249447 0.03808985650539398
f 898 899 900
v -0.026830526068806648 -0.01776060275733471 0.038870736956596375
v -0.026291536167263985 -0.01799999736249447 0.03808985650539398
v -0.021949561312794685 -0.01776060275733471 0.04182138293981552
f 901 902 903
v -0.021949561312794685 -0.01776060275733471 0.04182138293981552
v -0.026291536167263985 -0.01799999736249447 0.03808985650539398
v -0.021508606150746346 -0.01799999736249447 0.0409812331199646
f 904 905 906
v -0.021949561312794685 -0.01776060275733471 0.04182138293981552
v -0.021508606150746346 -0.01799999736249447 0.0409812331199646
v -0.01674850471317768 -0.01776060275733471 0.04416218400001526
f 907 908 909
v -0.01674850471317768 -0.01776060275733471 0.04416218400001526
v -0.021508606150746346 -0.01799999736249447 0.0409812331199646
v -0.016412051394581795 -0.01799999736249447 0.04327501356601715
f 910 911 912
v -0.01674850471317768 -0.01776060275733471 0.04416218400001526
v -0.016412051394581795 -0.01799999736249447 0.04327501356601715
v -0.011303232051432133 -0.01776060275733471 0.04585900530219078
f 913 914 915
v -0.011303232051432133 -0.01776060275733471 0.04585900530219078
v -0.016412051394581795 -0.01799999736249447 0.04327501356601715
v -0.011076153255999088 -0.01799999736249447 0.04493774473667145
f 916 917 918
v -0.011303232051432133 -0.01776060275733471 0.04585900530219078
v -0.011076153255999088 -0.01799999736249447 0.04493774473667145
v -0.005693123675882816 -0.01776060275733471 0.046887096017599106
f 919 920 921
v -0.005693123675882816 -0.01776060275733471 0.046887096017599106
v -0.011076153255999088 -0.01799999736249447 0.04493774473667145
v -0.0055787572637200356 -0.01799999736249447 0.0459451787173748
f 922 923 924
v -0.005693123675882816 -0.01776060275733471 0.046887096017599106
v -0.0055787572637200356 -0.01799999736249447 0.0459451787173748
v -1.072882005459519e-09 -0.01776060275733471 0.047231465578079224
f 925 926 927
v -1.072882005459519e-09 -0.01776060275733471 0.047231465578079224
v -0.0055787572637200356 -0.01799999736249447 0.0459451787173748
v -1.072882005459519e-09 -0.01799999736249447 0.046282630413770676
f 928 929 930
v -1.072882005459519e-09 -0.01776060275733471 0.047231465578079224
v -1.072882005459519e-09 -0.01799999736249447 0.046282630413770676
v 0.005693121813237667 -0.01776060275733471 0.046887096017599106
f 931 932 933
v 0.005693121813237667 -0.01776060275733471 0.046887096017599106
v -1.072882005459519e-09 -0.01799999736249447 0.046282630413770676
v 0.005578755401074886 -0.01799999736249447 0.0459451787173748
f 934 935 936
v 0.005693121813237667 -0.01776060275733471 0.046887096017599106
v 0.005578755401074886 -0.01799999736249447 0.0459451787173748
v 0.011303230188786983 -0.01776060275733471 0.04585900530219078
f 937 938 939
v 0.011303230188786983 -0.01776060275733471 0.04585900530219078
v 0.005578755401074886 -0.01799999736249447 0.0459451787173748
v 0.011076151393353939 -0.01799999736249447 0.04493774473667145
f 940 941 942
v 0.011303230188786983 -0.01776060275733471 0.04585900530219078
v 0.011076151393353939 -0.01799999736249447 0.04493774473667145
v 0.016748500987887383 -0.01776060275733471 0.04416218400001526
f 943 944 945
v 0.016748500987887383 -0.01776060275733471 0.04416218400001526
v 0.011076151393353939 -0.01799999736249447 0.04493774473667145
v 0.016412047669291496 -0.01799999736249447 0.04327501356601715
f 946 947 948
v 0.016748500987887383 -0.01776060275733471 0.04416218400001526
v 0.016412047669291496 -0.01799999736249447 0.04327501356601715
v 0.021949557587504387 -0.01776060275733471 0.04182138293981552
f 949 950 951
v 0.021949557587504387 -0.01776060275733471 0.04182138293981552
v 0.016412047669291496 -0.01799999736249447 0.04327501356601715
v 0.021508602425456047 -0.01799999736249447 0.0409812331199646
f 952 953 954
v 0.021949557587504387 -0.01776060275733471 0.04182138293981552
v 0.021508602425456047 -0.01799999736249447 0.0409812331199646
v 0.02683052234351635 -0.01776060275733471 0.038870736956596375
f 955 956 957
v 0.02683052234351635 -0.01776060275733471 0.038870736956596375
v 0.021508602425456047 -0.01799999736249447 0.0409812331199646
v 0.026291532441973686 -0.01799999736249447 0.03808985650539398
f 958 959 960
v 0.02683052234351635 -0.01776060275733471 0.038870736956596375
v 0.026291532441973686 -0.01799999736249447 0.03808985650539398
v 0.03132025897502899 -0.01776060275733471 0.03535325825214386
f 961 962 963
v 0.03132025897502899 -0.01776060275733471 0.03535325825214386
v 0.026291532441973686 -0.01799999736249447 0.03808985650539398
v 0.030691055580973625 -0.01799999736249447 0.03464304655790329
f 964 965 966
v 0.03132025897502899 -0.01776060275733471 0.03535325825214386
v 0.030691055580973625 -0.01799999736249447 0.03464304655790329
v 0.03535325825214386 -0.01776060275733471 0.03132025897502899
f 967 968 969
v 0.03535325825214386 -0.01776060275733471 0.03132025897502899
v 0.030691055580973625 -0.01799999736249447 0.03464304655790329
v 0.03464305400848389 -0.01799999736249447 0.030691063031554222
f 970 971 972
v 0.03535325825214386 -0.01776060275733471 0.03132025897502899
v 0.03464305400848389 -0.01799999736249447 0.030691063031554222
v 0.038870736956596375 -0.01776060275733471 0.026830529794096947
f 973 974 975
v 0.038870736956596375 -0.01776060275733471 0.026830529794096947
v 0.03464305400848389 -0.01799999736249447 0.030691063031554222
v 0.03808985650539398 -0.01799999736249447 0.026291532441973686
f 976 977 978
v 0.038870736956596375 -0.01776060275733471 0.026830529794096947
v 0.03808985650539398 -0.01799999736249447 0.026291532441973686
v 0.04182139039039612 -0.01776060275733471 0.021949557587504387
f 979 980 981
v 0.04182139039039612 -0.01776060275733471 0.021949557587504387
v 0.03808985650539398 -0.01799999736249447 0.026291532441973686
v 0.0409812331199646 -0.01799999736249447 0.021508609876036644
f 982 983 984
v 0.04182139039039612 -0.01776060275733471 0.021949557587504387
v 0.0409812331199646 -0.01799999736249447 0.021508609876036644
v 0.04416218400001526 -0.01776060275733471 0.01674850843846798
f 985 986 987
v 0.04416218400001526 -0.01776060275733471 0.01674850843846798
v 0.0409812331199646 -0.01799999736249447 0.021508609876036644
v 0.04327501356601715 -0.01799999736249447 0.016412047669291496
f 988 989 990
v 0.04416218400001526 -0.01776060275733471 0.01674850843846798
v 0.04327501356601715 -0.01799999736249447 0.016412047669291496
v 0.04585900902748108 -0.01776060275733471 0.011303229257464409
f 991 992 993
v 0.04585900902748108 -0.01776060275733471 0.011303229257464409
v 0.04327501356601715 -0.01799999736249447 0.016412047669291496
v 0.04493774473667145 -0.01799999736249447 0.011076157912611961
f 994 995 996
v 0.04585900902748108 -0.01776060275733471 0.011303229257464409
v 0.04493774473667145 -0.01799999736249447 0.011076157912611961
v 0.046887099742889404 -0.01776060275733471 0.0056931208819150925
f 997 998 999
v 0.046887099742889404 -0.01776060275733471 0.0056931208819150925
v 0.04493774473667145 -0.01799999736249447 0.011076157912611961
v 0.0459451824426651 -0.01799999736249447 0.005578754469752312
f 1000 1001 1002
v 0.046887099742889404 -0.01776060275733471 0.0056931208819150925
v 0.0459451824426651 -0.01799999736249447 0.005578754469752312
v 0.047231465578079224 -0.01776060275733471 -1.8530144085815436e-09
f 1003 1004 1005
v 0.047231465578079224 -0.01776060275733471 -1.8530144085815436e-09
v 0.0459451824426651 -0.01799999736249447 0.005578754469752312
v 0.046282634139060974 -0.01799999736249447 -1.8530144085815436e-09
f 1006 1007 1008
v -0.044950202107429504 -0.016888892278075218 0.01704735867679119
v -0.042960718274116516 -0.016888892278075218 0.021575680002570152
v -0.04449065029621124 -0.012874198146164417 0.022344043478369713
f 1009 1010 1011
v -0.042567625641822815 -0.016888892278075218 0.022341212257742882
v -0.04016543924808502 -0.016888892278075218 0.026417231187224388
v -0.041595831513404846 -0.012874198146164417 0.02735801599919796
f 1012 1013 1014
v -0.03956432640552521 -0.016888892278075218 0.02730928175151348
v -0.03682701289653778 -0.016888892278075218 0.030901527032256126
v -0.038138508796691895 -0.012874198146164417 0.03200200945138931
f 1015 1016 1017
v -0.03598408401012421 -0.016888892278075218 0.03187911957502365
v -0.03299054503440857 -0.016888892278075218 0.03496793657541275
v -0.03416542708873749 -0.012874198146164417 0.036213234066963196
f 1018 1019 1020
v -0.031879112124443054 -0.016888892278075218 0.0359840914607048
v -0.028707953169941902 -0.016888892278075218 0.038561463356018066
v -0.029730306938290596 -0.012874198146164417 0.03993473947048187
f 1021 1022 1023
v -0.02730928547680378 -0.016888892278075218 0.03956432640552521
v -0.02403712458908558 -0.016888892278075218 0.04163351655006409
v -0.024893151596188545 -0.012874198146164417 0.04311619699001312
f 1024 1025 1026
v -0.022341208532452583 -0.016888892278075218 0.04256763309240341
v -0.019041242077946663 -0.016888892278075218 0.04414254426956177
v -0.019719349220395088 -0.012874198146164417 0.04571457579731941
f 1027 1028 1029
v -0.01704736240208149 -0.016888892278075218 0.044950202107429504
v -0.013787851668894291 -0.016888892278075218 0.046054624021053314
v -0.014278874732553959 -0.012874198146164417 0.047694746404886246
f 1030 1031 1032
v -0.01150491926819086 -0.016888892278075218 0.04667729511857033
v -0.008348003961145878 -0.016888892278075218 0.04734388738870621
v -0.008645297028124332 -0.012874198146164417 0.04902992770075798
f 1033 1034 1035
v 0.011504917405545712 -0.016888892278075218 0.04667729511857033
v 0.013787849806249142 -0.016888892278075218 0.046054624021053314
v 0.01427887286990881 -0.012874198146164417 0.047694746404886246
f 1036 1037 1038
v 0.01704735867679119 -0.016888892278075218 0.044950202107429504
v 0.019041238352656364 -0.016888892278075218 0.04414254426956177
v 0.01971934549510479 -0.012874198146164417 0.04571457579731941
f 1039 1040 1041
v 0.02234121970832348 -0.016888892278075218 0.04256763309240341
v 0.02403712086379528 -0.016888892278075218 0.04163351655006409
v 0.024893147870898247 -0.012874198146164417 0.04311619699001312
f 1042 1043 1044
v 0.02730928175151348 -0.016888892278075218 0.03956432640552521
v 0.028707949444651604 -0.016888892278075218 0.038561463356018066
v 0.029730303213000298 -0.012874198146164417 0.03993473947048187
f 1045 1046 1047
v 0.03187912702560425 -0.016888892278075218 0.0359840914607048
v 0.03299054503440857 -0.016888892278075218 0.03496793657541275
v 0.03416542708873749 -0.012874198146164417 0.036213234066963196
f 1048 1049 1050
v 0.03598408401012421 -0.016888892278075218 0.03187911957502365
v 0.03682701289653778 -0.016888892278075218 0.030901527032256126
v 0.038138508796691895 -0.012874198146164417 0.03200200945138931
f 1051 1052 1053
v 0.03956432640552521 -0.016888892278075218 0.02730928175151348
v 0.04016543924808502 -0.016888892278075218 0.026417231187224388
v 0.04159584641456604 -0.012874198146164417 0.02735801599919796
f 1054 1055 1056
v 0.042567625641822815 -0.016888892278075218 0.022341212257742882
v 0.042960718274116516 -0.016888892278075218 0.021575680002570152
v 0.04449065029621124 -0.012874198146164417 0.022344043478369713
f 1057 1058 1059
v 0.044950202107429504 -0.016888892278075218 0.01704735867679119
v 0.045175015926361084 -0.016888892278075218 0.016442356631159782
v 0.04678380489349365 -0.012874198146164417 0.01702791266143322
f 1060 1061 1062
v 0.04667729139328003 -0.016888892278075218 0.011504916474223137
v 0.046778395771980286 -0.016888892278075218 0.011086685582995415
v 0.04844430088996887 -0.012874198146164417 0.011481506749987602
f 1063 1064 1065
v 0.03908702731132507 0.008699099533259869 0.032797910273075104
v 0.03815397620201111 0.012817989103496075 0.03201499581336975
v 0.034179285168647766 0.012817989103496075 0.03622792661190033
f 1066 1067 1068
v -0.04774917662143707 0.016888881102204323 0.005581079050898552
v -0.04807424545288086 0.016888881102204323 -1.8530144085815436e-09
v -0.049806490540504456 0.012817989103496075 -1.8530144085815436e-09
f 1069 1070 1071
v -0.04772372543811798 0.016888881102204323 0.005794709548354149
v -0.04774917662143707 0.016888881102204323 0.005581079050898552
v -0.049469709396362305 0.012817989103496075 0.005782177671790123
f 1072 1073 1074
v 0.042567625641822815 0.016888881102204323 0.022341212257742882
v 0.04016543924808502 0.016888881102204323 0.026417231187224388
v 0.041612714529037476 0.012817989103496075 0.02736910991370678
f 1075 1076 1077
v 0.044950202107429504 0.016888881102204323 0.01704735867679119
v 0.042960718274116516 0.016888881102204323 0.021575680002570152
v 0.04450869560241699 0.012817989103496075 0.02235311083495617
f 1078 1079 1080
v 0.04667729139328003 0.016888881102204323 0.011504916474223137
v 0.045175015926361084 0.016888881102204323 0.016442356631159782
v 0.046802788972854614 0.012817989103496075 0.01703481934964657
f 1081 1082 1083
v 0.04772372543811798 0.016888881102204323 0.005794709548354149
v 0.046778395771980286 0.016888881102204323 0.011086685582995415
v 0.04846394062042236 0.012817989103496075 0.01148616336286068
f 1084 1085 1086
v 0.04807424545288086 0.016888881102204323 -1.8530144085815436e-09
v 0.04774917662143707 0.016888881102204323 0.005581079050898552
v 0.049469709396362305 0.012817989103496075 0.005782177671790123
f 1087 1088 1089
v 0.03956432640552521 0.016888881102204323 0.02730928175151348
v 0.03682701289653778 0.016888881102204323 0.030901527032256126
v 0.03815397620201111 0.012817989103496075 0.03201499581336975
f 1090 1091 1092
v 0.03815397620201111 0.012817989103496075 0.03201499581336975
v 0.03682701289653778 0.016888881102204323 0.030901527032256126
v 0.03598408401012421 0.016888881102204323 0.03187911957502365
f 1093 1094 1095
v 0.03815397620201111 0.012817989103496075 0.03201499581336975
v 0.03598408401012421 0.016888881102204323 0.03187911957502365
v 0.034179285168647766 0.012817989103496075 0.03622792661190033
f 1096 1097 1098
v 0.034179285168647766 0.012817989103496075 0.03622792661190033
v 0.03598408401012421 0.016888881102204323 0.03187911957502365
v 0.03299054503440857 0.016888881102204323 0.03496793657541275
f 1099 1100 1101
v 0.034179285168647766 0.012817989103496075 0.03622792661190033
v 0.03299054503440857 0.016888881102204323 0.03496793657541275
v 0.03187912702560425 0.016888881102204323 0.0359840914607048
f 1102 1103 1104
v 0.03187912702560425 0.016888881102204323 0.0359840914607048
v 0.028707949444651604 0.016888881102204323 0.038561463356018066
v 0.029742373153567314 0.012817989103496075 0.039950937032699585
f 1105 1106 1107
v 0.029742373153567314 0.012817989103496075 0.039950937032699585
v 0.028707949444651604 0.016888881102204323 0.038561463356018066
v 0.02730928175151348 0.016888881102204323 0.03956432640552521
f 1108 1109 1110
v 0.02730928175151348 0.016888881102204323 0.03956432640552521
v 0.02403712086379528 0.016888881102204323 0.04163351655006409
v 0.02490323595702648 0.012817989103496075 0.0431336835026741
f 1111 1112 1113
v 0.02490323595702648 0.012817989103496075 0.0431336835026741
v 0.02403712086379528 0.016888881102204323 0.04163351655006409
v 0.02234121970832348 0.016888881102204323 0.04256763309240341
f 1114 1115 1116
v 0.02234121970832348 0.016888881102204323 0.04256763309240341
v 0.019041238352656364 0.016888881102204323 0.04414254426956177
v 0.019727332517504692 0.012817989103496075 0.04573311656713486
f 1117 1118 1119
v 0.019727332517504692 0.012817989103496075 0.04573311656713486
v 0.019041238352656364 0.016888881102204323 0.04414254426956177
v 0.01704735867679119 0.016888881102204323 0.044950202107429504
f 1120 1121 1122
v 0.01704735867679119 0.016888881102204323 0.044950202107429504
v 0.013787849806249142 0.016888881102204323 0.046054624021053314
v 0.014284654520452023 0.012817989103496075 0.04771409183740616
f 1123 1124 1125
v 0.014284654520452023 0.012817989103496075 0.04771409183740616
v 0.013787849806249142 0.016888881102204323 0.046054624021053314
v 0.011504917405545712 0.016888881102204323 0.04667729511857033
f 1126 1127 1128
v 0.011504917405545712 0.016888881102204323 0.04667729511857033
v 0.008348002098500729 0.016888881102204323 0.04734388738870621
v 0.008648811839520931 0.012817989103496075 0.04904981330037117
f 1129 1130 1131
v 0.008648811839520931 0.012817989103496075 0.04904981330037117
v 0.008348002098500729 0.016888881102204323 0.04734388738870621
v 0.0057947030290961266 0.016888881102204323 0.04772372916340828
f 1132 1133 1134
v 0.002795262960717082 0.016888881102204323 0.04799291118979454
v -1.072882005459519e-09 0.016888881102204323 0.04807424545288086
v -0.002895982237532735 0.012817989103496075 0.04972222074866295
f 1135 1136 1137
v -0.0027952652890235186 0.016888881102204323 0.04799291118979454
v -0.005794704891741276 0.016888881102204323 0.04772372916340828
v -0.008648798801004887 0.012817989103496075 0.04904981330037117
f 1138 1139 1140
v -0.008348003961145878 0.016888881102204323 0.04734388738870621
v -0.01150491926819086 0.016888881102204323 0.04667729511857033
v -0.014284656383097172 0.012817989103496075 0.04771409183740616
f 1141 1142 1143
v -0.013787851668894291 0.016888881102204323 0.046054624021053314
v -0.01704736240208149 0.016888881102204323 0.044950202107429504
v -0.01972733624279499 0.012817989103496075 0.04573311656713486
f 1144 1145 1146
v -0.019041242077946663 0.016888881102204323 0.04414254426956177
v -0.022341208532452583 0.016888881102204323 0.04256763309240341
v -0.02490323968231678 0.012817989103496075 0.0431336835026741
f 1147 1148 1149
v -0.02403712458908558 0.016888881102204323 0.04163351655006409
v -0.02730928547680378 0.016888881102204323 0.03956432640552521
v -0.029742376878857613 0.012817989103496075 0.039950937032699585
f 1150 1151 1152
v -0.028707953169941902 0.016888881102204323 0.038561463356018066
v -0.031879112124443054 0.016888881102204323 0.0359840914607048
v -0.034179285168647766 0.012817989103496075 0.03622792661190033
f 1153 1154 1155
v -0.03299054503440857 0.016888881102204323 0.03496793657541275
v -0.03598408401012421 0.016888881102204323 0.03187911957502365
v -0.03815397620201111 0.012817989103496075 0.03201499581336975
f 1156 1157 1158
v -0.03682701289653778 0.016888881102204323 0.030901527032256126
v -0.03956432640552521 0.016888881102204323 0.02730928175151348
v -0.041612714529037476 0.012817989103496075 0.02736910991370678
f 1159 1160 1161
v -0.04016543924808502 0.016888881102204323 0.026417231187224388
v -0.042567625641822815 0.016888881102204323 0.022341212257742882
v -0.04450869560241699 0.012817989103496075 0.02235311083495617
f 1162 1163 1164
v -0.042960718274116516 0.016888881102204323 0.021575680002570152
v -0.044950202107429504 0.016888881102204323 0.01704735867679119
v -0.046802788972854614 0.012817989103496075 0.01703481934964657
f 1165 1166 1167
v -0.045175015926361084 0.016888881102204323 0.016442356631159782
v -0.04667729139328003 0.016888881102204323 0.011504916474223137
v -0.04846394062042236 0.012817989103496075 0.01148616336286068
f 1168 1169 1170
v -0.04772372543811798 0.016888881102204323 0.005794709548354149
v -0.049469709396362305 0.012817989103496075 0.005782177671790123
v -0.046778395771980286 0.016888881102204323 0.011086685582995415
f 1171 1172 1173
v 0.04016543924808502 0.016888881102204323 0.026417231187224388
v 0.03956432640552521 0.016888881102204323 0.02730928175151348
v 0.041612714529037476 0.012817989103496075 0.02736910991370678
f 1174 1175 1176
v 0.041612714529037476 0.012817989103496075 0.02736910991370678
v 0.03956432640552521 0.016888881102204323 0.02730928175151348
v 0.03815397620201111 0.012817989103496075 0.03201499581336975
f 1177 1178 1179
v 0.041612714529037476 0.012817989103496075 0.02736910991370678
v 0.03815397620201111 0.012817989103496075 0.03201499581336975
v 0.042630329728126526 0.008699099533259869 0.02803841046988964
f 1180 1181 1182
v 0.042630329728126526 0.008699099533259869 0.02803841046988964
v 0.03815397620201111 0.012817989103496075 0.03201499581336975
v 0.03908702731132507 0.008699099533259869 0.032797910273075104
f 1183 1184 1185
v 0.042630329728126526 0.008699099533259869 0.02803841046988964
v 0.03908702731132507 0.008699099533259869 0.032797910273075104
v 0.04325653612613678 0.0044342828914523125 0.028450271114706993
f 1186 1187 1188
v 0.042960718274116516 0.016888881102204323 0.021575680002570152
v 0.042567625641822815 0.016888881102204323 0.022341212257742882
v 0.04450869560241699 0.012817989103496075 0.02235311083495617
f 1189 1190 1191
v 0.04450869560241699 0.012817989103496075 0.02235311083495617
v 0.042567625641822815 0.016888881102204323 0.022341212257742882
v 0.041612714529037476 0.012817989103496075 0.02736910991370678
f 1192 1193 1194
v 0.04450869560241699 0.012817989103496075 0.02235311083495617
v 0.041612714529037476 0.012817989103496075 0.02736910991370678
v 0.045597150921821594 0.008699099533259869 0.022899745032191277
f 1195 1196 1197
v 0.045597150921821594 0.008699099533259869 0.022899745032191277
v 0.041612714529037476 0.012817989103496075 0.02736910991370678
v 0.042630329728126526 0.008699099533259869 0.02803841046988964
f 1198 1199 1200
v 0.045597150921821594 0.008699099533259869 0.022899745032191277
v 0.042630329728126526 0.008699099533259869 0.02803841046988964
v 0.04626692831516266 0.0044342828914523125 0.023236123844981194
f 1201 1202 1203
v 0.04626692831516266 0.0044342828914523125 0.023236123844981194
v 0.042630329728126526 0.008699099533259869 0.02803841046988964
v 0.04325653612613678 0.0044342828914523125 0.028450271114706993
f 1204 1205 1206
v 0.04626692831516266 0.0044342828914523125 0.023236123844981194
v 0.04325653612613678 0.0044342828914523125 0.028450271114706993
v 0.04649883508682251 8.305430674226955e-05 0.023352598771452904
f 1207 1208 1209
v 0.045175015926361084 0.016888881102204323 0.016442356631159782
v 0.044950202107429504 0.016888881102204323 0.01704735867679119
v 0.046802788972854614 0.012817989103496075 0.01703481934964657
f 1210 1211 1212
v 0.046802788972854614 0.012817989103496075 0.01703481934964657
v 0.044950202107429504 0.016888881102204323 0.01704735867679119
v 0.04450869560241699 0.012817989103496075 0.02235311083495617
f 1213 1214 1215
v 0.046802788972854614 0.012817989103496075 0.01703481934964657
v 0.04450869560241699 0.012817989103496075 0.02235311083495617
v 0.04794733226299286 0.008699099533259869 0.01745140366256237
f 1216 1217 1218
v 0.04794733226299286 0.008699099533259869 0.01745140366256237
v 0.04450869560241699 0.012817989103496075 0.02235311083495617
v 0.045597150921821594 0.008699099533259869 0.022899745032191277
f 1219 1220 1221
v 0.04794733226299286 0.008699099533259869 0.01745140366256237
v 0.045597150921821594 0.008699099533259869 0.022899745032191277
v 0.04865163564682007 0.0044342828914523125 0.01770774833858013
f 1222 1223 1224
v 0.04865163564682007 0.0044342828914523125 0.01770774833858013
v 0.045597150921821594 0.008699099533259869 0.022899745032191277
v 0.04626692831516266 0.0044342828914523125 0.023236123844981194
f 1225 1226 1227
v 0.04865163564682007 0.0044342828914523125 0.01770774833858013
v 0.04626692831516266 0.0044342828914523125 0.023236123844981194
v 0.04889550805091858 8.305430674226955e-05 0.017796507105231285
f 1228 1229 1230
v 0.04889550805091858 8.305430674226955e-05 0.017796507105231285
v 0.04626692831516266 0.0044342828914523125 0.023236123844981194
v 0.04649883508682251 8.305430674226955e-05 0.023352598771452904
f 1231 1232 1233
v 0.04889550805091858 8.305430674226955e-05 0.017796507105231285
v 0.04649883508682251 8.305430674226955e-05 0.023352598771452904
v 0.048667192459106445 -0.0042910026386380196 0.017713410779833794
f 1234 1235 1236
v 0.046778395771980286 0.016888881102204323 0.011086685582995415
v 0.04667729139328003 0.016888881102204323 0.011504916474223137
v 0.04846394062042236 0.012817989103496075 0.01148616336286068
f 1237 1238 1239
v 0.04846394062042236 0.012817989103496075 0.01148616336286068
v 0.04667729139328003 0.016888881102204323 0.011504916474223137
v 0.046802788972854614 0.012817989103496075 0.01703481934964657
f 1240 1241 1242
v 0.04846394062042236 0.012817989103496075 0.01148616336286068
v 0.046802788972854614 0.012817989103496075 0.01703481934964657
v 0.04964911937713623 0.008699099533259869 0.011767057701945305
f 1243 1244 1245
v 0.04964911937713623 0.008699099533259869 0.011767057701945305
v 0.046802788972854614 0.012817989103496075 0.01703481934964657
v 0.04794733226299286 0.008699099533259869 0.01745140366256237
f 1246 1247 1248
v 0.04964911937713623 0.008699099533259869 0.011767057701945305
v 0.04794733226299286 0.008699099533259869 0.01745140366256237
v 0.05037841200828552 0.0044342828914523125 0.01193990372121334
f 1249 1250 1251
v 0.05037841200828552 0.0044342828914523125 0.01193990372121334
v 0.04794733226299286 0.008699099533259869 0.01745140366256237
v 0.04865163564682007 0.0044342828914523125 0.01770774833858013
f 1252 1253 1254
v 0.05037841200828552 0.0044342828914523125 0.01193990372121334
v 0.04865163564682007 0.0044342828914523125 0.01770774833858013
v 0.05063094198703766 8.305430674226955e-05 0.01199975423514843
f 1255 1256 1257
v 0.05063094198703766 8.305430674226955e-05 0.01199975423514843
v 0.04865163564682007 0.0044342828914523125 0.01770774833858013
v 0.04889550805091858 8.305430674226955e-05 0.017796507105231285
f 1258 1259 1260
v 0.05063094198703766 8.305430674226955e-05 0.01199975423514843
v 0.04889550805091858 8.305430674226955e-05 0.017796507105231285
v 0.050394535064697266 -0.0042910026386380196 0.011943725869059563
f 1261 1262 1263
v 0.050394535064697266 -0.0042910026386380196 0.011943725869059563
v 0.04889550805091858 8.305430674226955e-05 0.017796507105231285
v 0.048667192459106445 -0.0042910026386380196 0.017713410779833794
f 1264 1265 1266
v 0.050394535064697266 -0.0042910026386380196 0.011943725869059563
v 0.048667192459106445 -0.0042910026386380196 0.017713410779833794
v 0.04966488480567932 -0.00862990040332079 0.011770790442824364
f 1267 1268 1269
v 0.04774917662143707 0.016888881102204323 0.005581079050898552
v 0.04772372543811798 0.016888881102204323 0.005794709548354149
v 0.049469709396362305 0.012817989103496075 0.005782177671790123
f 1270 1271 1272
v 0.049469709396362305 0.012817989103496075 0.005782177671790123
v 0.04772372543811798 0.016888881102204323 0.005794709548354149
v 0.04846394062042236 0.012817989103496075 0.01148616336286068
f 1273 1274 1275
v 0.049469709396362305 0.012817989103496075 0.005782177671790123
v 0.04846394062042236 0.012817989103496075 0.01148616336286068
v 0.05067947506904602 0.008699099533259869 0.00592358224093914
f 1276 1277 1278
v 0.05067947506904602 0.008699099533259869 0.00592358224093914
v 0.04846394062042236 0.012817989103496075 0.01148616336286068
v 0.04964911937713623 0.008699099533259869 0.011767057701945305
f 1279 1280 1281
v 0.05067947506904602 0.008699099533259869 0.00592358224093914
v 0.04964911937713623 0.008699099533259869 0.011767057701945305
v 0.05142390727996826 0.0044342828914523125 0.006010590121150017
f 1282 1283 1284
v 0.05142390727996826 0.0044342828914523125 0.006010590121150017
v 0.04964911937713623 0.008699099533259869 0.011767057701945305
v 0.05037841200828552 0.0044342828914523125 0.01193990372121334
f 1285 1286 1287
v 0.05142390727996826 0.0044342828914523125 0.006010590121150017
v 0.05037841200828552 0.0044342828914523125 0.01193990372121334
v 0.05168168246746063 8.305430674226955e-05 0.006040720269083977
f 1288 1289 1290
v 0.05168168246746063 8.305430674226955e-05 0.006040720269083977
v 0.05037841200828552 0.0044342828914523125 0.01193990372121334
v 0.05063094198703766 8.305430674226955e-05 0.01199975423514843
f 1291 1292 1293
v 0.05168168246746063 8.305430674226955e-05 0.006040720269083977
v 0.05063094198703766 8.305430674226955e-05 0.01199975423514843
v 0.05144035816192627 -0.0042910026386380196 0.006012512370944023
f 1294 1295 1296
v 0.05144035816192627 -0.0042910026386380196 0.006012512370944023
v 0.05063094198703766 8.305430674226955e-05 0.01199975423514843
v 0.050394535064697266 -0.0042910026386380196 0.011943725869059563
f 1297 1298 1299
v 0.05144035816192627 -0.0042910026386380196 0.006012512370944023
v 0.050394535064697266 -0.0042910026386380196 0.011943725869059563
v 0.050695568323135376 -0.00862990040332079 0.005925459787249565
f 1300 1301 1302
v 0.050695568323135376 -0.00862990040332079 0.005925459787249565
v 0.050394535064697266 -0.0042910026386380196 0.011943725869059563
v 0.04966488480567932 -0.00862990040332079 0.011770790442824364
f 1303 1304 1305
v 0.050695568323135376 -0.00862990040332079 0.005925459787249565
v 0.04966488480567932 -0.00862990040332079 0.011770790442824364
v 0.049449652433395386 -0.012874198146164417 0.005779838189482689
f 1306 1307 1308
v 0.0029677588026970625 -0.00862990040332079 0.050954338163137436
v 0.002894817618653178 -0.012874198146164417 0.04970206320285797
v 0.008645295165479183 -0.012874198146164417 0.04902992770075798
f 1309 1310 1311
v -0.044950202107429504 0.016888881102204323 0.01704735867679119
v -0.045175015926361084 0.016888881102204323 0.016442356631159782
v -0.046802788972854614 0.012817989103496075 0.01703481934964657
f 1312 1313 1314
v -0.046802788972854614 0.012817989103496075 0.01703481934964657
v -0.045175015926361084 0.016888881102204323 0.016442356631159782
v -0.04846394062042236 0.012817989103496075 0.01148616336286068
f 1315 1316 1317
v -0.046802788972854614 0.012817989103496075 0.01703481934964657
v -0.04846394062042236 0.012817989103496075 0.01148616336286068
v -0.04794733226299286 0.008699099533259869 0.01745140366256237
f 1318 1319 1320
v -0.04794733226299286 0.008699099533259869 0.01745140366256237
v -0.04846394062042236 0.012817989103496075 0.01148616336286068
v -0.04964911937713623 0.008699099533259869 0.011767057701945305
f 1321 1322 1323
v -0.04794733226299286 0.008699099533259869 0.01745140366256237
v -0.04964911937713623 0.008699099533259869 0.011767057701945305
v -0.04865163564682007 0.0044342828914523125 0.01770774833858013
f 1324 1325 1326
v -0.04865163564682007 0.0044342828914523125 0.01770774833858013
v -0.04964911937713623 0.008699099533259869 0.011767057701945305
v -0.05037841200828552 0.0044342828914523125 0.01193990372121334
f 1327 1328 1329
v -0.04865163564682007 0.0044342828914523125 0.01770774833858013
v -0.05037841200828552 0.0044342828914523125 0.01193990372121334
v -0.04889550805091858 8.305430674226955e-05 0.017796507105231285
f 1330 1331 1332
v -0.04889550805091858 8.305430674226955e-05 0.017796507105231285
v -0.05037841200828552 0.0044342828914523125 0.01193990372121334
v -0.05063094198703766 8.305430674226955e-05 0.01199975423514843
f 1333 1334 1335
v -0.04889550805091858 8.305430674226955e-05 0.017796507105231285
v -0.05063094198703766 8.305430674226955e-05 0.01199975423514843
v -0.048667192459106445 -0.0042910026386380196 0.017713410779833794
f 1336 1337 1338
v -0.048667192459106445 -0.0042910026386380196 0.017713410779833794
v -0.05063094198703766 8.305430674226955e-05 0.01199975423514843
v -0.05039452016353607 -0.0042910026386380196 0.011943725869059563
f 1339 1340 1341
v -0.048667192459106445 -0.0042910026386380196 0.017713410779833794
v -0.05039452016353607 -0.0042910026386380196 0.011943725869059563
v -0.04796256124973297 -0.00862990040332079 0.01745694689452648
f 1342 1343 1344
v -0.04796256124973297 -0.00862990040332079 0.01745694689452648
v -0.05039452016353607 -0.0042910026386380196 0.011943725869059563
v -0.04966488480567932 -0.00862990040332079 0.011770790442824364
f 1345 1346 1347
v -0.04796256124973297 -0.00862990040332079 0.01745694689452648
v -0.04966488480567932 -0.00862990040332079 0.011770790442824364
v -0.04678380489349365 -0.012874198146164417 0.01702791266143322
f 1348 1349 1350
v -0.04678380489349365 -0.012874198146164417 0.01702791266143322
v -0.04966488480567932 -0.00862990040332079 0.011770790442824364
v -0.04844428598880768 -0.012874198146164417 0.011481506749987602
f 1351 1352 1353
v -0.04667729139328003 0.016888881102204323 0.011504916474223137
v -0.046778395771980286 0.016888881102204323 0.011086685582995415
v -0.04846394062042236 0.012817989103496075 0.01148616336286068
f 1354 1355 1356
v -0.04846394062042236 0.012817989103496075 0.01148616336286068
v -0.046778395771980286 0.016888881102204323 0.011086685582995415
v -0.049469709396362305 0.012817989103496075 0.005782177671790123
f 1357 1358 1359
v -0.04846394062042236 0.012817989103496075 0.01148616336286068
v -0.049469709396362305 0.012817989103496075 0.005782177671790123
v -0.04964911937713623 0.008699099533259869 0.011767057701945305
f 1360 1361 1362
v -0.04964911937713623 0.008699099533259869 0.011767057701945305
v -0.049469709396362305 0.012817989103496075 0.005782177671790123
v -0.05067947506904602 0.008699099533259869 0.00592358224093914
f 1363 1364 1365
v -0.04964911937713623 0.008699099533259869 0.011767057701945305
v -0.05067947506904602 0.008699099533259869 0.00592358224093914
v -0.05037841200828552 0.0044342828914523125 0.01193990372121334
f 1366 1367 1368
v -0.05037841200828552 0.0044342828914523125 0.01193990372121334
v -0.05067947506904602 0.008699099533259869 0.00592358224093914
v -0.05142390727996826 0.0044342828914523125 0.006010590121150017
f 1369 1370 1371
v -0.05037841200828552 0.0044342828914523125 0.01193990372121334
v -0.05142390727996826 0.0044342828914523125 0.006010590121150017
v -0.05063094198703766 8.305430674226955e-05 0.01199975423514843
f 1372 1373 1374
v -0.05063094198703766 8.305430674226955e-05 0.01199975423514843
v -0.05142390727996826 0.0044342828914523125 0.006010590121150017
v -0.05168168246746063 8.305430674226955e-05 0.006040720269083977
f 1375 1376 1377
v -0.05063094198703766 8.305430674226955e-05 0.01199975423514843
v -0.05168168246746063 8.305430674226955e-05 0.006040720269083977
v -0.05039452016353607 -0.0042910026386380196 0.011943725869059563
f 1378 1379 1380
v -0.05039452016353607 -0.0042910026386380196 0.011943725869059563
v -0.05168168246746063 8.305430674226955e-05 0.006040720269083977
v -0.05144035816192627 -0.0042910026386380196 0.006012512370944023
f 1381 1382 1383
v -0.05039452016353607 -0.0042910026386380196 0.011943725869059563
v -0.05144035816192627 -0.0042910026386380196 0.006012512370944023
v -0.04966488480567932 -0.00862990040332079 0.011770790442824364
f 1384 1385 1386
v -0.04966488480567932 -0.00862990040332079 0.011770790442824364
v -0.05144035816192627 -0.0042910026386380196 0.006012512370944023
v -0.050695568323135376 -0.00862990040332079 0.005925459787249565
f 1387 1388 1389
v -0.04966488480567932 -0.00862990040332079 0.011770790442824364
v -0.050695568323135376 -0.00862990040332079 0.005925459787249565
v -0.04844428598880768 -0.012874198146164417 0.011481506749987602
f 1390 1391 1392
v -0.04844428598880768 -0.012874198146164417 0.011481506749987602
v -0.050695568323135376 -0.00862990040332079 0.005925459787249565
v -0.049449652433395386 -0.012874198146164417 0.005779838189482689
f 1393 1394 1395
v -0.04844428598880768 -0.012874198146164417 0.011481506749987602
v -0.049449652433395386 -0.012874198146164417 0.005779838189482689
v -0.04772372543811798 -0.016888892278075218 0.005794709548354149
f 1396 1397 1398
v 0.04807424545288086 0.016888881102204323 -1.8530144085815436e-09
v 0.049469709396362305 0.012817989103496075 0.005782177671790123
v 0.049806490540504456 0.012817989103496075 -1.8530144085815436e-09
f 1399 1400 1401
v 0.049806490540504456 0.012817989103496075 -1.8530144085815436e-09
v 0.049469709396362305 0.012817989103496075 0.005782177671790123
v 0.05067947506904602 0.008699099533259869 0.00592358224093914
f 1402 1403 1404
v 0.049806490540504456 0.012817989103496075 -1.8530144085815436e-09
v 0.05067947506904602 0.008699099533259869 0.00592358224093914
v 0.051024481654167175 0.008699099533259869 -1.8530144085815436e-09
f 1405 1406 1407
v 0.051024481654167175 0.008699099533259869 -1.8530144085815436e-09
v 0.05067947506904602 0.008699099533259869 0.00592358224093914
v 0.05142390727996826 0.0044342828914523125 0.006010590121150017
f 1408 1409 1410
v 0.051024481654167175 0.008699099533259869 -1.8530144085815436e-09
v 0.05142390727996826 0.0044342828914523125 0.006010590121150017
v 0.05177399516105652 0.0044342828914523125 -1.8530144085815436e-09
f 1411 1412 1413
v 0.05177399516105652 0.0044342828914523125 -1.8530144085815436e-09
v 0.05142390727996826 0.0044342828914523125 0.006010590121150017
v 0.05168168246746063 8.305430674226955e-05 0.006040720269083977
f 1414 1415 1416
v 0.05177399516105652 0.0044342828914523125 -1.8530144085815436e-09
v 0.05168168246746063 8.305430674226955e-05 0.006040720269083977
v 0.052033498883247375 8.305430674226955e-05 -1.8530144085815436e-09
f 1417 1418 1419
v 0.052033498883247375 8.305430674226955e-05 -1.8530144085815436e-09
v 0.05168168246746063 8.305430674226955e-05 0.006040720269083977
v 0.05144035816192627 -0.0042910026386380196 0.006012512370944023
f 1420 1421 1422
v 0.052033498883247375 8.305430674226955e-05 -1.8530144085815436e-09
v 0.05144035816192627 -0.0042910026386380196 0.006012512370944023
v 0.05179055035114288 -0.0042910026386380196 -1.8530144085815436e-09
f 1423 1424 1425
v 0.05179055035114288 -0.0042910026386380196 -1.8530144085815436e-09
v 0.05144035816192627 -0.0042910026386380196 0.006012512370944023
v 0.050695568323135376 -0.00862990040332079 0.005925459787249565
f 1426 1427 1428
v 0.05179055035114288 -0.0042910026386380196 -1.8530144085815436e-09
v 0.050695568323135376 -0.00862990040332079 0.005925459787249565
v 0.05104069411754608 -0.00862990040332079 -1.8530144085815436e-09
f 1429 1430 1431
v 0.05104069411754608 -0.00862990040332079 -1.8530144085815436e-09
v 0.050695568323135376 -0.00862990040332079 0.005925459787249565
v 0.049449652433395386 -0.012874198146164417 0.005779838189482689
f 1432 1433 1434
v 0.05104069411754608 -0.00862990040332079 -1.8530144085815436e-09
v 0.049449652433395386 -0.012874198146164417 0.005779838189482689
v 0.0497862845659256 -0.012874198146164417 -1.8530144085815436e-09
f 1435 1436 1437
v 0.0497862845659256 -0.012874198146164417 -1.8530144085815436e-09
v 0.049449652433395386 -0.012874198146164417 0.005779838189482689
v 0.04772372543811798 -0.016888892278075218 0.005794709548354149
f 1438 1439 1440
v 0.0497862845659256 -0.012874198146164417 -1.8530144085815436e-09
v 0.04772372543811798 -0.016888892278075218 0.005794709548354149
v 0.04807424545288086 -0.016888892278075218 -1.8530144085815436e-09
f 1441 1442 1443
v 0.03187912702560425 0.016888881102204323 0.0359840914607048
v 0.029742373153567314 0.012817989103496075 0.039950937032699585
v 0.034179285168647766 0.012817989103496075 0.03622792661190033
f 1444 1445 1446
v 0.034179285168647766 0.012817989103496075 0.03622792661190033
v 0.029742373153567314 0.012817989103496075 0.039950937032699585
v 0.03501512110233307 0.008699099533259869 0.037113867700099945
f 1447 1448 1449
v 0.034179285168647766 0.012817989103496075 0.03622792661190033
v 0.03501512110233307 0.008699099533259869 0.037113867700099945
v 0.03908702731132507 0.008699099533259869 0.032797910273075104
f 1450 1451 1452
v 0.03908702731132507 0.008699099533259869 0.032797910273075104
v 0.03501512110233307 0.008699099533259869 0.037113867700099945
v 0.03966118395328522 0.0044342828914523125 0.03327967971563339
f 1453 1454 1455
v 0.03908702731132507 0.008699099533259869 0.032797910273075104
v 0.03966118395328522 0.0044342828914523125 0.03327967971563339
v 0.04325653612613678 0.0044342828914523125 0.028450271114706993
f 1456 1457 1458
v 0.04325653612613678 0.0044342828914523125 0.028450271114706993
v 0.03966118395328522 0.0044342828914523125 0.03327967971563339
v 0.04347336292266846 8.305430674226955e-05 0.028592882677912712
f 1459 1460 1461
v 0.04325653612613678 0.0044342828914523125 0.028450271114706993
v 0.04347336292266846 8.305430674226955e-05 0.028592882677912712
v 0.04649883508682251 8.305430674226955e-05 0.023352598771452904
f 1462 1463 1464
v 0.04649883508682251 8.305430674226955e-05 0.023352598771452904
v 0.04347336292266846 8.305430674226955e-05 0.028592882677912712
v 0.04628172516822815 -0.0042910026386380196 0.023243559524416924
f 1465 1466 1467
v 0.04649883508682251 8.305430674226955e-05 0.023352598771452904
v 0.04628172516822815 -0.0042910026386380196 0.023243559524416924
v 0.048667192459106445 -0.0042910026386380196 0.017713410779833794
f 1468 1469 1470
v 0.048667192459106445 -0.0042910026386380196 0.017713410779833794
v 0.04628172516822815 -0.0042910026386380196 0.023243559524416924
v 0.04796256124973297 -0.00862990040332079 0.01745694689452648
f 1471 1472 1473
v 0.048667192459106445 -0.0042910026386380196 0.017713410779833794
v 0.04796256124973297 -0.00862990040332079 0.01745694689452648
v 0.04966488480567932 -0.00862990040332079 0.011770790442824364
f 1474 1475 1476
v 0.04966488480567932 -0.00862990040332079 0.011770790442824364
v 0.04796256124973297 -0.00862990040332079 0.01745694689452648
v 0.04844430088996887 -0.012874198146164417 0.011481506749987602
f 1477 1478 1479
v 0.04966488480567932 -0.00862990040332079 0.011770790442824364
v 0.04844430088996887 -0.012874198146164417 0.011481506749987602
v 0.049449652433395386 -0.012874198146164417 0.005779838189482689
f 1480 1481 1482
v 0.049449652433395386 -0.012874198146164417 0.005779838189482689
v 0.04844430088996887 -0.012874198146164417 0.011481506749987602
v 0.046778395771980286 -0.016888892278075218 0.011086685582995415
f 1483 1484 1485
v 0.049449652433395386 -0.012874198146164417 0.005779838189482689
v 0.046778395771980286 -0.016888892278075218 0.011086685582995415
v 0.04772372543811798 -0.016888892278075218 0.005794709548354149
f 1486 1487 1488
v 0.02730928175151348 0.016888881102204323 0.03956432640552521
v 0.02490323595702648 0.012817989103496075 0.0431336835026741
v 0.029742373153567314 0.012817989103496075 0.039950937032699585
f 1489 1490 1491
v 0.029742373153567314 0.012817989103496075 0.039950937032699585
v 0.02490323595702648 0.012817989103496075 0.0431336835026741
v 0.030469713732600212 0.008699099533259869 0.04092792421579361
f 1492 1493 1494
v 0.029742373153567314 0.012817989103496075 0.039950937032699585
v 0.030469713732600212 0.008699099533259869 0.04092792421579361
v 0.03501512110233307 0.008699099533259869 0.037113867700099945
f 1495 1496 1497
v 0.03501512110233307 0.008699099533259869 0.037113867700099945
v 0.030469713732600212 0.008699099533259869 0.04092792421579361
v 0.03552946448326111 0.0044342828914523125 0.03765903413295746
f 1498 1499 1500
v 0.03501512110233307 0.008699099533259869 0.037113867700099945
v 0.03552946448326111 0.0044342828914523125 0.03765903413295746
v 0.03966118395328522 0.0044342828914523125 0.03327967971563339
f 1501 1502 1503
v 0.03966118395328522 0.0044342828914523125 0.03327967971563339
v 0.03552946448326111 0.0044342828914523125 0.03765903413295746
v 0.03985998034477234 8.305430674226955e-05 0.03344649821519852
f 1504 1505 1506
v 0.03966118395328522 0.0044342828914523125 0.03327967971563339
v 0.03985998034477234 8.305430674226955e-05 0.03344649821519852
v 0.04347336292266846 8.305430674226955e-05 0.028592882677912712
f 1507 1508 1509
v 0.04347336292266846 8.305430674226955e-05 0.028592882677912712
v 0.03985998034477234 8.305430674226955e-05 0.03344649821519852
v 0.043270379304885864 -0.0042910026386380196 0.028459368273615837
f 1510 1511 1512
v 0.04347336292266846 8.305430674226955e-05 0.028592882677912712
v 0.043270379304885864 -0.0042910026386380196 0.028459368273615837
v 0.04628172516822815 -0.0042910026386380196 0.023243559524416924
f 1513 1514 1515
v 0.04628172516822815 -0.0042910026386380196 0.023243559524416924
v 0.043270379304885864 -0.0042910026386380196 0.028459368273615837
v 0.045611634850502014 -0.00862990040332079 0.022907016798853874
f 1516 1517 1518
v 0.04628172516822815 -0.0042910026386380196 0.023243559524416924
v 0.045611634850502014 -0.00862990040332079 0.022907016798853874
v 0.04796256124973297 -0.00862990040332079 0.01745694689452648
f 1519 1520 1521
v 0.04796256124973297 -0.00862990040332079 0.01745694689452648
v 0.045611634850502014 -0.00862990040332079 0.022907016798853874
v 0.04678380489349365 -0.012874198146164417 0.01702791266143322
f 1522 1523 1524
v 0.04796256124973297 -0.00862990040332079 0.01745694689452648
v 0.04678380489349365 -0.012874198146164417 0.01702791266143322
v 0.04844430088996887 -0.012874198146164417 0.011481506749987602
f 1525 1526 1527
v 0.04844430088996887 -0.012874198146164417 0.011481506749987602
v 0.04678380489349365 -0.012874198146164417 0.01702791266143322
v 0.045175015926361084 -0.016888892278075218 0.016442356631159782
f 1528 1529 1530
v 0.04844430088996887 -0.012874198146164417 0.011481506749987602
v 0.045175015926361084 -0.016888892278075218 0.016442356631159782
v 0.04667729139328003 -0.016888892278075218 0.011504916474223137
f 1531 1532 1533
v 0.02234121970832348 0.016888881102204323 0.04256763309240341
v 0.019727332517504692 0.012817989103496075 0.04573311656713486
v 0.02490323595702648 0.012817989103496075 0.0431336835026741
f 1534 1535 1536
v 0.02490323595702648 0.012817989103496075 0.0431336835026741
v 0.019727332517504692 0.012817989103496075 0.04573311656713486
v 0.025512246415019035 0.008699099533259869 0.044188499450683594
f 1537 1538 1539
v 0.02490323595702648 0.012817989103496075 0.0431336835026741
v 0.025512246415019035 0.008699099533259869 0.044188499450683594
v 0.030469713732600212 0.008699099533259869 0.04092792421579361
f 1540 1541 1542
v 0.030469713732600212 0.008699099533259869 0.04092792421579361
v 0.025512246415019035 0.008699099533259869 0.044188499450683594
v 0.03091728501021862 0.0044342828914523125 0.04152911901473999
f 1543 1544 1545
v 0.030469713732600212 0.008699099533259869 0.04092792421579361
v 0.03091728501021862 0.0044342828914523125 0.04152911901473999
v 0.03552946448326111 0.0044342828914523125 0.03765903413295746
f 1546 1547 1548
v 0.03552946448326111 0.0044342828914523125 0.03765903413295746
v 0.03091728501021862 0.0044342828914523125 0.04152911901473999
v 0.035707563161849976 8.305430674226955e-05 0.03784780204296112
f 1549 1550 1551
v 0.03552946448326111 0.0044342828914523125 0.03765903413295746
v 0.035707563161849976 8.305430674226955e-05 0.03784780204296112
v 0.03985998034477234 8.305430674226955e-05 0.03344649821519852
f 1552 1553 1554
v 0.03985998034477234 8.305430674226955e-05 0.03344649821519852
v 0.035707563161849976 8.305430674226955e-05 0.03784780204296112
v 0.03967386484146118 -0.0042910026386380196 0.033290326595306396
f 1555 1556 1557
v 0.03985998034477234 8.305430674226955e-05 0.03344649821519852
v 0.03967386484146118 -0.0042910026386380196 0.033290326595306396
v 0.043270379304885864 -0.0042910026386380196 0.028459368273615837
f 1558 1559 1560
v 0.043270379304885864 -0.0042910026386380196 0.028459368273615837
v 0.03967386484146118 -0.0042910026386380196 0.033290326595306396
v 0.04264387488365173 -0.00862990040332079 0.02804732136428356
f 1561 1562 1563
v 0.043270379304885864 -0.0042910026386380196 0.028459368273615837
v 0.04264387488365173 -0.00862990040332079 0.02804732136428356
v 0.045611634850502014 -0.00862990040332079 0.022907016798853874
f 1564 1565 1566
v 0.045611634850502014 -0.00862990040332079 0.022907016798853874
v 0.04264387488365173 -0.00862990040332079 0.02804732136428356
v 0.04449065029621124 -0.012874198146164417 0.022344043478369713
f 1567 1568 1569
v 0.045611634850502014 -0.00862990040332079 0.022907016798853874
v 0.04449065029621124 -0.012874198146164417 0.022344043478369713
v 0.04678380489349365 -0.012874198146164417 0.01702791266143322
f 1570 1571 1572
v 0.04678380489349365 -0.012874198146164417 0.01702791266143322
v 0.04449065029621124 -0.012874198146164417 0.022344043478369713
v 0.042960718274116516 -0.016888892278075218 0.021575680002570152
f 1573 1574 1575
v 0.04678380489349365 -0.012874198146164417 0.01702791266143322
v 0.042960718274116516 -0.016888892278075218 0.021575680002570152
v 0.044950202107429504 -0.016888892278075218 0.01704735867679119
f 1576 1577 1578
v 0.01704735867679119 0.016888881102204323 0.044950202107429504
v 0.014284654520452023 0.012817989103496075 0.04771409183740616
v 0.019727332517504692 0.012817989103496075 0.04573311656713486
f 1579 1580 1581
v 0.019727332517504692 0.012817989103496075 0.04573311656713486
v 0.014284654520452023 0.012817989103496075 0.04771409183740616
v 0.020209772512316704 0.008699099533259869 0.0468515083193779
f 1582 1583 1584
v 0.019727332517504692 0.012817989103496075 0.04573311656713486
v 0.020209772512316704 0.008699099533259869 0.0468515083193779
v 0.025512246415019035 0.008699099533259869 0.044188499450683594
f 1585 1586 1587
v 0.025512246415019035 0.008699099533259869 0.044188499450683594
v 0.020209772512316704 0.008699099533259869 0.0468515083193779
v 0.02588699571788311 0.0044342828914523125 0.0448375940322876
f 1588 1589 1590
v 0.025512246415019035 0.008699099533259869 0.044188499450683594
v 0.02588699571788311 0.0044342828914523125 0.0448375940322876
v 0.03091728501021862 0.0044342828914523125 0.04152911901473999
f 1591 1592 1593
v 0.03091728501021862 0.0044342828914523125 0.04152911901473999
v 0.02588699571788311 0.0044342828914523125 0.0448375940322876
v 0.031072257086634636 8.305430674226955e-05 0.04173728823661804
f 1594 1595 1596
v 0.03091728501021862 0.0044342828914523125 0.04152911901473999
v 0.031072257086634636 8.305430674226955e-05 0.04173728823661804
v 0.035707563161849976 8.305430674226955e-05 0.03784780204296112
f 1597 1598 1599
v 0.035707563161849976 8.305430674226955e-05 0.03784780204296112
v 0.031072257086634636 8.305430674226955e-05 0.04173728823661804
v 0.035540834069252014 -0.0042910026386380196 0.037671081721782684
f 1600 1601 1602
v 0.035707563161849976 8.305430674226955e-05 0.03784780204296112
v 0.035540834069252014 -0.0042910026386380196 0.037671081721782684
v 0.03967386484146118 -0.0042910026386380196 0.033290326595306396
f 1603 1604 1605
v 0.03967386484146118 -0.0042910026386380196 0.033290326595306396
v 0.035540834069252014 -0.0042910026386380196 0.037671081721782684
v 0.03909943997859955 -0.00862990040332079 0.0328083261847496
f 1606 1607 1608
v 0.03967386484146118 -0.0042910026386380196 0.033290326595306396
v 0.03909943997859955 -0.00862990040332079 0.0328083261847496
v 0.04264387488365173 -0.00862990040332079 0.02804732136428356
f 1609 1610 1611
v 0.04264387488365173 -0.00862990040332079 0.02804732136428356
v 0.03909943997859955 -0.00862990040332079 0.0328083261847496
v 0.04159584641456604 -0.012874198146164417 0.02735801599919796
f 1612 1613 1614
v 0.04264387488365173 -0.00862990040332079 0.02804732136428356
v 0.04159584641456604 -0.012874198146164417 0.02735801599919796
v 0.04449065029621124 -0.012874198146164417 0.022344043478369713
f 1615 1616 1617
v 0.04449065029621124 -0.012874198146164417 0.022344043478369713
v 0.04159584641456604 -0.012874198146164417 0.02735801599919796
v 0.04016543924808502 -0.016888892278075218 0.026417231187224388
f 1618 1619 1620
v 0.04449065029621124 -0.012874198146164417 0.022344043478369713
v 0.04016543924808502 -0.016888892278075218 0.026417231187224388
v 0.042567625641822815 -0.016888892278075218 0.022341212257742882
f 1621 1622 1623
v 0.011504917405545712 0.016888881102204323 0.04667729511857033
v 0.008648811839520931 0.012817989103496075 0.04904981330037117
v 0.014284654520452023 0.012817989103496075 0.04771409183740616
f 1624 1625 1626
v 0.014284654520452023 0.012817989103496075 0.04771409183740616
v 0.008648811839520931 0.012817989103496075 0.04904981330037117
v 0.014633982442319393 0.008699099533259869 0.0488809235394001
f 1627 1628 1629
v 0.014284654520452023 0.012817989103496075 0.04771409183740616
v 0.014633982442319393 0.008699099533259869 0.0488809235394001
v 0.020209772512316704 0.008699099533259869 0.0468515083193779
f 1630 1631 1632
v 0.020209772512316704 0.008699099533259869 0.0468515083193779
v 0.014633982442319393 0.008699099533259869 0.0488809235394001
v 0.020506633445620537 0.0044342828914523125 0.047539714723825455
f 1633 1634 1635
v 0.020209772512316704 0.008699099533259869 0.0468515083193779
v 0.020506633445620537 0.0044342828914523125 0.047539714723825455
v 0.02588699571788311 0.0044342828914523125 0.0448375940322876
f 1636 1637 1638
v 0.02588699571788311 0.0044342828914523125 0.0448375940322876
v 0.020506633445620537 0.0044342828914523125 0.047539714723825455
v 0.026016755029559135 8.305430674226955e-05 0.045062340795993805
f 1639 1640 1641
v 0.02588699571788311 0.0044342828914523125 0.0448375940322876
v 0.026016755029559135 8.305430674226955e-05 0.045062340795993805
v 0.031072257086634636 8.305430674226955e-05 0.04173728823661804
f 1642 1643 1644
v 0.031072257086634636 8.305430674226955e-05 0.04173728823661804
v 0.026016755029559135 8.305430674226955e-05 0.045062340795993805
v 0.03092716448009014 -0.0042910026386380196 0.041542403399944305
f 1645 1646 1647
v 0.031072257086634636 8.305430674226955e-05 0.04173728823661804
v 0.03092716448009014 -0.0042910026386380196 0.041542403399944305
v 0.035540834069252014 -0.0042910026386380196 0.037671081721782684
f 1648 1649 1650
v 0.035540834069252014 -0.0042910026386380196 0.037671081721782684
v 0.03092716448009014 -0.0042910026386380196 0.041542403399944305
v 0.03502625226974487 -0.00862990040332079 0.03712565451860428
f 1651 1652 1653
v 0.035540834069252014 -0.0042910026386380196 0.037671081721782684
v 0.03502625226974487 -0.00862990040332079 0.03712565451860428
v 0.03909943997859955 -0.00862990040332079 0.0328083261847496
f 1654 1655 1656
v 0.03909943997859955 -0.00862990040332079 0.0328083261847496
v 0.03502625226974487 -0.00862990040332079 0.03712565451860428
v 0.038138508796691895 -0.012874198146164417 0.03200200945138931
f 1657 1658 1659
v 0.03909943997859955 -0.00862990040332079 0.0328083261847496
v 0.038138508796691895 -0.012874198146164417 0.03200200945138931
v 0.04159584641456604 -0.012874198146164417 0.02735801599919796
f 1660 1661 1662
v 0.04159584641456604 -0.012874198146164417 0.02735801599919796
v 0.038138508796691895 -0.012874198146164417 0.03200200945138931
v 0.03682701289653778 -0.016888892278075218 0.030901527032256126
f 1663 1664 1665
v 0.04159584641456604 -0.012874198146164417 0.02735801599919796
v 0.03682701289653778 -0.016888892278075218 0.030901527032256126
v 0.03956432640552521 -0.016888892278075218 0.02730928175151348
f 1666 1667 1668
v 0.0057947030290961266 0.016888881102204323 0.04772372916340828
v 0.002895994810387492 0.012817989103496075 0.04972222074866295
v 0.008648811839520931 0.012817989103496075 0.04904981330037117
f 1669 1670 1671
v 0.008648811839520931 0.012817989103496075 0.04904981330037117
v 0.002895994810387492 0.012817989103496075 0.04972222074866295
v 0.008860304020345211 0.008699099533259869 0.050249312072992325
f 1672 1673 1674
v 0.008648811839520931 0.012817989103496075 0.04904981330037117
v 0.008860304020345211 0.008699099533259869 0.050249312072992325
v 0.014633982442319393 0.008699099533259869 0.0488809235394001
f 1675 1676 1677
v 0.014633982442319393 0.008699099533259869 0.0488809235394001
v 0.008860304020345211 0.008699099533259869 0.050249312072992325
v 0.01484894659370184 0.0044342828914523125 0.04959893971681595
f 1678 1679 1680
v 0.014633982442319393 0.008699099533259869 0.0488809235394001
v 0.01484894659370184 0.0044342828914523125 0.04959893971681595
v 0.020506633445620537 0.0044342828914523125 0.047539714723825455
f 1681 1682 1683
v 0.020506633445620537 0.0044342828914523125 0.047539714723825455
v 0.01484894659370184 0.0044342828914523125 0.04959893971681595
v 0.020609421655535698 8.305430674226955e-05 0.04777800664305687
f 1684 1685 1686
v 0.020506633445620537 0.0044342828914523125 0.047539714723825455
v 0.020609421655535698 8.305430674226955e-05 0.04777800664305687
v 0.026016755029559135 8.305430674226955e-05 0.045062340795993805
f 1687 1688 1689
v 0.026016755029559135 8.305430674226955e-05 0.045062340795993805
v 0.020609421655535698 8.305430674226955e-05 0.04777800664305687
v 0.02589528076350689 -0.0042910026386380196 0.044851936399936676
f 1690 1691 1692
v 0.026016755029559135 8.305430674226955e-05 0.045062340795993805
v 0.02589528076350689 -0.0042910026386380196 0.044851936399936676
v 0.03092716448009014 -0.0042910026386380196 0.041542403399944305
f 1693 1694 1695
v 0.03092716448009014 -0.0042910026386380196 0.041542403399944305
v 0.02589528076350689 -0.0042910026386380196 0.044851936399936676
v 0.03047938458621502 -0.00862990040332079 0.04094092547893524
f 1696 1697 1698
v 0.03092716448009014 -0.0042910026386380196 0.041542403399944305
v 0.03047938458621502 -0.00862990040332079 0.04094092547893524
v 0.03502625226974487 -0.00862990040332079 0.03712565451860428
f 1699 1700 1701
v 0.03502625226974487 -0.00862990040332079 0.03712565451860428
v 0.03047938458621502 -0.00862990040332079 0.04094092547893524
v 0.03416542708873749 -0.012874198146164417 0.036213234066963196
f 1702 1703 1704
v 0.03502625226974487 -0.00862990040332079 0.03712565451860428
v 0.03416542708873749 -0.012874198146164417 0.036213234066963196
v 0.038138508796691895 -0.012874198146164417 0.03200200945138931
f 1705 1706 1707
v 0.038138508796691895 -0.012874198146164417 0.03200200945138931
v 0.03416542708873749 -0.012874198146164417 0.036213234066963196
v 0.03299054503440857 -0.016888892278075218 0.03496793657541275
f 1708 1709 1710
v 0.038138508796691895 -0.012874198146164417 0.03200200945138931
v 0.03299054503440857 -0.016888892278075218 0.03496793657541275
v 0.03598408401012421 -0.016888892278075218 0.03187911957502365
f 1711 1712 1713
v 0.002895994810387492 0.012817989103496075 0.04972222074866295
v 0.0029668051283806562 0.008699099533259869 0.050938162952661514
v 0.008860304020345211 0.008699099533259869 0.050249312072992325
f 1714 1715 1716
v 0.008860304020345211 0.008699099533259869 0.050249312072992325
v 0.0029668051283806562 0.008699099533259869 0.050938162952661514
v 0.00899046566337347 0.0044342828914523125 0.05098742991685867
f 1717 1718 1719
v 0.008860304020345211 0.008699099533259869 0.050249312072992325
v 0.00899046566337347 0.0044342828914523125 0.05098742991685867
v 0.01484894659370184 0.0044342828914523125 0.04959893971681595
f 1720 1721 1722
v 0.01484894659370184 0.0044342828914523125 0.04959893971681595
v 0.00899046566337347 0.0044342828914523125 0.05098742991685867
v 0.014923377893865108 8.305430674226955e-05 0.0498475581407547
f 1723 1724 1725
v 0.01484894659370184 0.0044342828914523125 0.04959893971681595
v 0.014923377893865108 8.305430674226955e-05 0.0498475581407547
v 0.020609421655535698 8.305430674226955e-05 0.04777800664305687
f 1726 1727 1728
v 0.020609421655535698 8.305430674226955e-05 0.04777800664305687
v 0.014923377893865108 8.305430674226955e-05 0.0498475581407547
v 0.02051318995654583 -0.0042910026386380196 0.04755491763353348
f 1729 1730 1731
v 0.020609421655535698 8.305430674226955e-05 0.04777800664305687
v 0.02051318995654583 -0.0042910026386380196 0.04755491763353348
v 0.02589528076350689 -0.0042910026386380196 0.044851936399936676
f 1732 1733 1734
v 0.02589528076350689 -0.0042910026386380196 0.044851936399936676
v 0.02051318995654583 -0.0042910026386380196 0.04755491763353348
v 0.025520337745547295 -0.00862990040332079 0.0442025363445282
f 1735 1736 1737
v 0.02589528076350689 -0.0042910026386380196 0.044851936399936676
v 0.025520337745547295 -0.00862990040332079 0.0442025363445282
v 0.03047938458621502 -0.00862990040332079 0.04094092547893524
f 1738 1739 1740
v 0.03047938458621502 -0.00862990040332079 0.04094092547893524
v 0.025520337745547295 -0.00862990040332079 0.0442025363445282
v 0.029730303213000298 -0.012874198146164417 0.03993473947048187
f 1741 1742 1743
v 0.03047938458621502 -0.00862990040332079 0.04094092547893524
v 0.029730303213000298 -0.012874198146164417 0.03993473947048187
v 0.03416542708873749 -0.012874198146164417 0.036213234066963196
f 1744 1745 1746
v 0.03416542708873749 -0.012874198146164417 0.036213234066963196
v 0.029730303213000298 -0.012874198146164417 0.03993473947048187
v 0.028707949444651604 -0.016888892278075218 0.038561463356018066
f 1747 1748 1749
v 0.03416542708873749 -0.012874198146164417 0.036213234066963196
v 0.028707949444651604 -0.016888892278075218 0.038561463356018066
v 0.03187912702560425 -0.016888892278075218 0.0359840914607048
f 1750 1751 1752
v 0.0029668051283806562 0.008699099533259869 0.050938162952661514
v 0.0030103910248726606 0.0044342828914523125 0.051686398684978485
v 0.00899046566337347 0.0044342828914523125 0.05098742991685867
f 1753 1754 1755
v 0.00899046566337347 0.0044342828914523125 0.05098742991685867
v 0.0030103910248726606 0.0044342828914523125 0.051686398684978485
v 0.009035526774823666 8.305430674226955e-05 0.05124300345778465
f 1756 1757 1758
v 0.00899046566337347 0.0044342828914523125 0.05098742991685867
v 0.009035526774823666 8.305430674226955e-05 0.05124300345778465
v 0.014923377893865108 8.305430674226955e-05 0.0498475581407547
f 1759 1760 1761
v 0.014923377893865108 8.305430674226955e-05 0.0498475581407547
v 0.009035526774823666 8.305430674226955e-05 0.05124300345778465
v 0.014853700064122677 -0.0042910026386380196 0.0496148057281971
f 1762 1763 1764
v 0.014923377893865108 8.305430674226955e-05 0.0498475581407547
v 0.014853700064122677 -0.0042910026386380196 0.0496148057281971
v 0.02051318995654583 -0.0042910026386380196 0.04755491763353348
f 1765 1766 1767
v 0.02051318995654583 -0.0042910026386380196 0.04755491763353348
v 0.014853700064122677 -0.0042910026386380196 0.0496148057281971
v 0.02021618001163006 -0.00862990040332079 0.046866387128829956
f 1768 1769 1770
v 0.02051318995654583 -0.0042910026386380196 0.04755491763353348
v 0.02021618001163006 -0.00862990040332079 0.046866387128829956
v 0.025520337745547295 -0.00862990040332079 0.0442025363445282
f 1771 1772 1773
v 0.025520337745547295 -0.00862990040332079 0.0442025363445282
v 0.02021618001163006 -0.00862990040332079 0.046866387128829956
v 0.024893147870898247 -0.012874198146164417 0.04311619699001312
f 1774 1775 1776
v 0.025520337745547295 -0.00862990040332079 0.0442025363445282
v 0.024893147870898247 -0.012874198146164417 0.04311619699001312
v 0.029730303213000298 -0.012874198146164417 0.03993473947048187
f 1777 1778 1779
v 0.029730303213000298 -0.012874198146164417 0.03993473947048187
v 0.024893147870898247 -0.012874198146164417 0.04311619699001312
v 0.02403712086379528 -0.016888892278075218 0.04163351655006409
f 1780 1781 1782
v 0.029730303213000298 -0.012874198146164417 0.03993473947048187
v 0.02403712086379528 -0.016888892278075218 0.04163351655006409
v 0.02730928175151348 -0.016888892278075218 0.03956432640552521
f 1783 1784 1785
v 0.0030103910248726606 0.0044342828914523125 0.051686398684978485
v 0.0030254859011620283 8.305430674226955e-05 0.05194547772407532
v 0.009035526774823666 8.305430674226955e-05 0.05124300345778465
f 1786 1787 1788
v 0.009035526774823666 8.305430674226955e-05 0.05124300345778465
v 0.0030254859011620283 8.305430674226955e-05 0.05194547772407532
v 0.008993341587483883 -0.0042910026386380196 0.05100373551249504
f 1789 1790 1791
v 0.009035526774823666 8.305430674226955e-05 0.05124300345778465
v 0.008993341587483883 -0.0042910026386380196 0.05100373551249504
v 0.014853700064122677 -0.0042910026386380196 0.0496148057281971
f 1792 1793 1794
v 0.014853700064122677 -0.0042910026386380196 0.0496148057281971
v 0.008993341587483883 -0.0042910026386380196 0.05100373551249504
v 0.014638631604611874 -0.00862990040332079 0.04889644682407379
f 1795 1796 1797
v 0.014853700064122677 -0.0042910026386380196 0.0496148057281971
v 0.014638631604611874 -0.00862990040332079 0.04889644682407379
v 0.02021618001163006 -0.00862990040332079 0.046866387128829956
f 1798 1799 1800
v 0.02021618001163006 -0.00862990040332079 0.046866387128829956
v 0.014638631604611874 -0.00862990040332079 0.04889644682407379
v 0.01971934549510479 -0.012874198146164417 0.04571457579731941
f 1801 1802 1803
v 0.02021618001163006 -0.00862990040332079 0.046866387128829956
v 0.01971934549510479 -0.012874198146164417 0.04571457579731941
v 0.024893147870898247 -0.012874198146164417 0.04311619699001312
f 1804 1805 1806
v 0.024893147870898247 -0.012874198146164417 0.04311619699001312
v 0.01971934549510479 -0.012874198146164417 0.04571457579731941
v 0.019041238352656364 -0.016888892278075218 0.04414254426956177
f 1807 1808 1809
v 0.024893147870898247 -0.012874198146164417 0.04311619699001312
v 0.019041238352656364 -0.016888892278075218 0.04414254426956177
v 0.02234121970832348 -0.016888892278075218 0.04256763309240341
f 1810 1811 1812
v 0.0030254859011620283 8.305430674226955e-05 0.05194547772407532
v 0.0030113596003502607 -0.0042910026386380196 0.05170292779803276
v 0.008993341587483883 -0.0042910026386380196 0.05100373551249504
f 1813 1814 1815
v 0.008993341587483883 -0.0042910026386380196 0.05100373551249504
v 0.0030113596003502607 -0.0042910026386380196 0.05170292779803276
v 0.008863120339810848 -0.00862990040332079 0.050265271216630936
f 1816 1817 1818
v 0.008993341587483883 -0.0042910026386380196 0.05100373551249504
v 0.008863120339810848 -0.00862990040332079 0.050265271216630936
v 0.014638631604611874 -0.00862990040332079 0.04889644682407379
f 1819 1820 1821
v 0.014638631604611874 -0.00862990040332079 0.04889644682407379
v 0.008863120339810848 -0.00862990040332079 0.050265271216630936
v 0.01427887286990881 -0.012874198146164417 0.047694746404886246
f 1822 1823 1824
v 0.014638631604611874 -0.00862990040332079 0.04889644682407379
v 0.01427887286990881 -0.012874198146164417 0.047694746404886246
v 0.01971934549510479 -0.012874198146164417 0.04571457579731941
f 1825 1826 1827
v 0.01971934549510479 -0.012874198146164417 0.04571457579731941
v 0.01427887286990881 -0.012874198146164417 0.047694746404886246
v 0.013787849806249142 -0.016888892278075218 0.046054624021053314
f 1828 1829 1830
v 0.01971934549510479 -0.012874198146164417 0.04571457579731941
v 0.013787849806249142 -0.016888892278075218 0.046054624021053314
v 0.01704735867679119 -0.016888892278075218 0.044950202107429504
f 1831 1832 1833
v 0.0030113596003502607 -0.0042910026386380196 0.05170292779803276
v 0.0029677588026970625 -0.00862990040332079 0.050954338163137436
v 0.008863120339810848 -0.00862990040332079 0.050265271216630936
f 1834 1835 1836
v 0.008863120339810848 -0.00862990040332079 0.050265271216630936
v 0.0029677588026970625 -0.00862990040332079 0.050954338163137436
v 0.008645295165479183 -0.012874198146164417 0.04902992770075798
f 1837 1838 1839
v 0.008863120339810848 -0.00862990040332079 0.050265271216630936
v 0.008645295165479183 -0.012874198146164417 0.04902992770075798
v 0.01427887286990881 -0.012874198146164417 0.047694746404886246
f 1840 1841 1842
v 0.01427887286990881 -0.012874198146164417 0.047694746404886246
v 0.008645295165479183 -0.012874198146164417 0.04902992770075798
v 0.008348002098500729 -0.016888892278075218 0.04734388738870621
f 1843 1844 1845
v 0.01427887286990881 -0.012874198146164417 0.047694746404886246
v 0.008348002098500729 -0.016888892278075218 0.04734388738870621
v 0.011504917405545712 -0.016888892278075218 0.04667729511857033
f 1846 1847 1848
v -0.005794704891741276 -0.016888892278075218 0.04772372916340828
v -0.0027952652890235186 -0.016888892278075218 0.04799291118979454
v -0.0028948199469596148 -0.012874198146164417 0.04970206320285797
f 1849 1850 1851
v -0.0028948199469596148 -0.012874198146164417 0.04970206320285797
v -0.0027952652890235186 -0.016888892278075218 0.04799291118979454
v 0.002894817618653178 -0.012874198146164417 0.04970206320285797
f 1852 1853 1854
v -0.0028948199469596148 -0.012874198146164417 0.04970206320285797
v 0.002894817618653178 -0.012874198146164417 0.04970206320285797
v -0.002967746229842305 -0.00862990040332079 0.050954338163137436
f 1855 1856 1857
v -0.002967746229842305 -0.00862990040332079 0.050954338163137436
v 0.002894817618653178 -0.012874198146164417 0.04970206320285797
v 0.0029677588026970625 -0.00862990040332079 0.050954338163137436
f 1858 1859 1860
v -0.002967746229842305 -0.00862990040332079 0.050954338163137436
v 0.0029677588026970625 -0.00862990040332079 0.050954338163137436
v -0.0030113470274955034 -0.0042910026386380196 0.05170292779803276
f 1861 1862 1863
v -0.0030113470274955034 -0.0042910026386380196 0.05170292779803276
v 0.0029677588026970625 -0.00862990040332079 0.050954338163137436
v 0.0030113596003502607 -0.0042910026386380196 0.05170292779803276
f 1864 1865 1866
v -0.0030113470274955034 -0.0042910026386380196 0.05170292779803276
v 0.0030113596003502607 -0.0042910026386380196 0.05170292779803276
v -0.003025473328307271 8.305430674226955e-05 0.05194547772407532
f 1867 1868 1869
v -0.003025473328307271 8.305430674226955e-05 0.05194547772407532
v 0.0030113596003502607 -0.0042910026386380196 0.05170292779803276
v 0.0030254859011620283 8.305430674226955e-05 0.05194547772407532
f 1870 1871 1872
v -0.003025473328307271 8.305430674226955e-05 0.05194547772407532
v 0.0030254859011620283 8.305430674226955e-05 0.05194547772407532
v -0.003010393353179097 0.0044342828914523125 0.051686398684978485
f 1873 1874 1875
v -0.003010393353179097 0.0044342828914523125 0.051686398684978485
v 0.0030254859011620283 8.305430674226955e-05 0.05194547772407532
v 0.0030103910248726606 0.0044342828914523125 0.051686398684978485
f 1876 1877 1878
v -0.003010393353179097 0.0044342828914523125 0.051686398684978485
v 0.0030103910248726606 0.0044342828914523125 0.051686398684978485
v -0.0029668074566870928 0.008699099533259869 0.050938162952661514
f 1879 1880 1881
v -0.0029668074566870928 0.008699099533259869 0.050938162952661514
v 0.0030103910248726606 0.0044342828914523125 0.051686398684978485
v 0.0029668051283806562 0.008699099533259869 0.050938162952661514
f 1882 1883 1884
v -0.0029668074566870928 0.008699099533259869 0.050938162952661514
v 0.0029668051283806562 0.008699099533259869 0.050938162952661514
v -0.002895982237532735 0.012817989103496075 0.04972222074866295
f 1885 1886 1887
v -0.002895982237532735 0.012817989103496075 0.04972222074866295
v 0.0029668051283806562 0.008699099533259869 0.050938162952661514
v 0.002895994810387492 0.012817989103496075 0.04972222074866295
f 1888 1889 1890
v -0.002895982237532735 0.012817989103496075 0.04972222074866295
v 0.002895994810387492 0.012817989103496075 0.04972222074866295
v 0.002795262960717082 0.016888881102204323 0.04799291118979454
f 1891 1892 1893
v 0.002795262960717082 0.016888881102204323 0.04799291118979454
v 0.002895994810387492 0.012817989103496075 0.04972222074866295
v 0.0057947030290961266 0.016888881102204323 0.04772372916340828
f 1894 1895 1896
v -0.0027952652890235186 -0.016888892278075218 0.04799291118979454
v -1.072882005459519e-09 -0.016888892278075218 0.04807424545288086
v 0.002894817618653178 -0.012874198146164417 0.04970206320285797
f 1897 1898 1899
v 0.002894817618653178 -0.012874198146164417 0.04970206320285797
v -1.072882005459519e-09 -0.016888892278075218 0.04807424545288086
v 0.002795262960717082 -0.016888892278075218 0.04799291118979454
f 1900 1901 1902
v 0.002894817618653178 -0.012874198146164417 0.04970206320285797
v 0.002795262960717082 -0.016888892278075218 0.04799291118979454
v 0.008645295165479183 -0.012874198146164417 0.04902992770075798
f 1903 1904 1905
v 0.008645295165479183 -0.012874198146164417 0.04902992770075798
v 0.002795262960717082 -0.016888892278075218 0.04799291118979454
v 0.0057947030290961266 -0.016888892278075218 0.04772372916340828
f 1906 1907 1908
v 0.008645295165479183 -0.012874198146164417 0.04902992770075798
v 0.0057947030290961266 -0.016888892278075218 0.04772372916340828
v 0.008348002098500729 -0.016888892278075218 0.04734388738870621
f 1909 1910 1911
v -0.008348003961145878 -0.016888892278075218 0.04734388738870621
v -0.005794704891741276 -0.016888892278075218 0.04772372916340828
v -0.008645297028124332 -0.012874198146164417 0.04902992770075798
f 1912 1913 1914
v -0.008645297028124332 -0.012874198146164417 0.04902992770075798
v -0.005794704891741276 -0.016888892278075218 0.04772372916340828
v -0.0028948199469596148 -0.012874198146164417 0.04970206320285797
f 1915 1916 1917
v -0.008645297028124332 -0.012874198146164417 0.04902992770075798
v -0.0028948199469596148 -0.012874198146164417 0.04970206320285797
v -0.008863122202455997 -0.00862990040332079 0.050265271216630936
f 1918 1919 1920
v -0.008863122202455997 -0.00862990040332079 0.050265271216630936
v -0.0028948199469596148 -0.012874198146164417 0.04970206320285797
v -0.002967746229842305 -0.00862990040332079 0.050954338163137436
f 1921 1922 1923
v -0.008863122202455997 -0.00862990040332079 0.050265271216630936
v -0.002967746229842305 -0.00862990040332079 0.050954338163137436
v -0.008993328548967838 -0.0042910026386380196 0.05100373551249504
f 1924 1925 1926
v -0.008993328548967838 -0.0042910026386380196 0.05100373551249504
v -0.002967746229842305 -0.00862990040332079 0.050954338163137436
v -0.0030113470274955034 -0.0042910026386380196 0.05170292779803276
f 1927 1928 1929
v -0.008993328548967838 -0.0042910026386380196 0.05100373551249504
v -0.0030113470274955034 -0.0042910026386380196 0.05170292779803276
v -0.009035528637468815 8.305430674226955e-05 0.05124300345778465
f 1930 1931 1932
v -0.009035528637468815 8.305430674226955e-05 0.05124300345778465
v -0.0030113470274955034 -0.0042910026386380196 0.05170292779803276
v -0.003025473328307271 8.305430674226955e-05 0.05194547772407532
f 1933 1934 1935
v -0.009035528637468815 8.305430674226955e-05 0.05124300345778465
v -0.003025473328307271 8.305430674226955e-05 0.05194547772407532
v -0.008990452624857426 0.0044342828914523125 0.05098742991685867
f 1936 1937 1938
v -0.008990452624857426 0.0044342828914523125 0.05098742991685867
v -0.003025473328307271 8.305430674226955e-05 0.05194547772407532
v -0.003010393353179097 0.0044342828914523125 0.051686398684978485
f 1939 1940 1941
v -0.008990452624857426 0.0044342828914523125 0.05098742991685867
v -0.003010393353179097 0.0044342828914523125 0.051686398684978485
v -0.00886030588299036 0.008699099533259869 0.050249312072992325
f 1942 1943 1944
v -0.00886030588299036 0.008699099533259869 0.050249312072992325
v -0.003010393353179097 0.0044342828914523125 0.051686398684978485
v -0.0029668074566870928 0.008699099533259869 0.050938162952661514
f 1945 1946 1947
v -0.00886030588299036 0.008699099533259869 0.050249312072992325
v -0.0029668074566870928 0.008699099533259869 0.050938162952661514
v -0.008648798801004887 0.012817989103496075 0.04904981330037117
f 1948 1949 1950
v -0.008648798801004887 0.012817989103496075 0.04904981330037117
v -0.0029668074566870928 0.008699099533259869 0.050938162952661514
v -0.002895982237532735 0.012817989103496075 0.04972222074866295
f 1951 1952 1953
v -0.008648798801004887 0.012817989103496075 0.04904981330037117
v -0.002895982237532735 0.012817989103496075 0.04972222074866295
v -0.0027952652890235186 0.016888881102204323 0.04799291118979454
f 1954 1955 1956
v -0.0027952652890235186 0.016888881102204323 0.04799291118979454
v -0.002895982237532735 0.012817989103496075 0.04972222074866295
v -1.072882005459519e-09 0.016888881102204323 0.04807424545288086
f 1957 1958 1959
v -0.013787851668894291 -0.016888892278075218 0.046054624021053314
v -0.01150491926819086 -0.016888892278075218 0.04667729511857033
v -0.014278874732553959 -0.012874198146164417 0.047694746404886246
f 1960 1961 1962
v -0.014278874732553959 -0.012874198146164417 0.047694746404886246
v -0.01150491926819086 -0.016888892278075218 0.04667729511857033
v -0.008645297028124332 -0.012874198146164417 0.04902992770075798
f 1963 1964 1965
v -0.014278874732553959 -0.012874198146164417 0.047694746404886246
v -0.008645297028124332 -0.012874198146164417 0.04902992770075798
v -0.014638633467257023 -0.00862990040332079 0.04889644682407379
f 1966 1967 1968
v -0.014638633467257023 -0.00862990040332079 0.04889644682407379
v -0.008645297028124332 -0.012874198146164417 0.04902992770075798
v -0.008863122202455997 -0.00862990040332079 0.050265271216630936
f 1969 1970 1971
v -0.014638633467257023 -0.00862990040332079 0.04889644682407379
v -0.008863122202455997 -0.00862990040332079 0.050265271216630936
v -0.014853701926767826 -0.0042910026386380196 0.0496148057281971
f 1972 1973 1974
v -0.014853701926767826 -0.0042910026386380196 0.0496148057281971
v -0.008863122202455997 -0.00862990040332079 0.050265271216630936
v -0.008993328548967838 -0.0042910026386380196 0.05100373551249504
f 1975 1976 1977
v -0.014853701926767826 -0.0042910026386380196 0.0496148057281971
v -0.008993328548967838 -0.0042910026386380196 0.05100373551249504
v -0.014923379756510258 8.305430674226955e-05 0.0498475581407547
f 1978 1979 1980
v -0.014923379756510258 8.305430674226955e-05 0.0498475581407547
v -0.008993328548967838 -0.0042910026386380196 0.05100373551249504
v -0.009035528637468815 8.305430674226955e-05 0.05124300345778465
f 1981 1982 1983
v -0.014923379756510258 8.305430674226955e-05 0.0498475581407547
v -0.009035528637468815 8.305430674226955e-05 0.05124300345778465
v -0.014848948456346989 0.0044342828914523125 0.04959893971681595
f 1984 1985 1986
v -0.014848948456346989 0.0044342828914523125 0.04959893971681595
v -0.009035528637468815 8.305430674226955e-05 0.05124300345778465
v -0.008990452624857426 0.0044342828914523125 0.05098742991685867
f 1987 1988 1989
v -0.014848948456346989 0.0044342828914523125 0.04959893971681595
v -0.008990452624857426 0.0044342828914523125 0.05098742991685867
v -0.014633984304964542 0.008699099533259869 0.0488809235394001
f 1990 1991 1992
v -0.014633984304964542 0.008699099533259869 0.0488809235394001
v -0.008990452624857426 0.0044342828914523125 0.05098742991685867
v -0.00886030588299036 0.008699099533259869 0.050249312072992325
f 1993 1994 1995
v -0.014633984304964542 0.008699099533259869 0.0488809235394001
v -0.00886030588299036 0.008699099533259869 0.050249312072992325
v -0.014284656383097172 0.012817989103496075 0.04771409183740616
f 1996 1997 1998
v -0.014284656383097172 0.012817989103496075 0.04771409183740616
v -0.00886030588299036 0.008699099533259869 0.050249312072992325
v -0.008648798801004887 0.012817989103496075 0.04904981330037117
f 1999 2000 2001
v -0.014284656383097172 0.012817989103496075 0.04771409183740616
v -0.008648798801004887 0.012817989103496075 0.04904981330037117
v -0.008348003961145878 0.016888881102204323 0.04734388738870621
f 2002 2003 2004
v -0.008348003961145878 0.016888881102204323 0.04734388738870621
v -0.008648798801004887 0.012817989103496075 0.04904981330037117
v -0.005794704891741276 0.016888881102204323 0.04772372916340828
f 2005 2006 2007
v -0.019041242077946663 -0.016888892278075218 0.04414254426956177
v -0.01704736240208149 -0.016888892278075218 0.044950202107429504
v -0.019719349220395088 -0.012874198146164417 0.04571457579731941
f 2008 2009 2010
v -0.019719349220395088 -0.012874198146164417 0.04571457579731941
v -0.01704736240208149 -0.016888892278075218 0.044950202107429504
v -0.014278874732553959 -0.012874198146164417 0.047694746404886246
f 2011 2012 2013
v -0.019719349220395088 -0.012874198146164417 0.04571457579731941
v -0.014278874732553959 -0.012874198146164417 0.047694746404886246
v -0.020216183736920357 -0.00862990040332079 0.046866387128829956
f 2014 2015 2016
v -0.020216183736920357 -0.00862990040332079 0.046866387128829956
v -0.014278874732553959 -0.012874198146164417 0.047694746404886246
v -0.014638633467257023 -0.00862990040332079 0.04889644682407379
f 2017 2018 2019
v -0.020216183736920357 -0.00862990040332079 0.046866387128829956
v -0.014638633467257023 -0.00862990040332079 0.04889644682407379
v -0.020513193681836128 -0.0042910026386380196 0.04755491763353348
f 2020 2021 2022
v -0.020513193681836128 -0.0042910026386380196 0.04755491763353348
v -0.014638633467257023 -0.00862990040332079 0.04889644682407379
v -0.014853701926767826 -0.0042910026386380196 0.0496148057281971
f 2023 2024 2025
v -0.020513193681836128 -0.0042910026386380196 0.04755491763353348
v -0.014853701926767826 -0.0042910026386380196 0.0496148057281971
v -0.020609425380825996 8.305430674226955e-05 0.04777800664305687
f 2026 2027 2028
v -0.020609425380825996 8.305430674226955e-05 0.04777800664305687
v -0.014853701926767826 -0.0042910026386380196 0.0496148057281971
v -0.014923379756510258 8.305430674226955e-05 0.0498475581407547
f 2029 2030 2031
v -0.020609425380825996 8.305430674226955e-05 0.04777800664305687
v -0.014923379756510258 8.305430674226955e-05 0.0498475581407547
v -0.020506637170910835 0.0044342828914523125 0.047539714723825455
f 2032 2033 2034
v -0.020506637170910835 0.0044342828914523125 0.047539714723825455
v -0.014923379756510258 8.305430674226955e-05 0.0498475581407547
v -0.014848948456346989 0.0044342828914523125 0.04959893971681595
f 2035 2036 2037
v -0.020506637170910835 0.0044342828914523125 0.047539714723825455
v -0.014848948456346989 0.0044342828914523125 0.04959893971681595
v -0.02020976133644581 0.008699099533259869 0.0468515083193779
f 2038 2039 2040
v -0.02020976133644581 0.008699099533259869 0.0468515083193779
v -0.014848948456346989 0.0044342828914523125 0.04959893971681595
v -0.014633984304964542 0.008699099533259869 0.0488809235394001
f 2041 2042 2043
v -0.02020976133644581 0.008699099533259869 0.0468515083193779
v -0.014633984304964542 0.008699099533259869 0.0488809235394001
v -0.01972733624279499 0.012817989103496075 0.04573311656713486
f 2044 2045 2046
v -0.01972733624279499 0.012817989103496075 0.04573311656713486
v -0.014633984304964542 0.008699099533259869 0.0488809235394001
v -0.014284656383097172 0.012817989103496075 0.04771409183740616
f 2047 2048 2049
v -0.01972733624279499 0.012817989103496075 0.04573311656713486
v -0.014284656383097172 0.012817989103496075 0.04771409183740616
v -0.013787851668894291 0.016888881102204323 0.046054624021053314
f 2050 2051 2052
v -0.013787851668894291 0.016888881102204323 0.046054624021053314
v -0.014284656383097172 0.012817989103496075 0.04771409183740616
v -0.01150491926819086 0.016888881102204323 0.04667729511857033
f 2053 2054 2055
v -0.02403712458908558 -0.016888892278075218 0.04163351655006409
v -0.022341208532452583 -0.016888892278075218 0.04256763309240341
v -0.024893151596188545 -0.012874198146164417 0.04311619699001312
f 2056 2057 2058
v -0.024893151596188545 -0.012874198146164417 0.04311619699001312
v -0.022341208532452583 -0.016888892278075218 0.04256763309240341
v -0.019719349220395088 -0.012874198146164417 0.04571457579731941
f 2059 2060 2061
v -0.024893151596188545 -0.012874198146164417 0.04311619699001312
v -0.019719349220395088 -0.012874198146164417 0.04571457579731941
v -0.025520341470837593 -0.00862990040332079 0.0442025363445282
f 2062 2063 2064
v -0.025520341470837593 -0.00862990040332079 0.0442025363445282
v -0.019719349220395088 -0.012874198146164417 0.04571457579731941
v -0.020216183736920357 -0.00862990040332079 0.046866387128829956
f 2065 2066 2067
v -0.025520341470837593 -0.00862990040332079 0.0442025363445282
v -0.020216183736920357 -0.00862990040332079 0.046866387128829956
v -0.025895269587635994 -0.0042910026386380196 0.044851936399936676
f 2068 2069 2070
v -0.025895269587635994 -0.0042910026386380196 0.044851936399936676
v -0.020216183736920357 -0.00862990040332079 0.046866387128829956
v -0.020513193681836128 -0.0042910026386380196 0.04755491763353348
f 2071 2072 2073
v -0.025895269587635994 -0.0042910026386380196 0.044851936399936676
v -0.020513193681836128 -0.0042910026386380196 0.04755491763353348
v -0.026016758754849434 8.305430674226955e-05 0.045062340795993805
f 2074 2075 2076
v -0.026016758754849434 8.305430674226955e-05 0.045062340795993805
v -0.020513193681836128 -0.0042910026386380196 0.04755491763353348
v -0.020609425380825996 8.305430674226955e-05 0.04777800664305687
f 2077 2078 2079
v -0.026016758754849434 8.305430674226955e-05 0.045062340795993805
v -0.020609425380825996 8.305430674226955e-05 0.04777800664305687
v -0.02588699944317341 0.0044342828914523125 0.0448375940322876
f 2080 2081 2082
v -0.02588699944317341 0.0044342828914523125 0.0448375940322876
v -0.020609425380825996 8.305430674226955e-05 0.04777800664305687
v -0.020506637170910835 0.0044342828914523125 0.047539714723825455
f 2083 2084 2085
v -0.02588699944317341 0.0044342828914523125 0.0448375940322876
v -0.020506637170910835 0.0044342828914523125 0.047539714723825455
v -0.025512250140309334 0.008699099533259869 0.044188499450683594
f 2086 2087 2088
v -0.025512250140309334 0.008699099533259869 0.044188499450683594
v -0.020506637170910835 0.0044342828914523125 0.047539714723825455
v -0.02020976133644581 0.008699099533259869 0.0468515083193779
f 2089 2090 2091
v -0.025512250140309334 0.008699099533259869 0.044188499450683594
v -0.02020976133644581 0.008699099533259869 0.0468515083193779
v -0.02490323968231678 0.012817989103496075 0.0431336835026741
f 2092 2093 2094
v -0.02490323968231678 0.012817989103496075 0.0431336835026741
v -0.02020976133644581 0.008699099533259869 0.0468515083193779
v -0.01972733624279499 0.012817989103496075 0.04573311656713486
f 2095 2096 2097
v -0.02490323968231678 0.012817989103496075 0.0431336835026741
v -0.01972733624279499 0.012817989103496075 0.04573311656713486
v -0.019041242077946663 0.016888881102204323 0.04414254426956177
f 2098 2099 2100
v -0.019041242077946663 0.016888881102204323 0.04414254426956177
v -0.01972733624279499 0.012817989103496075 0.04573311656713486
v -0.01704736240208149 0.016888881102204323 0.044950202107429504
f 2101 2102 2103
v -0.028707953169941902 -0.016888892278075218 0.038561463356018066
v -0.02730928547680378 -0.016888892278075218 0.03956432640552521
v -0.029730306938290596 -0.012874198146164417 0.03993473947048187
f 2104 2105 2106
v -0.029730306938290596 -0.012874198146164417 0.03993473947048187
v -0.02730928547680378 -0.016888892278075218 0.03956432640552521
v -0.024893151596188545 -0.012874198146164417 0.04311619699001312
f 2107 2108 2109
v -0.029730306938290596 -0.012874198146164417 0.03993473947048187
v -0.024893151596188545 -0.012874198146164417 0.04311619699001312
v -0.030479388311505318 -0.00862990040332079 0.04094092547893524
f 2110 2111 2112
v -0.030479388311505318 -0.00862990040332079 0.04094092547893524
v -0.024893151596188545 -0.012874198146164417 0.04311619699001312
v -0.025520341470837593 -0.00862990040332079 0.0442025363445282
f 2113 2114 2115
v -0.030479388311505318 -0.00862990040332079 0.04094092547893524
v -0.025520341470837593 -0.00862990040332079 0.0442025363445282
v -0.03092716820538044 -0.0042910026386380196 0.041542403399944305
f 2116 2117 2118
v -0.03092716820538044 -0.0042910026386380196 0.041542403399944305
v -0.025520341470837593 -0.00862990040332079 0.0442025363445282
v -0.025895269587635994 -0.0042910026386380196 0.044851936399936676
f 2119 2120 2121
v -0.03092716820538044 -0.0042910026386380196 0.041542403399944305
v -0.025895269587635994 -0.0042910026386380196 0.044851936399936676
v -0.031072260811924934 8.305430674226955e-05 0.04173728823661804
f 2122 2123 2124
v -0.031072260811924934 8.305430674226955e-05 0.04173728823661804
v -0.025895269587635994 -0.0042910026386380196 0.044851936399936676
v -0.026016758754849434 8.305430674226955e-05 0.045062340795993805
f 2125 2126 2127
v -0.031072260811924934 8.305430674226955e-05 0.04173728823661804
v -0.026016758754849434 8.305430674226955e-05 0.045062340795993805
v -0.03091728873550892 0.0044342828914523125 0.04152911901473999
f 2128 2129 2130
v -0.03091728873550892 0.0044342828914523125 0.04152911901473999
v -0.026016758754849434 8.305430674226955e-05 0.045062340795993805
v -0.02588699944317341 0.0044342828914523125 0.0448375940322876
f 2131 2132 2133
v -0.03091728873550892 0.0044342828914523125 0.04152911901473999
v -0.02588699944317341 0.0044342828914523125 0.0448375940322876
v -0.03046971745789051 0.008699099533259869 0.04092792421579361
f 2134 2135 2136
v -0.03046971745789051 0.008699099533259869 0.04092792421579361
v -0.02588699944317341 0.0044342828914523125 0.0448375940322876
v -0.025512250140309334 0.008699099533259869 0.044188499450683594
f 2137 2138 2139
v -0.03046971745789051 0.008699099533259869 0.04092792421579361
v -0.025512250140309334 0.008699099533259869 0.044188499450683594
v -0.029742376878857613 0.012817989103496075 0.039950937032699585
f 2140 2141 2142
v -0.029742376878857613 0.012817989103496075 0.039950937032699585
v -0.025512250140309334 0.008699099533259869 0.044188499450683594
v -0.02490323968231678 0.012817989103496075 0.0431336835026741
f 2143 2144 2145
v -0.029742376878857613 0.012817989103496075 0.039950937032699585
v -0.02490323968231678 0.012817989103496075 0.0431336835026741
v -0.02403712458908558 0.016888881102204323 0.04163351655006409
f 2146 2147 2148
v -0.02403712458908558 0.016888881102204323 0.04163351655006409
v -0.02490323968231678 0.012817989103496075 0.0431336835026741
v -0.022341208532452583 0.016888881102204323 0.04256763309240341
f 2149 2150 2151
v -0.03299054503440857 -0.016888892278075218 0.03496793657541275
v -0.031879112124443054 -0.016888892278075218 0.0359840914607048
v -0.03416542708873749 -0.012874198146164417 0.036213234066963196
f 2152 2153 2154
v -0.03416542708873749 -0.012874198146164417 0.036213234066963196
v -0.031879112124443054 -0.016888892278075218 0.0359840914607048
v -0.029730306938290596 -0.012874198146164417 0.03993473947048187
f 2155 2156 2157
v -0.03416542708873749 -0.012874198146164417 0.036213234066963196
v -0.029730306938290596 -0.012874198146164417 0.03993473947048187
v -0.03502625226974487 -0.00862990040332079 0.03712565451860428
f 2158 2159 2160
v -0.03502625226974487 -0.00862990040332079 0.03712565451860428
v -0.029730306938290596 -0.012874198146164417 0.03993473947048187
v -0.030479388311505318 -0.00862990040332079 0.04094092547893524
f 2161 2162 2163
v -0.03502625226974487 -0.00862990040332079 0.03712565451860428
v -0.030479388311505318 -0.00862990040332079 0.04094092547893524
v -0.035540834069252014 -0.0042910026386380196 0.037671081721782684
f 2164 2165 2166
v -0.035540834069252014 -0.0042910026386380196 0.037671081721782684
v -0.030479388311505318 -0.00862990040332079 0.04094092547893524
v -0.03092716820538044 -0.0042910026386380196 0.041542403399944305
f 2167 2168 2169
v -0.035540834069252014 -0.0042910026386380196 0.037671081721782684
v -0.03092716820538044 -0.0042910026386380196 0.041542403399944305
v -0.035707563161849976 8.305430674226955e-05 0.03784780204296112
f 2170 2171 2172
v -0.035707563161849976 8.305430674226955e-05 0.03784780204296112
v -0.03092716820538044 -0.0042910026386380196 0.041542403399944305
v -0.031072260811924934 8.305430674226955e-05 0.04173728823661804
f 2173 2174 2175
v -0.035707563161849976 8.305430674226955e-05 0.03784780204296112
v -0.031072260811924934 8.305430674226955e-05 0.04173728823661804
v -0.03552946448326111 0.0044342828914523125 0.03765903413295746
f 2176 2177 2178
v -0.03552946448326111 0.0044342828914523125 0.03765903413295746
v -0.031072260811924934 8.305430674226955e-05 0.04173728823661804
v -0.03091728873550892 0.0044342828914523125 0.04152911901473999
f 2179 2180 2181
v -0.03552946448326111 0.0044342828914523125 0.03765903413295746
v -0.03091728873550892 0.0044342828914523125 0.04152911901473999
v -0.03501512110233307 0.008699099533259869 0.037113867700099945
f 2182 2183 2184
v -0.03501512110233307 0.008699099533259869 0.037113867700099945
v -0.03091728873550892 0.0044342828914523125 0.04152911901473999
v -0.03046971745789051 0.008699099533259869 0.04092792421579361
f 2185 2186 2187
v -0.03501512110233307 0.008699099533259869 0.037113867700099945
v -0.03046971745789051 0.008699099533259869 0.04092792421579361
v -0.034179285168647766 0.012817989103496075 0.03622792661190033
f 2188 2189 2190
v -0.034179285168647766 0.012817989103496075 0.03622792661190033
v -0.03046971745789051 0.008699099533259869 0.04092792421579361
v -0.029742376878857613 0.012817989103496075 0.039950937032699585
f 2191 2192 2193
v -0.034179285168647766 0.012817989103496075 0.03622792661190033
v -0.029742376878857613 0.012817989103496075 0.039950937032699585
v -0.028707953169941902 0.016888881102204323 0.038561463356018066
f 2194 2195 2196
v -0.028707953169941902 0.016888881102204323 0.038561463356018066
v -0.029742376878857613 0.012817989103496075 0.039950937032699585
v -0.02730928547680378 0.016888881102204323 0.03956432640552521
f 2197 2198 2199
v -0.03682701289653778 -0.016888892278075218 0.030901527032256126
v -0.03598408401012421 -0.016888892278075218 0.03187911957502365
v -0.038138508796691895 -0.012874198146164417 0.03200200945138931
f 2200 2201 2202
v -0.038138508796691895 -0.012874198146164417 0.03200200945138931
v -0.03598408401012421 -0.016888892278075218 0.03187911957502365
v -0.03416542708873749 -0.012874198146164417 0.036213234066963196
f 2203 2204 2205
v -0.038138508796691895 -0.012874198146164417 0.03200200945138931
v -0.03416542708873749 -0.012874198146164417 0.036213234066963196
v -0.03909943997859955 -0.00862990040332079 0.0328083261847496
f 2206 2207 2208
v -0.03909943997859955 -0.00862990040332079 0.0328083261847496
v -0.03416542708873749 -0.012874198146164417 0.036213234066963196
v -0.03502625226974487 -0.00862990040332079 0.03712565451860428
f 2209 2210 2211
v -0.03909943997859955 -0.00862990040332079 0.0328083261847496
v -0.03502625226974487 -0.00862990040332079 0.03712565451860428
v -0.03967386484146118 -0.0042910026386380196 0.033290326595306396
f 2212 2213 2214
v -0.03967386484146118 -0.0042910026386380196 0.033290326595306396
v -0.03502625226974487 -0.00862990040332079 0.03712565451860428
v -0.035540834069252014 -0.0042910026386380196 0.037671081721782684
f 2215 2216 2217
v -0.03967386484146118 -0.0042910026386380196 0.033290326595306396
v -0.035540834069252014 -0.0042910026386380196 0.037671081721782684
v -0.03985998034477234 8.305430674226955e-05 0.03344649821519852
f 2218 2219 2220
v -0.03985998034477234 8.305430674226955e-05 0.03344649821519852
v -0.035540834069252014 -0.0042910026386380196 0.037671081721782684
v -0.035707563161849976 8.305430674226955e-05 0.03784780204296112
f 2221 2222 2223
v -0.03985998034477234 8.305430674226955e-05 0.03344649821519852
v -0.035707563161849976 8.305430674226955e-05 0.03784780204296112
v -0.03966116905212402 0.0044342828914523125 0.03327967971563339
f 2224 2225 2226
v -0.03966116905212402 0.0044342828914523125 0.03327967971563339
v -0.035707563161849976 8.305430674226955e-05 0.03784780204296112
v -0.03552946448326111 0.0044342828914523125 0.03765903413295746
f 2227 2228 2229
v -0.03966116905212402 0.0044342828914523125 0.03327967971563339
v -0.03552946448326111 0.0044342828914523125 0.03765903413295746
v -0.03908702731132507 0.008699099533259869 0.032797910273075104
f 2230 2231 2232
v -0.03908702731132507 0.008699099533259869 0.032797910273075104
v -0.03552946448326111 0.0044342828914523125 0.03765903413295746
v -0.03501512110233307 0.008699099533259869 0.037113867700099945
f 2233 2234 2235
v -0.03908702731132507 0.008699099533259869 0.032797910273075104
v -0.03501512110233307 0.008699099533259869 0.037113867700099945
v -0.03815397620201111 0.012817989103496075 0.03201499581336975
f 2236 2237 2238
v -0.03815397620201111 0.012817989103496075 0.03201499581336975
v -0.03501512110233307 0.008699099533259869 0.037113867700099945
v -0.034179285168647766 0.012817989103496075 0.03622792661190033
f 2239 2240 2241
v -0.03815397620201111 0.012817989103496075 0.03201499581336975
v -0.034179285168647766 0.012817989103496075 0.03622792661190033
v -0.03299054503440857 0.016888881102204323 0.03496793657541275
f 2242 2243 2244
v -0.03299054503440857 0.016888881102204323 0.03496793657541275
v -0.034179285168647766 0.012817989103496075 0.03622792661190033
v -0.031879112124443054 0.016888881102204323 0.0359840914607048
f 2245 2246 2247
v -0.04016543924808502 -0.016888892278075218 0.026417231187224388
v -0.03956432640552521 -0.016888892278075218 0.02730928175151348
v -0.041595831513404846 -0.012874198146164417 0.02735801599919796
f 2248 2249 2250
v -0.041595831513404846 -0.012874198146164417 0.02735801599919796
v -0.03956432640552521 -0.016888892278075218 0.02730928175151348
v -0.038138508796691895 -0.012874198146164417 0.03200200945138931
f 2251 2252 2253
v -0.041595831513404846 -0.012874198146164417 0.02735801599919796
v -0.038138508796691895 -0.012874198146164417 0.03200200945138931
v -0.04264387488365173 -0.00862990040332079 0.02804732136428356
f 2254 2255 2256
v -0.04264387488365173 -0.00862990040332079 0.02804732136428356
v -0.038138508796691895 -0.012874198146164417 0.03200200945138931
v -0.03909943997859955 -0.00862990040332079 0.0328083261847496
f 2257 2258 2259
v -0.04264387488365173 -0.00862990040332079 0.02804732136428356
v -0.03909943997859955 -0.00862990040332079 0.0328083261847496
v -0.04327036440372467 -0.0042910026386380196 0.028459368273615837
f 2260 2261 2262
v -0.04327036440372467 -0.0042910026386380196 0.028459368273615837
v -0.03909943997859955 -0.00862990040332079 0.0328083261847496
v -0.03967386484146118 -0.0042910026386380196 0.033290326595306396
f 2263 2264 2265
v -0.04327036440372467 -0.0042910026386380196 0.028459368273615837
v -0.03967386484146118 -0.0042910026386380196 0.033290326595306396
v -0.04347336292266846 8.305430674226955e-05 0.028592882677912712
f 2266 2267 2268
v -0.04347336292266846 8.305430674226955e-05 0.028592882677912712
v -0.03967386484146118 -0.0042910026386380196 0.033290326595306396
v -0.03985998034477234 8.305430674226955e-05 0.03344649821519852
f 2269 2270 2271
v -0.04347336292266846 8.305430674226955e-05 0.028592882677912712
v -0.03985998034477234 8.305430674226955e-05 0.03344649821519852
v -0.04325653612613678 0.0044342828914523125 0.028450271114706993
f 2272 2273 2274
v -0.04325653612613678 0.0044342828914523125 0.028450271114706993
v -0.03985998034477234 8.305430674226955e-05 0.03344649821519852
v -0.03966116905212402 0.0044342828914523125 0.03327967971563339
f 2275 2276 2277
v -0.04325653612613678 0.0044342828914523125 0.028450271114706993
v -0.03966116905212402 0.0044342828914523125 0.03327967971563339
v -0.042630329728126526 0.008699099533259869 0.02803841046988964
f 2278 2279 2280
v -0.042630329728126526 0.008699099533259869 0.02803841046988964
v -0.03966116905212402 0.0044342828914523125 0.03327967971563339
v -0.03908702731132507 0.008699099533259869 0.032797910273075104
f 2281 2282 2283
v -0.042630329728126526 0.008699099533259869 0.02803841046988964
v -0.03908702731132507 0.008699099533259869 0.032797910273075104
v -0.041612714529037476 0.012817989103496075 0.02736910991370678
f 2284 2285 2286
v -0.041612714529037476 0.012817989103496075 0.02736910991370678
v -0.03908702731132507 0.008699099533259869 0.032797910273075104
v -0.03815397620201111 0.012817989103496075 0.03201499581336975
f 2287 2288 2289
v -0.041612714529037476 0.012817989103496075 0.02736910991370678
v -0.03815397620201111 0.012817989103496075 0.03201499581336975
v -0.03682701289653778 0.016888881102204323 0.030901527032256126
f 2290 2291 2292
v -0.03682701289653778 0.016888881102204323 0.030901527032256126
v -0.03815397620201111 0.012817989103496075 0.03201499581336975
v -0.03598408401012421 0.016888881102204323 0.03187911957502365
f 2293 2294 2295
v -0.042960718274116516 -0.016888892278075218 0.021575680002570152
v -0.042567625641822815 -0.016888892278075218 0.022341212257742882
v -0.04449065029621124 -0.012874198146164417 0.022344043478369713
f 2296 2297 2298
v -0.04449065029621124 -0.012874198146164417 0.022344043478369713
v -0.042567625641822815 -0.016888892278075218 0.022341212257742882
v -0.041595831513404846 -0.012874198146164417 0.02735801599919796
f 2299 2300 2301
v -0.04449065029621124 -0.012874198146164417 0.022344043478369713
v -0.041595831513404846 -0.012874198146164417 0.02735801599919796
v -0.04561161994934082 -0.00862990040332079 0.022907016798853874
f 2302 2303 2304
v -0.04561161994934082 -0.00862990040332079 0.022907016798853874
v -0.041595831513404846 -0.012874198146164417 0.02735801599919796
v -0.04264387488365173 -0.00862990040332079 0.02804732136428356
f 2305 2306 2307
v -0.04561161994934082 -0.00862990040332079 0.022907016798853874
v -0.04264387488365173 -0.00862990040332079 0.02804732136428356
v -0.04628172516822815 -0.0042910026386380196 0.023243559524416924
f 2308 2309 2310
v -0.04628172516822815 -0.0042910026386380196 0.023243559524416924
v -0.04264387488365173 -0.00862990040332079 0.02804732136428356
v -0.04327036440372467 -0.0042910026386380196 0.028459368273615837
f 2311 2312 2313
v -0.04628172516822815 -0.0042910026386380196 0.023243559524416924
v -0.04327036440372467 -0.0042910026386380196 0.028459368273615837
v -0.04649883508682251 8.305430674226955e-05 0.023352598771452904
f 2314 2315 2316
v -0.04649883508682251 8.305430674226955e-05 0.023352598771452904
v -0.04327036440372467 -0.0042910026386380196 0.028459368273615837
v -0.04347336292266846 8.305430674226955e-05 0.028592882677912712
f 2317 2318 2319
v -0.04649883508682251 8.305430674226955e-05 0.023352598771452904
v -0.04347336292266846 8.305430674226955e-05 0.028592882677912712
v -0.04626692831516266 0.0044342828914523125 0.023236123844981194
f 2320 2321 2322
v -0.04626692831516266 0.0044342828914523125 0.023236123844981194
v -0.04347336292266846 8.305430674226955e-05 0.028592882677912712
v -0.04325653612613678 0.0044342828914523125 0.028450271114706993
f 2323 2324 2325
v -0.04626692831516266 0.0044342828914523125 0.023236123844981194
v -0.04325653612613678 0.0044342828914523125 0.028450271114706993
v -0.045597150921821594 0.008699099533259869 0.022899745032191277
f 2326 2327 2328
v -0.045597150921821594 0.008699099533259869 0.022899745032191277
v -0.04325653612613678 0.0044342828914523125 0.028450271114706993
v -0.042630329728126526 0.008699099533259869 0.02803841046988964
f 2329 2330 2331
v -0.045597150921821594 0.008699099533259869 0.022899745032191277
v -0.042630329728126526 0.008699099533259869 0.02803841046988964
v -0.04450869560241699 0.012817989103496075 0.02235311083495617
f 2332 2333 2334
v -0.04450869560241699 0.012817989103496075 0.02235311083495617
v -0.042630329728126526 0.008699099533259869 0.02803841046988964
v -0.041612714529037476 0.012817989103496075 0.02736910991370678
f 2335 2336 2337
v -0.04450869560241699 0.012817989103496075 0.02235311083495617
v -0.041612714529037476 0.012817989103496075 0.02736910991370678
v -0.04016543924808502 0.016888881102204323 0.026417231187224388
f 2338 2339 2340
v -0.04016543924808502 0.016888881102204323 0.026417231187224388
v -0.041612714529037476 0.012817989103496075 0.02736910991370678
v -0.03956432640552521 0.016888881102204323 0.02730928175151348
f 2341 2342 2343
v -0.042567625641822815 0.016888881102204323 0.022341212257742882
v -0.042960718274116516 0.016888881102204323 0.021575680002570152
v -0.04450869560241699 0.012817989103496075 0.02235311083495617
f 2344 2345 2346
v -0.04450869560241699 0.012817989103496075 0.02235311083495617
v -0.042960718274116516 0.016888881102204323 0.021575680002570152
v -0.046802788972854614 0.012817989103496075 0.01703481934964657
f 2347 2348 2349
v -0.04450869560241699 0.012817989103496075 0.02235311083495617
v -0.046802788972854614 0.012817989103496075 0.01703481934964657
v -0.045597150921821594 0.008699099533259869 0.022899745032191277
f 2350 2351 2352
v -0.045597150921821594 0.008699099533259869 0.022899745032191277
v -0.046802788972854614 0.012817989103496075 0.01703481934964657
v -0.04794733226299286 0.008699099533259869 0.01745140366256237
f 2353 2354 2355
v -0.045597150921821594 0.008699099533259869 0.022899745032191277
v -0.04794733226299286 0.008699099533259869 0.01745140366256237
v -0.04626692831516266 0.0044342828914523125 0.023236123844981194
f 2356 2357 2358
v -0.04626692831516266 0.0044342828914523125 0.023236123844981194
v -0.04794733226299286 0.008699099533259869 0.01745140366256237
v -0.04865163564682007 0.0044342828914523125 0.01770774833858013
f 2359 2360 2361
v -0.04626692831516266 0.0044342828914523125 0.023236123844981194
v -0.04865163564682007 0.0044342828914523125 0.01770774833858013
v -0.04649883508682251 8.305430674226955e-05 0.023352598771452904
f 2362 2363 2364
v -0.04649883508682251 8.305430674226955e-05 0.023352598771452904
v -0.04865163564682007 0.0044342828914523125 0.01770774833858013
v -0.04889550805091858 8.305430674226955e-05 0.017796507105231285
f 2365 2366 2367
v -0.04649883508682251 8.305430674226955e-05 0.023352598771452904
v -0.04889550805091858 8.305430674226955e-05 0.017796507105231285
v -0.04628172516822815 -0.0042910026386380196 0.023243559524416924
f 2368 2369 2370
v -0.04628172516822815 -0.0042910026386380196 0.023243559524416924
v -0.04889550805091858 8.305430674226955e-05 0.017796507105231285
v -0.048667192459106445 -0.0042910026386380196 0.017713410779833794
f 2371 2372 2373
v -0.04628172516822815 -0.0042910026386380196 0.023243559524416924
v -0.048667192459106445 -0.0042910026386380196 0.017713410779833794
v -0.04561161994934082 -0.00862990040332079 0.022907016798853874
f 2374 2375 2376
v -0.04561161994934082 -0.00862990040332079 0.022907016798853874
v -0.048667192459106445 -0.0042910026386380196 0.017713410779833794
v -0.04796256124973297 -0.00862990040332079 0.01745694689452648
f 2377 2378 2379
v -0.04561161994934082 -0.00862990040332079 0.022907016798853874
v -0.04796256124973297 -0.00862990040332079 0.01745694689452648
v -0.04449065029621124 -0.012874198146164417 0.022344043478369713
f 2380 2381 2382
v -0.04449065029621124 -0.012874198146164417 0.022344043478369713
v -0.04796256124973297 -0.00862990040332079 0.01745694689452648
v -0.04678380489349365 -0.012874198146164417 0.01702791266143322
f 2383 2384 2385
v -0.04449065029621124 -0.012874198146164417 0.022344043478369713
v -0.04678380489349365 -0.012874198146164417 0.01702791266143322
v -0.044950202107429504 -0.016888892278075218 0.01704735867679119
f 2386 2387 2388
v -0.04772372543811798 -0.016888892278075218 0.005794709548354149
v -0.046778395771980286 -0.016888892278075218 0.011086685582995415
v -0.04844428598880768 -0.012874198146164417 0.011481506749987602
f 2389 2390 2391
v -0.04844428598880768 -0.012874198146164417 0.011481506749987602
v -0.046778395771980286 -0.016888892278075218 0.011086685582995415
v -0.04667729139328003 -0.016888892278075218 0.011504916474223137
f 2392 2393 2394
v -0.04844428598880768 -0.012874198146164417 0.011481506749987602
v -0.04667729139328003 -0.016888892278075218 0.011504916474223137
v -0.04678380489349365 -0.012874198146164417 0.01702791266143322
f 2395 2396 2397
v -0.04678380489349365 -0.012874198146164417 0.01702791266143322
v -0.04667729139328003 -0.016888892278075218 0.011504916474223137
v -0.045175015926361084 -0.016888892278075218 0.016442356631159782
f 2398 2399 2400
v -0.04678380489349365 -0.012874198146164417 0.01702791266143322
v -0.045175015926361084 -0.016888892278075218 0.016442356631159782
v -0.044950202107429504 -0.016888892278075218 0.01704735867679119
f 2401 2402 2403
v -0.04774917662143707 0.016888881102204323 0.005581079050898552
v -0.049806490540504456 0.012817989103496075 -1.8530144085815436e-09
v -0.049469709396362305 0.012817989103496075 0.005782177671790123
f 2404 2405 2406
v -0.049469709396362305 0.012817989103496075 0.005782177671790123
v -0.049806490540504456 0.012817989103496075 -1.8530144085815436e-09
v -0.051024481654167175 0.008699099533259869 -1.8530144085815436e-09
f 2407 2408 2409
v -0.049469709396362305 0.012817989103496075 0.005782177671790123
v -0.051024481654167175 0.008699099533259869 -1.8530144085815436e-09
v -0.05067947506904602 0.008699099533259869 0.00592358224093914
f 2410 2411 2412
v -0.05067947506904602 0.008699099533259869 0.00592358224093914
v -0.051024481654167175 0.008699099533259869 -1.8530144085815436e-09
v -0.05177399516105652 0.0044342828914523125 -1.8530144085815436e-09
f 2413 2414 2415
v -0.05067947506904602 0.008699099533259869 0.00592358224093914
v -0.05177399516105652 0.0044342828914523125 -1.8530144085815436e-09
v -0.05142390727996826 0.0044342828914523125 0.006010590121150017
f 2416 2417 2418
v -0.05142390727996826 0.0044342828914523125 0.006010590121150017
v -0.05177399516105652 0.0044342828914523125 -1.8530144085815436e-09
v -0.05203351378440857 8.305430674226955e-05 -1.8530144085815436e-09
f 2419 2420 2421
v -0.05142390727996826 0.0044342828914523125 0.006010590121150017
v -0.05203351378440857 8.305430674226955e-05 -1.8530144085815436e-09
v -0.05168168246746063 8.305430674226955e-05 0.006040720269083977
f 2422 2423 2424
v -0.05168168246746063 8.305430674226955e-05 0.006040720269083977
v -0.05203351378440857 8.305430674226955e-05 -1.8530144085815436e-09
v -0.05179055035114288 -0.0042910026386380196 -1.8530144085815436e-09
f 2425 2426 2427
v -0.05168168246746063 8.305430674226955e-05 0.006040720269083977
v -0.05179055035114288 -0.0042910026386380196 -1.8530144085815436e-09
v -0.05144035816192627 -0.0042910026386380196 0.006012512370944023
f 2428 2429 2430
v -0.05144035816192627 -0.0042910026386380196 0.006012512370944023
v -0.05179055035114288 -0.0042910026386380196 -1.8530144085815436e-09
v -0.05104069411754608 -0.00862990040332079 -1.8530144085815436e-09
f 2431 2432 2433
v -0.05144035816192627 -0.0042910026386380196 0.006012512370944023
v -0.05104069411754608 -0.00862990040332079 -1.8530144085815436e-09
v -0.050695568323135376 -0.00862990040332079 0.005925459787249565
f 2434 2435 2436
v -0.050695568323135376 -0.00862990040332079 0.005925459787249565
v -0.05104069411754608 -0.00862990040332079 -1.8530144085815436e-09
v -0.0497862845659256 -0.012874198146164417 -1.8530144085815436e-09
f 2437 2438 2439
v -0.050695568323135376 -0.00862990040332079 0.005925459787249565
v -0.0497862845659256 -0.012874198146164417 -1.8530144085815436e-09
v -0.049449652433395386 -0.012874198146164417 0.005779838189482689
f 2440 2441 2442
v -0.049449652433395386 -0.012874198146164417 0.005779838189482689
v -0.0497862845659256 -0.012874198146164417 -1.8530144085815436e-09
v -0.04807424545288086 -0.016888892278075218 -1.8530144085815436e-09
f 2443 2444 2445
v -0.049449652433395386 -0.012874198146164417 0.005779838189482689
v -0.04807424545288086 -0.016888892278075218 -1.8530144085815436e-09
v -0.04772372543811798 -0.016888892278075218 0.005794709548354149
f 2446 2447 2448
v -0.04648128151893616 0.017925703898072243 0.005643850192427635
v -0.04682266712188721 0.017925703898072243 -1.8530144085815436e-09
v -0.04745513200759888 0.017620259895920753 -1.8530144085815436e-09
f 2449 2450 2451
v -0.046282634139060974 0.018000001087784767 -1.8530144085815436e-09
v -0.04682266712188721 0.017925703898072243 -1.8530144085815436e-09
v -0.0459451824426651 0.018000001087784767 0.005578754469752312
f 2452 2453 2454
v -0.0459451824426651 0.018000001087784767 0.005578754469752312
v -0.04682266712188721 0.017925703898072243 -1.8530144085815436e-09
v -0.04648128151893616 0.017925703898072243 0.005643850192427635
f 2455 2456 2457
v -0.0459451824426651 0.018000001087784767 0.005578754469752312
v -0.04648128151893616 0.017925703898072243 0.005643850192427635
v -0.04493774473667145 0.018000001087784767 0.011076157912611961
f 2458 2459 2460
v -0.04493774473667145 0.018000001087784767 0.011076157912611961
v -0.04648128151893616 0.017925703898072243 0.005643850192427635
v -0.04546208679676056 0.017925703898072243 0.011205395683646202
f 2461 2462 2463
v -0.04493774473667145 0.018000001087784767 0.011076157912611961
v -0.04546208679676056 0.017925703898072243 0.011205395683646202
v -0.04327501356601715 0.018000001087784767 0.016412047669291496
f 2464 2465 2466
v -0.04327501356601715 0.018000001087784767 0.016412047669291496
v -0.04546208679676056 0.017925703898072243 0.011205395683646202
v -0.04377995431423187 0.017925703898072243 0.01660354994237423
f 2467 2468 2469
v -0.04327501356601715 0.018000001087784767 0.016412047669291496
v -0.04377995431423187 0.017925703898072243 0.01660354994237423
v -0.0409812331199646 0.018000001087784767 0.021508609876036644
f 2470 2471 2472
v -0.0409812331199646 0.018000001087784767 0.021508609876036644
v -0.04377995431423187 0.017925703898072243 0.01660354994237423
v -0.04145941138267517 0.017925703898072243 0.021759582683444023
f 2473 2474 2475
v -0.0409812331199646 0.018000001087784767 0.021508609876036644
v -0.04145941138267517 0.017925703898072243 0.021759582683444023
v -0.03808985650539398 0.018000001087784767 0.026291532441973686
f 2476 2477 2478
v -0.03808985650539398 0.018000001087784767 0.026291532441973686
v -0.04145941138267517 0.017925703898072243 0.021759582683444023
v -0.03853429853916168 0.017925703898072243 0.026598310098052025
f 2479 2480 2481
v -0.03808985650539398 0.018000001087784767 0.026291532441973686
v -0.03853429853916168 0.017925703898072243 0.026598310098052025
v -0.03464303910732269 0.018000001087784767 0.030691063031554222
f 2482 2483 2484
v -0.03464303910732269 0.018000001087784767 0.030691063031554222
v -0.03853429853916168 0.017925703898072243 0.026598310098052025
v -0.03504727780818939 0.017925703898072243 0.031049175187945366
f 2485 2486 2487
v -0.03464303910732269 0.018000001087784767 0.030691063031554222
v -0.03504727780818939 0.017925703898072243 0.031049175187945366
v -0.030691059306263924 0.018000001087784767 0.03464304655790329
f 2488 2489 2490
v -0.030691059306263924 0.018000001087784767 0.03464304655790329
v -0.03504727780818939 0.017925703898072243 0.031049175187945366
v -0.031049178913235664 0.017925703898072243 0.035047270357608795
f 2491 2492 2493
v -0.030691059306263924 0.018000001087784767 0.03464304655790329
v -0.031049178913235664 0.017925703898072243 0.035047270357608795
v -0.026291536167263985 0.018000001087784767 0.03808985650539398
f 2494 2495 2496
v -0.026291536167263985 0.018000001087784767 0.03808985650539398
v -0.031049178913235664 0.017925703898072243 0.035047270357608795
v -0.026598306372761726 0.017925703898072243 0.03853430598974228
f 2497 2498 2499
v -0.026291536167263985 0.018000001087784767 0.03808985650539398
v -0.026598306372761726 0.017925703898072243 0.03853430598974228
v -0.021508606150746346 0.018000001087784767 0.0409812331199646
f 2500 2501 2502
v -0.021508606150746346 0.018000001087784767 0.0409812331199646
v -0.026598306372761726 0.017925703898072243 0.03853430598974228
v -0.02175958640873432 0.017925703898072243 0.04145941883325577
f 2503 2504 2505
v -0.021508606150746346 0.018000001087784767 0.0409812331199646
v -0.02175958640873432 0.017925703898072243 0.04145941883325577
v -0.016412051394581795 0.018000001087784767 0.04327501356601715
f 2506 2507 2508
v -0.016412051394581795 0.018000001087784767 0.04327501356601715
v -0.02175958640873432 0.017925703898072243 0.04145941883325577
v -0.01660354621708393 0.017925703898072243 0.04377996176481247
f 2509 2510 2511
v -0.016412051394581795 0.018000001087784767 0.04327501356601715
v -0.01660354621708393 0.017925703898072243 0.04377996176481247
v -0.011076153255999088 0.018000001087784767 0.04493774473667145
f 2512 2513 2514
v -0.011076153255999088 0.018000001087784767 0.04493774473667145
v -0.01660354621708393 0.017925703898072243 0.04377996176481247
v -0.011205391027033329 0.017925703898072243 0.04546209052205086
f 2515 2516 2517
v -0.011076153255999088 0.018000001087784767 0.04493774473667145
v -0.011205391027033329 0.017925703898072243 0.04546209052205086
v -0.0055787572637200356 0.018000001087784767 0.0459451787173748
f 2518 2519 2520
v -0.0055787572637200356 0.018000001087784767 0.0459451787173748
v -0.011205391027033329 0.017925703898072243 0.04546209052205086
v -0.005643845535814762 0.017925703898072243 0.04648128151893616
f 2521 2522 2523
v -0.0055787572637200356 0.018000001087784767 0.0459451787173748
v -0.005643845535814762 0.017925703898072243 0.04648128151893616
v -1.072882005459519e-09 0.018000001087784767 0.046282630413770676
f 2524 2525 2526
v -1.072882005459519e-09 0.018000001087784767 0.046282630413770676
v -0.005643845535814762 0.017925703898072243 0.04648128151893616
v -1.072882005459519e-09 0.017925703898072243 0.046822670847177505
f 2527 2528 2529
v -1.072882005459519e-09 0.018000001087784767 0.046282630413770676
v -1.072882005459519e-09 0.017925703898072243 0.046822670847177505
v 0.005578755401074886 0.018000001087784767 0.0459451787173748
f 2530 2531 2532
v 0.005578755401074886 0.018000001087784767 0.0459451787173748
v -1.072882005459519e-09 0.017925703898072243 0.046822670847177505
v 0.005643843673169613 0.017925703898072243 0.04648128151893616
f 2533 2534 2535
v 0.005578755401074886 0.018000001087784767 0.0459451787173748
v 0.005643843673169613 0.017925703898072243 0.04648128151893616
v 0.011076151393353939 0.018000001087784767 0.04493774473667145
f 2536 2537 2538
v 0.011076151393353939 0.018000001087784767 0.04493774473667145
v 0.005643843673169613 0.017925703898072243 0.04648128151893616
v 0.011205404065549374 0.017925703898072243 0.04546209052205086
f 2539 2540 2541
v 0.011076151393353939 0.018000001087784767 0.04493774473667145
v 0.011205404065549374 0.017925703898072243 0.04546209052205086
v 0.016412047669291496 0.018000001087784767 0.04327501356601715
f 2542 2543 2544
v 0.016412047669291496 0.018000001087784767 0.04327501356601715
v 0.011205404065549374 0.017925703898072243 0.04546209052205086
v 0.016603542491793633 0.017925703898072243 0.04377996176481247
f 2545 2546 2547
v 0.016412047669291496 0.018000001087784767 0.04327501356601715
v 0.016603542491793633 0.017925703898072243 0.04377996176481247
v 0.021508602425456047 0.018000001087784767 0.0409812331199646
f 2548 2549 2550
v 0.021508602425456047 0.018000001087784767 0.0409812331199646
v 0.016603542491793633 0.017925703898072243 0.04377996176481247
v 0.021759582683444023 0.017925703898072243 0.04145941883325577
f 2551 2552 2553
v 0.021508602425456047 0.018000001087784767 0.0409812331199646
v 0.021759582683444023 0.017925703898072243 0.04145941883325577
v 0.026291532441973686 0.018000001087784767 0.03808985650539398
f 2554 2555 2556
v 0.026291532441973686 0.018000001087784767 0.03808985650539398
v 0.021759582683444023 0.017925703898072243 0.04145941883325577
v 0.026598302647471428 0.017925703898072243 0.03853430598974228
f 2557 2558 2559
v 0.026291532441973686 0.018000001087784767 0.03808985650539398
v 0.026598302647471428 0.017925703898072243 0.03853430598974228
v 0.030691055580973625 0.018000001087784767 0.03464304655790329
f 2560 2561 2562
v 0.030691055580973625 0.018000001087784767 0.03464304655790329
v 0.026598302647471428 0.017925703898072243 0.03853430598974228
v 0.031049175187945366 0.017925703898072243 0.035047270357608795
f 2563 2564 2565
v 0.030691055580973625 0.018000001087784767 0.03464304655790329
v 0.031049175187945366 0.017925703898072243 0.035047270357608795
v 0.03464305400848389 0.018000001087784767 0.030691063031554222
f 2566 2567 2568
v 0.03464305400848389 0.018000001087784767 0.030691063031554222
v 0.031049175187945366 0.017925703898072243 0.035047270357608795
v 0.03504727780818939 0.017925703898072243 0.031049175187945366
f 2569 2570 2571
v 0.03464305400848389 0.018000001087784767 0.030691063031554222
v 0.03504727780818939 0.017925703898072243 0.031049175187945366
v 0.03808985650539398 0.018000001087784767 0.026291532441973686
f 2572 2573 2574
v 0.03808985650539398 0.018000001087784767 0.026291532441973686
v 0.03504727780818939 0.017925703898072243 0.031049175187945366
v 0.03853429853916168 0.017925703898072243 0.026598310098052025
f 2575 2576 2577
v 0.03808985650539398 0.018000001087784767 0.026291532441973686
v 0.03853429853916168 0.017925703898072243 0.026598310098052025
v 0.0409812331199646 0.018000001087784767 0.021508609876036644
f 2578 2579 2580
v 0.0409812331199646 0.018000001087784767 0.021508609876036644
v 0.03853429853916168 0.017925703898072243 0.026598310098052025
v 0.04145941138267517 0.017925703898072243 0.021759582683444023
f 2581 2582 2583
v 0.0409812331199646 0.018000001087784767 0.021508609876036644
v 0.04145941138267517 0.017925703898072243 0.021759582683444023
v 0.04327501356601715 0.018000001087784767 0.016412047669291496
f 2584 2585 2586
v 0.04327501356601715 0.018000001087784767 0.016412047669291496
v 0.04145941138267517 0.017925703898072243 0.021759582683444023
v 0.04377995431423187 0.017925703898072243 0.01660354994237423
f 2587 2588 2589
v 0.04327501356601715 0.018000001087784767 0.016412047669291496
v 0.04377995431423187 0.017925703898072243 0.01660354994237423
v 0.04493774473667145 0.018000001087784767 0.011076157912611961
f 2590 2591 2592
v 0.04493774473667145 0.018000001087784767 0.011076157912611961
v 0.04377995431423187 0.017925703898072243 0.01660354994237423
v 0.04546208679676056 0.017925703898072243 0.011205395683646202
f 2593 2594 2595
v 0.04493774473667145 0.018000001087784767 0.011076157912611961
v 0.04546208679676056 0.017925703898072243 0.011205395683646202
v 0.0459451824426651 0.018000001087784767 0.005578754469752312
f 2596 2597 2598
v 0.0459451824426651 0.018000001087784767 0.005578754469752312
v 0.04546208679676056 0.017925703898072243 0.011205395683646202
v 0.04648128151893616 0.017925703898072243 0.005643850192427635
f 2599 2600 2601
v 0.0459451824426651 0.018000001087784767 0.005578754469752312
v 0.04648128151893616 0.017925703898072243 0.005643850192427635
v 0.046282634139060974 0.018000001087784767 -1.8530144085815436e-09
f 2602 2603 2604
v 0.04710914194583893 0.017620259895920753 0.00572008453309536
v 0.04745513200759888 0.017620259895920753 -1.8530144085815436e-09
v 0.04682266712188721 0.017925703898072243 -1.8530144085815436e-09
f 2605 2606 2607
v 0.04807424545288086 0.016888881102204323 -1.8530144085815436e-09
v 0.04745513200759888 0.017620259895920753 -1.8530144085815436e-09
v 0.04774917662143707 0.016888881102204323 0.005581079050898552
f 2608 2609 2610
v 0.04774917662143707 0.016888881102204323 0.005581079050898552
v 0.04745513200759888 0.017620259895920753 -1.8530144085815436e-09
v 0.04710914194583893 0.017620259895920753 0.00572008453309536
f 2611 2612 2613
v 0.04774917662143707 0.016888881102204323 0.005581079050898552
v 0.04710914194583893 0.017620259895920753 0.00572008453309536
v 0.04772372543811798 0.016888881102204323 0.005794709548354149
f 2614 2615 2616
v 0.04772372543811798 0.016888881102204323 0.005794709548354149
v 0.04710914194583893 0.017620259895920753 0.00572008453309536
v 0.046778395771980286 0.016888881102204323 0.011086685582995415
f 2617 2618 2619
v 0.046778395771980286 0.016888881102204323 0.011086685582995415
v 0.04710914194583893 0.017620259895920753 0.00572008453309536
v 0.046076178550720215 0.017620259895920753 0.01135675422847271
f 2620 2621 2622
v 0.046778395771980286 0.016888881102204323 0.011086685582995415
v 0.046076178550720215 0.017620259895920753 0.01135675422847271
v 0.04667729139328003 0.016888881102204323 0.011504916474223137
f 2623 2624 2625
v 0.04667729139328003 0.016888881102204323 0.011504916474223137
v 0.046076178550720215 0.017620259895920753 0.01135675422847271
v 0.045175015926361084 0.016888881102204323 0.016442356631159782
f 2626 2627 2628
v 0.045175015926361084 0.016888881102204323 0.016442356631159782
v 0.046076178550720215 0.017620259895920753 0.01135675422847271
v 0.04437132179737091 0.017620259895920753 0.016827819868922234
f 2629 2630 2631
v 0.045175015926361084 0.016888881102204323 0.016442356631159782
v 0.04437132179737091 0.017620259895920753 0.016827819868922234
v 0.044950202107429504 0.016888881102204323 0.01704735867679119
f 2632 2633 2634
v 0.044950202107429504 0.016888881102204323 0.01704735867679119
v 0.04437132179737091 0.017620259895920753 0.016827819868922234
v 0.042960718274116516 0.016888881102204323 0.021575680002570152
f 2635 2636 2637
v 0.042960718274116516 0.016888881102204323 0.021575680002570152
v 0.04437132179737091 0.017620259895920753 0.016827819868922234
v 0.04201944172382355 0.017620259895920753 0.02205350063741207
f 2638 2639 2640
v 0.042960718274116516 0.016888881102204323 0.021575680002570152
v 0.04201944172382355 0.017620259895920753 0.02205350063741207
v 0.042567625641822815 0.016888881102204323 0.022341212257742882
f 2641 2642 2643
v 0.042567625641822815 0.016888881102204323 0.022341212257742882
v 0.04201944172382355 0.017620259895920753 0.02205350063741207
v 0.04016543924808502 0.016888881102204323 0.026417231187224388
f 2644 2645 2646
v 0.04016543924808502 0.016888881102204323 0.026417231187224388
v 0.04201944172382355 0.017620259895920753 0.02205350063741207
v 0.039054811000823975 0.017620259895920753 0.026957591995596886
f 2647 2648 2649
v 0.04016543924808502 0.016888881102204323 0.026417231187224388
v 0.039054811000823975 0.017620259895920753 0.026957591995596886
v 0.03956432640552521 0.016888881102204323 0.02730928175151348
f 2650 2651 2652
v 0.03956432640552521 0.016888881102204323 0.02730928175151348
v 0.039054811000823975 0.017620259895920753 0.026957591995596886
v 0.03682701289653778 0.016888881102204323 0.030901527032256126
f 2653 2654 2655
v 0.03682701289653778 0.016888881102204323 0.030901527032256126
v 0.039054811000823975 0.017620259895920753 0.026957591995596886
v 0.03552068769931793 0.017620259895920753 0.031468577682971954
f 2656 2657 2658
v 0.03682701289653778 0.016888881102204323 0.030901527032256126
v 0.03552068769931793 0.017620259895920753 0.031468577682971954
v 0.03598408401012421 0.016888881102204323 0.03187911957502365
f 2659 2660 2661
v 0.03598408401012421 0.016888881102204323 0.03187911957502365
v 0.03552068769931793 0.017620259895920753 0.031468577682971954
v 0.03299054503440857 0.016888881102204323 0.03496793657541275
f 2662 2663 2664
v 0.03299054503440857 0.016888881102204323 0.03496793657541275
v 0.03552068769931793 0.017620259895920753 0.031468577682971954
v 0.03146857023239136 0.017620259895920753 0.035520680248737335
f 2665 2666 2667
v 0.03299054503440857 0.016888881102204323 0.03496793657541275
v 0.03146857023239136 0.017620259895920753 0.035520680248737335
v 0.03187912702560425 0.016888881102204323 0.0359840914607048
f 2668 2669 2670
v 0.03187912702560425 0.016888881102204323 0.0359840914607048
v 0.03146857023239136 0.017620259895920753 0.035520680248737335
v 0.028707949444651604 0.016888881102204323 0.038561463356018066
f 2671 2672 2673
v 0.028707949444651604 0.016888881102204323 0.038561463356018066
v 0.03146857023239136 0.017620259895920753 0.035520680248737335
v 0.02695758454501629 0.017620259895920753 0.039054811000823975
f 2674 2675 2676
v 0.028707949444651604 0.016888881102204323 0.038561463356018066
v 0.02695758454501629 0.017620259895920753 0.039054811000823975
v 0.02730928175151348 0.016888881102204323 0.03956432640552521
f 2677 2678 2679
v 0.02730928175151348 0.016888881102204323 0.03956432640552521
v 0.02695758454501629 0.017620259895920753 0.039054811000823975
v 0.02403712086379528 0.016888881102204323 0.04163351655006409
f 2680 2681 2682
v 0.02403712086379528 0.016888881102204323 0.04163351655006409
v 0.02695758454501629 0.017620259895920753 0.039054811000823975
v 0.022053508087992668 0.017620259895920753 0.04201944172382355
f 2683 2684 2685
v 0.02403712086379528 0.016888881102204323 0.04163351655006409
v 0.022053508087992668 0.017620259895920753 0.04201944172382355
v 0.02234121970832348 0.016888881102204323 0.04256763309240341
f 2686 2687 2688
v 0.02234121970832348 0.016888881102204323 0.04256763309240341
v 0.022053508087992668 0.017620259895920753 0.04201944172382355
v 0.019041238352656364 0.016888881102204323 0.04414254426956177
f 2689 2690 2691
v 0.019041238352656364 0.016888881102204323 0.04414254426956177
v 0.022053508087992668 0.017620259895920753 0.04201944172382355
v 0.016827819868922234 0.017620259895920753 0.04437132179737091
f 2692 2693 2694
v 0.019041238352656364 0.016888881102204323 0.04414254426956177
v 0.016827819868922234 0.017620259895920753 0.04437132179737091
v 0.01704735867679119 0.016888881102204323 0.044950202107429504
f 2695 2696 2697
v 0.01704735867679119 0.016888881102204323 0.044950202107429504
v 0.016827819868922234 0.017620259895920753 0.04437132179737091
v 0.013787849806249142 0.016888881102204323 0.046054624021053314
f 2698 2699 2700
v 0.013787849806249142 0.016888881102204323 0.046054624021053314
v 0.016827819868922234 0.017620259895920753 0.04437132179737091
v 0.011356755159795284 0.017620259895920753 0.046076178550720215
f 2701 2702 2703
v 0.013787849806249142 0.016888881102204323 0.046054624021053314
v 0.011356755159795284 0.017620259895920753 0.046076178550720215
v 0.011504917405545712 0.016888881102204323 0.04667729511857033
f 2704 2705 2706
v 0.011504917405545712 0.016888881102204323 0.04667729511857033
v 0.011356755159795284 0.017620259895920753 0.046076178550720215
v 0.008348002098500729 0.016888881102204323 0.04734388738870621
f 2707 2708 2709
v 0.008348002098500729 0.016888881102204323 0.04734388738870621
v 0.011356755159795284 0.017620259895920753 0.046076178550720215
v 0.0057200780138373375 0.017620259895920753 0.04710913822054863
f 2710 2711 2712
v 0.008348002098500729 0.016888881102204323 0.04734388738870621
v 0.0057200780138373375 0.017620259895920753 0.04710913822054863
v 0.0057947030290961266 0.016888881102204323 0.04772372916340828
f 2713 2714 2715
v 0.0057947030290961266 0.016888881102204323 0.04772372916340828
v 0.0057200780138373375 0.017620259895920753 0.04710913822054863
v 0.002795262960717082 0.016888881102204323 0.04799291118979454
f 2716 2717 2718
v 0.002795262960717082 0.016888881102204323 0.04799291118979454
v 0.0057200780138373375 0.017620259895920753 0.04710913822054863
v -1.072882005459519e-09 0.017620259895920753 0.047455139458179474
f 2719 2720 2721
v 0.002795262960717082 0.016888881102204323 0.04799291118979454
v -1.072882005459519e-09 0.017620259895920753 0.047455139458179474
v -1.072882005459519e-09 0.016888881102204323 0.04807424545288086
f 2722 2723 2724
v -0.005720079876482487 0.017620259895920753 0.04710913822054863
v -0.011356757022440434 0.017620259895920753 0.046076178550720215
v -0.01150491926819086 0.016888881102204323 0.04667729511857033
f 2725 2726 2727
v -0.01150491926819086 0.016888881102204323 0.04667729511857033
v -0.008348003961145878 0.016888881102204323 0.04734388738870621
v -0.005720079876482487 0.017620259895920753 0.04710913822054863
f 2728 2729 2730
v -0.005720079876482487 0.017620259895920753 0.04710913822054863
v -0.008348003961145878 0.016888881102204323 0.04734388738870621
v -0.005794704891741276 0.016888881102204323 0.04772372916340828
f 2731 2732 2733
v -0.005720079876482487 0.017620259895920753 0.04710913822054863
v -0.005794704891741276 0.016888881102204323 0.04772372916340828
v -1.072882005459519e-09 0.017620259895920753 0.047455139458179474
f 2734 2735 2736
v -1.072882005459519e-09 0.017620259895920753 0.047455139458179474
v -0.005794704891741276 0.016888881102204323 0.04772372916340828
v -0.0027952652890235186 0.016888881102204323 0.04799291118979454
f 2737 2738 2739
v -1.072882005459519e-09 0.017620259895920753 0.047455139458179474
v -0.0027952652890235186 0.016888881102204323 0.04799291118979454
v -1.072882005459519e-09 0.016888881102204323 0.04807424545288086
f 2740 2741 2742
v -0.016827823594212532 0.017620259895920753 0.04437132179737091
v -0.022053496912121773 0.017620259895920753 0.04201944172382355
v -0.022341208532452583 0.016888881102204323 0.04256763309240341
f 2743 2744 2745
v -0.022341208532452583 0.016888881102204323 0.04256763309240341
v -0.019041242077946663 0.016888881102204323 0.04414254426956177
v -0.016827823594212532 0.017620259895920753 0.04437132179737091
f 2746 2747 2748
v -0.016827823594212532 0.017620259895920753 0.04437132179737091
v -0.019041242077946663 0.016888881102204323 0.04414254426956177
v -0.01704736240208149 0.016888881102204323 0.044950202107429504
f 2749 2750 2751
v -0.016827823594212532 0.017620259895920753 0.04437132179737091
v -0.01704736240208149 0.016888881102204323 0.044950202107429504
v -0.011356757022440434 0.017620259895920753 0.046076178550720215
f 2752 2753 2754
v -0.011356757022440434 0.017620259895920753 0.046076178550720215
v -0.01704736240208149 0.016888881102204323 0.044950202107429504
v -0.013787851668894291 0.016888881102204323 0.046054624021053314
f 2755 2756 2757
v -0.011356757022440434 0.017620259895920753 0.046076178550720215
v -0.013787851668894291 0.016888881102204323 0.046054624021053314
v -0.01150491926819086 0.016888881102204323 0.04667729511857033
f 2758 2759 2760
v -0.026957588270306587 0.017620259895920753 0.039054811000823975
v -0.03146857023239136 0.017620259895920753 0.035520680248737335
v -0.031879112124443054 0.016888881102204323 0.0359840914607048
f 2761 2762 2763
v -0.031879112124443054 0.016888881102204323 0.0359840914607048
v -0.028707953169941902 0.016888881102204323 0.038561463356018066
v -0.026957588270306587 0.017620259895920753 0.039054811000823975
f 2764 2765 2766
v -0.026957588270306587 0.017620259895920753 0.039054811000823975
v -0.028707953169941902 0.016888881102204323 0.038561463356018066
v -0.02730928547680378 0.016888881102204323 0.03956432640552521
f 2767 2768 2769
v -0.026957588270306587 0.017620259895920753 0.039054811000823975
v -0.02730928547680378 0.016888881102204323 0.03956432640552521
v -0.022053496912121773 0.017620259895920753 0.04201944172382355
f 2770 2771 2772
v -0.022053496912121773 0.017620259895920753 0.04201944172382355
v -0.02730928547680378 0.016888881102204323 0.03956432640552521
v -0.02403712458908558 0.016888881102204323 0.04163351655006409
f 2773 2774 2775
v -0.022053496912121773 0.017620259895920753 0.04201944172382355
v -0.02403712458908558 0.016888881102204323 0.04163351655006409
v -0.022341208532452583 0.016888881102204323 0.04256763309240341
f 2776 2777 2778
v -0.03552067279815674 0.017620259895920753 0.031468577682971954
v -0.039054811000823975 0.017620259895920753 0.026957591995596886
v -0.03956432640552521 0.016888881102204323 0.02730928175151348
f 2779 2780 2781
v -0.03956432640552521 0.016888881102204323 0.02730928175151348
v -0.03682701289653778 0.016888881102204323 0.030901527032256126
v -0.03552067279815674 0.017620259895920753 0.031468577682971954
f 2782 2783 2784
v -0.03552067279815674 0.017620259895920753 0.031468577682971954
v -0.03682701289653778 0.016888881102204323 0.030901527032256126
v -0.03598408401012421 0.016888881102204323 0.03187911957502365
f 2785 2786 2787
v -0.03552067279815674 0.017620259895920753 0.031468577682971954
v -0.03598408401012421 0.016888881102204323 0.03187911957502365
v -0.03146857023239136 0.017620259895920753 0.035520680248737335
f 2788 2789 2790
v -0.03146857023239136 0.017620259895920753 0.035520680248737335
v -0.03598408401012421 0.016888881102204323 0.03187911957502365
v -0.03299054503440857 0.016888881102204323 0.03496793657541275
f 2791 2792 2793
v -0.03146857023239136 0.017620259895920753 0.035520680248737335
v -0.03299054503440857 0.016888881102204323 0.03496793657541275
v -0.031879112124443054 0.016888881102204323 0.0359840914607048
f 2794 2795 2796
v -0.04201944172382355 0.017620259895920753 0.02205350063741207
v -0.04437132179737091 0.017620259895920753 0.016827819868922234
v -0.044950202107429504 0.016888881102204323 0.01704735867679119
f 2797 2798 2799
v -0.044950202107429504 0.016888881102204323 0.01704735867679119
v -0.042960718274116516 0.016888881102204323 0.021575680002570152
v -0.04201944172382355 0.017620259895920753 0.02205350063741207
f 2800 2801 2802
v -0.04201944172382355 0.017620259895920753 0.02205350063741207
v -0.042960718274116516 0.016888881102204323 0.021575680002570152
v -0.042567625641822815 0.016888881102204323 0.022341212257742882
f 2803 2804 2805
v -0.04201944172382355 0.017620259895920753 0.02205350063741207
v -0.042567625641822815 0.016888881102204323 0.022341212257742882
v -0.039054811000823975 0.017620259895920753 0.026957591995596886
f 2806 2807 2808
v -0.039054811000823975 0.017620259895920753 0.026957591995596886
v -0.042567625641822815 0.016888881102204323 0.022341212257742882
v -0.04016543924808502 0.016888881102204323 0.026417231187224388
f 2809 2810 2811
v -0.039054811000823975 0.017620259895920753 0.026957591995596886
v -0.04016543924808502 0.016888881102204323 0.026417231187224388
v -0.03956432640552521 0.016888881102204323 0.02730928175151348
f 2812 2813 2814
v -0.04774917662143707 0.016888881102204323 0.005581079050898552
v -0.04772372543811798 0.016888881102204323 0.005794709548354149
v -0.047109127044677734 0.017620259895920753 0.00572008453309536
f 2815 2816 2817
v -0.047109127044677734 0.017620259895920753 0.00572008453309536
v -0.04772372543811798 0.016888881102204323 0.005794709548354149
v -0.046778395771980286 0.016888881102204323 0.011086685582995415
f 2818 2819 2820
v -0.047109127044677734 0.017620259895920753 0.00572008453309536
v -0.046778395771980286 0.016888881102204323 0.011086685582995415
v -0.046076178550720215 0.017620259895920753 0.01135675422847271
f 2821 2822 2823
v -0.046076178550720215 0.017620259895920753 0.01135675422847271
v -0.046778395771980286 0.016888881102204323 0.011086685582995415
v -0.04667729139328003 0.016888881102204323 0.011504916474223137
f 2824 2825 2826
v -0.046076178550720215 0.017620259895920753 0.01135675422847271
v -0.04667729139328003 0.016888881102204323 0.011504916474223137
v -0.04437132179737091 0.017620259895920753 0.016827819868922234
f 2827 2828 2829
v -0.04437132179737091 0.017620259895920753 0.016827819868922234
v -0.04667729139328003 0.016888881102204323 0.011504916474223137
v -0.045175015926361084 0.016888881102204323 0.016442356631159782
f 2830 2831 2832
v -0.04437132179737091 0.017620259895920753 0.016827819868922234
v -0.045175015926361084 0.016888881102204323 0.016442356631159782
v -0.044950202107429504 0.016888881102204323 0.01704735867679119
f 2833 2834 2835
v -0.04807424545288086 0.016888881102204323 -1.8530144085815436e-09
v -0.04774917662143707 0.016888881102204323 0.005581079050898552
v -0.04745513200759888 0.017620259895920753 -1.8530144085815436e-09
f 2836 2837 2838
v -0.04745513200759888 0.017620259895920753 -1.8530144085815436e-09
v -0.04774917662143707 0.016888881102204323 0.005581079050898552
v -0.047109127044677734 0.017620259895920753 0.00572008453309536
f 2839 2840 2841
v -0.04745513200759888 0.017620259895920753 -1.8530144085815436e-09
v -0.047109127044677734 0.017620259895920753 0.00572008453309536
v -0.04648128151893616 0.017925703898072243 0.005643850192427635
f 2842 2843 2844
v -0.04648128151893616 0.017925703898072243 0.005643850192427635
v -0.047109127044677734 0.017620259895920753 0.00572008453309536
v -0.046076178550720215 0.017620259895920753 0.01135675422847271
f 2845 2846 2847
v -0.04648128151893616 0.017925703898072243 0.005643850192427635
v -0.046076178550720215 0.017620259895920753 0.01135675422847271
v -0.04546208679676056 0.017925703898072243 0.011205395683646202
f 2848 2849 2850
v -0.04546208679676056 0.017925703898072243 0.011205395683646202
v -0.046076178550720215 0.017620259895920753 0.01135675422847271
v -0.04437132179737091 0.017620259895920753 0.016827819868922234
f 2851 2852 2853
v -0.04546208679676056 0.017925703898072243 0.011205395683646202
v -0.04437132179737091 0.017620259895920753 0.016827819868922234
v -0.04377995431423187 0.017925703898072243 0.01660354994237423
f 2854 2855 2856
v -0.04377995431423187 0.017925703898072243 0.01660354994237423
v -0.04437132179737091 0.017620259895920753 0.016827819868922234
v -0.04201944172382355 0.017620259895920753 0.02205350063741207
f 2857 2858 2859
v -0.04377995431423187 0.017925703898072243 0.01660354994237423
v -0.04201944172382355 0.017620259895920753 0.02205350063741207
v -0.04145941138267517 0.017925703898072243 0.021759582683444023
f 2860 2861 2862
v -0.04145941138267517 0.017925703898072243 0.021759582683444023
v -0.04201944172382355 0.017620259895920753 0.02205350063741207
v -0.039054811000823975 0.017620259895920753 0.026957591995596886
f 2863 2864 2865
v -0.04145941138267517 0.017925703898072243 0.021759582683444023
v -0.039054811000823975 0.017620259895920753 0.026957591995596886
v -0.03853429853916168 0.017925703898072243 0.026598310098052025
f 2866 2867 2868
v -0.03853429853916168 0.017925703898072243 0.026598310098052025
v -0.039054811000823975 0.017620259895920753 0.026957591995596886
v -0.03552067279815674 0.017620259895920753 0.031468577682971954
f 2869 2870 2871
v -0.03853429853916168 0.017925703898072243 0.026598310098052025
v -0.03552067279815674 0.017620259895920753 0.031468577682971954
v -0.03504727780818939 0.017925703898072243 0.031049175187945366
f 2872 2873 2874
v -0.03504727780818939 0.017925703898072243 0.031049175187945366
v -0.03552067279815674 0.017620259895920753 0.031468577682971954
v -0.03146857023239136 0.017620259895920753 0.035520680248737335
f 2875 2876 2877
v -0.03504727780818939 0.017925703898072243 0.031049175187945366
v -0.03146857023239136 0.017620259895920753 0.035520680248737335
v -0.031049178913235664 0.017925703898072243 0.035047270357608795
f 2878 2879 2880
v -0.031049178913235664 0.017925703898072243 0.035047270357608795
v -0.03146857023239136 0.017620259895920753 0.035520680248737335
v -0.026957588270306587 0.017620259895920753 0.039054811000823975
f 2881 2882 2883
v -0.031049178913235664 0.017925703898072243 0.035047270357608795
v -0.026957588270306587 0.017620259895920753 0.039054811000823975
v -0.026598306372761726 0.017925703898072243 0.03853430598974228
f 2884 2885 2886
v -0.026598306372761726 0.017925703898072243 0.03853430598974228
v -0.026957588270306587 0.017620259895920753 0.039054811000823975
v -0.022053496912121773 0.017620259895920753 0.04201944172382355
f 2887 2888 2889
v -0.026598306372761726 0.017925703898072243 0.03853430598974228
v -0.022053496912121773 0.017620259895920753 0.04201944172382355
v -0.02175958640873432 0.017925703898072243 0.04145941883325577
f 2890 2891 2892
v -0.02175958640873432 0.017925703898072243 0.04145941883325577
v -0.022053496912121773 0.017620259895920753 0.04201944172382355
v -0.016827823594212532 0.017620259895920753 0.04437132179737091
f 2893 2894 2895
v -0.02175958640873432 0.017925703898072243 0.04145941883325577
v -0.016827823594212532 0.017620259895920753 0.04437132179737091
v -0.01660354621708393 0.017925703898072243 0.04377996176481247
f 2896 2897 2898
v -0.01660354621708393 0.017925703898072243 0.04377996176481247
v -0.016827823594212532 0.017620259895920753 0.04437132179737091
v -0.011356757022440434 0.017620259895920753 0.046076178550720215
f 2899 2900 2901
v -0.01660354621708393 0.017925703898072243 0.04377996176481247
v -0.011356757022440434 0.017620259895920753 0.046076178550720215
v -0.011205391027033329 0.017925703898072243 0.04546209052205086
f 2902 2903 2904
v -0.011205391027033329 0.017925703898072243 0.04546209052205086
v -0.011356757022440434 0.017620259895920753 0.046076178550720215
v -0.005720079876482487 0.017620259895920753 0.04710913822054863
f 2905 2906 2907
v -0.011205391027033329 0.017925703898072243 0.04546209052205086
v -0.005720079876482487 0.017620259895920753 0.04710913822054863
v -0.005643845535814762 0.017925703898072243 0.04648128151893616
f 2908 2909 2910
v -0.005643845535814762 0.017925703898072243 0.04648128151893616
v -0.005720079876482487 0.017620259895920753 0.04710913822054863
v -1.072882005459519e-09 0.017620259895920753 0.047455139458179474
f 2911 2912 2913
v -0.005643845535814762 0.017925703898072243 0.04648128151893616
v -1.072882005459519e-09 0.017620259895920753 0.047455139458179474
v -1.072882005459519e-09 0.017925703898072243 0.046822670847177505
f 2914 2915 2916
v -1.072882005459519e-09 0.017925703898072243 0.046822670847177505
v -1.072882005459519e-09 0.017620259895920753 0.047455139458179474
v 0.0057200780138373375 0.017620259895920753 0.04710913822054863
f 2917 2918 2919
v -1.072882005459519e-09 0.017925703898072243 0.046822670847177505
v 0.0057200780138373375 0.017620259895920753 0.04710913822054863
v 0.005643843673169613 0.017925703898072243 0.04648128151893616
f 2920 2921 2922
v 0.005643843673169613 0.017925703898072243 0.04648128151893616
v 0.0057200780138373375 0.017620259895920753 0.04710913822054863
v 0.011356755159795284 0.017620259895920753 0.046076178550720215
f 2923 2924 2925
v 0.005643843673169613 0.017925703898072243 0.04648128151893616
v 0.011356755159795284 0.017620259895920753 0.046076178550720215
v 0.011205404065549374 0.017925703898072243 0.04546209052205086
f 2926 2927 2928
v 0.011205404065549374 0.017925703898072243 0.04546209052205086
v 0.011356755159795284 0.017620259895920753 0.046076178550720215
v 0.016827819868922234 0.017620259895920753 0.04437132179737091
f 2929 2930 2931
v 0.011205404065549374 0.017925703898072243 0.04546209052205086
v 0.016827819868922234 0.017620259895920753 0.04437132179737091
v 0.016603542491793633 0.017925703898072243 0.04377996176481247
f 2932 2933 2934
v 0.016603542491793633 0.017925703898072243 0.04377996176481247
v 0.016827819868922234 0.017620259895920753 0.04437132179737091
v 0.022053508087992668 0.017620259895920753 0.04201944172382355
f 2935 2936 2937
v 0.016603542491793633 0.017925703898072243 0.04377996176481247
v 0.022053508087992668 0.017620259895920753 0.04201944172382355
v 0.021759582683444023 0.017925703898072243 0.04145941883325577
f 2938 2939 2940
v 0.021759582683444023 0.017925703898072243 0.04145941883325577
v 0.022053508087992668 0.017620259895920753 0.04201944172382355
v 0.02695758454501629 0.017620259895920753 0.039054811000823975
f 2941 2942 2943
v 0.021759582683444023 0.017925703898072243 0.04145941883325577
v 0.02695758454501629 0.017620259895920753 0.039054811000823975
v 0.026598302647471428 0.017925703898072243 0.03853430598974228
f 2944 2945 2946
v 0.026598302647471428 0.017925703898072243 0.03853430598974228
v 0.02695758454501629 0.017620259895920753 0.039054811000823975
v 0.03146857023239136 0.017620259895920753 0.035520680248737335
f 2947 2948 2949
v 0.026598302647471428 0.017925703898072243 0.03853430598974228
v 0.03146857023239136 0.017620259895920753 0.035520680248737335
v 0.031049175187945366 0.017925703898072243 0.035047270357608795
f 2950 2951 2952
v 0.031049175187945366 0.017925703898072243 0.035047270357608795
v 0.03146857023239136 0.017620259895920753 0.035520680248737335
v 0.03552068769931793 0.017620259895920753 0.031468577682971954
f 2953 2954 2955
v 0.031049175187945366 0.017925703898072243 0.035047270357608795
v 0.03552068769931793 0.017620259895920753 0.031468577682971954
v 0.03504727780818939 0.017925703898072243 0.031049175187945366
f 2956 2957 2958
v 0.03504727780818939 0.017925703898072243 0.031049175187945366
v 0.03552068769931793 0.017620259895920753 0.031468577682971954
v 0.039054811000823975 0.017620259895920753 0.026957591995596886
f 2959 2960 2961
v 0.03504727780818939 0.017925703898072243 0.031049175187945366
v 0.039054811000823975 0.017620259895920753 0.026957591995596886
v 0.03853429853916168 0.017925703898072243 0.026598310098052025
f 2962 2963 2964
v 0.03853429853916168 0.017925703898072243 0.026598310098052025
v 0.039054811000823975 0.017620259895920753 0.026957591995596886
v 0.04201944172382355 0.017620259895920753 0.02205350063741207
f 2965 2966 2967
v 0.03853429853916168 0.017925703898072243 0.026598310098052025
v 0.04201944172382355 0.017620259895920753 0.02205350063741207
v 0.04145941138267517 0.017925703898072243 0.021759582683444023
f 2968 2969 2970
v 0.04145941138267517 0.017925703898072243 0.021759582683444023
v 0.04201944172382355 0.017620259895920753 0.02205350063741207
v 0.04437132179737091 0.017620259895920753 0.016827819868922234
f 2971 2972 2973
v 0.04145941138267517 0.017925703898072243 0.021759582683444023
v 0.04437132179737091 0.017620259895920753 0.016827819868922234
v 0.04377995431423187 0.017925703898072243 0.01660354994237423
f 2974 2975 2976
v 0.04377995431423187 0.017925703898072243 0.01660354994237423
v 0.04437132179737091 0.017620259895920753 0.016827819868922234
v 0.046076178550720215 0.017620259895920753 0.01135675422847271
f 2977 2978 2979
v 0.04377995431423187 0.017925703898072243 0.01660354994237423
v 0.046076178550720215 0.017620259895920753 0.01135675422847271
v 0.04546208679676056 0.017925703898072243 0.011205395683646202
f 2980 2981 2982
v 0.04546208679676056 0.017925703898072243 0.011205395683646202
v 0.046076178550720215 0.017620259895920753 0.01135675422847271
v 0.04710914194583893 0.017620259895920753 0.00572008453309536
f 2983 2984 2985
v 0.04546208679676056 0.017925703898072243 0.011205395683646202
v 0.04710914194583893 0.017620259895920753 0.00572008453309536
v 0.04648128151893616 0.017925703898072243 0.005643850192427635
f 2986 2987 2988
v 0.04648128151893616 0.017925703898072243 0.005643850192427635
v 0.04710914194583893 0.017620259895920753 0.00572008453309536
v 0.04682266712188721 0.017925703898072243 -1.8530144085815436e-09
f 2989 2990 2991
v 0.04648128151893616 0.017925703898072243 0.005643850192427635
v 0.04682266712188721 0.017925703898072243 -1.8530144085815436e-09
v 0.046282634139060974 0.018000001087784767 -1.8530144085815436e-09
f 2992 2993 2994
v -0.022373365238308907 0.018000001087784767 0.036134228110313416
v -0.021508606150746346 0.018000001087784767 0.0409812331199646
v -0.015352771617472172 0.018000001087784767 0.03963007032871246
f 2995 2996 2997
v -0.015352771617472172 0.018000001087784767 0.03963007032871246
v -0.021508606150746346 0.018000001087784767 0.0409812331199646
v -0.016412051394581795 0.018000001087784767 0.04327501356601715
f 2998 2999 3000
v -0.015352771617472172 0.018000001087784767 0.03963007032871246
v -0.016412051394581795 0.018000001087784767 0.04327501356601715
v -0.007809356786310673 0.018000001087784767 0.04177635908126831
f 3001 3002 3003
v -0.03391572833061218 0.018000001087784767 0.02561197243630886
v -0.03464303910732269 0.018000001087784767 0.030691063031554222
v -0.028632061555981636 0.018000001087784767 0.031407877802848816
f 3004 3005 3006
v -0.028632061555981636 0.018000001087784767 0.031407877802848816
v -0.03464303910732269 0.018000001087784767 0.030691063031554222
v -0.030691059306263924 0.018000001087784767 0.03464304655790329
f 3007 3008 3009
v -0.028632061555981636 0.018000001087784767 0.031407877802848816
v -0.030691059306263924 0.018000001087784767 0.03464304655790329
v -0.022373365238308907 0.018000001087784767 0.036134228110313416
f 3010 3011 3012
v -0.022373365238308907 0.018000001087784767 0.036134228110313416
v -0.030691059306263924 0.018000001087784767 0.03464304655790329
v -0.026291536167263985 0.018000001087784767 0.03808985650539398
f 3013 3014 3015
v -0.022373365238308907 0.018000001087784767 0.036134228110313416
v -0.026291536167263985 0.018000001087784767 0.03808985650539398
v -0.021508606150746346 0.018000001087784767 0.0409812331199646
f 3016 3017 3018
v -0.04087759554386139 0.018000001087784767 0.011630674824118614
v -0.04327501356601715 0.018000001087784767 0.016412047669291496
v -0.038044437766075134 0.018000001087784767 0.01894388161599636
f 3019 3020 3021
v -0.038044437766075134 0.018000001087784767 0.01894388161599636
v -0.04327501356601715 0.018000001087784767 0.016412047669291496
v -0.0409812331199646 0.018000001087784767 0.021508609876036644
f 3022 3023 3024
v -0.038044437766075134 0.018000001087784767 0.01894388161599636
v -0.0409812331199646 0.018000001087784767 0.021508609876036644
v -0.03391572833061218 0.018000001087784767 0.02561197243630886
f 3025 3026 3027
v -0.03391572833061218 0.018000001087784767 0.02561197243630886
v -0.0409812331199646 0.018000001087784767 0.021508609876036644
v -0.03808985650539398 0.018000001087784767 0.026291532441973686
f 3028 3029 3030
v -0.03391572833061218 0.018000001087784767 0.02561197243630886
v -0.03808985650539398 0.018000001087784767 0.026291532441973686
v -0.03464303910732269 0.018000001087784767 0.030691063031554222
f 3031 3032 3033
v 0.03391572833061218 0.018000001087784767 0.02561197243630886
v 0.03808985650539398 0.018000001087784767 0.026291532441973686
v 0.038044437766075134 0.018000001087784767 0.01894388161599636
f 3034 3035 3036
v 0.038044437766075134 0.018000001087784767 0.01894388161599636
v 0.03808985650539398 0.018000001087784767 0.026291532441973686
v 0.0409812331199646 0.018000001087784767 0.021508609876036644
f 3037 3038 3039
v 0.038044437766075134 0.018000001087784767 0.01894388161599636
v 0.0409812331199646 0.018000001087784767 0.021508609876036644
v 0.04087759554386139 0.018000001087784767 0.011630674824118614
f 3040 3041 3042
v -0.016412051394581795 0.018000001087784767 0.04327501356601715
v -0.011076153255999088 0.018000001087784767 0.04493774473667145
v -0.007809356786310673 0.018000001087784767 0.04177635908126831
f 3043 3044 3045
v -0.007809356786310673 0.018000001087784767 0.04177635908126831
v -0.011076153255999088 0.018000001087784767 0.04493774473667145
v -0.0055787572637200356 0.018000001087784767 0.0459451787173748
f 3046 3047 3048
v -0.007809356786310673 0.018000001087784767 0.04177635908126831
v -0.0055787572637200356 0.018000001087784767 0.0459451787173748
v -1.072882005459519e-09 0.018000001087784767 0.042500004172325134
f 3049 3050 3051
v -1.072882005459519e-09 0.018000001087784767 0.042500004172325134
v -0.0055787572637200356 0.018000001087784767 0.0459451787173748
v -1.072882005459519e-09 0.018000001087784767 0.046282630413770676
f 3052 3053 3054
v -1.072882005459519e-09 0.018000001087784767 0.042500004172325134
v -1.072882005459519e-09 0.018000001087784767 0.046282630413770676
v 0.0078093549236655235 0.018000001087784767 0.04177635908126831
f 3055 3056 3057
v -0.04231870174407959 0.018000001087784767 -0.003921406343579292
v -0.04087759554386139 0.018000001087784767 -0.011630678549408913
v -0.04493774473667145 0.018000001087784767 -0.01107616163790226
f 3058 3059 3060
v 0.04087759554386139 0.018000001087784767 -0.011630678549408913
v 0.04327501356601715 0.018000001087784767 -0.016412043944001198
v 0.038044437766075134 0.018000001087784767 -0.01894388534128666
f 3061 3062 3063
v 0.038044437766075134 0.018000001087784767 -0.01894388534128666
v 0.04327501356601715 0.018000001087784767 -0.016412043944001198
v 0.0409812331199646 0.018000001087784767 -0.021508613601326942
f 3064 3065 3066
v 0.038044437766075134 0.018000001087784767 -0.01894388534128666
v 0.0409812331199646 0.018000001087784767 -0.021508613601326942
v 0.03391572833061218 0.018000001087784767 -0.02561197616159916
f 3067 3068 3069
v 0.04231870174407959 0.018000001087784767 -0.003921406343579292
v 0.0459451824426651 0.018000001087784767 -0.00557875819504261
v 0.04087759554386139 0.018000001087784767 -0.011630678549408913
f 3070 3071 3072
v 0.04087759554386139 0.018000001087784767 -0.011630678549408913
v 0.0459451824426651 0.018000001087784767 -0.00557875819504261
v 0.04493774473667145 0.018000001087784767 -0.01107616163790226
f 3073 3074 3075
v 0.04087759554386139 0.018000001087784767 -0.011630678549408913
v 0.04493774473667145 0.018000001087784767 -0.01107616163790226
v 0.04327501356601715 0.018000001087784767 -0.016412043944001198
f 3076 3077 3078
v 0.022373361513018608 0.018000001087784767 0.036134228110313416
v 0.026291532441973686 0.018000001087784767 0.03808985650539398
v 0.028632057830691338 0.018000001087784767 0.031407877802848816
f 3079 3080 3081
v 0.028632057830691338 0.018000001087784767 0.031407877802848816
v 0.026291532441973686 0.018000001087784767 0.03808985650539398
v 0.030691055580973625 0.018000001087784767 0.03464304655790329
f 3082 3083 3084
v 0.028632057830691338 0.018000001087784767 0.031407877802848816
v 0.030691055580973625 0.018000001087784767 0.03464304655790329
v 0.03391572833061218 0.018000001087784767 0.02561197243630886
f 3085 3086 3087
v 0.03391572833061218 0.018000001087784767 0.02561197243630886
v 0.030691055580973625 0.018000001087784767 0.03464304655790329
v 0.03464305400848389 0.018000001087784767 0.030691063031554222
f 3088 3089 3090
v 0.03391572833061218 0.018000001087784767 0.02561197243630886
v 0.03464305400848389 0.018000001087784767 0.030691063031554222
v 0.03808985650539398 0.018000001087784767 0.026291532441973686
f 3091 3092 3093
v -0.04493774473667145 0.018000001087784767 -0.01107616163790226
v -0.0459451824426651 0.018000001087784767 -0.00557875819504261
v -0.04231870174407959 0.018000001087784767 -0.003921406343579292
f 3094 3095 3096
v -0.04231870174407959 0.018000001087784767 -0.003921406343579292
v -0.0459451824426651 0.018000001087784767 -0.00557875819504261
v -0.046282634139060974 0.018000001087784767 -1.8530144085815436e-09
f 3097 3098 3099
v -0.04231870174407959 0.018000001087784767 -0.003921406343579292
v -0.046282634139060974 0.018000001087784767 -1.8530144085815436e-09
v -0.04231870174407959 0.018000001087784767 0.003921402618288994
f 3100 3101 3102
v -0.04231870174407959 0.018000001087784767 0.003921402618288994
v -0.046282634139060974 0.018000001087784767 -1.8530144085815436e-09
v -0.0459451824426651 0.018000001087784767 0.005578754469752312
f 3103 3104 3105
v -0.04231870174407959 0.018000001087784767 0.003921402618288994
v -0.0459451824426651 0.018000001087784767 0.005578754469752312
v -0.04087759554386139 0.018000001087784767 0.011630674824118614
f 3106 3107 3108
v -0.04087759554386139 0.018000001087784767 0.011630674824118614
v -0.0459451824426651 0.018000001087784767 0.005578754469752312
v -0.04493774473667145 0.018000001087784767 0.011076157912611961
f 3109 3110 3111
v -0.04087759554386139 0.018000001087784767 0.011630674824118614
v -0.04493774473667145 0.018000001087784767 0.011076157912611961
v -0.04327501356601715 0.018000001087784767 0.016412047669291496
f 3112 3113 3114
v -0.03391572833061218 0.018000001087784767 -0.02561197616159916
v -0.03808985650539398 0.018000001087784767 -0.026291528716683388
v -0.038044437766075134 0.018000001087784767 -0.01894388534128666
f 3115 3116 3117
v -0.038044437766075134 0.018000001087784767 -0.01894388534128666
v -0.03808985650539398 0.018000001087784767 -0.026291528716683388
v -0.0409812331199646 0.018000001087784767 -0.021508613601326942
f 3118 3119 3120
v -0.038044437766075134 0.018000001087784767 -0.01894388534128666
v -0.0409812331199646 0.018000001087784767 -0.021508613601326942
v -0.04087759554386139 0.018000001087784767 -0.011630678549408913
f 3121 3122 3123
v -0.04087759554386139 0.018000001087784767 -0.011630678549408913
v -0.0409812331199646 0.018000001087784767 -0.021508613601326942
v -0.04327501356601715 0.018000001087784767 -0.016412043944001198
f 3124 3125 3126
v -0.04087759554386139 0.018000001087784767 -0.011630678549408913
v -0.04327501356601715 0.018000001087784767 -0.016412043944001198
v -0.04493774473667145 0.018000001087784767 -0.01107616163790226
f 3127 3128 3129
v -0.007809356786310673 0.018000001087784767 -0.041776351630687714
v -0.011076153255999088 0.018000001087784767 -0.04493773728609085
v -0.015352771617472172 0.018000001087784767 -0.039630062878131866
f 3130 3131 3132
v -0.015352771617472172 0.018000001087784767 -0.039630062878131866
v -0.011076153255999088 0.018000001087784767 -0.04493773728609085
v -0.016412051394581795 0.018000001087784767 -0.043275006115436554
f 3133 3134 3135
v -0.015352771617472172 0.018000001087784767 -0.039630062878131866
v -0.016412051394581795 0.018000001087784767 -0.043275006115436554
v -0.022373365238308907 0.018000001087784767 -0.03613422065973282
f 3136 3137 3138
v 0.022373361513018608 0.018000001087784767 -0.03613422065973282
v 0.021508602425456047 0.018000001087784767 -0.040981225669384
v 0.015352769754827023 0.018000001087784767 -0.039630062878131866
f 3139 3140 3141
v 0.015352769754827023 0.018000001087784767 -0.039630062878131866
v 0.021508602425456047 0.018000001087784767 -0.040981225669384
v 0.016412047669291496 0.018000001087784767 -0.043275006115436554
f 3142 3143 3144
v 0.015352769754827023 0.018000001087784767 -0.039630062878131866
v 0.016412047669291496 0.018000001087784767 -0.043275006115436554
v 0.0078093549236655235 0.018000001087784767 -0.041776351630687714
f 3145 3146 3147
v -0.016412051394581795 0.018000001087784767 -0.043275006115436554
v -0.021508606150746346 0.018000001087784767 -0.040981225669384
v -0.022373365238308907 0.018000001087784767 -0.03613422065973282
f 3148 3149 3150
v -0.022373365238308907 0.018000001087784767 -0.03613422065973282
v -0.021508606150746346 0.018000001087784767 -0.040981225669384
v -0.026291536167263985 0.018000001087784767 -0.038089849054813385
f 3151 3152 3153
v -0.022373365238308907 0.018000001087784767 -0.03613422065973282
v -0.026291536167263985 0.018000001087784767 -0.038089849054813385
v -0.028632061555981636 0.018000001087784767 -0.03140787035226822
f 3154 3155 3156
v -0.028632061555981636 0.018000001087784767 -0.03140787035226822
v -0.026291536167263985 0.018000001087784767 -0.038089849054813385
v -0.030691059306263924 0.018000001087784767 -0.03464304655790329
f 3157 3158 3159
v -0.028632061555981636 0.018000001087784767 -0.03140787035226822
v -0.030691059306263924 0.018000001087784767 -0.03464304655790329
v -0.03391572833061218 0.018000001087784767 -0.02561197616159916
f 3160 3161 3162
v -0.03391572833061218 0.018000001087784767 -0.02561197616159916
v -0.030691059306263924 0.018000001087784767 -0.03464304655790329
v -0.03464303910732269 0.018000001087784767 -0.03069106675684452
f 3163 3164 3165
v -0.03391572833061218 0.018000001087784767 -0.02561197616159916
v -0.03464303910732269 0.018000001087784767 -0.03069106675684452
v -0.03808985650539398 0.018000001087784767 -0.026291528716683388
f 3166 3167 3168
v 0.0409812331199646 0.018000001087784767 -0.021508613601326942
v 0.03808985650539398 0.018000001087784767 -0.026291528716683388
v 0.03391572833061218 0.018000001087784767 -0.02561197616159916
f 3169 3170 3171
v 0.03391572833061218 0.018000001087784767 -0.02561197616159916
v 0.03808985650539398 0.018000001087784767 -0.026291528716683388
v 0.03464305400848389 0.018000001087784767 -0.03069106675684452
f 3172 3173 3174
v 0.03391572833061218 0.018000001087784767 -0.02561197616159916
v 0.03464305400848389 0.018000001087784767 -0.03069106675684452
v 0.028632057830691338 0.018000001087784767 -0.03140787035226822
f 3175 3176 3177
v 0.028632057830691338 0.018000001087784767 -0.03140787035226822
v 0.03464305400848389 0.018000001087784767 -0.03069106675684452
v 0.030691055580973625 0.018000001087784767 -0.03464304655790329
f 3178 3179 3180
v 0.028632057830691338 0.018000001087784767 -0.03140787035226822
v 0.030691055580973625 0.018000001087784767 -0.03464304655790329
v 0.022373361513018608 0.018000001087784767 -0.03613422065973282
f 3181 3182 3183
v 0.022373361513018608 0.018000001087784767 -0.03613422065973282
v 0.030691055580973625 0.018000001087784767 -0.03464304655790329
v 0.026291532441973686 0.018000001087784767 -0.038089849054813385
f 3184 3185 3186
v 0.022373361513018608 0.018000001087784767 -0.03613422065973282
v 0.026291532441973686 0.018000001087784767 -0.038089849054813385
v 0.021508602425456047 0.018000001087784767 -0.040981225669384
f 3187 3188 3189
v 0.0409812331199646 0.018000001087784767 0.021508609876036644
v 0.04327501356601715 0.018000001087784767 0.016412047669291496
v 0.04087759554386139 0.018000001087784767 0.011630674824118614
f 3190 3191 3192
v 0.04087759554386139 0.018000001087784767 0.011630674824118614
v 0.04327501356601715 0.018000001087784767 0.016412047669291496
v 0.04493774473667145 0.018000001087784767 0.011076157912611961
f 3193 3194 3195
v 0.04087759554386139 0.018000001087784767 0.011630674824118614
v 0.04493774473667145 0.018000001087784767 0.011076157912611961
v 0.04231870174407959 0.018000001087784767 0.003921402618288994
f 3196 3197 3198
v 0.04231870174407959 0.018000001087784767 0.003921402618288994
v 0.04493774473667145 0.018000001087784767 0.011076157912611961
v 0.0459451824426651 0.018000001087784767 0.005578754469752312
f 3199 3200 3201
v 0.04231870174407959 0.018000001087784767 0.003921402618288994
v 0.0459451824426651 0.018000001087784767 0.005578754469752312
v 0.04231870174407959 0.018000001087784767 -0.003921406343579292
f 3202 3203 3204
v 0.04231870174407959 0.018000001087784767 -0.003921406343579292
v 0.0459451824426651 0.018000001087784767 0.005578754469752312
v 0.046282634139060974 0.018000001087784767 -1.8530144085815436e-09
f 3205 3206 3207
v 0.04231870174407959 0.018000001087784767 -0.003921406343579292
v 0.046282634139060974 0.018000001087784767 -1.8530144085815436e-09
v 0.0459451824426651 0.018000001087784767 -0.00557875819504261
f 3208 3209 3210
v -1.072882005459519e-09 0.018000001087784767 0.046282630413770676
v 0.005578755401074886 0.018000001087784767 0.0459451787173748
v 0.0078093549236655235 0.018000001087784767 0.04177635908126831
f 3211 3212 3213
v 0.0078093549236655235 0.018000001087784767 0.04177635908126831
v 0.005578755401074886 0.018000001087784767 0.0459451787173748
v 0.011076151393353939 0.018000001087784767 0.04493774473667145
f 3214 3215 3216
v 0.0078093549236655235 0.018000001087784767 0.04177635908126831
v 0.011076151393353939 0.018000001087784767 0.04493774473667145
v 0.015352769754827023 0.018000001087784767 0.03963007032871246
f 3217 3218 3219
v 0.015352769754827023 0.018000001087784767 0.03963007032871246
v 0.011076151393353939 0.018000001087784767 0.04493774473667145
v 0.016412047669291496 0.018000001087784767 0.04327501356601715
f 3220 3221 3222
v 0.015352769754827023 0.018000001087784767 0.03963007032871246
v 0.016412047669291496 0.018000001087784767 0.04327501356601715
v 0.022373361513018608 0.018000001087784767 0.036134228110313416
f 3223 3224 3225
v 0.022373361513018608 0.018000001087784767 0.036134228110313416
v 0.016412047669291496 0.018000001087784767 0.04327501356601715
v 0.021508602425456047 0.018000001087784767 0.0409812331199646
f 3226 3227 3228
v 0.022373361513018608 0.018000001087784767 0.036134228110313416
v 0.021508602425456047 0.018000001087784767 0.0409812331199646
v 0.026291532441973686 0.018000001087784767 0.03808985650539398
f 3229 3230 3231
v 0.016412047669291496 0.018000001087784767 -0.043275006115436554
v 0.011076151393353939 0.018000001087784767 -0.04493773728609085
v 0.0078093549236655235 0.018000001087784767 -0.041776351630687714
f 3232 3233 3234
v 0.0078093549236655235 0.018000001087784767 -0.041776351630687714
v 0.011076151393353939 0.018000001087784767 -0.04493773728609085
v 0.005578755401074886 0.018000001087784767 -0.0459451749920845
f 3235 3236 3237
v 0.0078093549236655235 0.018000001087784767 -0.041776351630687714
v 0.005578755401074886 0.018000001087784767 -0.0459451749920845
v -1.072882005459519e-09 0.018000001087784767 -0.04249999672174454
f 3238 3239 3240
v -1.072882005459519e-09 0.018000001087784767 -0.04249999672174454
v 0.005578755401074886 0.018000001087784767 -0.0459451749920845
v -1.072882005459519e-09 0.018000001087784767 -0.04628262668848038
f 3241 3242 3243
v -1.072882005459519e-09 0.018000001087784767 -0.04249999672174454
v -1.072882005459519e-09 0.018000001087784767 -0.04628262668848038
v -0.007809356786310673 0.018000001087784767 -0.041776351630687714
f 3244 3245 3246
v -0.007809356786310673 0.018000001087784767 -0.041776351630687714
v -1.072882005459519e-09 0.018000001087784767 -0.04628262668848038
v -0.0055787572637200356 0.018000001087784767 -0.0459451749920845
f 3247 3248 3249
v -0.007809356786310673 0.018000001087784767 -0.041776351630687714
v -0.0055787572637200356 0.018000001087784767 -0.0459451749920845
v -0.011076153255999088 0.018000001087784767 -0.04493773728609085
f 3250 3251 3252
v 0.042960718274116516 0.016888881102204323 -0.02157568372786045
v 0.042567625641822815 0.016888881102204323 -0.02234121598303318
v 0.04201944172382355 0.017620259895920753 -0.02205350436270237
f 3253 3254 3255
v 0.04016543924808502 0.016888881102204323 -0.026417234912514687
v 0.03956432640552521 0.016888881102204323 -0.027309278026223183
v 0.039054811000823975 0.017620259895920753 -0.026957595720887184
f 3256 3257 3258
v 0.03682701289653778 0.016888881102204323 -0.030901530757546425
v 0.03598408401012421 0.016888881102204323 -0.03187911957502365
v 0.03552068769931793 0.017620259895920753 -0.031468577682971954
f 3259 3260 3261
v 0.03299054503440857 0.016888881102204323 -0.03496793657541275
v 0.03187912702560425 0.016888881102204323 -0.0359840914607048
v 0.03146857023239136 0.017620259895920753 -0.035520680248737335
f 3262 3263 3264
v 0.028707949444651604 0.016888881102204323 -0.03856145590543747
v 0.02730928175151348 0.016888881102204323 -0.03956431895494461
v 0.02695758454501629 0.017620259895920753 -0.03905480355024338
f 3265 3266 3267
v 0.02403712086379528 0.016888881102204323 -0.04163350909948349
v 0.02234121970832348 0.016888881102204323 -0.04256763309240341
v 0.022053508087992668 0.017620259895920753 -0.04201943427324295
f 3268 3269 3270
v 0.019041238352656364 0.016888881102204323 -0.04414253681898117
v 0.01704735867679119 0.016888881102204323 -0.04495019465684891
v 0.016827819868922234 0.017620259895920753 -0.044371314346790314
f 3271 3272 3273
v 0.013787849806249142 0.016888881102204323 -0.046054624021053314
v 0.011504917405545712 0.016888881102204323 -0.04667728394269943
v 0.011356755159795284 0.017620259895920753 -0.04607617110013962
f 3274 3275 3276
v 0.008348002098500729 0.016888881102204323 -0.04734388738870621
v 0.0057947030290961266 0.016888881102204323 -0.04772373288869858
v 0.0057200780138373375 0.017620259895920753 -0.04710913449525833
f 3277 3278 3279
v -0.047109127044677734 0.017620259895920753 -0.005720088258385658
v -0.04648128151893616 0.017925703898072243 -0.005643846467137337
v -0.04546208679676056 0.017925703898072243 -0.0112053994089365
f 3280 3281 3282
v 0.04493774473667145 0.018000001087784767 -0.01107616163790226
v 0.0459451824426651 0.018000001087784767 -0.00557875819504261
v 0.04648128151893616 0.017925703898072243 -0.005643846467137337
f 3283 3284 3285
v 0.0409812331199646 0.018000001087784767 -0.021508613601326942
v 0.04327501356601715 0.018000001087784767 -0.016412043944001198
v 0.04377995431423187 0.017925703898072243 -0.01660354621708393
f 3286 3287 3288
v 0.03808985650539398 0.018000001087784767 -0.026291528716683388
v 0.0409812331199646 0.018000001087784767 -0.021508613601326942
v 0.04145941138267517 0.017925703898072243 -0.021759578958153725
f 3289 3290 3291
v 0.03464305400848389 0.018000001087784767 -0.03069106675684452
v 0.03808985650539398 0.018000001087784767 -0.026291528716683388
v 0.03853429853916168 0.017925703898072243 -0.026598313823342323
f 3292 3293 3294
v 0.030691055580973625 0.018000001087784767 -0.03464304655790329
v 0.03464305400848389 0.018000001087784767 -0.03069106675684452
v 0.03504727780818939 0.017925703898072243 -0.031049171462655067
f 3295 3296 3297
v 0.026291532441973686 0.018000001087784767 -0.038089849054813385
v 0.030691055580973625 0.018000001087784767 -0.03464304655790329
v 0.031049175187945366 0.017925703898072243 -0.035047270357608795
f 3298 3299 3300
v 0.021508602425456047 0.018000001087784767 -0.040981225669384
v 0.026291532441973686 0.018000001087784767 -0.038089849054813385
v 0.026598302647471428 0.017925703898072243 -0.03853430598974228
f 3301 3302 3303
v 0.016412047669291496 0.018000001087784767 -0.043275006115436554
v 0.021508602425456047 0.018000001087784767 -0.040981225669384
v 0.021759582683444023 0.017925703898072243 -0.04145941883325577
f 3304 3305 3306
v 0.011076151393353939 0.018000001087784767 -0.04493773728609085
v 0.016412047669291496 0.018000001087784767 -0.043275006115436554
v 0.016603542491793633 0.017925703898072243 -0.04377996176481247
f 3307 3308 3309
v 0.005578755401074886 0.018000001087784767 -0.0459451749920845
v 0.011076151393353939 0.018000001087784767 -0.04493773728609085
v 0.011205404065549374 0.017925703898072243 -0.045462094247341156
f 3310 3311 3312
v -1.072882005459519e-09 0.018000001087784767 -0.04628262668848038
v 0.005578755401074886 0.018000001087784767 -0.0459451749920845
v 0.005643843673169613 0.017925703898072243 -0.04648127406835556
f 3313 3314 3315
v -0.0055787572637200356 0.018000001087784767 -0.0459451749920845
v -1.072882005459519e-09 0.018000001087784767 -0.04628262668848038
v -1.072882005459519e-09 0.017925703898072243 -0.046822674572467804
f 3316 3317 3318
v -0.011076153255999088 0.018000001087784767 -0.04493773728609085
v -0.0055787572637200356 0.018000001087784767 -0.0459451749920845
v -0.005643845535814762 0.017925703898072243 -0.04648127406835556
f 3319 3320 3321
v -0.016412051394581795 0.018000001087784767 -0.043275006115436554
v -0.011076153255999088 0.018000001087784767 -0.04493773728609085
v -0.011205391027033329 0.017925703898072243 -0.045462094247341156
f 3322 3323 3324
v -0.021508606150746346 0.018000001087784767 -0.040981225669384
v -0.016412051394581795 0.018000001087784767 -0.043275006115436554
v -0.01660354621708393 0.017925703898072243 -0.04377996176481247
f 3325 3326 3327
v -0.026291536167263985 0.018000001087784767 -0.038089849054813385
v -0.021508606150746346 0.018000001087784767 -0.040981225669384
v -0.02175958640873432 0.017925703898072243 -0.04145941883325577
f 3328 3329 3330
v -0.030691059306263924 0.018000001087784767 -0.03464304655790329
v -0.026291536167263985 0.018000001087784767 -0.038089849054813385
v -0.026598306372761726 0.017925703898072243 -0.03853430598974228
f 3331 3332 3333
v -0.03464303910732269 0.018000001087784767 -0.03069106675684452
v -0.030691059306263924 0.018000001087784767 -0.03464304655790329
v -0.031049178913235664 0.017925703898072243 -0.035047270357608795
f 3334 3335 3336
v -0.03808985650539398 0.018000001087784767 -0.026291528716683388
v -0.03464303910732269 0.018000001087784767 -0.03069106675684452
v -0.03504727780818939 0.017925703898072243 -0.031049171462655067
f 3337 3338 3339
v -0.0409812331199646 0.018000001087784767 -0.021508613601326942
v -0.03808985650539398 0.018000001087784767 -0.026291528716683388
v -0.03853429853916168 0.017925703898072243 -0.026598313823342323
f 3340 3341 3342
v -0.04327501356601715 0.018000001087784767 -0.016412043944001198
v -0.0409812331199646 0.018000001087784767 -0.021508613601326942
v -0.04145941138267517 0.017925703898072243 -0.021759578958153725
f 3343 3344 3345
v -0.04493774473667145 0.018000001087784767 -0.01107616163790226
v -0.04327501356601715 0.018000001087784767 -0.016412043944001198
v -0.04377995431423187 0.017925703898072243 -0.01660354621708393
f 3346 3347 3348
v -0.04493774473667145 0.018000001087784767 -0.01107616163790226
v -0.04546208679676056 0.017925703898072243 -0.0112053994089365
v -0.0459451824426651 0.018000001087784767 -0.00557875819504261
f 3349 3350 3351
v -0.0459451824426651 0.018000001087784767 -0.00557875819504261
v -0.04546208679676056 0.017925703898072243 -0.0112053994089365
v -0.04648128151893616 0.017925703898072243 -0.005643846467137337
f 3352 3353 3354
v -0.0459451824426651 0.018000001087784767 -0.00557875819504261
v -0.04648128151893616 0.017925703898072243 -0.005643846467137337
v -0.046282634139060974 0.018000001087784767 -1.8530144085815436e-09
f 3355 3356 3357
v 0.04546208679676056 0.017925703898072243 -0.0112053994089365
v 0.046076178550720215 0.017620259895920753 -0.011356757953763008
v 0.04437132179737091 0.017620259895920753 -0.016827823594212532
f 3358 3359 3360
v 0.04327501356601715 0.018000001087784767 -0.016412043944001198
v 0.04493774473667145 0.018000001087784767 -0.01107616163790226
v 0.04546208679676056 0.017925703898072243 -0.0112053994089365
f 3361 3362 3363
v 0.04546208679676056 0.017925703898072243 -0.0112053994089365
v 0.04493774473667145 0.018000001087784767 -0.01107616163790226
v 0.04648128151893616 0.017925703898072243 -0.005643846467137337
f 3364 3365 3366
v 0.04546208679676056 0.017925703898072243 -0.0112053994089365
v 0.04648128151893616 0.017925703898072243 -0.005643846467137337
v 0.046076178550720215 0.017620259895920753 -0.011356757953763008
f 3367 3368 3369
v 0.046076178550720215 0.017620259895920753 -0.011356757953763008
v 0.04648128151893616 0.017925703898072243 -0.005643846467137337
v 0.04710914194583893 0.017620259895920753 -0.005720088258385658
f 3370 3371 3372
v 0.04807424545288086 0.016888881102204323 -1.8530144085815436e-09
v 0.04710914194583893 0.017620259895920753 -0.005720088258385658
v 0.04745513200759888 0.017620259895920753 -1.8530144085815436e-09
f 3373 3374 3375
v 0.04745513200759888 0.017620259895920753 -1.8530144085815436e-09
v 0.04710914194583893 0.017620259895920753 -0.005720088258385658
v 0.04648128151893616 0.017925703898072243 -0.005643846467137337
f 3376 3377 3378
v 0.04745513200759888 0.017620259895920753 -1.8530144085815436e-09
v 0.04648128151893616 0.017925703898072243 -0.005643846467137337
v 0.04682266712188721 0.017925703898072243 -1.8530144085815436e-09
f 3379 3380 3381
v 0.04682266712188721 0.017925703898072243 -1.8530144085815436e-09
v 0.04648128151893616 0.017925703898072243 -0.005643846467137337
v 0.0459451824426651 0.018000001087784767 -0.00557875819504261
f 3382 3383 3384
v 0.04682266712188721 0.017925703898072243 -1.8530144085815436e-09
v 0.0459451824426651 0.018000001087784767 -0.00557875819504261
v 0.046282634139060974 0.018000001087784767 -1.8530144085815436e-09
f 3385 3386 3387
v -0.046282634139060974 0.018000001087784767 -1.8530144085815436e-09
v -0.04648128151893616 0.017925703898072243 -0.005643846467137337
v -0.04682266712188721 0.017925703898072243 -1.8530144085815436e-09
f 3388 3389 3390
v -0.04682266712188721 0.017925703898072243 -1.8530144085815436e-09
v -0.04648128151893616 0.017925703898072243 -0.005643846467137337
v -0.047109127044677734 0.017620259895920753 -0.005720088258385658
f 3391 3392 3393
v -0.04682266712188721 0.017925703898072243 -1.8530144085815436e-09
v -0.047109127044677734 0.017620259895920753 -0.005720088258385658
v -0.04745513200759888 0.017620259895920753 -1.8530144085815436e-09
f 3394 3395 3396
v -0.04745513200759888 0.017620259895920753 -1.8530144085815436e-09
v -0.047109127044677734 0.017620259895920753 -0.005720088258385658
v -0.04772372543811798 0.016888881102204323 -0.005794713273644447
f 3397 3398 3399
v -0.04745513200759888 0.017620259895920753 -1.8530144085815436e-09
v -0.04772372543811798 0.016888881102204323 -0.005794713273644447
v -0.04807424545288086 0.016888881102204323 -1.8530144085815436e-09
f 3400 3401 3402
v -0.046076178550720215 0.017620259895920753 -0.011356757953763008
v -0.04667729139328003 0.016888881102204323 -0.011504920199513435
v -0.046778395771980286 0.016888881102204323 -0.011086681857705116
f 3403 3404 3405
v -0.04493774473667145 0.018000001087784767 -0.01107616163790226
v -0.04377995431423187 0.017925703898072243 -0.01660354621708393
v -0.04546208679676056 0.017925703898072243 -0.0112053994089365
f 3406 3407 3408
v -0.04546208679676056 0.017925703898072243 -0.0112053994089365
v -0.04377995431423187 0.017925703898072243 -0.01660354621708393
v -0.046076178550720215 0.017620259895920753 -0.011356757953763008
f 3409 3410 3411
v -0.04546208679676056 0.017925703898072243 -0.0112053994089365
v -0.046076178550720215 0.017620259895920753 -0.011356757953763008
v -0.047109127044677734 0.017620259895920753 -0.005720088258385658
f 3412 3413 3414
v -0.047109127044677734 0.017620259895920753 -0.005720088258385658
v -0.046076178550720215 0.017620259895920753 -0.011356757953763008
v -0.046778395771980286 0.016888881102204323 -0.011086681857705116
f 3415 3416 3417
v -0.047109127044677734 0.017620259895920753 -0.005720088258385658
v -0.046778395771980286 0.016888881102204323 -0.011086681857705116
v -0.04772372543811798 0.016888881102204323 -0.005794713273644447
f 3418 3419 3420
v -0.04437132179737091 0.017620259895920753 -0.016827823594212532
v -0.044950202107429504 0.016888881102204323 -0.01704736240208149
v -0.045175015926361084 0.016888881102204323 -0.01644236035645008
f 3421 3422 3423
v -0.04327501356601715 0.018000001087784767 -0.016412043944001198
v -0.04145941138267517 0.017925703898072243 -0.021759578958153725
v -0.04377995431423187 0.017925703898072243 -0.01660354621708393
f 3424 3425 3426
v -0.04377995431423187 0.017925703898072243 -0.01660354621708393
v -0.04145941138267517 0.017925703898072243 -0.021759578958153725
v -0.04437132179737091 0.017620259895920753 -0.016827823594212532
f 3427 3428 3429
v -0.04377995431423187 0.017925703898072243 -0.01660354621708393
v -0.04437132179737091 0.017620259895920753 -0.016827823594212532
v -0.046076178550720215 0.017620259895920753 -0.011356757953763008
f 3430 3431 3432
v -0.046076178550720215 0.017620259895920753 -0.011356757953763008
v -0.04437132179737091 0.017620259895920753 -0.016827823594212532
v -0.045175015926361084 0.016888881102204323 -0.01644236035645008
f 3433 3434 3435
v -0.046076178550720215 0.017620259895920753 -0.011356757953763008
v -0.045175015926361084 0.016888881102204323 -0.01644236035645008
v -0.04667729139328003 0.016888881102204323 -0.011504920199513435
f 3436 3437 3438
v -0.04201944172382355 0.017620259895920753 -0.02205350436270237
v -0.042567625641822815 0.016888881102204323 -0.02234121598303318
v -0.042960718274116516 0.016888881102204323 -0.02157568372786045
f 3439 3440 3441
v -0.0409812331199646 0.018000001087784767 -0.021508613601326942
v -0.03853429853916168 0.017925703898072243 -0.026598313823342323
v -0.04145941138267517 0.017925703898072243 -0.021759578958153725
f 3442 3443 3444
v -0.04145941138267517 0.017925703898072243 -0.021759578958153725
v -0.03853429853916168 0.017925703898072243 -0.026598313823342323
v -0.04201944172382355 0.017620259895920753 -0.02205350436270237
f 3445 3446 3447
v -0.04145941138267517 0.017925703898072243 -0.021759578958153725
v -0.04201944172382355 0.017620259895920753 -0.02205350436270237
v -0.04437132179737091 0.017620259895920753 -0.016827823594212532
f 3448 3449 3450
v -0.04437132179737091 0.017620259895920753 -0.016827823594212532
v -0.04201944172382355 0.017620259895920753 -0.02205350436270237
v -0.042960718274116516 0.016888881102204323 -0.02157568372786045
f 3451 3452 3453
v -0.04437132179737091 0.017620259895920753 -0.016827823594212532
v -0.042960718274116516 0.016888881102204323 -0.02157568372786045
v -0.044950202107429504 0.016888881102204323 -0.01704736240208149
f 3454 3455 3456
v -0.039054811000823975 0.017620259895920753 -0.026957595720887184
v -0.03956432640552521 0.016888881102204323 -0.027309278026223183
v -0.04016543924808502 0.016888881102204323 -0.026417234912514687
f 3457 3458 3459
v -0.03808985650539398 0.018000001087784767 -0.026291528716683388
v -0.03504727780818939 0.017925703898072243 -0.031049171462655067
v -0.03853429853916168 0.017925703898072243 -0.026598313823342323
f 3460 3461 3462
v -0.03853429853916168 0.017925703898072243 -0.026598313823342323
v -0.03504727780818939 0.017925703898072243 -0.031049171462655067
v -0.039054811000823975 0.017620259895920753 -0.026957595720887184
f 3463 3464 3465
v -0.03853429853916168 0.017925703898072243 -0.026598313823342323
v -0.039054811000823975 0.017620259895920753 -0.026957595720887184
v -0.04201944172382355 0.017620259895920753 -0.02205350436270237
f 3466 3467 3468
v -0.04201944172382355 0.017620259895920753 -0.02205350436270237
v -0.039054811000823975 0.017620259895920753 -0.026957595720887184
v -0.04016543924808502 0.016888881102204323 -0.026417234912514687
f 3469 3470 3471
v -0.04201944172382355 0.017620259895920753 -0.02205350436270237
v -0.04016543924808502 0.016888881102204323 -0.026417234912514687
v -0.042567625641822815 0.016888881102204323 -0.02234121598303318
f 3472 3473 3474
v -0.03552067279815674 0.017620259895920753 -0.031468577682971954
v -0.03598408401012421 0.016888881102204323 -0.03187911957502365
v -0.03682701289653778 0.016888881102204323 -0.030901530757546425
f 3475 3476 3477
v -0.03464303910732269 0.018000001087784767 -0.03069106675684452
v -0.031049178913235664 0.017925703898072243 -0.035047270357608795
v -0.03504727780818939 0.017925703898072243 -0.031049171462655067
f 3478 3479 3480
v -0.03504727780818939 0.017925703898072243 -0.031049171462655067
v -0.031049178913235664 0.017925703898072243 -0.035047270357608795
v -0.03552067279815674 0.017620259895920753 -0.031468577682971954
f 3481 3482 3483
v -0.03504727780818939 0.017925703898072243 -0.031049171462655067
v -0.03552067279815674 0.017620259895920753 -0.031468577682971954
v -0.039054811000823975 0.017620259895920753 -0.026957595720887184
f 3484 3485 3486
v -0.039054811000823975 0.017620259895920753 -0.026957595720887184
v -0.03552067279815674 0.017620259895920753 -0.031468577682971954
v -0.03682701289653778 0.016888881102204323 -0.030901530757546425
f 3487 3488 3489
v -0.039054811000823975 0.017620259895920753 -0.026957595720887184
v -0.03682701289653778 0.016888881102204323 -0.030901530757546425
v -0.03956432640552521 0.016888881102204323 -0.027309278026223183
f 3490 3491 3492
v -0.03146857023239136 0.017620259895920753 -0.035520680248737335
v -0.031879112124443054 0.016888881102204323 -0.0359840914607048
v -0.03299054503440857 0.016888881102204323 -0.03496793657541275
f 3493 3494 3495
v -0.030691059306263924 0.018000001087784767 -0.03464304655790329
v -0.026598306372761726 0.017925703898072243 -0.03853430598974228
v -0.031049178913235664 0.017925703898072243 -0.035047270357608795
f 3496 3497 3498
v -0.031049178913235664 0.017925703898072243 -0.035047270357608795
v -0.026598306372761726 0.017925703898072243 -0.03853430598974228
v -0.03146857023239136 0.017620259895920753 -0.035520680248737335
f 3499 3500 3501
v -0.031049178913235664 0.017925703898072243 -0.035047270357608795
v -0.03146857023239136 0.017620259895920753 -0.035520680248737335
v -0.03552067279815674 0.017620259895920753 -0.031468577682971954
f 3502 3503 3504
v -0.03552067279815674 0.017620259895920753 -0.031468577682971954
v -0.03146857023239136 0.017620259895920753 -0.035520680248737335
v -0.03299054503440857 0.016888881102204323 -0.03496793657541275
f 3505 3506 3507
v -0.03552067279815674 0.017620259895920753 -0.031468577682971954
v -0.03299054503440857 0.016888881102204323 -0.03496793657541275
v -0.03598408401012421 0.016888881102204323 -0.03187911957502365
f 3508 3509 3510
v -0.026957588270306587 0.017620259895920753 -0.03905480355024338
v -0.02730928547680378 0.016888881102204323 -0.03956431895494461
v -0.028707953169941902 0.016888881102204323 -0.03856145590543747
f 3511 3512 3513
v -0.026291536167263985 0.018000001087784767 -0.038089849054813385
v -0.02175958640873432 0.017925703898072243 -0.04145941883325577
v -0.026598306372761726 0.017925703898072243 -0.03853430598974228
f 3514 3515 3516
v -0.026598306372761726 0.017925703898072243 -0.03853430598974228
v -0.02175958640873432 0.017925703898072243 -0.04145941883325577
v -0.026957588270306587 0.017620259895920753 -0.03905480355024338
f 3517 3518 3519
v -0.026598306372761726 0.017925703898072243 -0.03853430598974228
v -0.026957588270306587 0.017620259895920753 -0.03905480355024338
v -0.03146857023239136 0.017620259895920753 -0.035520680248737335
f 3520 3521 3522
v -0.03146857023239136 0.017620259895920753 -0.035520680248737335
v -0.026957588270306587 0.017620259895920753 -0.03905480355024338
v -0.028707953169941902 0.016888881102204323 -0.03856145590543747
f 3523 3524 3525
v -0.03146857023239136 0.017620259895920753 -0.035520680248737335
v -0.028707953169941902 0.016888881102204323 -0.03856145590543747
v -0.031879112124443054 0.016888881102204323 -0.0359840914607048
f 3526 3527 3528
v -0.022053496912121773 0.017620259895920753 -0.04201943427324295
v -0.022341208532452583 0.016888881102204323 -0.04256763309240341
v -0.02403712458908558 0.016888881102204323 -0.04163350909948349
f 3529 3530 3531
v -0.021508606150746346 0.018000001087784767 -0.040981225669384
v -0.01660354621708393 0.017925703898072243 -0.04377996176481247
v -0.02175958640873432 0.017925703898072243 -0.04145941883325577
f 3532 3533 3534
v -0.02175958640873432 0.017925703898072243 -0.04145941883325577
v -0.01660354621708393 0.017925703898072243 -0.04377996176481247
v -0.022053496912121773 0.017620259895920753 -0.04201943427324295
f 3535 3536 3537
v -0.02175958640873432 0.017925703898072243 -0.04145941883325577
v -0.022053496912121773 0.017620259895920753 -0.04201943427324295
v -0.026957588270306587 0.017620259895920753 -0.03905480355024338
f 3538 3539 3540
v -0.026957588270306587 0.017620259895920753 -0.03905480355024338
v -0.022053496912121773 0.017620259895920753 -0.04201943427324295
v -0.02403712458908558 0.016888881102204323 -0.04163350909948349
f 3541 3542 3543
v -0.026957588270306587 0.017620259895920753 -0.03905480355024338
v -0.02403712458908558 0.016888881102204323 -0.04163350909948349
v -0.02730928547680378 0.016888881102204323 -0.03956431895494461
f 3544 3545 3546
v -0.016827823594212532 0.017620259895920753 -0.044371314346790314
v -0.01704736240208149 0.016888881102204323 -0.04495019465684891
v -0.019041242077946663 0.016888881102204323 -0.04414253681898117
f 3547 3548 3549
v -0.016412051394581795 0.018000001087784767 -0.043275006115436554
v -0.011205391027033329 0.017925703898072243 -0.045462094247341156
v -0.01660354621708393 0.017925703898072243 -0.04377996176481247
f 3550 3551 3552
v -0.01660354621708393 0.017925703898072243 -0.04377996176481247
v -0.011205391027033329 0.017925703898072243 -0.045462094247341156
v -0.016827823594212532 0.017620259895920753 -0.044371314346790314
f 3553 3554 3555
v -0.01660354621708393 0.017925703898072243 -0.04377996176481247
v -0.016827823594212532 0.017620259895920753 -0.044371314346790314
v -0.022053496912121773 0.017620259895920753 -0.04201943427324295
f 3556 3557 3558
v -0.022053496912121773 0.017620259895920753 -0.04201943427324295
v -0.016827823594212532 0.017620259895920753 -0.044371314346790314
v -0.019041242077946663 0.016888881102204323 -0.04414253681898117
f 3559 3560 3561
v -0.022053496912121773 0.017620259895920753 -0.04201943427324295
v -0.019041242077946663 0.016888881102204323 -0.04414253681898117
v -0.022341208532452583 0.016888881102204323 -0.04256763309240341
f 3562 3563 3564
v -0.011356757022440434 0.017620259895920753 -0.04607617110013962
v -0.01150491926819086 0.016888881102204323 -0.04667728394269943
v -0.013787851668894291 0.016888881102204323 -0.046054624021053314
f 3565 3566 3567
v -0.011076153255999088 0.018000001087784767 -0.04493773728609085
v -0.005643845535814762 0.017925703898072243 -0.04648127406835556
v -0.011205391027033329 0.017925703898072243 -0.045462094247341156
f 3568 3569 3570
v -0.011205391027033329 0.017925703898072243 -0.045462094247341156
v -0.005643845535814762 0.017925703898072243 -0.04648127406835556
v -0.011356757022440434 0.017620259895920753 -0.04607617110013962
f 3571 3572 3573
v -0.011205391027033329 0.017925703898072243 -0.045462094247341156
v -0.011356757022440434 0.017620259895920753 -0.04607617110013962
v -0.016827823594212532 0.017620259895920753 -0.044371314346790314
f 3574 3575 3576
v -0.016827823594212532 0.017620259895920753 -0.044371314346790314
v -0.011356757022440434 0.017620259895920753 -0.04607617110013962
v -0.013787851668894291 0.016888881102204323 -0.046054624021053314
f 3577 3578 3579
v -0.016827823594212532 0.017620259895920753 -0.044371314346790314
v -0.013787851668894291 0.016888881102204323 -0.046054624021053314
v -0.01704736240208149 0.016888881102204323 -0.04495019465684891
f 3580 3581 3582
v -0.005720079876482487 0.017620259895920753 -0.04710913449525833
v -0.005794704891741276 0.016888881102204323 -0.04772373288869858
v -0.008348003961145878 0.016888881102204323 -0.04734388738870621
f 3583 3584 3585
v -0.0055787572637200356 0.018000001087784767 -0.0459451749920845
v -1.072882005459519e-09 0.017925703898072243 -0.046822674572467804
v -0.005643845535814762 0.017925703898072243 -0.04648127406835556
f 3586 3587 3588
v -0.005643845535814762 0.017925703898072243 -0.04648127406835556
v -1.072882005459519e-09 0.017925703898072243 -0.046822674572467804
v -0.005720079876482487 0.017620259895920753 -0.04710913449525833
f 3589 3590 3591
v -0.005643845535814762 0.017925703898072243 -0.04648127406835556
v -0.005720079876482487 0.017620259895920753 -0.04710913449525833
v -0.011356757022440434 0.017620259895920753 -0.04607617110013962
f 3592 3593 3594
v -0.011356757022440434 0.017620259895920753 -0.04607617110013962
v -0.005720079876482487 0.017620259895920753 -0.04710913449525833
v -0.008348003961145878 0.016888881102204323 -0.04734388738870621
f 3595 3596 3597
v -0.011356757022440434 0.017620259895920753 -0.04607617110013962
v -0.008348003961145878 0.016888881102204323 -0.04734388738870621
v -0.01150491926819086 0.016888881102204323 -0.04667728394269943
f 3598 3599 3600
v 0.002795262960717082 0.016888881102204323 -0.04799290746450424
v -1.072882005459519e-09 0.016888881102204323 -0.04807423800230026
v -1.072882005459519e-09 0.017620259895920753 -0.047455139458179474
f 3601 3602 3603
v -1.072882005459519e-09 0.017620259895920753 -0.047455139458179474
v -1.072882005459519e-09 0.016888881102204323 -0.04807423800230026
v -0.0027952652890235186 0.016888881102204323 -0.04799290746450424
f 3604 3605 3606
v -1.072882005459519e-09 0.018000001087784767 -0.04628262668848038
v 0.005643843673169613 0.017925703898072243 -0.04648127406835556
v -1.072882005459519e-09 0.017925703898072243 -0.046822674572467804
f 3607 3608 3609
v -1.072882005459519e-09 0.017925703898072243 -0.046822674572467804
v 0.005643843673169613 0.017925703898072243 -0.04648127406835556
v -1.072882005459519e-09 0.017620259895920753 -0.047455139458179474
f 3610 3611 3612
v -1.072882005459519e-09 0.017925703898072243 -0.046822674572467804
v -1.072882005459519e-09 0.017620259895920753 -0.047455139458179474
v -0.005720079876482487 0.017620259895920753 -0.04710913449525833
f 3613 3614 3615
v -0.005720079876482487 0.017620259895920753 -0.04710913449525833
v -1.072882005459519e-09 0.017620259895920753 -0.047455139458179474
v -0.0027952652890235186 0.016888881102204323 -0.04799290746450424
f 3616 3617 3618
v -0.005720079876482487 0.017620259895920753 -0.04710913449525833
v -0.0027952652890235186 0.016888881102204323 -0.04799290746450424
v -0.005794704891741276 0.016888881102204323 -0.04772373288869858
f 3619 3620 3621
v 0.005578755401074886 0.018000001087784767 -0.0459451749920845
v 0.011205404065549374 0.017925703898072243 -0.045462094247341156
v 0.005643843673169613 0.017925703898072243 -0.04648127406835556
f 3622 3623 3624
v 0.005643843673169613 0.017925703898072243 -0.04648127406835556
v 0.011205404065549374 0.017925703898072243 -0.045462094247341156
v 0.0057200780138373375 0.017620259895920753 -0.04710913449525833
f 3625 3626 3627
v 0.005643843673169613 0.017925703898072243 -0.04648127406835556
v 0.0057200780138373375 0.017620259895920753 -0.04710913449525833
v -1.072882005459519e-09 0.017620259895920753 -0.047455139458179474
f 3628 3629 3630
v -1.072882005459519e-09 0.017620259895920753 -0.047455139458179474
v 0.0057200780138373375 0.017620259895920753 -0.04710913449525833
v 0.0057947030290961266 0.016888881102204323 -0.04772373288869858
f 3631 3632 3633
v -1.072882005459519e-09 0.017620259895920753 -0.047455139458179474
v 0.0057947030290961266 0.016888881102204323 -0.04772373288869858
v 0.002795262960717082 0.016888881102204323 -0.04799290746450424
f 3634 3635 3636
v 0.011076151393353939 0.018000001087784767 -0.04493773728609085
v 0.016603542491793633 0.017925703898072243 -0.04377996176481247
v 0.011205404065549374 0.017925703898072243 -0.045462094247341156
f 3637 3638 3639
v 0.011205404065549374 0.017925703898072243 -0.045462094247341156
v 0.016603542491793633 0.017925703898072243 -0.04377996176481247
v 0.011356755159795284 0.017620259895920753 -0.04607617110013962
f 3640 3641 3642
v 0.011205404065549374 0.017925703898072243 -0.045462094247341156
v 0.011356755159795284 0.017620259895920753 -0.04607617110013962
v 0.0057200780138373375 0.017620259895920753 -0.04710913449525833
f 3643 3644 3645
v 0.0057200780138373375 0.017620259895920753 -0.04710913449525833
v 0.011356755159795284 0.017620259895920753 -0.04607617110013962
v 0.011504917405545712 0.016888881102204323 -0.04667728394269943
f 3646 3647 3648
v 0.0057200780138373375 0.017620259895920753 -0.04710913449525833
v 0.011504917405545712 0.016888881102204323 -0.04667728394269943
v 0.008348002098500729 0.016888881102204323 -0.04734388738870621
f 3649 3650 3651
v 0.016412047669291496 0.018000001087784767 -0.043275006115436554
v 0.021759582683444023 0.017925703898072243 -0.04145941883325577
v 0.016603542491793633 0.017925703898072243 -0.04377996176481247
f 3652 3653 3654
v 0.016603542491793633 0.017925703898072243 -0.04377996176481247
v 0.021759582683444023 0.017925703898072243 -0.04145941883325577
v 0.016827819868922234 0.017620259895920753 -0.044371314346790314
f 3655 3656 3657
v 0.016603542491793633 0.017925703898072243 -0.04377996176481247
v 0.016827819868922234 0.017620259895920753 -0.044371314346790314
v 0.011356755159795284 0.017620259895920753 -0.04607617110013962
f 3658 3659 3660
v 0.011356755159795284 0.017620259895920753 -0.04607617110013962
v 0.016827819868922234 0.017620259895920753 -0.044371314346790314
v 0.01704735867679119 0.016888881102204323 -0.04495019465684891
f 3661 3662 3663
v 0.011356755159795284 0.017620259895920753 -0.04607617110013962
v 0.01704735867679119 0.016888881102204323 -0.04495019465684891
v 0.013787849806249142 0.016888881102204323 -0.046054624021053314
f 3664 3665 3666
v 0.021508602425456047 0.018000001087784767 -0.040981225669384
v 0.026598302647471428 0.017925703898072243 -0.03853430598974228
v 0.021759582683444023 0.017925703898072243 -0.04145941883325577
f 3667 3668 3669
v 0.021759582683444023 0.017925703898072243 -0.04145941883325577
v 0.026598302647471428 0.017925703898072243 -0.03853430598974228
v 0.022053508087992668 0.017620259895920753 -0.04201943427324295
f 3670 3671 3672
v 0.021759582683444023 0.017925703898072243 -0.04145941883325577
v 0.022053508087992668 0.017620259895920753 -0.04201943427324295
v 0.016827819868922234 0.017620259895920753 -0.044371314346790314
f 3673 3674 3675
v 0.016827819868922234 0.017620259895920753 -0.044371314346790314
v 0.022053508087992668 0.017620259895920753 -0.04201943427324295
v 0.02234121970832348 0.016888881102204323 -0.04256763309240341
f 3676 3677 3678
v 0.016827819868922234 0.017620259895920753 -0.044371314346790314
v 0.02234121970832348 0.016888881102204323 -0.04256763309240341
v 0.019041238352656364 0.016888881102204323 -0.04414253681898117
f 3679 3680 3681
v 0.026291532441973686 0.018000001087784767 -0.038089849054813385
v 0.031049175187945366 0.017925703898072243 -0.035047270357608795
v 0.026598302647471428 0.017925703898072243 -0.03853430598974228
f 3682 3683 3684
v 0.026598302647471428 0.017925703898072243 -0.03853430598974228
v 0.031049175187945366 0.017925703898072243 -0.035047270357608795
v 0.02695758454501629 0.017620259895920753 -0.03905480355024338
f 3685 3686 3687
v 0.026598302647471428 0.017925703898072243 -0.03853430598974228
v 0.02695758454501629 0.017620259895920753 -0.03905480355024338
v 0.022053508087992668 0.017620259895920753 -0.04201943427324295
f 3688 3689 3690
v 0.022053508087992668 0.017620259895920753 -0.04201943427324295
v 0.02695758454501629 0.017620259895920753 -0.03905480355024338
v 0.02730928175151348 0.016888881102204323 -0.03956431895494461
f 3691 3692 3693
v 0.022053508087992668 0.017620259895920753 -0.04201943427324295
v 0.02730928175151348 0.016888881102204323 -0.03956431895494461
v 0.02403712086379528 0.016888881102204323 -0.04163350909948349
f 3694 3695 3696
v 0.030691055580973625 0.018000001087784767 -0.03464304655790329
v 0.03504727780818939 0.017925703898072243 -0.031049171462655067
v 0.031049175187945366 0.017925703898072243 -0.035047270357608795
f 3697 3698 3699
v 0.031049175187945366 0.017925703898072243 -0.035047270357608795
v 0.03504727780818939 0.017925703898072243 -0.031049171462655067
v 0.03146857023239136 0.017620259895920753 -0.035520680248737335
f 3700 3701 3702
v 0.031049175187945366 0.017925703898072243 -0.035047270357608795
v 0.03146857023239136 0.017620259895920753 -0.035520680248737335
v 0.02695758454501629 0.017620259895920753 -0.03905480355024338
f 3703 3704 3705
v 0.02695758454501629 0.017620259895920753 -0.03905480355024338
v 0.03146857023239136 0.017620259895920753 -0.035520680248737335
v 0.03187912702560425 0.016888881102204323 -0.0359840914607048
f 3706 3707 3708
v 0.02695758454501629 0.017620259895920753 -0.03905480355024338
v 0.03187912702560425 0.016888881102204323 -0.0359840914607048
v 0.028707949444651604 0.016888881102204323 -0.03856145590543747
f 3709 3710 3711
v 0.03464305400848389 0.018000001087784767 -0.03069106675684452
v 0.03853429853916168 0.017925703898072243 -0.026598313823342323
v 0.03504727780818939 0.017925703898072243 -0.031049171462655067
f 3712 3713 3714
v 0.03504727780818939 0.017925703898072243 -0.031049171462655067
v 0.03853429853916168 0.017925703898072243 -0.026598313823342323
v 0.03552068769931793 0.017620259895920753 -0.031468577682971954
f 3715 3716 3717
v 0.03504727780818939 0.017925703898072243 -0.031049171462655067
v 0.03552068769931793 0.017620259895920753 -0.031468577682971954
v 0.03146857023239136 0.017620259895920753 -0.035520680248737335
f 3718 3719 3720
v 0.03146857023239136 0.017620259895920753 -0.035520680248737335
v 0.03552068769931793 0.017620259895920753 -0.031468577682971954
v 0.03598408401012421 0.016888881102204323 -0.03187911957502365
f 3721 3722 3723
v 0.03146857023239136 0.017620259895920753 -0.035520680248737335
v 0.03598408401012421 0.016888881102204323 -0.03187911957502365
v 0.03299054503440857 0.016888881102204323 -0.03496793657541275
f 3724 3725 3726
v 0.03808985650539398 0.018000001087784767 -0.026291528716683388
v 0.04145941138267517 0.017925703898072243 -0.021759578958153725
v 0.03853429853916168 0.017925703898072243 -0.026598313823342323
f 3727 3728 3729
v 0.03853429853916168 0.017925703898072243 -0.026598313823342323
v 0.04145941138267517 0.017925703898072243 -0.021759578958153725
v 0.039054811000823975 0.017620259895920753 -0.026957595720887184
f 3730 3731 3732
v 0.03853429853916168 0.017925703898072243 -0.026598313823342323
v 0.039054811000823975 0.017620259895920753 -0.026957595720887184
v 0.03552068769931793 0.017620259895920753 -0.031468577682971954
f 3733 3734 3735
v 0.03552068769931793 0.017620259895920753 -0.031468577682971954
v 0.039054811000823975 0.017620259895920753 -0.026957595720887184
v 0.03956432640552521 0.016888881102204323 -0.027309278026223183
f 3736 3737 3738
v 0.03552068769931793 0.017620259895920753 -0.031468577682971954
v 0.03956432640552521 0.016888881102204323 -0.027309278026223183
v 0.03682701289653778 0.016888881102204323 -0.030901530757546425
f 3739 3740 3741
v 0.0409812331199646 0.018000001087784767 -0.021508613601326942
v 0.04377995431423187 0.017925703898072243 -0.01660354621708393
v 0.04145941138267517 0.017925703898072243 -0.021759578958153725
f 3742 3743 3744
v 0.04145941138267517 0.017925703898072243 -0.021759578958153725
v 0.04377995431423187 0.017925703898072243 -0.01660354621708393
v 0.04201944172382355 0.017620259895920753 -0.02205350436270237
f 3745 3746 3747
v 0.04145941138267517 0.017925703898072243 -0.021759578958153725
v 0.04201944172382355 0.017620259895920753 -0.02205350436270237
v 0.039054811000823975 0.017620259895920753 -0.026957595720887184
f 3748 3749 3750
v 0.039054811000823975 0.017620259895920753 -0.026957595720887184
v 0.04201944172382355 0.017620259895920753 -0.02205350436270237
v 0.042567625641822815 0.016888881102204323 -0.02234121598303318
f 3751 3752 3753
v 0.039054811000823975 0.017620259895920753 -0.026957595720887184
v 0.042567625641822815 0.016888881102204323 -0.02234121598303318
v 0.04016543924808502 0.016888881102204323 -0.026417234912514687
f 3754 3755 3756
v 0.04327501356601715 0.018000001087784767 -0.016412043944001198
v 0.04546208679676056 0.017925703898072243 -0.0112053994089365
v 0.04377995431423187 0.017925703898072243 -0.01660354621708393
f 3757 3758 3759
v 0.04377995431423187 0.017925703898072243 -0.01660354621708393
v 0.04546208679676056 0.017925703898072243 -0.0112053994089365
v 0.04437132179737091 0.017620259895920753 -0.016827823594212532
f 3760 3761 3762
v 0.04377995431423187 0.017925703898072243 -0.01660354621708393
v 0.04437132179737091 0.017620259895920753 -0.016827823594212532
v 0.04201944172382355 0.017620259895920753 -0.02205350436270237
f 3763 3764 3765
v 0.04201944172382355 0.017620259895920753 -0.02205350436270237
v 0.04437132179737091 0.017620259895920753 -0.016827823594212532
v 0.044950202107429504 0.016888881102204323 -0.01704736240208149
f 3766 3767 3768
v 0.04201944172382355 0.017620259895920753 -0.02205350436270237
v 0.044950202107429504 0.016888881102204323 -0.01704736240208149
v 0.042960718274116516 0.016888881102204323 -0.02157568372786045
f 3769 3770 3771
v 0.04807424545288086 0.016888881102204323 -1.8530144085815436e-09
v 0.04772372543811798 0.016888881102204323 -0.005794713273644447
v 0.04710914194583893 0.017620259895920753 -0.005720088258385658
f 3772 3773 3774
v 0.04710914194583893 0.017620259895920753 -0.005720088258385658
v 0.04772372543811798 0.016888881102204323 -0.005794713273644447
v 0.046778395771980286 0.016888881102204323 -0.011086681857705116
f 3775 3776 3777
v 0.04710914194583893 0.017620259895920753 -0.005720088258385658
v 0.046778395771980286 0.016888881102204323 -0.011086681857705116
v 0.046076178550720215 0.017620259895920753 -0.011356757953763008
f 3778 3779 3780
v 0.046076178550720215 0.017620259895920753 -0.011356757953763008
v 0.046778395771980286 0.016888881102204323 -0.011086681857705116
v 0.04667729139328003 0.016888881102204323 -0.011504920199513435
f 3781 3782 3783
v 0.046076178550720215 0.017620259895920753 -0.011356757953763008
v 0.04667729139328003 0.016888881102204323 -0.011504920199513435
v 0.04437132179737091 0.017620259895920753 -0.016827823594212532
f 3784 3785 3786
v 0.04437132179737091 0.017620259895920753 -0.016827823594212532
v 0.04667729139328003 0.016888881102204323 -0.011504920199513435
v 0.045175015926361084 0.016888881102204323 -0.01644236035645008
f 3787 3788 3789
v 0.04437132179737091 0.017620259895920753 -0.016827823594212532
v 0.045175015926361084 0.016888881102204323 -0.01644236035645008
v 0.044950202107429504 0.016888881102204323 -0.01704736240208149
f 3790 3791 3792
v 0.04772372543811798 -0.016888892278075218 -0.005794713273644447
v 0.046778395771980286 -0.016888892278075218 -0.011086681857705116
v 0.04844430088996887 -0.012874198146164417 -0.0114815104752779
f 3793 3794 3795
v 0.04667729139328003 -0.016888892278075218 -0.011504920199513435
v 0.045175015926361084 -0.016888892278075218 -0.01644236035645008
v 0.04678380489349365 -0.012874198146164417 -0.01702791638672352
f 3796 3797 3798
v 0.044950202107429504 -0.016888892278075218 -0.01704736240208149
v 0.042960718274116516 -0.016888892278075218 -0.02157568372786045
v 0.04449065029621124 -0.012874198146164417 -0.02234404720366001
f 3799 3800 3801
v 0.042567625641822815 -0.016888892278075218 -0.02234121598303318
v 0.04016543924808502 -0.016888892278075218 -0.026417234912514687
v 0.04159584641456604 -0.012874198146164417 -0.02735801972448826
f 3802 3803 3804
v 0.03956432640552521 -0.016888892278075218 -0.027309278026223183
v 0.03682701289653778 -0.016888892278075218 -0.030901530757546425
v 0.038138508796691895 -0.012874198146164417 -0.03200200945138931
f 3805 3806 3807
v 0.03598408401012421 -0.016888892278075218 -0.03187911957502365
v 0.03299054503440857 -0.016888892278075218 -0.03496793657541275
v 0.03416542708873749 -0.012874198146164417 -0.0362132266163826
f 3808 3809 3810
v 0.03187912702560425 -0.016888892278075218 -0.0359840914607048
v 0.028707949444651604 -0.016888892278075218 -0.03856145590543747
v 0.029730303213000298 -0.012874198146164417 -0.039934732019901276
f 3811 3812 3813
v 0.02730928175151348 -0.016888892278075218 -0.03956431895494461
v 0.02403712086379528 -0.016888892278075218 -0.04163350909948349
v 0.024893147870898247 -0.012874198146164417 -0.043116189539432526
f 3814 3815 3816
v 0.02234121970832348 -0.016888892278075218 -0.04256763309240341
v 0.019041238352656364 -0.016888892278075218 -0.04414253681898117
v 0.01971934549510479 -0.012874198146164417 -0.04571456462144852
f 3817 3818 3819
v 0.01704735867679119 -0.016888892278075218 -0.04495019465684891
v 0.013787849806249142 -0.016888892278075218 -0.046054624021053314
v 0.01427887286990881 -0.012874198146164417 -0.04769473522901535
f 3820 3821 3822
v 0.011504917405545712 -0.016888892278075218 -0.04667728394269943
v 0.008348002098500729 -0.016888892278075218 -0.04734388738870621
v 0.008645295165479183 -0.012874198146164417 -0.04902992397546768
f 3823 3824 3825
v 0.0057947030290961266 -0.016888892278075218 -0.04772373288869858
v 0.002795262960717082 -0.016888892278075218 -0.04799290746450424
v 0.002894817618653178 -0.012874198146164417 -0.049702055752277374
f 3826 3827 3828
v -0.01704736240208149 -0.016888892278075218 -0.04495019465684891
v -0.019041242077946663 -0.016888892278075218 -0.04414253681898117
v -0.019719349220395088 -0.012874198146164417 -0.04571456462144852
f 3829 3830 3831
v -0.022341208532452583 -0.016888892278075218 -0.04256763309240341
v -0.02403712458908558 -0.016888892278075218 -0.04163350909948349
v -0.024893151596188545 -0.012874198146164417 -0.043116189539432526
f 3832 3833 3834
v -0.02730928547680378 -0.016888892278075218 -0.03956431895494461
v -0.028707953169941902 -0.016888892278075218 -0.03856145590543747
v -0.029730306938290596 -0.012874198146164417 -0.039934732019901276
f 3835 3836 3837
v -0.031879112124443054 -0.016888892278075218 -0.0359840914607048
v -0.03299054503440857 -0.016888892278075218 -0.03496793657541275
v -0.03416542708873749 -0.012874198146164417 -0.0362132266163826
f 3838 3839 3840
v -0.03598408401012421 -0.016888892278075218 -0.03187911957502365
v -0.03682701289653778 -0.016888892278075218 -0.030901530757546425
v -0.038138508796691895 -0.012874198146164417 -0.03200200945138931
f 3841 3842 3843
v -0.03956432640552521 -0.016888892278075218 -0.027309278026223183
v -0.04016543924808502 -0.016888892278075218 -0.026417234912514687
v -0.041595831513404846 -0.012874198146164417 -0.02735801972448826
f 3844 3845 3846
v -0.042567625641822815 -0.016888892278075218 -0.02234121598303318
v -0.042960718274116516 -0.016888892278075218 -0.02157568372786045
v -0.04449065029621124 -0.012874198146164417 -0.02234404720366001
f 3847 3848 3849
v -0.044950202107429504 -0.016888892278075218 -0.01704736240208149
v -0.045175015926361084 -0.016888892278075218 -0.01644236035645008
v -0.04678380489349365 -0.012874198146164417 -0.01702791638672352
f 3850 3851 3852
v -0.04667729139328003 -0.016888892278075218 -0.011504920199513435
v -0.046778395771980286 -0.016888892278075218 -0.011086681857705116
v -0.04844428598880768 -0.012874198146164417 -0.0114815104752779
f 3853 3854 3855
v -0.04772372543811798 -0.016888892278075218 -0.005794713273644447
v -0.04774917662143707 -0.016888892278075218 -0.0055810753256082535
v -0.049449652433395386 -0.012874198146164417 -0.0057798344641923904
f 3856 3857 3858
v -0.03908702731132507 0.008699099533259869 -0.032797910273075104
v -0.03815397620201111 0.012817989103496075 -0.032014988362789154
v -0.034179285168647766 0.012817989103496075 -0.03622791916131973
f 3859 3860 3861
v 0.04772372543811798 0.016888881102204323 -0.005794713273644447
v 0.04807424545288086 0.016888881102204323 -1.8530144085815436e-09
v 0.049806490540504456 0.012817989103496075 -1.8530144085815436e-09
f 3862 3863 3864
v 0.046778395771980286 0.016888881102204323 -0.011086681857705116
v 0.04772372543811798 0.016888881102204323 -0.005794713273644447
v 0.049469709396362305 0.012817989103496075 -0.0057821813970804214
f 3865 3866 3867
v -0.01150491926819086 0.016888881102204323 -0.04667728394269943
v -0.008348003961145878 0.016888881102204323 -0.04734388738870621
v -0.008648798801004887 0.012817989103496075 -0.04904981702566147
f 3868 3869 3870
v -0.042567625641822815 0.016888881102204323 -0.02234121598303318
v -0.04016543924808502 0.016888881102204323 -0.026417234912514687
v -0.041612714529037476 0.012817989103496075 -0.02736910618841648
f 3871 3872 3873
v -0.044950202107429504 0.016888881102204323 -0.01704736240208149
v -0.042960718274116516 0.016888881102204323 -0.02157568372786045
v -0.04450869560241699 0.012817989103496075 -0.02235310710966587
f 3874 3875 3876
v -0.04667729139328003 0.016888881102204323 -0.011504920199513435
v -0.045175015926361084 0.016888881102204323 -0.01644236035645008
v -0.046802788972854614 0.012817989103496075 -0.017034823074936867
f 3877 3878 3879
v -0.04772372543811798 0.016888881102204323 -0.005794713273644447
v -0.046778395771980286 0.016888881102204323 -0.011086681857705116
v -0.04846394062042236 0.012817989103496075 -0.011486167088150978
f 3880 3881 3882
v -0.03956432640552521 0.016888881102204323 -0.027309278026223183
v -0.03682701289653778 0.016888881102204323 -0.030901530757546425
v -0.03815397620201111 0.012817989103496075 -0.032014988362789154
f 3883 3884 3885
v -0.03815397620201111 0.012817989103496075 -0.032014988362789154
v -0.03682701289653778 0.016888881102204323 -0.030901530757546425
v -0.03598408401012421 0.016888881102204323 -0.03187911957502365
f 3886 3887 3888
v -0.03815397620201111 0.012817989103496075 -0.032014988362789154
v -0.03598408401012421 0.016888881102204323 -0.03187911957502365
v -0.034179285168647766 0.012817989103496075 -0.03622791916131973
f 3889 3890 3891
v -0.034179285168647766 0.012817989103496075 -0.03622791916131973
v -0.03598408401012421 0.016888881102204323 -0.03187911957502365
v -0.03299054503440857 0.016888881102204323 -0.03496793657541275
f 3892 3893 3894
v -0.034179285168647766 0.012817989103496075 -0.03622791916131973
v -0.03299054503440857 0.016888881102204323 -0.03496793657541275
v -0.031879112124443054 0.016888881102204323 -0.0359840914607048
f 3895 3896 3897
v -0.031879112124443054 0.016888881102204323 -0.0359840914607048
v -0.028707953169941902 0.016888881102204323 -0.03856145590543747
v -0.029742376878857613 0.012817989103496075 -0.03995092958211899
f 3898 3899 3900
v -0.029742376878857613 0.012817989103496075 -0.03995092958211899
v -0.028707953169941902 0.016888881102204323 -0.03856145590543747
v -0.02730928547680378 0.016888881102204323 -0.03956431895494461
f 3901 3902 3903
v -0.02730928547680378 0.016888881102204323 -0.03956431895494461
v -0.02403712458908558 0.016888881102204323 -0.04163350909948349
v -0.02490323968231678 0.012817989103496075 -0.0431336835026741
f 3904 3905 3906
v -0.02490323968231678 0.012817989103496075 -0.0431336835026741
v -0.02403712458908558 0.016888881102204323 -0.04163350909948349
v -0.022341208532452583 0.016888881102204323 -0.04256763309240341
f 3907 3908 3909
v -0.022341208532452583 0.016888881102204323 -0.04256763309240341
v -0.019041242077946663 0.016888881102204323 -0.04414253681898117
v -0.01972733624279499 0.012817989103496075 -0.04573311656713486
f 3910 3911 3912
v -0.01972733624279499 0.012817989103496075 -0.04573311656713486
v -0.019041242077946663 0.016888881102204323 -0.04414253681898117
v -0.01704736240208149 0.016888881102204323 -0.04495019465684891
f 3913 3914 3915
v -0.01704736240208149 0.016888881102204323 -0.04495019465684891
v -0.013787851668894291 0.016888881102204323 -0.046054624021053314
v -0.014284656383097172 0.012817989103496075 -0.04771409183740616
f 3916 3917 3918
v -0.014284656383097172 0.012817989103496075 -0.04771409183740616
v -0.013787851668894291 0.016888881102204323 -0.046054624021053314
v -0.01150491926819086 0.016888881102204323 -0.04667728394269943
f 3919 3920 3921
v -0.0027952652890235186 0.016888881102204323 -0.04799290746450424
v -1.072882005459519e-09 0.016888881102204323 -0.04807423800230026
v 0.002895994810387492 0.012817989103496075 -0.04972221702337265
f 3922 3923 3924
v 0.002795262960717082 0.016888881102204323 -0.04799290746450424
v 0.0057947030290961266 0.016888881102204323 -0.04772373288869858
v 0.008648811839520931 0.012817989103496075 -0.04904981702566147
f 3925 3926 3927
v 0.008348002098500729 0.016888881102204323 -0.04734388738870621
v 0.011504917405545712 0.016888881102204323 -0.04667728394269943
v 0.014284654520452023 0.012817989103496075 -0.04771409183740616
f 3928 3929 3930
v 0.013787849806249142 0.016888881102204323 -0.046054624021053314
v 0.01704735867679119 0.016888881102204323 -0.04495019465684891
v 0.019727332517504692 0.012817989103496075 -0.04573311656713486
f 3931 3932 3933
v 0.019041238352656364 0.016888881102204323 -0.04414253681898117
v 0.02234121970832348 0.016888881102204323 -0.04256763309240341
v 0.02490323595702648 0.012817989103496075 -0.0431336835026741
f 3934 3935 3936
v 0.02403712086379528 0.016888881102204323 -0.04163350909948349
v 0.02730928175151348 0.016888881102204323 -0.03956431895494461
v 0.029742373153567314 0.012817989103496075 -0.03995092958211899
f 3937 3938 3939
v 0.028707949444651604 0.016888881102204323 -0.03856145590543747
v 0.03187912702560425 0.016888881102204323 -0.0359840914607048
v 0.034179285168647766 0.012817989103496075 -0.03622791916131973
f 3940 3941 3942
v 0.03299054503440857 0.016888881102204323 -0.03496793657541275
v 0.03598408401012421 0.016888881102204323 -0.03187911957502365
v 0.03815397620201111 0.012817989103496075 -0.032014988362789154
f 3943 3944 3945
v 0.03682701289653778 0.016888881102204323 -0.030901530757546425
v 0.03956432640552521 0.016888881102204323 -0.027309278026223183
v 0.041612714529037476 0.012817989103496075 -0.02736910618841648
f 3946 3947 3948
v 0.04016543924808502 0.016888881102204323 -0.026417234912514687
v 0.042567625641822815 0.016888881102204323 -0.02234121598303318
v 0.04450869560241699 0.012817989103496075 -0.02235310710966587
f 3949 3950 3951
v 0.042960718274116516 0.016888881102204323 -0.02157568372786045
v 0.044950202107429504 0.016888881102204323 -0.01704736240208149
v 0.046802788972854614 0.012817989103496075 -0.017034823074936867
f 3952 3953 3954
v 0.045175015926361084 0.016888881102204323 -0.01644236035645008
v 0.04667729139328003 0.016888881102204323 -0.011504920199513435
v 0.04846394062042236 0.012817989103496075 -0.011486167088150978
f 3955 3956 3957
v -0.04016543924808502 0.016888881102204323 -0.026417234912514687
v -0.03956432640552521 0.016888881102204323 -0.027309278026223183
v -0.041612714529037476 0.012817989103496075 -0.02736910618841648
f 3958 3959 3960
v -0.041612714529037476 0.012817989103496075 -0.02736910618841648
v -0.03956432640552521 0.016888881102204323 -0.027309278026223183
v -0.03815397620201111 0.012817989103496075 -0.032014988362789154
f 3961 3962 3963
v -0.041612714529037476 0.012817989103496075 -0.02736910618841648
v -0.03815397620201111 0.012817989103496075 -0.032014988362789154
v -0.042630329728126526 0.008699099533259869 -0.028038406744599342
f 3964 3965 3966
v -0.042630329728126526 0.008699099533259869 -0.028038406744599342
v -0.03815397620201111 0.012817989103496075 -0.032014988362789154
v -0.03908702731132507 0.008699099533259869 -0.032797910273075104
f 3967 3968 3969
v -0.042630329728126526 0.008699099533259869 -0.028038406744599342
v -0.03908702731132507 0.008699099533259869 -0.032797910273075104
v -0.04325653612613678 0.0044342828914523125 -0.02845027483999729
f 3970 3971 3972
v -0.042960718274116516 0.016888881102204323 -0.02157568372786045
v -0.042567625641822815 0.016888881102204323 -0.02234121598303318
v -0.04450869560241699 0.012817989103496075 -0.02235310710966587
f 3973 3974 3975
v -0.04450869560241699 0.012817989103496075 -0.02235310710966587
v -0.042567625641822815 0.016888881102204323 -0.02234121598303318
v -0.041612714529037476 0.012817989103496075 -0.02736910618841648
f 3976 3977 3978
v -0.04450869560241699 0.012817989103496075 -0.02235310710966587
v -0.041612714529037476 0.012817989103496075 -0.02736910618841648
v -0.045597150921821594 0.008699099533259869 -0.022899741306900978
f 3979 3980 3981
v -0.045597150921821594 0.008699099533259869 -0.022899741306900978
v -0.041612714529037476 0.012817989103496075 -0.02736910618841648
v -0.042630329728126526 0.008699099533259869 -0.028038406744599342
f 3982 3983 3984
v -0.045597150921821594 0.008699099533259869 -0.022899741306900978
v -0.042630329728126526 0.008699099533259869 -0.028038406744599342
v -0.04626692831516266 0.0044342828914523125 -0.023236120119690895
f 3985 3986 3987
v -0.04626692831516266 0.0044342828914523125 -0.023236120119690895
v -0.042630329728126526 0.008699099533259869 -0.028038406744599342
v -0.04325653612613678 0.0044342828914523125 -0.02845027483999729
f 3988 3989 3990
v -0.04626692831516266 0.0044342828914523125 -0.023236120119690895
v -0.04325653612613678 0.0044342828914523125 -0.02845027483999729
v -0.04649883508682251 8.305430674226955e-05 -0.023352602496743202
f 3991 3992 3993
v -0.045175015926361084 0.016888881102204323 -0.01644236035645008
v -0.044950202107429504 0.016888881102204323 -0.01704736240208149
v -0.046802788972854614 0.012817989103496075 -0.017034823074936867
f 3994 3995 3996
v -0.046802788972854614 0.012817989103496075 -0.017034823074936867
v -0.044950202107429504 0.016888881102204323 -0.01704736240208149
v -0.04450869560241699 0.012817989103496075 -0.02235310710966587
f 3997 3998 3999
v -0.046802788972854614 0.012817989103496075 -0.017034823074936867
v -0.04450869560241699 0.012817989103496075 -0.02235310710966587
v -0.04794733226299286 0.008699099533259869 -0.017451399937272072
f 4000 4001 4002
v -0.04794733226299286 0.008699099533259869 -0.017451399937272072
v -0.04450869560241699 0.012817989103496075 -0.02235310710966587
v -0.045597150921821594 0.008699099533259869 -0.022899741306900978
f 4003 4004 4005
v -0.04794733226299286 0.008699099533259869 -0.017451399937272072
v -0.045597150921821594 0.008699099533259869 -0.022899741306900978
v -0.04865163564682007 0.0044342828914523125 -0.017707744613289833
f 4006 4007 4008
v -0.04865163564682007 0.0044342828914523125 -0.017707744613289833
v -0.045597150921821594 0.008699099533259869 -0.022899741306900978
v -0.04626692831516266 0.0044342828914523125 -0.023236120119690895
f 4009 4010 4011
v -0.04865163564682007 0.0044342828914523125 -0.017707744613289833
v -0.04626692831516266 0.0044342828914523125 -0.023236120119690895
v -0.04889550805091858 8.305430674226955e-05 -0.017796510830521584
f 4012 4013 4014
v -0.04889550805091858 8.305430674226955e-05 -0.017796510830521584
v -0.04626692831516266 0.0044342828914523125 -0.023236120119690895
v -0.04649883508682251 8.305430674226955e-05 -0.023352602496743202
f 4015 4016 4017
v -0.04889550805091858 8.305430674226955e-05 -0.017796510830521584
v -0.04649883508682251 8.305430674226955e-05 -0.023352602496743202
v -0.048667192459106445 -0.0042910026386380196 -0.017713407054543495
f 4018 4019 4020
v -0.046778395771980286 0.016888881102204323 -0.011086681857705116
v -0.04667729139328003 0.016888881102204323 -0.011504920199513435
v -0.04846394062042236 0.012817989103496075 -0.011486167088150978
f 4021 4022 4023
v -0.04846394062042236 0.012817989103496075 -0.011486167088150978
v -0.04667729139328003 0.016888881102204323 -0.011504920199513435
v -0.046802788972854614 0.012817989103496075 -0.017034823074936867
f 4024 4025 4026
v -0.04846394062042236 0.012817989103496075 -0.011486167088150978
v -0.046802788972854614 0.012817989103496075 -0.017034823074936867
v -0.04964911937713623 0.008699099533259869 -0.011767053976655006
f 4027 4028 4029
v -0.04964911937713623 0.008699099533259869 -0.011767053976655006
v -0.046802788972854614 0.012817989103496075 -0.017034823074936867
v -0.04794733226299286 0.008699099533259869 -0.017451399937272072
f 4030 4031 4032
v -0.04964911937713623 0.008699099533259869 -0.011767053976655006
v -0.04794733226299286 0.008699099533259869 -0.017451399937272072
v -0.05037841200828552 0.0044342828914523125 -0.01193990744650364
f 4033 4034 4035
v -0.05037841200828552 0.0044342828914523125 -0.01193990744650364
v -0.04794733226299286 0.008699099533259869 -0.017451399937272072
v -0.04865163564682007 0.0044342828914523125 -0.017707744613289833
f 4036 4037 4038
v -0.05037841200828552 0.0044342828914523125 -0.01193990744650364
v -0.04865163564682007 0.0044342828914523125 -0.017707744613289833
v -0.05063094198703766 8.305430674226955e-05 -0.011999750509858131
f 4039 4040 4041
v -0.05063094198703766 8.305430674226955e-05 -0.011999750509858131
v -0.04865163564682007 0.0044342828914523125 -0.017707744613289833
v -0.04889550805091858 8.305430674226955e-05 -0.017796510830521584
f 4042 4043 4044
v -0.05063094198703766 8.305430674226955e-05 -0.011999750509858131
v -0.04889550805091858 8.305430674226955e-05 -0.017796510830521584
v -0.05039452016353607 -0.0042910026386380196 -0.011943722143769264
f 4045 4046 4047
v -0.05039452016353607 -0.0042910026386380196 -0.011943722143769264
v -0.04889550805091858 8.305430674226955e-05 -0.017796510830521584
v -0.048667192459106445 -0.0042910026386380196 -0.017713407054543495
f 4048 4049 4050
v -0.05039452016353607 -0.0042910026386380196 -0.011943722143769264
v -0.048667192459106445 -0.0042910026386380196 -0.017713407054543495
v -0.04966488480567932 -0.00862990040332079 -0.011770794168114662
f 4051 4052 4053
v -0.04807424545288086 0.016888881102204323 -1.8530144085815436e-09
v -0.04772372543811798 0.016888881102204323 -0.005794713273644447
v -0.049469709396362305 0.012817989103496075 -0.0057821813970804214
f 4054 4055 4056
v -0.049469709396362305 0.012817989103496075 -0.0057821813970804214
v -0.04772372543811798 0.016888881102204323 -0.005794713273644447
v -0.04846394062042236 0.012817989103496075 -0.011486167088150978
f 4057 4058 4059
v -0.049469709396362305 0.012817989103496075 -0.0057821813970804214
v -0.04846394062042236 0.012817989103496075 -0.011486167088150978
v -0.05067947506904602 0.008699099533259869 -0.005923578515648842
f 4060 4061 4062
v -0.05067947506904602 0.008699099533259869 -0.005923578515648842
v -0.04846394062042236 0.012817989103496075 -0.011486167088150978
v -0.04964911937713623 0.008699099533259869 -0.011767053976655006
f 4063 4064 4065
v -0.05067947506904602 0.008699099533259869 -0.005923578515648842
v -0.04964911937713623 0.008699099533259869 -0.011767053976655006
v -0.05142390727996826 0.0044342828914523125 -0.006010593846440315
f 4066 4067 4068
v -0.05142390727996826 0.0044342828914523125 -0.006010593846440315
v -0.04964911937713623 0.008699099533259869 -0.011767053976655006
v -0.05037841200828552 0.0044342828914523125 -0.01193990744650364
f 4069 4070 4071
v -0.05142390727996826 0.0044342828914523125 -0.006010593846440315
v -0.05037841200828552 0.0044342828914523125 -0.01193990744650364
v -0.05168168246746063 8.305430674226955e-05 -0.006040723994374275
f 4072 4073 4074
v -0.05168168246746063 8.305430674226955e-05 -0.006040723994374275
v -0.05037841200828552 0.0044342828914523125 -0.01193990744650364
v -0.05063094198703766 8.305430674226955e-05 -0.011999750509858131
f 4075 4076 4077
v -0.05168168246746063 8.305430674226955e-05 -0.006040723994374275
v -0.05063094198703766 8.305430674226955e-05 -0.011999750509858131
v -0.05144035816192627 -0.0042910026386380196 -0.006012516096234322
f 4078 4079 4080
v -0.05144035816192627 -0.0042910026386380196 -0.006012516096234322
v -0.05063094198703766 8.305430674226955e-05 -0.011999750509858131
v -0.05039452016353607 -0.0042910026386380196 -0.011943722143769264
f 4081 4082 4083
v -0.05144035816192627 -0.0042910026386380196 -0.006012516096234322
v -0.05039452016353607 -0.0042910026386380196 -0.011943722143769264
v -0.050695568323135376 -0.00862990040332079 -0.005925463512539864
f 4084 4085 4086
v -0.050695568323135376 -0.00862990040332079 -0.005925463512539864
v -0.05039452016353607 -0.0042910026386380196 -0.011943722143769264
v -0.04966488480567932 -0.00862990040332079 -0.011770794168114662
f 4087 4088 4089
v -0.050695568323135376 -0.00862990040332079 -0.005925463512539864
v -0.04966488480567932 -0.00862990040332079 -0.011770794168114662
v -0.049449652433395386 -0.012874198146164417 -0.0057798344641923904
f 4090 4091 4092
v -0.008863122202455997 -0.00862990040332079 -0.05026526004076004
v -0.008645297028124332 -0.012874198146164417 -0.04902992397546768
v -0.014278874732553959 -0.012874198146164417 -0.04769473522901535
f 4093 4094 4095
v -0.04807424545288086 0.016888881102204323 -1.8530144085815436e-09
v -0.049469709396362305 0.012817989103496075 -0.0057821813970804214
v -0.049806490540504456 0.012817989103496075 -1.8530144085815436e-09
f 4096 4097 4098
v -0.049806490540504456 0.012817989103496075 -1.8530144085815436e-09
v -0.049469709396362305 0.012817989103496075 -0.0057821813970804214
v -0.05067947506904602 0.008699099533259869 -0.005923578515648842
f 4099 4100 4101
v -0.049806490540504456 0.012817989103496075 -1.8530144085815436e-09
v -0.05067947506904602 0.008699099533259869 -0.005923578515648842
v -0.051024481654167175 0.008699099533259869 -1.8530144085815436e-09
f 4102 4103 4104
v -0.051024481654167175 0.008699099533259869 -1.8530144085815436e-09
v -0.05067947506904602 0.008699099533259869 -0.005923578515648842
v -0.05142390727996826 0.0044342828914523125 -0.006010593846440315
f 4105 4106 4107
v -0.051024481654167175 0.008699099533259869 -1.8530144085815436e-09
v -0.05142390727996826 0.0044342828914523125 -0.006010593846440315
v -0.05177399516105652 0.0044342828914523125 -1.8530144085815436e-09
f 4108 4109 4110
v -0.05177399516105652 0.0044342828914523125 -1.8530144085815436e-09
v -0.05142390727996826 0.0044342828914523125 -0.006010593846440315
v -0.05168168246746063 8.305430674226955e-05 -0.006040723994374275
f 4111 4112 4113
v -0.05177399516105652 0.0044342828914523125 -1.8530144085815436e-09
v -0.05168168246746063 8.305430674226955e-05 -0.006040723994374275
v -0.05203351378440857 8.305430674226955e-05 -1.8530144085815436e-09
f 4114 4115 4116
v -0.05203351378440857 8.305430674226955e-05 -1.8530144085815436e-09
v -0.05168168246746063 8.305430674226955e-05 -0.006040723994374275
v -0.05144035816192627 -0.0042910026386380196 -0.006012516096234322
f 4117 4118 4119
v -0.05203351378440857 8.305430674226955e-05 -1.8530144085815436e-09
v -0.05144035816192627 -0.0042910026386380196 -0.006012516096234322
v -0.05179055035114288 -0.0042910026386380196 -1.8530144085815436e-09
f 4120 4121 4122
v -0.05179055035114288 -0.0042910026386380196 -1.8530144085815436e-09
v -0.05144035816192627 -0.0042910026386380196 -0.006012516096234322
v -0.050695568323135376 -0.00862990040332079 -0.005925463512539864
f 4123 4124 4125
v -0.05179055035114288 -0.0042910026386380196 -1.8530144085815436e-09
v -0.050695568323135376 -0.00862990040332079 -0.005925463512539864
v -0.05104069411754608 -0.00862990040332079 -1.8530144085815436e-09
f 4126 4127 4128
v -0.05104069411754608 -0.00862990040332079 -1.8530144085815436e-09
v -0.050695568323135376 -0.00862990040332079 -0.005925463512539864
v -0.049449652433395386 -0.012874198146164417 -0.0057798344641923904
f 4129 4130 4131
v -0.05104069411754608 -0.00862990040332079 -1.8530144085815436e-09
v -0.049449652433395386 -0.012874198146164417 -0.0057798344641923904
v -0.0497862845659256 -0.012874198146164417 -1.8530144085815436e-09
f 4132 4133 4134
v -0.0497862845659256 -0.012874198146164417 -1.8530144085815436e-09
v -0.049449652433395386 -0.012874198146164417 -0.0057798344641923904
v -0.04774917662143707 -0.016888892278075218 -0.0055810753256082535
f 4135 4136 4137
v -0.0497862845659256 -0.012874198146164417 -1.8530144085815436e-09
v -0.04774917662143707 -0.016888892278075218 -0.0055810753256082535
v -0.04807424545288086 -0.016888892278075218 -1.8530144085815436e-09
f 4138 4139 4140
v -0.031879112124443054 0.016888881102204323 -0.0359840914607048
v -0.029742376878857613 0.012817989103496075 -0.03995092958211899
v -0.034179285168647766 0.012817989103496075 -0.03622791916131973
f 4141 4142 4143
v -0.034179285168647766 0.012817989103496075 -0.03622791916131973
v -0.029742376878857613 0.012817989103496075 -0.03995092958211899
v -0.03501512110233307 0.008699099533259869 -0.037113867700099945
f 4144 4145 4146
v -0.034179285168647766 0.012817989103496075 -0.03622791916131973
v -0.03501512110233307 0.008699099533259869 -0.037113867700099945
v -0.03908702731132507 0.008699099533259869 -0.032797910273075104
f 4147 4148 4149
v -0.03908702731132507 0.008699099533259869 -0.032797910273075104
v -0.03501512110233307 0.008699099533259869 -0.037113867700099945
v -0.03966116905212402 0.0044342828914523125 -0.03327967971563339
f 4150 4151 4152
v -0.03908702731132507 0.008699099533259869 -0.032797910273075104
v -0.03966116905212402 0.0044342828914523125 -0.03327967971563339
v -0.04325653612613678 0.0044342828914523125 -0.02845027483999729
f 4153 4154 4155
v -0.04325653612613678 0.0044342828914523125 -0.02845027483999729
v -0.03966116905212402 0.0044342828914523125 -0.03327967971563339
v -0.04347336292266846 8.305430674226955e-05 -0.028592878952622414
f 4156 4157 4158
v -0.04325653612613678 0.0044342828914523125 -0.02845027483999729
v -0.04347336292266846 8.305430674226955e-05 -0.028592878952622414
v -0.04649883508682251 8.305430674226955e-05 -0.023352602496743202
f 4159 4160 4161
v -0.04649883508682251 8.305430674226955e-05 -0.023352602496743202
v -0.04347336292266846 8.305430674226955e-05 -0.028592878952622414
v -0.04628172516822815 -0.0042910026386380196 -0.023243555799126625
f 4162 4163 4164
v -0.04649883508682251 8.305430674226955e-05 -0.023352602496743202
v -0.04628172516822815 -0.0042910026386380196 -0.023243555799126625
v -0.048667192459106445 -0.0042910026386380196 -0.017713407054543495
f 4165 4166 4167
v -0.048667192459106445 -0.0042910026386380196 -0.017713407054543495
v -0.04628172516822815 -0.0042910026386380196 -0.023243555799126625
v -0.04796256124973297 -0.00862990040332079 -0.017456943169236183
f 4168 4169 4170
v -0.048667192459106445 -0.0042910026386380196 -0.017713407054543495
v -0.04796256124973297 -0.00862990040332079 -0.017456943169236183
v -0.04966488480567932 -0.00862990040332079 -0.011770794168114662
f 4171 4172 4173
v -0.04966488480567932 -0.00862990040332079 -0.011770794168114662
v -0.04796256124973297 -0.00862990040332079 -0.017456943169236183
v -0.04844428598880768 -0.012874198146164417 -0.0114815104752779
f 4174 4175 4176
v -0.04966488480567932 -0.00862990040332079 -0.011770794168114662
v -0.04844428598880768 -0.012874198146164417 -0.0114815104752779
v -0.049449652433395386 -0.012874198146164417 -0.0057798344641923904
f 4177 4178 4179
v -0.049449652433395386 -0.012874198146164417 -0.0057798344641923904
v -0.04844428598880768 -0.012874198146164417 -0.0114815104752779
v -0.046778395771980286 -0.016888892278075218 -0.011086681857705116
f 4180 4181 4182
v -0.049449652433395386 -0.012874198146164417 -0.0057798344641923904
v -0.046778395771980286 -0.016888892278075218 -0.011086681857705116
v -0.04772372543811798 -0.016888892278075218 -0.005794713273644447
f 4183 4184 4185
v -0.02730928547680378 0.016888881102204323 -0.03956431895494461
v -0.02490323968231678 0.012817989103496075 -0.0431336835026741
v -0.029742376878857613 0.012817989103496075 -0.03995092958211899
f 4186 4187 4188
v -0.029742376878857613 0.012817989103496075 -0.03995092958211899
v -0.02490323968231678 0.012817989103496075 -0.0431336835026741
v -0.03046971745789051 0.008699099533259869 -0.04092792421579361
f 4189 4190 4191
v -0.029742376878857613 0.012817989103496075 -0.03995092958211899
v -0.03046971745789051 0.008699099533259869 -0.04092792421579361
v -0.03501512110233307 0.008699099533259869 -0.037113867700099945
f 4192 4193 4194
v -0.03501512110233307 0.008699099533259869 -0.037113867700099945
v -0.03046971745789051 0.008699099533259869 -0.04092792421579361
v -0.03552946448326111 0.0044342828914523125 -0.03765902668237686
f 4195 4196 4197
v -0.03501512110233307 0.008699099533259869 -0.037113867700099945
v -0.03552946448326111 0.0044342828914523125 -0.03765902668237686
v -0.03966116905212402 0.0044342828914523125 -0.03327967971563339
f 4198 4199 4200
v -0.03966116905212402 0.0044342828914523125 -0.03327967971563339
v -0.03552946448326111 0.0044342828914523125 -0.03765902668237686
v -0.03985998034477234 8.305430674226955e-05 -0.03344649821519852
f 4201 4202 4203
v -0.03966116905212402 0.0044342828914523125 -0.03327967971563339
v -0.03985998034477234 8.305430674226955e-05 -0.03344649821519852
v -0.04347336292266846 8.305430674226955e-05 -0.028592878952622414
f 4204 4205 4206
v -0.04347336292266846 8.305430674226955e-05 -0.028592878952622414
v -0.03985998034477234 8.305430674226955e-05 -0.03344649821519852
v -0.04327036440372467 -0.0042910026386380196 -0.02845936454832554
f 4207 4208 4209
v -0.04347336292266846 8.305430674226955e-05 -0.028592878952622414
v -0.04327036440372467 -0.0042910026386380196 -0.02845936454832554
v -0.04628172516822815 -0.0042910026386380196 -0.023243555799126625
f 4210 4211 4212
v -0.04628172516822815 -0.0042910026386380196 -0.023243555799126625
v -0.04327036440372467 -0.0042910026386380196 -0.02845936454832554
v -0.04561161994934082 -0.00862990040332079 -0.022907013073563576
f 4213 4214 4215
v -0.04628172516822815 -0.0042910026386380196 -0.023243555799126625
v -0.04561161994934082 -0.00862990040332079 -0.022907013073563576
v -0.04796256124973297 -0.00862990040332079 -0.017456943169236183
f 4216 4217 4218
v -0.04796256124973297 -0.00862990040332079 -0.017456943169236183
v -0.04561161994934082 -0.00862990040332079 -0.022907013073563576
v -0.04678380489349365 -0.012874198146164417 -0.01702791638672352
f 4219 4220 4221
v -0.04796256124973297 -0.00862990040332079 -0.017456943169236183
v -0.04678380489349365 -0.012874198146164417 -0.01702791638672352
v -0.04844428598880768 -0.012874198146164417 -0.0114815104752779
f 4222 4223 4224
v -0.04844428598880768 -0.012874198146164417 -0.0114815104752779
v -0.04678380489349365 -0.012874198146164417 -0.01702791638672352
v -0.045175015926361084 -0.016888892278075218 -0.01644236035645008
f 4225 4226 4227
v -0.04844428598880768 -0.012874198146164417 -0.0114815104752779
v -0.045175015926361084 -0.016888892278075218 -0.01644236035645008
v -0.04667729139328003 -0.016888892278075218 -0.011504920199513435
f 4228 4229 4230
v -0.022341208532452583 0.016888881102204323 -0.04256763309240341
v -0.01972733624279499 0.012817989103496075 -0.04573311656713486
v -0.02490323968231678 0.012817989103496075 -0.0431336835026741
f 4231 4232 4233
v -0.02490323968231678 0.012817989103496075 -0.0431336835026741
v -0.01972733624279499 0.012817989103496075 -0.04573311656713486
v -0.025512250140309334 0.008699099533259869 -0.044188492000103
f 4234 4235 4236
v -0.02490323968231678 0.012817989103496075 -0.0431336835026741
v -0.025512250140309334 0.008699099533259869 -0.044188492000103
v -0.03046971745789051 0.008699099533259869 -0.04092792421579361
f 4237 4238 4239
v -0.03046971745789051 0.008699099533259869 -0.04092792421579361
v -0.025512250140309334 0.008699099533259869 -0.044188492000103
v -0.03091728873550892 0.0044342828914523125 -0.04152911156415939
f 4240 4241 4242
v -0.03046971745789051 0.008699099533259869 -0.04092792421579361
v -0.03091728873550892 0.0044342828914523125 -0.04152911156415939
v -0.03552946448326111 0.0044342828914523125 -0.03765902668237686
f 4243 4244 4245
v -0.03552946448326111 0.0044342828914523125 -0.03765902668237686
v -0.03091728873550892 0.0044342828914523125 -0.04152911156415939
v -0.035707563161849976 8.305430674226955e-05 -0.037847794592380524
f 4246 4247 4248
v -0.03552946448326111 0.0044342828914523125 -0.03765902668237686
v -0.035707563161849976 8.305430674226955e-05 -0.037847794592380524
v -0.03985998034477234 8.305430674226955e-05 -0.03344649821519852
f 4249 4250 4251
v -0.03985998034477234 8.305430674226955e-05 -0.03344649821519852
v -0.035707563161849976 8.305430674226955e-05 -0.037847794592380524
v -0.03967386484146118 -0.0042910026386380196 -0.0332903191447258
f 4252 4253 4254
v -0.03985998034477234 8.305430674226955e-05 -0.03344649821519852
v -0.03967386484146118 -0.0042910026386380196 -0.0332903191447258
v -0.04327036440372467 -0.0042910026386380196 -0.02845936454832554
f 4255 4256 4257
v -0.04327036440372467 -0.0042910026386380196 -0.02845936454832554
v -0.03967386484146118 -0.0042910026386380196 -0.0332903191447258
v -0.04264387488365173 -0.00862990040332079 -0.028047317638993263
f 4258 4259 4260
v -0.04327036440372467 -0.0042910026386380196 -0.02845936454832554
v -0.04264387488365173 -0.00862990040332079 -0.028047317638993263
v -0.04561161994934082 -0.00862990040332079 -0.022907013073563576
f 4261 4262 4263
v -0.04561161994934082 -0.00862990040332079 -0.022907013073563576
v -0.04264387488365173 -0.00862990040332079 -0.028047317638993263
v -0.04449065029621124 -0.012874198146164417 -0.02234404720366001
f 4264 4265 4266
v -0.04561161994934082 -0.00862990040332079 -0.022907013073563576
v -0.04449065029621124 -0.012874198146164417 -0.02234404720366001
v -0.04678380489349365 -0.012874198146164417 -0.01702791638672352
f 4267 4268 4269
v -0.04678380489349365 -0.012874198146164417 -0.01702791638672352
v -0.04449065029621124 -0.012874198146164417 -0.02234404720366001
v -0.042960718274116516 -0.016888892278075218 -0.02157568372786045
f 4270 4271 4272
v -0.04678380489349365 -0.012874198146164417 -0.01702791638672352
v -0.042960718274116516 -0.016888892278075218 -0.02157568372786045
v -0.044950202107429504 -0.016888892278075218 -0.01704736240208149
f 4273 4274 4275
v -0.01704736240208149 0.016888881102204323 -0.04495019465684891
v -0.014284656383097172 0.012817989103496075 -0.04771409183740616
v -0.01972733624279499 0.012817989103496075 -0.04573311656713486
f 4276 4277 4278
v -0.01972733624279499 0.012817989103496075 -0.04573311656713486
v -0.014284656383097172 0.012817989103496075 -0.04771409183740616
v -0.02020976133644581 0.008699099533259869 -0.0468515083193779
f 4279 4280 4281
v -0.01972733624279499 0.012817989103496075 -0.04573311656713486
v -0.02020976133644581 0.008699099533259869 -0.0468515083193779
v -0.025512250140309334 0.008699099533259869 -0.044188492000103
f 4282 4283 4284
v -0.025512250140309334 0.008699099533259869 -0.044188492000103
v -0.02020976133644581 0.008699099533259869 -0.0468515083193779
v -0.02588699944317341 0.0044342828914523125 -0.044837586581707
f 4285 4286 4287
v -0.025512250140309334 0.008699099533259869 -0.044188492000103
v -0.02588699944317341 0.0044342828914523125 -0.044837586581707
v -0.03091728873550892 0.0044342828914523125 -0.04152911156415939
f 4288 4289 4290
v -0.03091728873550892 0.0044342828914523125 -0.04152911156415939
v -0.02588699944317341 0.0044342828914523125 -0.044837586581707
v -0.031072260811924934 8.305430674226955e-05 -0.041737280786037445
f 4291 4292 4293
v -0.03091728873550892 0.0044342828914523125 -0.04152911156415939
v -0.031072260811924934 8.305430674226955e-05 -0.041737280786037445
v -0.035707563161849976 8.305430674226955e-05 -0.037847794592380524
f 4294 4295 4296
v -0.035707563161849976 8.305430674226955e-05 -0.037847794592380524
v -0.031072260811924934 8.305430674226955e-05 -0.041737280786037445
v -0.035540834069252014 -0.0042910026386380196 -0.037671081721782684
f 4297 4298 4299
v -0.035707563161849976 8.305430674226955e-05 -0.037847794592380524
v -0.035540834069252014 -0.0042910026386380196 -0.037671081721782684
v -0.03967386484146118 -0.0042910026386380196 -0.0332903191447258
f 4300 4301 4302
v -0.03967386484146118 -0.0042910026386380196 -0.0332903191447258
v -0.035540834069252014 -0.0042910026386380196 -0.037671081721782684
v -0.03909943997859955 -0.00862990040332079 -0.0328083261847496
f 4303 4304 4305
v -0.03967386484146118 -0.0042910026386380196 -0.0332903191447258
v -0.03909943997859955 -0.00862990040332079 -0.0328083261847496
v -0.04264387488365173 -0.00862990040332079 -0.028047317638993263
f 4306 4307 4308
v -0.04264387488365173 -0.00862990040332079 -0.028047317638993263
v -0.03909943997859955 -0.00862990040332079 -0.0328083261847496
v -0.041595831513404846 -0.012874198146164417 -0.02735801972448826
f 4309 4310 4311
v -0.04264387488365173 -0.00862990040332079 -0.028047317638993263
v -0.041595831513404846 -0.012874198146164417 -0.02735801972448826
v -0.04449065029621124 -0.012874198146164417 -0.02234404720366001
f 4312 4313 4314
v -0.04449065029621124 -0.012874198146164417 -0.02234404720366001
v -0.041595831513404846 -0.012874198146164417 -0.02735801972448826
v -0.04016543924808502 -0.016888892278075218 -0.026417234912514687
f 4315 4316 4317
v -0.04449065029621124 -0.012874198146164417 -0.02234404720366001
v -0.04016543924808502 -0.016888892278075218 -0.026417234912514687
v -0.042567625641822815 -0.016888892278075218 -0.02234121598303318
f 4318 4319 4320
v -0.01150491926819086 0.016888881102204323 -0.04667728394269943
v -0.008648798801004887 0.012817989103496075 -0.04904981702566147
v -0.014284656383097172 0.012817989103496075 -0.04771409183740616
f 4321 4322 4323
v -0.014284656383097172 0.012817989103496075 -0.04771409183740616
v -0.008648798801004887 0.012817989103496075 -0.04904981702566147
v -0.014633984304964542 0.008699099533259869 -0.0488809272646904
f 4324 4325 4326
v -0.014284656383097172 0.012817989103496075 -0.04771409183740616
v -0.014633984304964542 0.008699099533259869 -0.0488809272646904
v -0.02020976133644581 0.008699099533259869 -0.0468515083193779
f 4327 4328 4329
v -0.02020976133644581 0.008699099533259869 -0.0468515083193779
v -0.014633984304964542 0.008699099533259869 -0.0488809272646904
v -0.020506637170910835 0.0044342828914523125 -0.04753970354795456
f 4330 4331 4332
v -0.02020976133644581 0.008699099533259869 -0.0468515083193779
v -0.020506637170910835 0.0044342828914523125 -0.04753970354795456
v -0.02588699944317341 0.0044342828914523125 -0.044837586581707
f 4333 4334 4335
v -0.02588699944317341 0.0044342828914523125 -0.044837586581707
v -0.020506637170910835 0.0044342828914523125 -0.04753970354795456
v -0.026016758754849434 8.305430674226955e-05 -0.045062340795993805
f 4336 4337 4338
v -0.02588699944317341 0.0044342828914523125 -0.044837586581707
v -0.026016758754849434 8.305430674226955e-05 -0.045062340795993805
v -0.031072260811924934 8.305430674226955e-05 -0.041737280786037445
f 4339 4340 4341
v -0.031072260811924934 8.305430674226955e-05 -0.041737280786037445
v -0.026016758754849434 8.305430674226955e-05 -0.045062340795993805
v -0.03092716820538044 -0.0042910026386380196 -0.041542403399944305
f 4342 4343 4344
v -0.031072260811924934 8.305430674226955e-05 -0.041737280786037445
v -0.03092716820538044 -0.0042910026386380196 -0.041542403399944305
v -0.035540834069252014 -0.0042910026386380196 -0.037671081721782684
f 4345 4346 4347
v -0.035540834069252014 -0.0042910026386380196 -0.037671081721782684
v -0.03092716820538044 -0.0042910026386380196 -0.041542403399944305
v -0.03502625226974487 -0.00862990040332079 -0.03712565451860428
f 4348 4349 4350
v -0.035540834069252014 -0.0042910026386380196 -0.037671081721782684
v -0.03502625226974487 -0.00862990040332079 -0.03712565451860428
v -0.03909943997859955 -0.00862990040332079 -0.0328083261847496
f 4351 4352 4353
v -0.03909943997859955 -0.00862990040332079 -0.0328083261847496
v -0.03502625226974487 -0.00862990040332079 -0.03712565451860428
v -0.038138508796691895 -0.012874198146164417 -0.03200200945138931
f 4354 4355 4356
v -0.03909943997859955 -0.00862990040332079 -0.0328083261847496
v -0.038138508796691895 -0.012874198146164417 -0.03200200945138931
v -0.041595831513404846 -0.012874198146164417 -0.02735801972448826
f 4357 4358 4359
v -0.041595831513404846 -0.012874198146164417 -0.02735801972448826
v -0.038138508796691895 -0.012874198146164417 -0.03200200945138931
v -0.03682701289653778 -0.016888892278075218 -0.030901530757546425
f 4360 4361 4362
v -0.041595831513404846 -0.012874198146164417 -0.02735801972448826
v -0.03682701289653778 -0.016888892278075218 -0.030901530757546425
v -0.03956432640552521 -0.016888892278075218 -0.027309278026223183
f 4363 4364 4365
v -0.008648798801004887 0.012817989103496075 -0.04904981702566147
v -0.00886030588299036 0.008699099533259869 -0.05024930089712143
v -0.014633984304964542 0.008699099533259869 -0.0488809272646904
f 4366 4367 4368
v -0.014633984304964542 0.008699099533259869 -0.0488809272646904
v -0.00886030588299036 0.008699099533259869 -0.05024930089712143
v -0.014848948456346989 0.0044342828914523125 -0.04959893971681595
f 4369 4370 4371
v -0.014633984304964542 0.008699099533259869 -0.0488809272646904
v -0.014848948456346989 0.0044342828914523125 -0.04959893971681595
v -0.020506637170910835 0.0044342828914523125 -0.04753970354795456
f 4372 4373 4374
v -0.020506637170910835 0.0044342828914523125 -0.04753970354795456
v -0.014848948456346989 0.0044342828914523125 -0.04959893971681595
v -0.020609425380825996 8.305430674226955e-05 -0.04777800291776657
f 4375 4376 4377
v -0.020506637170910835 0.0044342828914523125 -0.04753970354795456
v -0.020609425380825996 8.305430674226955e-05 -0.04777800291776657
v -0.026016758754849434 8.305430674226955e-05 -0.045062340795993805
f 4378 4379 4380
v -0.026016758754849434 8.305430674226955e-05 -0.045062340795993805
v -0.020609425380825996 8.305430674226955e-05 -0.04777800291776657
v -0.025895269587635994 -0.0042910026386380196 -0.044851936399936676
f 4381 4382 4383
v -0.026016758754849434 8.305430674226955e-05 -0.045062340795993805
v -0.025895269587635994 -0.0042910026386380196 -0.044851936399936676
v -0.03092716820538044 -0.0042910026386380196 -0.041542403399944305
f 4384 4385 4386
v -0.03092716820538044 -0.0042910026386380196 -0.041542403399944305
v -0.025895269587635994 -0.0042910026386380196 -0.044851936399936676
v -0.030479388311505318 -0.00862990040332079 -0.040940918028354645
f 4387 4388 4389
v -0.03092716820538044 -0.0042910026386380196 -0.041542403399944305
v -0.030479388311505318 -0.00862990040332079 -0.040940918028354645
v -0.03502625226974487 -0.00862990040332079 -0.03712565451860428
f 4390 4391 4392
v -0.03502625226974487 -0.00862990040332079 -0.03712565451860428
v -0.030479388311505318 -0.00862990040332079 -0.040940918028354645
v -0.03416542708873749 -0.012874198146164417 -0.0362132266163826
f 4393 4394 4395
v -0.03502625226974487 -0.00862990040332079 -0.03712565451860428
v -0.03416542708873749 -0.012874198146164417 -0.0362132266163826
v -0.038138508796691895 -0.012874198146164417 -0.03200200945138931
f 4396 4397 4398
v -0.038138508796691895 -0.012874198146164417 -0.03200200945138931
v -0.03416542708873749 -0.012874198146164417 -0.0362132266163826
v -0.03299054503440857 -0.016888892278075218 -0.03496793657541275
f 4399 4400 4401
v -0.038138508796691895 -0.012874198146164417 -0.03200200945138931
v -0.03299054503440857 -0.016888892278075218 -0.03496793657541275
v -0.03598408401012421 -0.016888892278075218 -0.03187911957502365
f 4402 4403 4404
v -0.00886030588299036 0.008699099533259869 -0.05024930089712143
v -0.008990452624857426 0.0044342828914523125 -0.05098742991685867
v -0.014848948456346989 0.0044342828914523125 -0.04959893971681595
f 4405 4406 4407
v -0.014848948456346989 0.0044342828914523125 -0.04959893971681595
v -0.008990452624857426 0.0044342828914523125 -0.05098742991685867
v -0.014923379756510258 8.305430674226955e-05 -0.0498475506901741
f 4408 4409 4410
v -0.014848948456346989 0.0044342828914523125 -0.04959893971681595
v -0.014923379756510258 8.305430674226955e-05 -0.0498475506901741
v -0.020609425380825996 8.305430674226955e-05 -0.04777800291776657
f 4411 4412 4413
v -0.020609425380825996 8.305430674226955e-05 -0.04777800291776657
v -0.014923379756510258 8.305430674226955e-05 -0.0498475506901741
v -0.020513193681836128 -0.0042910026386380196 -0.04755491763353348
f 4414 4415 4416
v -0.020609425380825996 8.305430674226955e-05 -0.04777800291776657
v -0.020513193681836128 -0.0042910026386380196 -0.04755491763353348
v -0.025895269587635994 -0.0042910026386380196 -0.044851936399936676
f 4417 4418 4419
v -0.025895269587635994 -0.0042910026386380196 -0.044851936399936676
v -0.020513193681836128 -0.0042910026386380196 -0.04755491763353348
v -0.025520341470837593 -0.00862990040332079 -0.0442025288939476
f 4420 4421 4422
v -0.025895269587635994 -0.0042910026386380196 -0.044851936399936676
v -0.025520341470837593 -0.00862990040332079 -0.0442025288939476
v -0.030479388311505318 -0.00862990040332079 -0.040940918028354645
f 4423 4424 4425
v -0.030479388311505318 -0.00862990040332079 -0.040940918028354645
v -0.025520341470837593 -0.00862990040332079 -0.0442025288939476
v -0.029730306938290596 -0.012874198146164417 -0.039934732019901276
f 4426 4427 4428
v -0.030479388311505318 -0.00862990040332079 -0.040940918028354645
v -0.029730306938290596 -0.012874198146164417 -0.039934732019901276
v -0.03416542708873749 -0.012874198146164417 -0.0362132266163826
f 4429 4430 4431
v -0.03416542708873749 -0.012874198146164417 -0.0362132266163826
v -0.029730306938290596 -0.012874198146164417 -0.039934732019901276
v -0.028707953169941902 -0.016888892278075218 -0.03856145590543747
f 4432 4433 4434
v -0.03416542708873749 -0.012874198146164417 -0.0362132266163826
v -0.028707953169941902 -0.016888892278075218 -0.03856145590543747
v -0.031879112124443054 -0.016888892278075218 -0.0359840914607048
f 4435 4436 4437
v -0.008990452624857426 0.0044342828914523125 -0.05098742991685867
v -0.009035528637468815 8.305430674226955e-05 -0.051242999732494354
v -0.014923379756510258 8.305430674226955e-05 -0.0498475506901741
f 4438 4439 4440
v -0.014923379756510258 8.305430674226955e-05 -0.0498475506901741
v -0.009035528637468815 8.305430674226955e-05 -0.051242999732494354
v -0.014853701926767826 -0.0042910026386380196 -0.0496147945523262
f 4441 4442 4443
v -0.014923379756510258 8.305430674226955e-05 -0.0498475506901741
v -0.014853701926767826 -0.0042910026386380196 -0.0496147945523262
v -0.020513193681836128 -0.0042910026386380196 -0.04755491763353348
f 4444 4445 4446
v -0.020513193681836128 -0.0042910026386380196 -0.04755491763353348
v -0.014853701926767826 -0.0042910026386380196 -0.0496147945523262
v -0.020216183736920357 -0.00862990040332079 -0.04686637967824936
f 4447 4448 4449
v -0.020513193681836128 -0.0042910026386380196 -0.04755491763353348
v -0.020216183736920357 -0.00862990040332079 -0.04686637967824936
v -0.025520341470837593 -0.00862990040332079 -0.0442025288939476
f 4450 4451 4452
v -0.025520341470837593 -0.00862990040332079 -0.0442025288939476
v -0.020216183736920357 -0.00862990040332079 -0.04686637967824936
v -0.024893151596188545 -0.012874198146164417 -0.043116189539432526
f 4453 4454 4455
v -0.025520341470837593 -0.00862990040332079 -0.0442025288939476
v -0.024893151596188545 -0.012874198146164417 -0.043116189539432526
v -0.029730306938290596 -0.012874198146164417 -0.039934732019901276
f 4456 4457 4458
v -0.029730306938290596 -0.012874198146164417 -0.039934732019901276
v -0.024893151596188545 -0.012874198146164417 -0.043116189539432526
v -0.02403712458908558 -0.016888892278075218 -0.04163350909948349
f 4459 4460 4461
v -0.029730306938290596 -0.012874198146164417 -0.039934732019901276
v -0.02403712458908558 -0.016888892278075218 -0.04163350909948349
v -0.02730928547680378 -0.016888892278075218 -0.03956431895494461
f 4462 4463 4464
v -0.009035528637468815 8.305430674226955e-05 -0.051242999732494354
v -0.008993328548967838 -0.0042910026386380196 -0.05100373178720474
v -0.014853701926767826 -0.0042910026386380196 -0.0496147945523262
f 4465 4466 4467
v -0.014853701926767826 -0.0042910026386380196 -0.0496147945523262
v -0.008993328548967838 -0.0042910026386380196 -0.05100373178720474
v -0.014638633467257023 -0.00862990040332079 -0.048896439373493195
f 4468 4469 4470
v -0.014853701926767826 -0.0042910026386380196 -0.0496147945523262
v -0.014638633467257023 -0.00862990040332079 -0.048896439373493195
v -0.020216183736920357 -0.00862990040332079 -0.04686637967824936
f 4471 4472 4473
v -0.020216183736920357 -0.00862990040332079 -0.04686637967824936
v -0.014638633467257023 -0.00862990040332079 -0.048896439373493195
v -0.019719349220395088 -0.012874198146164417 -0.04571456462144852
f 4474 4475 4476
v -0.020216183736920357 -0.00862990040332079 -0.04686637967824936
v -0.019719349220395088 -0.012874198146164417 -0.04571456462144852
v -0.024893151596188545 -0.012874198146164417 -0.043116189539432526
f 4477 4478 4479
v -0.024893151596188545 -0.012874198146164417 -0.043116189539432526
v -0.019719349220395088 -0.012874198146164417 -0.04571456462144852
v -0.019041242077946663 -0.016888892278075218 -0.04414253681898117
f 4480 4481 4482
v -0.024893151596188545 -0.012874198146164417 -0.043116189539432526
v -0.019041242077946663 -0.016888892278075218 -0.04414253681898117
v -0.022341208532452583 -0.016888892278075218 -0.04256763309240341
f 4483 4484 4485
v -0.008993328548967838 -0.0042910026386380196 -0.05100373178720474
v -0.008863122202455997 -0.00862990040332079 -0.05026526004076004
v -0.014638633467257023 -0.00862990040332079 -0.048896439373493195
f 4486 4487 4488
v -0.014638633467257023 -0.00862990040332079 -0.048896439373493195
v -0.008863122202455997 -0.00862990040332079 -0.05026526004076004
v -0.014278874732553959 -0.012874198146164417 -0.04769473522901535
f 4489 4490 4491
v -0.014638633467257023 -0.00862990040332079 -0.048896439373493195
v -0.014278874732553959 -0.012874198146164417 -0.04769473522901535
v -0.019719349220395088 -0.012874198146164417 -0.04571456462144852
f 4492 4493 4494
v -0.019719349220395088 -0.012874198146164417 -0.04571456462144852
v -0.014278874732553959 -0.012874198146164417 -0.04769473522901535
v -0.013787851668894291 -0.016888892278075218 -0.046054624021053314
f 4495 4496 4497
v -0.019719349220395088 -0.012874198146164417 -0.04571456462144852
v -0.013787851668894291 -0.016888892278075218 -0.046054624021053314
v -0.01704736240208149 -0.016888892278075218 -0.04495019465684891
f 4498 4499 4500
v -1.072882005459519e-09 -0.016888892278075218 -0.04807423800230026
v -0.0027952652890235186 -0.016888892278075218 -0.04799290746450424
v -0.0028948199469596148 -0.012874198146164417 -0.049702055752277374
f 4501 4502 4503
v -0.0028948199469596148 -0.012874198146164417 -0.049702055752277374
v -0.0027952652890235186 -0.016888892278075218 -0.04799290746450424
v -0.008645297028124332 -0.012874198146164417 -0.04902992397546768
f 4504 4505 4506
v -0.0028948199469596148 -0.012874198146164417 -0.049702055752277374
v -0.008645297028124332 -0.012874198146164417 -0.04902992397546768
v -0.002967746229842305 -0.00862990040332079 -0.05095433443784714
f 4507 4508 4509
v -0.002967746229842305 -0.00862990040332079 -0.05095433443784714
v -0.008645297028124332 -0.012874198146164417 -0.04902992397546768
v -0.008863122202455997 -0.00862990040332079 -0.05026526004076004
f 4510 4511 4512
v -0.002967746229842305 -0.00862990040332079 -0.05095433443784714
v -0.008863122202455997 -0.00862990040332079 -0.05026526004076004
v -0.0030113470274955034 -0.0042910026386380196 -0.05170292407274246
f 4513 4514 4515
v -0.0030113470274955034 -0.0042910026386380196 -0.05170292407274246
v -0.008863122202455997 -0.00862990040332079 -0.05026526004076004
v -0.008993328548967838 -0.0042910026386380196 -0.05100373178720474
f 4516 4517 4518
v -0.0030113470274955034 -0.0042910026386380196 -0.05170292407274246
v -0.008993328548967838 -0.0042910026386380196 -0.05100373178720474
v -0.003025473328307271 8.305430674226955e-05 -0.05194547027349472
f 4519 4520 4521
v -0.003025473328307271 8.305430674226955e-05 -0.05194547027349472
v -0.008993328548967838 -0.0042910026386380196 -0.05100373178720474
v -0.009035528637468815 8.305430674226955e-05 -0.051242999732494354
f 4522 4523 4524
v -0.003025473328307271 8.305430674226955e-05 -0.05194547027349472
v -0.009035528637468815 8.305430674226955e-05 -0.051242999732494354
v -0.003010393353179097 0.0044342828914523125 -0.051686398684978485
f 4525 4526 4527
v -0.003010393353179097 0.0044342828914523125 -0.051686398684978485
v -0.009035528637468815 8.305430674226955e-05 -0.051242999732494354
v -0.008990452624857426 0.0044342828914523125 -0.05098742991685867
f 4528 4529 4530
v -0.003010393353179097 0.0044342828914523125 -0.051686398684978485
v -0.008990452624857426 0.0044342828914523125 -0.05098742991685867
v -0.0029668074566870928 0.008699099533259869 -0.05093815177679062
f 4531 4532 4533
v -0.0029668074566870928 0.008699099533259869 -0.05093815177679062
v -0.008990452624857426 0.0044342828914523125 -0.05098742991685867
v -0.00886030588299036 0.008699099533259869 -0.05024930089712143
f 4534 4535 4536
v -0.0029668074566870928 0.008699099533259869 -0.05093815177679062
v -0.00886030588299036 0.008699099533259869 -0.05024930089712143
v -0.002895982237532735 0.012817989103496075 -0.04972221702337265
f 4537 4538 4539
v -0.002895982237532735 0.012817989103496075 -0.04972221702337265
v -0.00886030588299036 0.008699099533259869 -0.05024930089712143
v -0.008648798801004887 0.012817989103496075 -0.04904981702566147
f 4540 4541 4542
v -0.002895982237532735 0.012817989103496075 -0.04972221702337265
v -0.008648798801004887 0.012817989103496075 -0.04904981702566147
v -0.005794704891741276 0.016888881102204323 -0.04772373288869858
f 4543 4544 4545
v -0.005794704891741276 0.016888881102204323 -0.04772373288869858
v -0.008648798801004887 0.012817989103496075 -0.04904981702566147
v -0.008348003961145878 0.016888881102204323 -0.04734388738870621
f 4546 4547 4548
v -0.0027952652890235186 -0.016888892278075218 -0.04799290746450424
v -0.005794704891741276 -0.016888892278075218 -0.04772373288869858
v -0.008645297028124332 -0.012874198146164417 -0.04902992397546768
f 4549 4550 4551
v -0.008645297028124332 -0.012874198146164417 -0.04902992397546768
v -0.005794704891741276 -0.016888892278075218 -0.04772373288869858
v -0.008348003961145878 -0.016888892278075218 -0.04734388738870621
f 4552 4553 4554
v -0.008645297028124332 -0.012874198146164417 -0.04902992397546768
v -0.008348003961145878 -0.016888892278075218 -0.04734388738870621
v -0.014278874732553959 -0.012874198146164417 -0.04769473522901535
f 4555 4556 4557
v -0.014278874732553959 -0.012874198146164417 -0.04769473522901535
v -0.008348003961145878 -0.016888892278075218 -0.04734388738870621
v -0.01150491926819086 -0.016888892278075218 -0.04667728394269943
f 4558 4559 4560
v -0.014278874732553959 -0.012874198146164417 -0.04769473522901535
v -0.01150491926819086 -0.016888892278075218 -0.04667728394269943
v -0.013787851668894291 -0.016888892278075218 -0.046054624021053314
f 4561 4562 4563
v 0.002795262960717082 -0.016888892278075218 -0.04799290746450424
v -1.072882005459519e-09 -0.016888892278075218 -0.04807423800230026
v 0.002894817618653178 -0.012874198146164417 -0.049702055752277374
f 4564 4565 4566
v 0.002894817618653178 -0.012874198146164417 -0.049702055752277374
v -1.072882005459519e-09 -0.016888892278075218 -0.04807423800230026
v -0.0028948199469596148 -0.012874198146164417 -0.049702055752277374
f 4567 4568 4569
v 0.002894817618653178 -0.012874198146164417 -0.049702055752277374
v -0.0028948199469596148 -0.012874198146164417 -0.049702055752277374
v 0.0029677588026970625 -0.00862990040332079 -0.05095433443784714
f 4570 4571 4572
v 0.0029677588026970625 -0.00862990040332079 -0.05095433443784714
v -0.0028948199469596148 -0.012874198146164417 -0.049702055752277374
v -0.002967746229842305 -0.00862990040332079 -0.05095433443784714
f 4573 4574 4575
v 0.0029677588026970625 -0.00862990040332079 -0.05095433443784714
v -0.002967746229842305 -0.00862990040332079 -0.05095433443784714
v 0.0030113596003502607 -0.0042910026386380196 -0.05170292407274246
f 4576 4577 4578
v 0.0030113596003502607 -0.0042910026386380196 -0.05170292407274246
v -0.002967746229842305 -0.00862990040332079 -0.05095433443784714
v -0.0030113470274955034 -0.0042910026386380196 -0.05170292407274246
f 4579 4580 4581
v 0.0030113596003502607 -0.0042910026386380196 -0.05170292407274246
v -0.0030113470274955034 -0.0042910026386380196 -0.05170292407274246
v 0.0030254859011620283 8.305430674226955e-05 -0.05194547027349472
f 4582 4583 4584
v 0.0030254859011620283 8.305430674226955e-05 -0.05194547027349472
v -0.0030113470274955034 -0.0042910026386380196 -0.05170292407274246
v -0.003025473328307271 8.305430674226955e-05 -0.05194547027349472
f 4585 4586 4587
v 0.0030254859011620283 8.305430674226955e-05 -0.05194547027349472
v -0.003025473328307271 8.305430674226955e-05 -0.05194547027349472
v 0.0030103910248726606 0.0044342828914523125 -0.051686398684978485
f 4588 4589 4590
v 0.0030103910248726606 0.0044342828914523125 -0.051686398684978485
v -0.003025473328307271 8.305430674226955e-05 -0.05194547027349472
v -0.003010393353179097 0.0044342828914523125 -0.051686398684978485
f 4591 4592 4593
v 0.0030103910248726606 0.0044342828914523125 -0.051686398684978485
v -0.003010393353179097 0.0044342828914523125 -0.051686398684978485
v 0.0029668051283806562 0.008699099533259869 -0.05093815177679062
f 4594 4595 4596
v 0.0029668051283806562 0.008699099533259869 -0.05093815177679062
v -0.003010393353179097 0.0044342828914523125 -0.051686398684978485
v -0.0029668074566870928 0.008699099533259869 -0.05093815177679062
f 4597 4598 4599
v 0.0029668051283806562 0.008699099533259869 -0.05093815177679062
v -0.0029668074566870928 0.008699099533259869 -0.05093815177679062
v 0.002895994810387492 0.012817989103496075 -0.04972221702337265
f 4600 4601 4602
v 0.002895994810387492 0.012817989103496075 -0.04972221702337265
v -0.0029668074566870928 0.008699099533259869 -0.05093815177679062
v -0.002895982237532735 0.012817989103496075 -0.04972221702337265
f 4603 4604 4605
v 0.002895994810387492 0.012817989103496075 -0.04972221702337265
v -0.002895982237532735 0.012817989103496075 -0.04972221702337265
v -0.0027952652890235186 0.016888881102204323 -0.04799290746450424
f 4606 4607 4608
v -0.0027952652890235186 0.016888881102204323 -0.04799290746450424
v -0.002895982237532735 0.012817989103496075 -0.04972221702337265
v -0.005794704891741276 0.016888881102204323 -0.04772373288869858
f 4609 4610 4611
v 0.008348002098500729 -0.016888892278075218 -0.04734388738870621
v 0.0057947030290961266 -0.016888892278075218 -0.04772373288869858
v 0.008645295165479183 -0.012874198146164417 -0.04902992397546768
f 4612 4613 4614
v 0.008645295165479183 -0.012874198146164417 -0.04902992397546768
v 0.0057947030290961266 -0.016888892278075218 -0.04772373288869858
v 0.002894817618653178 -0.012874198146164417 -0.049702055752277374
f 4615 4616 4617
v 0.008645295165479183 -0.012874198146164417 -0.04902992397546768
v 0.002894817618653178 -0.012874198146164417 -0.049702055752277374
v 0.008863120339810848 -0.00862990040332079 -0.05026526004076004
f 4618 4619 4620
v 0.008863120339810848 -0.00862990040332079 -0.05026526004076004
v 0.002894817618653178 -0.012874198146164417 -0.049702055752277374
v 0.0029677588026970625 -0.00862990040332079 -0.05095433443784714
f 4621 4622 4623
v 0.008863120339810848 -0.00862990040332079 -0.05026526004076004
v 0.0029677588026970625 -0.00862990040332079 -0.05095433443784714
v 0.008993341587483883 -0.0042910026386380196 -0.05100373178720474
f 4624 4625 4626
v 0.008993341587483883 -0.0042910026386380196 -0.05100373178720474
v 0.0029677588026970625 -0.00862990040332079 -0.05095433443784714
v 0.0030113596003502607 -0.0042910026386380196 -0.05170292407274246
f 4627 4628 4629
v 0.008993341587483883 -0.0042910026386380196 -0.05100373178720474
v 0.0030113596003502607 -0.0042910026386380196 -0.05170292407274246
v 0.009035526774823666 8.305430674226955e-05 -0.051242999732494354
f 4630 4631 4632
v 0.009035526774823666 8.305430674226955e-05 -0.051242999732494354
v 0.0030113596003502607 -0.0042910026386380196 -0.05170292407274246
v 0.0030254859011620283 8.305430674226955e-05 -0.05194547027349472
f 4633 4634 4635
v 0.009035526774823666 8.305430674226955e-05 -0.051242999732494354
v 0.0030254859011620283 8.305430674226955e-05 -0.05194547027349472
v 0.00899046566337347 0.0044342828914523125 -0.05098742991685867
f 4636 4637 4638
v 0.00899046566337347 0.0044342828914523125 -0.05098742991685867
v 0.0030254859011620283 8.305430674226955e-05 -0.05194547027349472
v 0.0030103910248726606 0.0044342828914523125 -0.051686398684978485
f 4639 4640 4641
v 0.00899046566337347 0.0044342828914523125 -0.05098742991685867
v 0.0030103910248726606 0.0044342828914523125 -0.051686398684978485
v 0.008860304020345211 0.008699099533259869 -0.05024930089712143
f 4642 4643 4644
v 0.008860304020345211 0.008699099533259869 -0.05024930089712143
v 0.0030103910248726606 0.0044342828914523125 -0.051686398684978485
v 0.0029668051283806562 0.008699099533259869 -0.05093815177679062
f 4645 4646 4647
v 0.008860304020345211 0.008699099533259869 -0.05024930089712143
v 0.0029668051283806562 0.008699099533259869 -0.05093815177679062
v 0.008648811839520931 0.012817989103496075 -0.04904981702566147
f 4648 4649 4650
v 0.008648811839520931 0.012817989103496075 -0.04904981702566147
v 0.0029668051283806562 0.008699099533259869 -0.05093815177679062
v 0.002895994810387492 0.012817989103496075 -0.04972221702337265
f 4651 4652 4653
v 0.008648811839520931 0.012817989103496075 -0.04904981702566147
v 0.002895994810387492 0.012817989103496075 -0.04972221702337265
v 0.002795262960717082 0.016888881102204323 -0.04799290746450424
f 4654 4655 4656
v 0.002795262960717082 0.016888881102204323 -0.04799290746450424
v 0.002895994810387492 0.012817989103496075 -0.04972221702337265
v -1.072882005459519e-09 0.016888881102204323 -0.04807423800230026
f 4657 4658 4659
v 0.013787849806249142 -0.016888892278075218 -0.046054624021053314
v 0.011504917405545712 -0.016888892278075218 -0.04667728394269943
v 0.01427887286990881 -0.012874198146164417 -0.04769473522901535
f 4660 4661 4662
v 0.01427887286990881 -0.012874198146164417 -0.04769473522901535
v 0.011504917405545712 -0.016888892278075218 -0.04667728394269943
v 0.008645295165479183 -0.012874198146164417 -0.04902992397546768
f 4663 4664 4665
v 0.01427887286990881 -0.012874198146164417 -0.04769473522901535
v 0.008645295165479183 -0.012874198146164417 -0.04902992397546768
v 0.014638631604611874 -0.00862990040332079 -0.048896439373493195
f 4666 4667 4668
v 0.014638631604611874 -0.00862990040332079 -0.048896439373493195
v 0.008645295165479183 -0.012874198146164417 -0.04902992397546768
v 0.008863120339810848 -0.00862990040332079 -0.05026526004076004
f 4669 4670 4671
v 0.014638631604611874 -0.00862990040332079 -0.048896439373493195
v 0.008863120339810848 -0.00862990040332079 -0.05026526004076004
v 0.014853700064122677 -0.0042910026386380196 -0.0496147945523262
f 4672 4673 4674
v 0.014853700064122677 -0.0042910026386380196 -0.0496147945523262
v 0.008863120339810848 -0.00862990040332079 -0.05026526004076004
v 0.008993341587483883 -0.0042910026386380196 -0.05100373178720474
f 4675 4676 4677
v 0.014853700064122677 -0.0042910026386380196 -0.0496147945523262
v 0.008993341587483883 -0.0042910026386380196 -0.05100373178720474
v 0.014923377893865108 8.305430674226955e-05 -0.0498475506901741
f 4678 4679 4680
v 0.014923377893865108 8.305430674226955e-05 -0.0498475506901741
v 0.008993341587483883 -0.0042910026386380196 -0.05100373178720474
v 0.009035526774823666 8.305430674226955e-05 -0.051242999732494354
f 4681 4682 4683
v 0.014923377893865108 8.305430674226955e-05 -0.0498475506901741
v 0.009035526774823666 8.305430674226955e-05 -0.051242999732494354
v 0.01484894659370184 0.0044342828914523125 -0.04959893971681595
f 4684 4685 4686
v 0.01484894659370184 0.0044342828914523125 -0.04959893971681595
v 0.009035526774823666 8.305430674226955e-05 -0.051242999732494354
v 0.00899046566337347 0.0044342828914523125 -0.05098742991685867
f 4687 4688 4689
v 0.01484894659370184 0.0044342828914523125 -0.04959893971681595
v 0.00899046566337347 0.0044342828914523125 -0.05098742991685867
v 0.014633982442319393 0.008699099533259869 -0.0488809272646904
f 4690 4691 4692
v 0.014633982442319393 0.008699099533259869 -0.0488809272646904
v 0.00899046566337347 0.0044342828914523125 -0.05098742991685867
v 0.008860304020345211 0.008699099533259869 -0.05024930089712143
f 4693 4694 4695
v 0.014633982442319393 0.008699099533259869 -0.0488809272646904
v 0.008860304020345211 0.008699099533259869 -0.05024930089712143
v 0.014284654520452023 0.012817989103496075 -0.04771409183740616
f 4696 4697 4698
v 0.014284654520452023 0.012817989103496075 -0.04771409183740616
v 0.008860304020345211 0.008699099533259869 -0.05024930089712143
v 0.008648811839520931 0.012817989103496075 -0.04904981702566147
f 4699 4700 4701
v 0.014284654520452023 0.012817989103496075 -0.04771409183740616
v 0.008648811839520931 0.012817989103496075 -0.04904981702566147
v 0.008348002098500729 0.016888881102204323 -0.04734388738870621
f 4702 4703 4704
v 0.008348002098500729 0.016888881102204323 -0.04734388738870621
v 0.008648811839520931 0.012817989103496075 -0.04904981702566147
v 0.0057947030290961266 0.016888881102204323 -0.04772373288869858
f 4705 4706 4707
v 0.019041238352656364 -0.016888892278075218 -0.04414253681898117
v 0.01704735867679119 -0.016888892278075218 -0.04495019465684891
v 0.01971934549510479 -0.012874198146164417 -0.04571456462144852
f 4708 4709 4710
v 0.01971934549510479 -0.012874198146164417 -0.04571456462144852
v 0.01704735867679119 -0.016888892278075218 -0.04495019465684891
v 0.01427887286990881 -0.012874198146164417 -0.04769473522901535
f 4711 4712 4713
v 0.01971934549510479 -0.012874198146164417 -0.04571456462144852
v 0.01427887286990881 -0.012874198146164417 -0.04769473522901535
v 0.02021618001163006 -0.00862990040332079 -0.04686637967824936
f 4714 4715 4716
v 0.02021618001163006 -0.00862990040332079 -0.04686637967824936
v 0.01427887286990881 -0.012874198146164417 -0.04769473522901535
v 0.014638631604611874 -0.00862990040332079 -0.048896439373493195
f 4717 4718 4719
v 0.02021618001163006 -0.00862990040332079 -0.04686637967824936
v 0.014638631604611874 -0.00862990040332079 -0.048896439373493195
v 0.02051318995654583 -0.0042910026386380196 -0.04755491763353348
f 4720 4721 4722
v 0.02051318995654583 -0.0042910026386380196 -0.04755491763353348
v 0.014638631604611874 -0.00862990040332079 -0.048896439373493195
v 0.014853700064122677 -0.0042910026386380196 -0.0496147945523262
f 4723 4724 4725
v 0.02051318995654583 -0.0042910026386380196 -0.04755491763353348
v 0.014853700064122677 -0.0042910026386380196 -0.0496147945523262
v 0.020609421655535698 8.305430674226955e-05 -0.04777800291776657
f 4726 4727 4728
v 0.020609421655535698 8.305430674226955e-05 -0.04777800291776657
v 0.014853700064122677 -0.0042910026386380196 -0.0496147945523262
v 0.014923377893865108 8.305430674226955e-05 -0.0498475506901741
f 4729 4730 4731
v 0.020609421655535698 8.305430674226955e-05 -0.04777800291776657
v 0.014923377893865108 8.305430674226955e-05 -0.0498475506901741
v 0.020506633445620537 0.0044342828914523125 -0.04753970354795456
f 4732 4733 4734
v 0.020506633445620537 0.0044342828914523125 -0.04753970354795456
v 0.014923377893865108 8.305430674226955e-05 -0.0498475506901741
v 0.01484894659370184 0.0044342828914523125 -0.04959893971681595
f 4735 4736 4737
v 0.020506633445620537 0.0044342828914523125 -0.04753970354795456
v 0.01484894659370184 0.0044342828914523125 -0.04959893971681595
v 0.020209772512316704 0.008699099533259869 -0.0468515083193779
f 4738 4739 4740
v 0.020209772512316704 0.008699099533259869 -0.0468515083193779
v 0.01484894659370184 0.0044342828914523125 -0.04959893971681595
v 0.014633982442319393 0.008699099533259869 -0.0488809272646904
f 4741 4742 4743
v 0.020209772512316704 0.008699099533259869 -0.0468515083193779
v 0.014633982442319393 0.008699099533259869 -0.0488809272646904
v 0.019727332517504692 0.012817989103496075 -0.04573311656713486
f 4744 4745 4746
v 0.019727332517504692 0.012817989103496075 -0.04573311656713486
v 0.014633982442319393 0.008699099533259869 -0.0488809272646904
v 0.014284654520452023 0.012817989103496075 -0.04771409183740616
f 4747 4748 4749
v 0.019727332517504692 0.012817989103496075 -0.04573311656713486
v 0.014284654520452023 0.012817989103496075 -0.04771409183740616
v 0.013787849806249142 0.016888881102204323 -0.046054624021053314
f 4750 4751 4752
v 0.013787849806249142 0.016888881102204323 -0.046054624021053314
v 0.014284654520452023 0.012817989103496075 -0.04771409183740616
v 0.011504917405545712 0.016888881102204323 -0.04667728394269943
f 4753 4754 4755
v 0.02403712086379528 -0.016888892278075218 -0.04163350909948349
v 0.02234121970832348 -0.016888892278075218 -0.04256763309240341
v 0.024893147870898247 -0.012874198146164417 -0.043116189539432526
f 4756 4757 4758
v 0.024893147870898247 -0.012874198146164417 -0.043116189539432526
v 0.02234121970832348 -0.016888892278075218 -0.04256763309240341
v 0.01971934549510479 -0.012874198146164417 -0.04571456462144852
f 4759 4760 4761
v 0.024893147870898247 -0.012874198146164417 -0.043116189539432526
v 0.01971934549510479 -0.012874198146164417 -0.04571456462144852
v 0.025520337745547295 -0.00862990040332079 -0.0442025288939476
f 4762 4763 4764
v 0.025520337745547295 -0.00862990040332079 -0.0442025288939476
v 0.01971934549510479 -0.012874198146164417 -0.04571456462144852
v 0.02021618001163006 -0.00862990040332079 -0.04686637967824936
f 4765 4766 4767
v 0.025520337745547295 -0.00862990040332079 -0.0442025288939476
v 0.02021618001163006 -0.00862990040332079 -0.04686637967824936
v 0.02589528076350689 -0.0042910026386380196 -0.044851936399936676
f 4768 4769 4770
v 0.02589528076350689 -0.0042910026386380196 -0.044851936399936676
v 0.02021618001163006 -0.00862990040332079 -0.04686637967824936
v 0.02051318995654583 -0.0042910026386380196 -0.04755491763353348
f 4771 4772 4773
v 0.02589528076350689 -0.0042910026386380196 -0.044851936399936676
v 0.02051318995654583 -0.0042910026386380196 -0.04755491763353348
v 0.026016755029559135 8.305430674226955e-05 -0.045062340795993805
f 4774 4775 4776
v 0.026016755029559135 8.305430674226955e-05 -0.045062340795993805
v 0.02051318995654583 -0.0042910026386380196 -0.04755491763353348
v 0.020609421655535698 8.305430674226955e-05 -0.04777800291776657
f 4777 4778 4779
v 0.026016755029559135 8.305430674226955e-05 -0.045062340795993805
v 0.020609421655535698 8.305430674226955e-05 -0.04777800291776657
v 0.02588699571788311 0.0044342828914523125 -0.044837586581707
f 4780 4781 4782
v 0.02588699571788311 0.0044342828914523125 -0.044837586581707
v 0.020609421655535698 8.305430674226955e-05 -0.04777800291776657
v 0.020506633445620537 0.0044342828914523125 -0.04753970354795456
f 4783 4784 4785
v 0.02588699571788311 0.0044342828914523125 -0.044837586581707
v 0.020506633445620537 0.0044342828914523125 -0.04753970354795456
v 0.025512246415019035 0.008699099533259869 -0.044188492000103
f 4786 4787 4788
v 0.025512246415019035 0.008699099533259869 -0.044188492000103
v 0.020506633445620537 0.0044342828914523125 -0.04753970354795456
v 0.020209772512316704 0.008699099533259869 -0.0468515083193779
f 4789 4790 4791
v 0.025512246415019035 0.008699099533259869 -0.044188492000103
v 0.020209772512316704 0.008699099533259869 -0.0468515083193779
v 0.02490323595702648 0.012817989103496075 -0.0431336835026741
f 4792 4793 4794
v 0.02490323595702648 0.012817989103496075 -0.0431336835026741
v 0.020209772512316704 0.008699099533259869 -0.0468515083193779
v 0.019727332517504692 0.012817989103496075 -0.04573311656713486
f 4795 4796 4797
v 0.02490323595702648 0.012817989103496075 -0.0431336835026741
v 0.019727332517504692 0.012817989103496075 -0.04573311656713486
v 0.019041238352656364 0.016888881102204323 -0.04414253681898117
f 4798 4799 4800
v 0.019041238352656364 0.016888881102204323 -0.04414253681898117
v 0.019727332517504692 0.012817989103496075 -0.04573311656713486
v 0.01704735867679119 0.016888881102204323 -0.04495019465684891
f 4801 4802 4803
v 0.028707949444651604 -0.016888892278075218 -0.03856145590543747
v 0.02730928175151348 -0.016888892278075218 -0.03956431895494461
v 0.029730303213000298 -0.012874198146164417 -0.039934732019901276
f 4804 4805 4806
v 0.029730303213000298 -0.012874198146164417 -0.039934732019901276
v 0.02730928175151348 -0.016888892278075218 -0.03956431895494461
v 0.024893147870898247 -0.012874198146164417 -0.043116189539432526
f 4807 4808 4809
v 0.029730303213000298 -0.012874198146164417 -0.039934732019901276
v 0.024893147870898247 -0.012874198146164417 -0.043116189539432526
v 0.03047938458621502 -0.00862990040332079 -0.040940918028354645
f 4810 4811 4812
v 0.03047938458621502 -0.00862990040332079 -0.040940918028354645
v 0.024893147870898247 -0.012874198146164417 -0.043116189539432526
v 0.025520337745547295 -0.00862990040332079 -0.0442025288939476
f 4813 4814 4815
v 0.03047938458621502 -0.00862990040332079 -0.040940918028354645
v 0.025520337745547295 -0.00862990040332079 -0.0442025288939476
v 0.03092716448009014 -0.0042910026386380196 -0.041542403399944305
f 4816 4817 4818
v 0.03092716448009014 -0.0042910026386380196 -0.041542403399944305
v 0.025520337745547295 -0.00862990040332079 -0.0442025288939476
v 0.02589528076350689 -0.0042910026386380196 -0.044851936399936676
f 4819 4820 4821
v 0.03092716448009014 -0.0042910026386380196 -0.041542403399944305
v 0.02589528076350689 -0.0042910026386380196 -0.044851936399936676
v 0.031072257086634636 8.305430674226955e-05 -0.041737280786037445
f 4822 4823 4824
v 0.031072257086634636 8.305430674226955e-05 -0.041737280786037445
v 0.02589528076350689 -0.0042910026386380196 -0.044851936399936676
v 0.026016755029559135 8.305430674226955e-05 -0.045062340795993805
f 4825 4826 4827
v 0.031072257086634636 8.305430674226955e-05 -0.041737280786037445
v 0.026016755029559135 8.305430674226955e-05 -0.045062340795993805
v 0.03091728501021862 0.0044342828914523125 -0.04152911156415939
f 4828 4829 4830
v 0.03091728501021862 0.0044342828914523125 -0.04152911156415939
v 0.026016755029559135 8.305430674226955e-05 -0.045062340795993805
v 0.02588699571788311 0.0044342828914523125 -0.044837586581707
f 4831 4832 4833
v 0.03091728501021862 0.0044342828914523125 -0.04152911156415939
v 0.02588699571788311 0.0044342828914523125 -0.044837586581707
v 0.030469713732600212 0.008699099533259869 -0.04092792421579361
f 4834 4835 4836
v 0.030469713732600212 0.008699099533259869 -0.04092792421579361
v 0.02588699571788311 0.0044342828914523125 -0.044837586581707
v 0.025512246415019035 0.008699099533259869 -0.044188492000103
f 4837 4838 4839
v 0.030469713732600212 0.008699099533259869 -0.04092792421579361
v 0.025512246415019035 0.008699099533259869 -0.044188492000103
v 0.029742373153567314 0.012817989103496075 -0.03995092958211899
f 4840 4841 4842
v 0.029742373153567314 0.012817989103496075 -0.03995092958211899
v 0.025512246415019035 0.008699099533259869 -0.044188492000103
v 0.02490323595702648 0.012817989103496075 -0.0431336835026741
f 4843 4844 4845
v 0.029742373153567314 0.012817989103496075 -0.03995092958211899
v 0.02490323595702648 0.012817989103496075 -0.0431336835026741
v 0.02403712086379528 0.016888881102204323 -0.04163350909948349
f 4846 4847 4848
v 0.02403712086379528 0.016888881102204323 -0.04163350909948349
v 0.02490323595702648 0.012817989103496075 -0.0431336835026741
v 0.02234121970832348 0.016888881102204323 -0.04256763309240341
f 4849 4850 4851
v 0.03299054503440857 -0.016888892278075218 -0.03496793657541275
v 0.03187912702560425 -0.016888892278075218 -0.0359840914607048
v 0.03416542708873749 -0.012874198146164417 -0.0362132266163826
f 4852 4853 4854
v 0.03416542708873749 -0.012874198146164417 -0.0362132266163826
v 0.03187912702560425 -0.016888892278075218 -0.0359840914607048
v 0.029730303213000298 -0.012874198146164417 -0.039934732019901276
f 4855 4856 4857
v 0.03416542708873749 -0.012874198146164417 -0.0362132266163826
v 0.029730303213000298 -0.012874198146164417 -0.039934732019901276
v 0.03502625226974487 -0.00862990040332079 -0.03712565451860428
f 4858 4859 4860
v 0.03502625226974487 -0.00862990040332079 -0.03712565451860428
v 0.029730303213000298 -0.012874198146164417 -0.039934732019901276
v 0.03047938458621502 -0.00862990040332079 -0.040940918028354645
f 4861 4862 4863
v 0.03502625226974487 -0.00862990040332079 -0.03712565451860428
v 0.03047938458621502 -0.00862990040332079 -0.040940918028354645
v 0.035540834069252014 -0.0042910026386380196 -0.037671081721782684
f 4864 4865 4866
v 0.035540834069252014 -0.0042910026386380196 -0.037671081721782684
v 0.03047938458621502 -0.00862990040332079 -0.040940918028354645
v 0.03092716448009014 -0.0042910026386380196 -0.041542403399944305
f 4867 4868 4869
v 0.035540834069252014 -0.0042910026386380196 -0.037671081721782684
v 0.03092716448009014 -0.0042910026386380196 -0.041542403399944305
v 0.035707563161849976 8.305430674226955e-05 -0.037847794592380524
f 4870 4871 4872
v 0.035707563161849976 8.305430674226955e-05 -0.037847794592380524
v 0.03092716448009014 -0.0042910026386380196 -0.041542403399944305
v 0.031072257086634636 8.305430674226955e-05 -0.041737280786037445
f 4873 4874 4875
v 0.035707563161849976 8.305430674226955e-05 -0.037847794592380524
v 0.031072257086634636 8.305430674226955e-05 -0.041737280786037445
v 0.03552946448326111 0.0044342828914523125 -0.03765902668237686
f 4876 4877 4878
v 0.03552946448326111 0.0044342828914523125 -0.03765902668237686
v 0.031072257086634636 8.305430674226955e-05 -0.041737280786037445
v 0.03091728501021862 0.0044342828914523125 -0.04152911156415939
f 4879 4880 4881
v 0.03552946448326111 0.0044342828914523125 -0.03765902668237686
v 0.03091728501021862 0.0044342828914523125 -0.04152911156415939
v 0.03501512110233307 0.008699099533259869 -0.037113867700099945
f 4882 4883 4884
v 0.03501512110233307 0.008699099533259869 -0.037113867700099945
v 0.03091728501021862 0.0044342828914523125 -0.04152911156415939
v 0.030469713732600212 0.008699099533259869 -0.04092792421579361
f 4885 4886 4887
v 0.03501512110233307 0.008699099533259869 -0.037113867700099945
v 0.030469713732600212 0.008699099533259869 -0.04092792421579361
v 0.034179285168647766 0.012817989103496075 -0.03622791916131973
f 4888 4889 4890
v 0.034179285168647766 0.012817989103496075 -0.03622791916131973
v 0.030469713732600212 0.008699099533259869 -0.04092792421579361
v 0.029742373153567314 0.012817989103496075 -0.03995092958211899
f 4891 4892 4893
v 0.034179285168647766 0.012817989103496075 -0.03622791916131973
v 0.029742373153567314 0.012817989103496075 -0.03995092958211899
v 0.028707949444651604 0.016888881102204323 -0.03856145590543747
f 4894 4895 4896
v 0.028707949444651604 0.016888881102204323 -0.03856145590543747
v 0.029742373153567314 0.012817989103496075 -0.03995092958211899
v 0.02730928175151348 0.016888881102204323 -0.03956431895494461
f 4897 4898 4899
v 0.03682701289653778 -0.016888892278075218 -0.030901530757546425
v 0.03598408401012421 -0.016888892278075218 -0.03187911957502365
v 0.038138508796691895 -0.012874198146164417 -0.03200200945138931
f 4900 4901 4902
v 0.038138508796691895 -0.012874198146164417 -0.03200200945138931
v 0.03598408401012421 -0.016888892278075218 -0.03187911957502365
v 0.03416542708873749 -0.012874198146164417 -0.0362132266163826
f 4903 4904 4905
v 0.038138508796691895 -0.012874198146164417 -0.03200200945138931
v 0.03416542708873749 -0.012874198146164417 -0.0362132266163826
v 0.03909943997859955 -0.00862990040332079 -0.0328083261847496
f 4906 4907 4908
v 0.03909943997859955 -0.00862990040332079 -0.0328083261847496
v 0.03416542708873749 -0.012874198146164417 -0.0362132266163826
v 0.03502625226974487 -0.00862990040332079 -0.03712565451860428
f 4909 4910 4911
v 0.03909943997859955 -0.00862990040332079 -0.0328083261847496
v 0.03502625226974487 -0.00862990040332079 -0.03712565451860428
v 0.03967386484146118 -0.0042910026386380196 -0.0332903191447258
f 4912 4913 4914
v 0.03967386484146118 -0.0042910026386380196 -0.0332903191447258
v 0.03502625226974487 -0.00862990040332079 -0.03712565451860428
v 0.035540834069252014 -0.0042910026386380196 -0.037671081721782684
f 4915 4916 4917
v 0.03967386484146118 -0.0042910026386380196 -0.0332903191447258
v 0.035540834069252014 -0.0042910026386380196 -0.037671081721782684
v 0.03985998034477234 8.305430674226955e-05 -0.03344649821519852
f 4918 4919 4920
v 0.03985998034477234 8.305430674226955e-05 -0.03344649821519852
v 0.035540834069252014 -0.0042910026386380196 -0.037671081721782684
v 0.035707563161849976 8.305430674226955e-05 -0.037847794592380524
f 4921 4922 4923
v 0.03985998034477234 8.305430674226955e-05 -0.03344649821519852
v 0.035707563161849976 8.305430674226955e-05 -0.037847794592380524
v 0.03966118395328522 0.0044342828914523125 -0.03327967971563339
f 4924 4925 4926
v 0.03966118395328522 0.0044342828914523125 -0.03327967971563339
v 0.035707563161849976 8.305430674226955e-05 -0.037847794592380524
v 0.03552946448326111 0.0044342828914523125 -0.03765902668237686
f 4927 4928 4929
v 0.03966118395328522 0.0044342828914523125 -0.03327967971563339
v 0.03552946448326111 0.0044342828914523125 -0.03765902668237686
v 0.03908702731132507 0.008699099533259869 -0.032797910273075104
f 4930 4931 4932
v 0.03908702731132507 0.008699099533259869 -0.032797910273075104
v 0.03552946448326111 0.0044342828914523125 -0.03765902668237686
v 0.03501512110233307 0.008699099533259869 -0.037113867700099945
f 4933 4934 4935
v 0.03908702731132507 0.008699099533259869 -0.032797910273075104
v 0.03501512110233307 0.008699099533259869 -0.037113867700099945
v 0.03815397620201111 0.012817989103496075 -0.032014988362789154
f 4936 4937 4938
v 0.03815397620201111 0.012817989103496075 -0.032014988362789154
v 0.03501512110233307 0.008699099533259869 -0.037113867700099945
v 0.034179285168647766 0.012817989103496075 -0.03622791916131973
f 4939 4940 4941
v 0.03815397620201111 0.012817989103496075 -0.032014988362789154
v 0.034179285168647766 0.012817989103496075 -0.03622791916131973
v 0.03299054503440857 0.016888881102204323 -0.03496793657541275
f 4942 4943 4944
v 0.03299054503440857 0.016888881102204323 -0.03496793657541275
v 0.034179285168647766 0.012817989103496075 -0.03622791916131973
v 0.03187912702560425 0.016888881102204323 -0.0359840914607048
f 4945 4946 4947
v 0.04016543924808502 -0.016888892278075218 -0.026417234912514687
v 0.03956432640552521 -0.016888892278075218 -0.027309278026223183
v 0.04159584641456604 -0.012874198146164417 -0.02735801972448826
f 4948 4949 4950
v 0.04159584641456604 -0.012874198146164417 -0.02735801972448826
v 0.03956432640552521 -0.016888892278075218 -0.027309278026223183
v 0.038138508796691895 -0.012874198146164417 -0.03200200945138931
f 4951 4952 4953
v 0.04159584641456604 -0.012874198146164417 -0.02735801972448826
v 0.038138508796691895 -0.012874198146164417 -0.03200200945138931
v 0.04264387488365173 -0.00862990040332079 -0.028047317638993263
f 4954 4955 4956
v 0.04264387488365173 -0.00862990040332079 -0.028047317638993263
v 0.038138508796691895 -0.012874198146164417 -0.03200200945138931
v 0.03909943997859955 -0.00862990040332079 -0.0328083261847496
f 4957 4958 4959
v 0.04264387488365173 -0.00862990040332079 -0.028047317638993263
v 0.03909943997859955 -0.00862990040332079 -0.0328083261847496
v 0.043270379304885864 -0.0042910026386380196 -0.02845936454832554
f 4960 4961 4962
v 0.043270379304885864 -0.0042910026386380196 -0.02845936454832554
v 0.03909943997859955 -0.00862990040332079 -0.0328083261847496
v 0.03967386484146118 -0.0042910026386380196 -0.0332903191447258
f 4963 4964 4965
v 0.043270379304885864 -0.0042910026386380196 -0.02845936454832554
v 0.03967386484146118 -0.0042910026386380196 -0.0332903191447258
v 0.04347336292266846 8.305430674226955e-05 -0.028592878952622414
f 4966 4967 4968
v 0.04347336292266846 8.305430674226955e-05 -0.028592878952622414
v 0.03967386484146118 -0.0042910026386380196 -0.0332903191447258
v 0.03985998034477234 8.305430674226955e-05 -0.03344649821519852
f 4969 4970 4971
v 0.04347336292266846 8.305430674226955e-05 -0.028592878952622414
v 0.03985998034477234 8.305430674226955e-05 -0.03344649821519852
v 0.04325653612613678 0.0044342828914523125 -0.02845027483999729
f 4972 4973 4974
v 0.04325653612613678 0.0044342828914523125 -0.02845027483999729
v 0.03985998034477234 8.305430674226955e-05 -0.03344649821519852
v 0.03966118395328522 0.0044342828914523125 -0.03327967971563339
f 4975 4976 4977
v 0.04325653612613678 0.0044342828914523125 -0.02845027483999729
v 0.03966118395328522 0.0044342828914523125 -0.03327967971563339
v 0.042630329728126526 0.008699099533259869 -0.028038406744599342
f 4978 4979 4980
v 0.042630329728126526 0.008699099533259869 -0.028038406744599342
v 0.03966118395328522 0.0044342828914523125 -0.03327967971563339
v 0.03908702731132507 0.008699099533259869 -0.032797910273075104
f 4981 4982 4983
v 0.042630329728126526 0.008699099533259869 -0.028038406744599342
v 0.03908702731132507 0.008699099533259869 -0.032797910273075104
v 0.041612714529037476 0.012817989103496075 -0.02736910618841648
f 4984 4985 4986
v 0.041612714529037476 0.012817989103496075 -0.02736910618841648
v 0.03908702731132507 0.008699099533259869 -0.032797910273075104
v 0.03815397620201111 0.012817989103496075 -0.032014988362789154
f 4987 4988 4989
v 0.041612714529037476 0.012817989103496075 -0.02736910618841648
v 0.03815397620201111 0.012817989103496075 -0.032014988362789154
v 0.03682701289653778 0.016888881102204323 -0.030901530757546425
f 4990 4991 4992
v 0.03682701289653778 0.016888881102204323 -0.030901530757546425
v 0.03815397620201111 0.012817989103496075 -0.032014988362789154
v 0.03598408401012421 0.016888881102204323 -0.03187911957502365
f 4993 4994 4995
v 0.042960718274116516 -0.016888892278075218 -0.02157568372786045
v 0.042567625641822815 -0.016888892278075218 -0.02234121598303318
v 0.04449065029621124 -0.012874198146164417 -0.02234404720366001
f 4996 4997 4998
v 0.04449065029621124 -0.012874198146164417 -0.02234404720366001
v 0.042567625641822815 -0.016888892278075218 -0.02234121598303318
v 0.04159584641456604 -0.012874198146164417 -0.02735801972448826
f 4999 5000 5001
v 0.04449065029621124 -0.012874198146164417 -0.02234404720366001
v 0.04159584641456604 -0.012874198146164417 -0.02735801972448826
v 0.045611634850502014 -0.00862990040332079 -0.022907013073563576
f 5002 5003 5004
v 0.045611634850502014 -0.00862990040332079 -0.022907013073563576
v 0.04159584641456604 -0.012874198146164417 -0.02735801972448826
v 0.04264387488365173 -0.00862990040332079 -0.028047317638993263
f 5005 5006 5007
v 0.045611634850502014 -0.00862990040332079 -0.022907013073563576
v 0.04264387488365173 -0.00862990040332079 -0.028047317638993263
v 0.04628172516822815 -0.0042910026386380196 -0.023243555799126625
f 5008 5009 5010
v 0.04628172516822815 -0.0042910026386380196 -0.023243555799126625
v 0.04264387488365173 -0.00862990040332079 -0.028047317638993263
v 0.043270379304885864 -0.0042910026386380196 -0.02845936454832554
f 5011 5012 5013
v 0.04628172516822815 -0.0042910026386380196 -0.023243555799126625
v 0.043270379304885864 -0.0042910026386380196 -0.02845936454832554
v 0.04649883508682251 8.305430674226955e-05 -0.023352602496743202
f 5014 5015 5016
v 0.04649883508682251 8.305430674226955e-05 -0.023352602496743202
v 0.043270379304885864 -0.0042910026386380196 -0.02845936454832554
v 0.04347336292266846 8.305430674226955e-05 -0.028592878952622414
f 5017 5018 5019
v 0.04649883508682251 8.305430674226955e-05 -0.023352602496743202
v 0.04347336292266846 8.305430674226955e-05 -0.028592878952622414
v 0.04626692831516266 0.0044342828914523125 -0.023236120119690895
f 5020 5021 5022
v 0.04626692831516266 0.0044342828914523125 -0.023236120119690895
v 0.04347336292266846 8.305430674226955e-05 -0.028592878952622414
v 0.04325653612613678 0.0044342828914523125 -0.02845027483999729
f 5023 5024 5025
v 0.04626692831516266 0.0044342828914523125 -0.023236120119690895
v 0.04325653612613678 0.0044342828914523125 -0.02845027483999729
v 0.045597150921821594 0.008699099533259869 -0.022899741306900978
f 5026 5027 5028
v 0.045597150921821594 0.008699099533259869 -0.022899741306900978
v 0.04325653612613678 0.0044342828914523125 -0.02845027483999729
v 0.042630329728126526 0.008699099533259869 -0.028038406744599342
f 5029 5030 5031
v 0.045597150921821594 0.008699099533259869 -0.022899741306900978
v 0.042630329728126526 0.008699099533259869 -0.028038406744599342
v 0.04450869560241699 0.012817989103496075 -0.02235310710966587
f 5032 5033 5034
v 0.04450869560241699 0.012817989103496075 -0.02235310710966587
v 0.042630329728126526 0.008699099533259869 -0.028038406744599342
v 0.041612714529037476 0.012817989103496075 -0.02736910618841648
f 5035 5036 5037
v 0.04450869560241699 0.012817989103496075 -0.02235310710966587
v 0.041612714529037476 0.012817989103496075 -0.02736910618841648
v 0.04016543924808502 0.016888881102204323 -0.026417234912514687
f 5038 5039 5040
v 0.04016543924808502 0.016888881102204323 -0.026417234912514687
v 0.041612714529037476 0.012817989103496075 -0.02736910618841648
v 0.03956432640552521 0.016888881102204323 -0.027309278026223183
f 5041 5042 5043
v 0.045175015926361084 -0.016888892278075218 -0.01644236035645008
v 0.044950202107429504 -0.016888892278075218 -0.01704736240208149
v 0.04678380489349365 -0.012874198146164417 -0.01702791638672352
f 5044 5045 5046
v 0.04678380489349365 -0.012874198146164417 -0.01702791638672352
v 0.044950202107429504 -0.016888892278075218 -0.01704736240208149
v 0.04449065029621124 -0.012874198146164417 -0.02234404720366001
f 5047 5048 5049
v 0.04678380489349365 -0.012874198146164417 -0.01702791638672352
v 0.04449065029621124 -0.012874198146164417 -0.02234404720366001
v 0.04796256124973297 -0.00862990040332079 -0.017456943169236183
f 5050 5051 5052
v 0.04796256124973297 -0.00862990040332079 -0.017456943169236183
v 0.04449065029621124 -0.012874198146164417 -0.02234404720366001
v 0.045611634850502014 -0.00862990040332079 -0.022907013073563576
f 5053 5054 5055
v 0.04796256124973297 -0.00862990040332079 -0.017456943169236183
v 0.045611634850502014 -0.00862990040332079 -0.022907013073563576
v 0.048667192459106445 -0.0042910026386380196 -0.017713407054543495
f 5056 5057 5058
v 0.048667192459106445 -0.0042910026386380196 -0.017713407054543495
v 0.045611634850502014 -0.00862990040332079 -0.022907013073563576
v 0.04628172516822815 -0.0042910026386380196 -0.023243555799126625
f 5059 5060 5061
v 0.048667192459106445 -0.0042910026386380196 -0.017713407054543495
v 0.04628172516822815 -0.0042910026386380196 -0.023243555799126625
v 0.04889550805091858 8.305430674226955e-05 -0.017796510830521584
f 5062 5063 5064
v 0.04889550805091858 8.305430674226955e-05 -0.017796510830521584
v 0.04628172516822815 -0.0042910026386380196 -0.023243555799126625
v 0.04649883508682251 8.305430674226955e-05 -0.023352602496743202
f 5065 5066 5067
v 0.04889550805091858 8.305430674226955e-05 -0.017796510830521584
v 0.04649883508682251 8.305430674226955e-05 -0.023352602496743202
v 0.04865163564682007 0.0044342828914523125 -0.017707744613289833
f 5068 5069 5070
v 0.04865163564682007 0.0044342828914523125 -0.017707744613289833
v 0.04649883508682251 8.305430674226955e-05 -0.023352602496743202
v 0.04626692831516266 0.0044342828914523125 -0.023236120119690895
f 5071 5072 5073
v 0.04865163564682007 0.0044342828914523125 -0.017707744613289833
v 0.04626692831516266 0.0044342828914523125 -0.023236120119690895
v 0.04794733226299286 0.008699099533259869 -0.017451399937272072
f 5074 5075 5076
v 0.04794733226299286 0.008699099533259869 -0.017451399937272072
v 0.04626692831516266 0.0044342828914523125 -0.023236120119690895
v 0.045597150921821594 0.008699099533259869 -0.022899741306900978
f 5077 5078 5079
v 0.04794733226299286 0.008699099533259869 -0.017451399937272072
v 0.045597150921821594 0.008699099533259869 -0.022899741306900978
v 0.046802788972854614 0.012817989103496075 -0.017034823074936867
f 5080 5081 5082
v 0.046802788972854614 0.012817989103496075 -0.017034823074936867
v 0.045597150921821594 0.008699099533259869 -0.022899741306900978
v 0.04450869560241699 0.012817989103496075 -0.02235310710966587
f 5083 5084 5085
v 0.046802788972854614 0.012817989103496075 -0.017034823074936867
v 0.04450869560241699 0.012817989103496075 -0.02235310710966587
v 0.042960718274116516 0.016888881102204323 -0.02157568372786045
f 5086 5087 5088
v 0.042960718274116516 0.016888881102204323 -0.02157568372786045
v 0.04450869560241699 0.012817989103496075 -0.02235310710966587
v 0.042567625641822815 0.016888881102204323 -0.02234121598303318
f 5089 5090 5091
v 0.046778395771980286 -0.016888892278075218 -0.011086681857705116
v 0.04667729139328003 -0.016888892278075218 -0.011504920199513435
v 0.04844430088996887 -0.012874198146164417 -0.0114815104752779
f 5092 5093 5094
v 0.04844430088996887 -0.012874198146164417 -0.0114815104752779
v 0.04667729139328003 -0.016888892278075218 -0.011504920199513435
v 0.04678380489349365 -0.012874198146164417 -0.01702791638672352
f 5095 5096 5097
v 0.04844430088996887 -0.012874198146164417 -0.0114815104752779
v 0.04678380489349365 -0.012874198146164417 -0.01702791638672352
v 0.04966488480567932 -0.00862990040332079 -0.011770794168114662
f 5098 5099 5100
v 0.04966488480567932 -0.00862990040332079 -0.011770794168114662
v 0.04678380489349365 -0.012874198146164417 -0.01702791638672352
v 0.04796256124973297 -0.00862990040332079 -0.017456943169236183
f 5101 5102 5103
v 0.04966488480567932 -0.00862990040332079 -0.011770794168114662
v 0.04796256124973297 -0.00862990040332079 -0.017456943169236183
v 0.050394535064697266 -0.0042910026386380196 -0.011943722143769264
f 5104 5105 5106
v 0.050394535064697266 -0.0042910026386380196 -0.011943722143769264
v 0.04796256124973297 -0.00862990040332079 -0.017456943169236183
v 0.048667192459106445 -0.0042910026386380196 -0.017713407054543495
f 5107 5108 5109
v 0.050394535064697266 -0.0042910026386380196 -0.011943722143769264
v 0.048667192459106445 -0.0042910026386380196 -0.017713407054543495
v 0.05063094198703766 8.305430674226955e-05 -0.011999750509858131
f 5110 5111 5112
v 0.05063094198703766 8.305430674226955e-05 -0.011999750509858131
v 0.048667192459106445 -0.0042910026386380196 -0.017713407054543495
v 0.04889550805091858 8.305430674226955e-05 -0.017796510830521584
f 5113 5114 5115
v 0.05063094198703766 8.305430674226955e-05 -0.011999750509858131
v 0.04889550805091858 8.305430674226955e-05 -0.017796510830521584
v 0.05037841200828552 0.0044342828914523125 -0.01193990744650364
f 5116 5117 5118
v 0.05037841200828552 0.0044342828914523125 -0.01193990744650364
v 0.04889550805091858 8.305430674226955e-05 -0.017796510830521584
v 0.04865163564682007 0.0044342828914523125 -0.017707744613289833
f 5119 5120 5121
v 0.05037841200828552 0.0044342828914523125 -0.01193990744650364
v 0.04865163564682007 0.0044342828914523125 -0.017707744613289833
v 0.04964911937713623 0.008699099533259869 -0.011767053976655006
f 5122 5123 5124
v 0.04964911937713623 0.008699099533259869 -0.011767053976655006
v 0.04865163564682007 0.0044342828914523125 -0.017707744613289833
v 0.04794733226299286 0.008699099533259869 -0.017451399937272072
f 5125 5126 5127
v 0.04964911937713623 0.008699099533259869 -0.011767053976655006
v 0.04794733226299286 0.008699099533259869 -0.017451399937272072
v 0.04846394062042236 0.012817989103496075 -0.011486167088150978
f 5128 5129 5130
v 0.04846394062042236 0.012817989103496075 -0.011486167088150978
v 0.04794733226299286 0.008699099533259869 -0.017451399937272072
v 0.046802788972854614 0.012817989103496075 -0.017034823074936867
f 5131 5132 5133
v 0.04846394062042236 0.012817989103496075 -0.011486167088150978
v 0.046802788972854614 0.012817989103496075 -0.017034823074936867
v 0.045175015926361084 0.016888881102204323 -0.01644236035645008
f 5134 5135 5136
v 0.045175015926361084 0.016888881102204323 -0.01644236035645008
v 0.046802788972854614 0.012817989103496075 -0.017034823074936867
v 0.044950202107429504 0.016888881102204323 -0.01704736240208149
f 5137 5138 5139
v 0.04774917662143707 -0.016888892278075218 -0.0055810753256082535
v 0.04772372543811798 -0.016888892278075218 -0.005794713273644447
v 0.049449652433395386 -0.012874198146164417 -0.0057798344641923904
f 5140 5141 5142
v 0.049449652433395386 -0.012874198146164417 -0.0057798344641923904
v 0.04772372543811798 -0.016888892278075218 -0.005794713273644447
v 0.04844430088996887 -0.012874198146164417 -0.0114815104752779
f 5143 5144 5145
v 0.049449652433395386 -0.012874198146164417 -0.0057798344641923904
v 0.04844430088996887 -0.012874198146164417 -0.0114815104752779
v 0.050695568323135376 -0.00862990040332079 -0.005925463512539864
f 5146 5147 5148
v 0.050695568323135376 -0.00862990040332079 -0.005925463512539864
v 0.04844430088996887 -0.012874198146164417 -0.0114815104752779
v 0.04966488480567932 -0.00862990040332079 -0.011770794168114662
f 5149 5150 5151
v 0.050695568323135376 -0.00862990040332079 -0.005925463512539864
v 0.04966488480567932 -0.00862990040332079 -0.011770794168114662
v 0.05144035816192627 -0.0042910026386380196 -0.006012516096234322
f 5152 5153 5154
v 0.05144035816192627 -0.0042910026386380196 -0.006012516096234322
v 0.04966488480567932 -0.00862990040332079 -0.011770794168114662
v 0.050394535064697266 -0.0042910026386380196 -0.011943722143769264
f 5155 5156 5157
v 0.05144035816192627 -0.0042910026386380196 -0.006012516096234322
v 0.050394535064697266 -0.0042910026386380196 -0.011943722143769264
v 0.05168168246746063 8.305430674226955e-05 -0.006040723994374275
f 5158 5159 5160
v 0.05168168246746063 8.305430674226955e-05 -0.006040723994374275
v 0.050394535064697266 -0.0042910026386380196 -0.011943722143769264
v 0.05063094198703766 8.305430674226955e-05 -0.011999750509858131
f 5161 5162 5163
v 0.05168168246746063 8.305430674226955e-05 -0.006040723994374275
v 0.05063094198703766 8.305430674226955e-05 -0.011999750509858131
v 0.05142390727996826 0.0044342828914523125 -0.006010593846440315
f 5164 5165 5166
v 0.05142390727996826 0.0044342828914523125 -0.006010593846440315
v 0.05063094198703766 8.305430674226955e-05 -0.011999750509858131
v 0.05037841200828552 0.0044342828914523125 -0.01193990744650364
f 5167 5168 5169
v 0.05142390727996826 0.0044342828914523125 -0.006010593846440315
v 0.05037841200828552 0.0044342828914523125 -0.01193990744650364
v 0.05067947506904602 0.008699099533259869 -0.005923578515648842
f 5170 5171 5172
v 0.05067947506904602 0.008699099533259869 -0.005923578515648842
v 0.05037841200828552 0.0044342828914523125 -0.01193990744650364
v 0.04964911937713623 0.008699099533259869 -0.011767053976655006
f 5173 5174 5175
v 0.05067947506904602 0.008699099533259869 -0.005923578515648842
v 0.04964911937713623 0.008699099533259869 -0.011767053976655006
v 0.049469709396362305 0.012817989103496075 -0.0057821813970804214
f 5176 5177 5178
v 0.049469709396362305 0.012817989103496075 -0.0057821813970804214
v 0.04964911937713623 0.008699099533259869 -0.011767053976655006
v 0.04846394062042236 0.012817989103496075 -0.011486167088150978
f 5179 5180 5181
v 0.049469709396362305 0.012817989103496075 -0.0057821813970804214
v 0.04846394062042236 0.012817989103496075 -0.011486167088150978
v 0.046778395771980286 0.016888881102204323 -0.011086681857705116
f 5182 5183 5184
v 0.046778395771980286 0.016888881102204323 -0.011086681857705116
v 0.04846394062042236 0.012817989103496075 -0.011486167088150978
v 0.04667729139328003 0.016888881102204323 -0.011504920199513435
f 5185 5186 5187
v 0.04772372543811798 0.016888881102204323 -0.005794713273644447
v 0.049806490540504456 0.012817989103496075 -1.8530144085815436e-09
v 0.049469709396362305 0.012817989103496075 -0.0057821813970804214
f 5188 5189 5190
v 0.049469709396362305 0.012817989103496075 -0.0057821813970804214
v 0.049806490540504456 0.012817989103496075 -1.8530144085815436e-09
v 0.051024481654167175 0.008699099533259869 -1.8530144085815436e-09
f 5191 5192 5193
v 0.049469709396362305 0.012817989103496075 -0.0057821813970804214
v 0.051024481654167175 0.008699099533259869 -1.8530144085815436e-09
v 0.05067947506904602 0.008699099533259869 -0.005923578515648842
f 5194 5195 5196
v 0.05067947506904602 0.008699099533259869 -0.005923578515648842
v 0.051024481654167175 0.008699099533259869 -1.8530144085815436e-09
v 0.05177399516105652 0.0044342828914523125 -1.8530144085815436e-09
f 5197 5198 5199
v 0.05067947506904602 0.008699099533259869 -0.005923578515648842
v 0.05177399516105652 0.0044342828914523125 -1.8530144085815436e-09
v 0.05142390727996826 0.0044342828914523125 -0.006010593846440315
f 5200 5201 5202
v 0.05142390727996826 0.0044342828914523125 -0.006010593846440315
v 0.05177399516105652 0.0044342828914523125 -1.8530144085815436e-09
v 0.052033498883247375 8.305430674226955e-05 -1.8530144085815436e-09
f 5203 5204 5205
v 0.05142390727996826 0.0044342828914523125 -0.006010593846440315
v 0.052033498883247375 8.305430674226955e-05 -1.8530144085815436e-09
v 0.05168168246746063 8.305430674226955e-05 -0.006040723994374275
f 5206 5207 5208
v 0.05168168246746063 8.305430674226955e-05 -0.006040723994374275
v 0.052033498883247375 8.305430674226955e-05 -1.8530144085815436e-09
v 0.05179055035114288 -0.0042910026386380196 -1.8530144085815436e-09
f 5209 5210 5211
v 0.05168168246746063 8.305430674226955e-05 -0.006040723994374275
v 0.05179055035114288 -0.0042910026386380196 -1.8530144085815436e-09
v 0.05144035816192627 -0.0042910026386380196 -0.006012516096234322
f 5212 5213 5214
v 0.05144035816192627 -0.0042910026386380196 -0.006012516096234322
v 0.05179055035114288 -0.0042910026386380196 -1.8530144085815436e-09
v 0.05104069411754608 -0.00862990040332079 -1.8530144085815436e-09
f 5215 5216 5217
v 0.05144035816192627 -0.0042910026386380196 -0.006012516096234322
v 0.05104069411754608 -0.00862990040332079 -1.8530144085815436e-09
v 0.050695568323135376 -0.00862990040332079 -0.005925463512539864
f 5218 5219 5220
v 0.050695568323135376 -0.00862990040332079 -0.005925463512539864
v 0.05104069411754608 -0.00862990040332079 -1.8530144085815436e-09
v 0.0497862845659256 -0.012874198146164417 -1.8530144085815436e-09
f 5221 5222 5223
v 0.050695568323135376 -0.00862990040332079 -0.005925463512539864
v 0.0497862845659256 -0.012874198146164417 -1.8530144085815436e-09
v 0.049449652433395386 -0.012874198146164417 -0.0057798344641923904
f 5224 5225 5226
v 0.049449652433395386 -0.012874198146164417 -0.0057798344641923904
v 0.0497862845659256 -0.012874198146164417 -1.8530144085815436e-09
v 0.04807424545288086 -0.016888892278075218 -1.8530144085815436e-09
f 5227 5228 5229
v 0.049449652433395386 -0.012874198146164417 -0.0057798344641923904
v 0.04807424545288086 -0.016888892278075218 -1.8530144085815436e-09
v 0.04774917662143707 -0.016888892278075218 -0.0055810753256082535
f 5230 5231 5232
v 0.04716821014881134 -0.017575478181242943 -0.005727255716919899
v 0.047514647245407104 -0.017575478181242943 -1.8530144085815436e-09
v 0.047231465578079224 -0.01776060275733471 -1.8530144085815436e-09
f 5233 5234 5235
v -0.04774917662143707 -0.016888892278075218 -0.0055810753256082535
v -0.04772372543811798 -0.016888892278075218 -0.005794713273644447
v -0.04716821014881134 -0.017575478181242943 -0.005727255716919899
f 5236 5237 5238
v -0.04716821014881134 -0.017575478181242943 -0.005727255716919899
v -0.04772372543811798 -0.016888892278075218 -0.005794713273644447
v -0.046778395771980286 -0.016888892278075218 -0.011086681857705116
f 5239 5240 5241
v -0.04716821014881134 -0.017575478181242943 -0.005727255716919899
v -0.046778395771980286 -0.016888892278075218 -0.011086681857705116
v -0.04613395035266876 -0.017575478181242943 -0.01137099601328373
f 5242 5243 5244
v -0.04613395035266876 -0.017575478181242943 -0.01137099601328373
v -0.046778395771980286 -0.016888892278075218 -0.011086681857705116
v -0.04667729139328003 -0.016888892278075218 -0.011504920199513435
f 5245 5246 5247
v -0.04613395035266876 -0.017575478181242943 -0.01137099601328373
v -0.04667729139328003 -0.016888892278075218 -0.011504920199513435
v -0.04442696273326874 -0.017575478181242943 -0.01684892363846302
f 5248 5249 5250
v -0.04667729139328003 -0.016888892278075218 -0.011504920199513435
v -0.045175015926361084 -0.016888892278075218 -0.01644236035645008
v -0.04442696273326874 -0.017575478181242943 -0.01684892363846302
f 5251 5252 5253
v -0.04442696273326874 -0.017575478181242943 -0.01684892363846302
v -0.045175015926361084 -0.016888892278075218 -0.01644236035645008
v -0.044950202107429504 -0.016888892278075218 -0.01704736240208149
f 5254 5255 5256
v -0.04442696273326874 -0.017575478181242943 -0.01684892363846302
v -0.044950202107429504 -0.016888892278075218 -0.01704736240208149
v -0.04207213222980499 -0.017575478181242943 -0.02208116091787815
f 5257 5258 5259
v -0.044950202107429504 -0.016888892278075218 -0.01704736240208149
v -0.042960718274116516 -0.016888892278075218 -0.02157568372786045
v -0.04207213222980499 -0.017575478181242943 -0.02208116091787815
f 5260 5261 5262
v -0.04207213222980499 -0.017575478181242943 -0.02208116091787815
v -0.042960718274116516 -0.016888892278075218 -0.02157568372786045
v -0.042567625641822815 -0.016888892278075218 -0.02234121598303318
f 5263 5264 5265
v -0.04207213222980499 -0.017575478181242943 -0.02208116091787815
v -0.042567625641822815 -0.016888892278075218 -0.02234121598303318
v -0.03910379111766815 -0.017575478181242943 -0.02699139155447483
f 5266 5267 5268
v -0.042567625641822815 -0.016888892278075218 -0.02234121598303318
v -0.04016543924808502 -0.016888892278075218 -0.026417234912514687
v -0.03910379111766815 -0.017575478181242943 -0.02699139155447483
f 5269 5270 5271
v -0.03910379111766815 -0.017575478181242943 -0.02699139155447483
v -0.04016543924808502 -0.016888892278075218 -0.026417234912514687
v -0.03956432640552521 -0.016888892278075218 -0.027309278026223183
f 5272 5273 5274
v -0.03910379111766815 -0.017575478181242943 -0.02699139155447483
v -0.03956432640552521 -0.016888892278075218 -0.027309278026223183
v -0.03556522727012634 -0.017575478181242943 -0.03150803595781326
f 5275 5276 5277
v -0.03956432640552521 -0.016888892278075218 -0.027309278026223183
v -0.03682701289653778 -0.016888892278075218 -0.030901530757546425
v -0.03556522727012634 -0.017575478181242943 -0.03150803595781326
f 5278 5279 5280
v -0.03556522727012634 -0.017575478181242943 -0.03150803595781326
v -0.03682701289653778 -0.016888892278075218 -0.030901530757546425
v -0.03598408401012421 -0.016888892278075218 -0.03187911957502365
f 5281 5282 5283
v -0.03556522727012634 -0.017575478181242943 -0.03150803595781326
v -0.03598408401012421 -0.016888892278075218 -0.03187911957502365
v -0.03150804340839386 -0.017575478181242943 -0.035565219819545746
f 5284 5285 5286
v -0.03598408401012421 -0.016888892278075218 -0.03187911957502365
v -0.03299054503440857 -0.016888892278075218 -0.03496793657541275
v -0.03150804340839386 -0.017575478181242943 -0.035565219819545746
f 5287 5288 5289
v -0.03150804340839386 -0.017575478181242943 -0.035565219819545746
v -0.03299054503440857 -0.016888892278075218 -0.03496793657541275
v -0.031879112124443054 -0.016888892278075218 -0.0359840914607048
f 5290 5291 5292
v -0.03150804340839386 -0.017575478181242943 -0.035565219819545746
v -0.031879112124443054 -0.016888892278075218 -0.0359840914607048
v -0.026991399005055428 -0.017575478181242943 -0.039103783667087555
f 5293 5294 5295
v -0.031879112124443054 -0.016888892278075218 -0.0359840914607048
v -0.028707953169941902 -0.016888892278075218 -0.03856145590543747
v -0.026991399005055428 -0.017575478181242943 -0.039103783667087555
f 5296 5297 5298
v -0.026991399005055428 -0.017575478181242943 -0.039103783667087555
v -0.028707953169941902 -0.016888892278075218 -0.03856145590543747
v -0.02730928547680378 -0.016888892278075218 -0.03956431895494461
f 5299 5300 5301
v -0.026991399005055428 -0.017575478181242943 -0.039103783667087555
v -0.02730928547680378 -0.016888892278075218 -0.03956431895494461
v -0.022081153467297554 -0.017575478181242943 -0.042072124779224396
f 5302 5303 5304
v -0.02730928547680378 -0.016888892278075218 -0.03956431895494461
v -0.02403712458908558 -0.016888892278075218 -0.04163350909948349
v -0.022081153467297554 -0.017575478181242943 -0.042072124779224396
f 5305 5306 5307
v -0.022081153467297554 -0.017575478181242943 -0.042072124779224396
v -0.02403712458908558 -0.016888892278075218 -0.04163350909948349
v -0.022341208532452583 -0.016888892278075218 -0.04256763309240341
f 5308 5309 5310
v -0.022081153467297554 -0.017575478181242943 -0.042072124779224396
v -0.022341208532452583 -0.016888892278075218 -0.04256763309240341
v -0.01684892363846302 -0.017575478181242943 -0.044426970183849335
f 5311 5312 5313
v -0.022341208532452583 -0.016888892278075218 -0.04256763309240341
v -0.019041242077946663 -0.016888892278075218 -0.04414253681898117
v -0.01684892363846302 -0.017575478181242943 -0.044426970183849335
f 5314 5315 5316
v -0.01684892363846302 -0.017575478181242943 -0.044426970183849335
v -0.019041242077946663 -0.016888892278075218 -0.04414253681898117
v -0.01704736240208149 -0.016888892278075218 -0.04495019465684891
f 5317 5318 5319
v -0.01684892363846302 -0.017575478181242943 -0.044426970183849335
v -0.01704736240208149 -0.016888892278075218 -0.04495019465684891
v -0.011371002532541752 -0.017575478181242943 -0.04613395780324936
f 5320 5321 5322
v -0.01704736240208149 -0.016888892278075218 -0.04495019465684891
v -0.013787851668894291 -0.016888892278075218 -0.046054624021053314
v -0.011371002532541752 -0.017575478181242943 -0.04613395780324936
f 5323 5324 5325
v -0.011371002532541752 -0.017575478181242943 -0.04613395780324936
v -0.013787851668894291 -0.016888892278075218 -0.046054624021053314
v -0.01150491926819086 -0.016888892278075218 -0.04667728394269943
f 5326 5327 5328
v -0.011371002532541752 -0.017575478181242943 -0.04613395780324936
v -0.01150491926819086 -0.016888892278075218 -0.04667728394269943
v -0.005727262236177921 -0.017575478181242943 -0.04716821759939194
f 5329 5330 5331
v -0.01150491926819086 -0.016888892278075218 -0.04667728394269943
v -0.008348003961145878 -0.016888892278075218 -0.04734388738870621
v -0.005727262236177921 -0.017575478181242943 -0.04716821759939194
f 5332 5333 5334
v -0.005727262236177921 -0.017575478181242943 -0.04716821759939194
v -0.008348003961145878 -0.016888892278075218 -0.04734388738870621
v -0.005794704891741276 -0.016888892278075218 -0.04772373288869858
f 5335 5336 5337
v -0.005727262236177921 -0.017575478181242943 -0.04716821759939194
v -0.005794704891741276 -0.016888892278075218 -0.04772373288869858
v -1.072882005459519e-09 -0.017575478181242943 -0.04751463979482651
f 5338 5339 5340
v -1.072882005459519e-09 -0.017575478181242943 -0.04751463979482651
v -0.005794704891741276 -0.016888892278075218 -0.04772373288869858
v -0.0027952652890235186 -0.016888892278075218 -0.04799290746450424
f 5341 5342 5343
v -0.0027952652890235186 -0.016888892278075218 -0.04799290746450424
v -1.072882005459519e-09 -0.016888892278075218 -0.04807423800230026
v -1.072882005459519e-09 -0.017575478181242943 -0.04751463979482651
f 5344 5345 5346
v -1.072882005459519e-09 -0.017575478181242943 -0.04751463979482651
v -1.072882005459519e-09 -0.016888892278075218 -0.04807423800230026
v 0.002795262960717082 -0.016888892278075218 -0.04799290746450424
f 5347 5348 5349
v -1.072882005459519e-09 -0.017575478181242943 -0.04751463979482651
v 0.002795262960717082 -0.016888892278075218 -0.04799290746450424
v 0.005727260373532772 -0.017575478181242943 -0.04716821759939194
f 5350 5351 5352
v 0.002795262960717082 -0.016888892278075218 -0.04799290746450424
v 0.0057947030290961266 -0.016888892278075218 -0.04772373288869858
v 0.005727260373532772 -0.017575478181242943 -0.04716821759939194
f 5353 5354 5355
v 0.005727260373532772 -0.017575478181242943 -0.04716821759939194
v 0.0057947030290961266 -0.016888892278075218 -0.04772373288869858
v 0.008348002098500729 -0.016888892278075218 -0.04734388738870621
f 5356 5357 5358
v 0.005727260373532772 -0.017575478181242943 -0.04716821759939194
v 0.008348002098500729 -0.016888892278075218 -0.04734388738870621
v 0.011371000669896603 -0.017575478181242943 -0.04613395780324936
f 5359 5360 5361
v 0.008348002098500729 -0.016888892278075218 -0.04734388738870621
v 0.011504917405545712 -0.016888892278075218 -0.04667728394269943
v 0.011371000669896603 -0.017575478181242943 -0.04613395780324936
f 5362 5363 5364
v 0.011371000669896603 -0.017575478181242943 -0.04613395780324936
v 0.011504917405545712 -0.016888892278075218 -0.04667728394269943
v 0.013787849806249142 -0.016888892278075218 -0.046054624021053314
f 5365 5366 5367
v 0.011371000669896603 -0.017575478181242943 -0.04613395780324936
v 0.013787849806249142 -0.016888892278075218 -0.046054624021053314
v 0.016848919913172722 -0.017575478181242943 -0.044426970183849335
f 5368 5369 5370
v 0.013787849806249142 -0.016888892278075218 -0.046054624021053314
v 0.01704735867679119 -0.016888892278075218 -0.04495019465684891
v 0.016848919913172722 -0.017575478181242943 -0.044426970183849335
f 5371 5372 5373
v 0.016848919913172722 -0.017575478181242943 -0.044426970183849335
v 0.01704735867679119 -0.016888892278075218 -0.04495019465684891
v 0.019041238352656364 -0.016888892278075218 -0.04414253681898117
f 5374 5375 5376
v 0.016848919913172722 -0.017575478181242943 -0.044426970183849335
v 0.019041238352656364 -0.016888892278075218 -0.04414253681898117
v 0.02208116464316845 -0.017575478181242943 -0.042072124779224396
f 5377 5378 5379
v 0.019041238352656364 -0.016888892278075218 -0.04414253681898117
v 0.02234121970832348 -0.016888892278075218 -0.04256763309240341
v 0.02208116464316845 -0.017575478181242943 -0.042072124779224396
f 5380 5381 5382
v 0.02208116464316845 -0.017575478181242943 -0.042072124779224396
v 0.02234121970832348 -0.016888892278075218 -0.04256763309240341
v 0.02403712086379528 -0.016888892278075218 -0.04163350909948349
f 5383 5384 5385
v 0.02208116464316845 -0.017575478181242943 -0.042072124779224396
v 0.02403712086379528 -0.016888892278075218 -0.04163350909948349
v 0.02699139527976513 -0.017575478181242943 -0.039103783667087555
f 5386 5387 5388
v 0.02403712086379528 -0.016888892278075218 -0.04163350909948349
v 0.02730928175151348 -0.016888892278075218 -0.03956431895494461
v 0.02699139527976513 -0.017575478181242943 -0.039103783667087555
f 5389 5390 5391
v 0.02699139527976513 -0.017575478181242943 -0.039103783667087555
v 0.02730928175151348 -0.016888892278075218 -0.03956431895494461
v 0.028707949444651604 -0.016888892278075218 -0.03856145590543747
f 5392 5393 5394
v 0.02699139527976513 -0.017575478181242943 -0.039103783667087555
v 0.028707949444651604 -0.016888892278075218 -0.03856145590543747
v 0.03150804340839386 -0.017575478181242943 -0.035565219819545746
f 5395 5396 5397
v 0.028707949444651604 -0.016888892278075218 -0.03856145590543747
v 0.03187912702560425 -0.016888892278075218 -0.0359840914607048
v 0.03150804340839386 -0.017575478181242943 -0.035565219819545746
f 5398 5399 5400
v 0.03150804340839386 -0.017575478181242943 -0.035565219819545746
v 0.03187912702560425 -0.016888892278075218 -0.0359840914607048
v 0.03299054503440857 -0.016888892278075218 -0.03496793657541275
f 5401 5402 5403
v 0.03150804340839386 -0.017575478181242943 -0.035565219819545746
v 0.03299054503440857 -0.016888892278075218 -0.03496793657541275
v 0.03556522727012634 -0.017575478181242943 -0.03150803595781326
f 5404 5405 5406
v 0.03299054503440857 -0.016888892278075218 -0.03496793657541275
v 0.03598408401012421 -0.016888892278075218 -0.03187911957502365
v 0.03556522727012634 -0.017575478181242943 -0.03150803595781326
f 5407 5408 5409
v 0.03556522727012634 -0.017575478181242943 -0.03150803595781326
v 0.03598408401012421 -0.016888892278075218 -0.03187911957502365
v 0.03682701289653778 -0.016888892278075218 -0.030901530757546425
f 5410 5411 5412
v 0.03556522727012634 -0.017575478181242943 -0.03150803595781326
v 0.03682701289653778 -0.016888892278075218 -0.030901530757546425
v 0.03910379111766815 -0.017575478181242943 -0.02699139155447483
f 5413 5414 5415
v 0.03682701289653778 -0.016888892278075218 -0.030901530757546425
v 0.03956432640552521 -0.016888892278075218 -0.027309278026223183
v 0.03910379111766815 -0.017575478181242943 -0.02699139155447483
f 5416 5417 5418
v 0.03910379111766815 -0.017575478181242943 -0.02699139155447483
v 0.03956432640552521 -0.016888892278075218 -0.027309278026223183
v 0.04016543924808502 -0.016888892278075218 -0.026417234912514687
f 5419 5420 5421
v 0.03910379111766815 -0.017575478181242943 -0.02699139155447483
v 0.04016543924808502 -0.016888892278075218 -0.026417234912514687
v 0.04207213222980499 -0.017575478181242943 -0.02208116091787815
f 5422 5423 5424
v 0.04016543924808502 -0.016888892278075218 -0.026417234912514687
v 0.042567625641822815 -0.016888892278075218 -0.02234121598303318
v 0.04207213222980499 -0.017575478181242943 -0.02208116091787815
f 5425 5426 5427
v 0.04207213222980499 -0.017575478181242943 -0.02208116091787815
v 0.042567625641822815 -0.016888892278075218 -0.02234121598303318
v 0.042960718274116516 -0.016888892278075218 -0.02157568372786045
f 5428 5429 5430
v 0.04207213222980499 -0.017575478181242943 -0.02208116091787815
v 0.042960718274116516 -0.016888892278075218 -0.02157568372786045
v 0.04442696273326874 -0.017575478181242943 -0.01684892363846302
f 5431 5432 5433
v 0.042960718274116516 -0.016888892278075218 -0.02157568372786045
v 0.044950202107429504 -0.016888892278075218 -0.01704736240208149
v 0.04442696273326874 -0.017575478181242943 -0.01684892363846302
f 5434 5435 5436
v 0.04442696273326874 -0.017575478181242943 -0.01684892363846302
v 0.044950202107429504 -0.016888892278075218 -0.01704736240208149
v 0.045175015926361084 -0.016888892278075218 -0.01644236035645008
f 5437 5438 5439
v 0.04442696273326874 -0.017575478181242943 -0.01684892363846302
v 0.045175015926361084 -0.016888892278075218 -0.01644236035645008
v 0.046133965253829956 -0.017575478181242943 -0.01137099601328373
f 5440 5441 5442
v 0.045175015926361084 -0.016888892278075218 -0.01644236035645008
v 0.04667729139328003 -0.016888892278075218 -0.011504920199513435
v 0.046133965253829956 -0.017575478181242943 -0.01137099601328373
f 5443 5444 5445
v 0.046133965253829956 -0.017575478181242943 -0.01137099601328373
v 0.04667729139328003 -0.016888892278075218 -0.011504920199513435
v 0.046778395771980286 -0.016888892278075218 -0.011086681857705116
f 5446 5447 5448
v 0.046133965253829956 -0.017575478181242943 -0.01137099601328373
v 0.046778395771980286 -0.016888892278075218 -0.011086681857705116
v 0.04716821014881134 -0.017575478181242943 -0.005727255716919899
f 5449 5450 5451
v 0.04807424545288086 -0.016888892278075218 -1.8530144085815436e-09
v 0.047514647245407104 -0.017575478181242943 -1.8530144085815436e-09
v 0.04774917662143707 -0.016888892278075218 -0.0055810753256082535
f 5452 5453 5454
v 0.04774917662143707 -0.016888892278075218 -0.0055810753256082535
v 0.047514647245407104 -0.017575478181242943 -1.8530144085815436e-09
v 0.04716821014881134 -0.017575478181242943 -0.005727255716919899
f 5455 5456 5457
v 0.04774917662143707 -0.016888892278075218 -0.0055810753256082535
v 0.04716821014881134 -0.017575478181242943 -0.005727255716919899
v 0.04772372543811798 -0.016888892278075218 -0.005794713273644447
f 5458 5459 5460
v 0.04772372543811798 -0.016888892278075218 -0.005794713273644447
v 0.04716821014881134 -0.017575478181242943 -0.005727255716919899
v 0.046778395771980286 -0.016888892278075218 -0.011086681857705116
f 5461 5462 5463
v -0.04688708484172821 -0.01776060275733471 -0.005693124607205391
v -0.047231465578079224 -0.01776060275733471 -1.8530144085815436e-09
v -0.047514647245407104 -0.017575478181242943 -1.8530144085815436e-09
f 5464 5465 5466
v -0.04807424545288086 -0.016888892278075218 -1.8530144085815436e-09
v -0.04774917662143707 -0.016888892278075218 -0.0055810753256082535
v -0.047514647245407104 -0.017575478181242943 -1.8530144085815436e-09
f 5467 5468 5469
v -0.047514647245407104 -0.017575478181242943 -1.8530144085815436e-09
v -0.04774917662143707 -0.016888892278075218 -0.0055810753256082535
v -0.04716821014881134 -0.017575478181242943 -0.005727255716919899
f 5470 5471 5472
v -0.047514647245407104 -0.017575478181242943 -1.8530144085815436e-09
v -0.04716821014881134 -0.017575478181242943 -0.005727255716919899
v -0.04688708484172821 -0.01776060275733471 -0.005693124607205391
f 5473 5474 5475
v -0.04688708484172821 -0.01776060275733471 -0.005693124607205391
v -0.04716821014881134 -0.017575478181242943 -0.005727255716919899
v -0.04613395035266876 -0.017575478181242943 -0.01137099601328373
f 5476 5477 5478
v -0.04688708484172821 -0.01776060275733471 -0.005693124607205391
v -0.04613395035266876 -0.017575478181242943 -0.01137099601328373
v -0.04585900902748108 -0.01776060275733471 -0.01130322553217411
f 5479 5480 5481
v -0.04585900902748108 -0.01776060275733471 -0.01130322553217411
v -0.04613395035266876 -0.017575478181242943 -0.01137099601328373
v -0.04442696273326874 -0.017575478181242943 -0.01684892363846302
f 5482 5483 5484
v -0.04585900902748108 -0.01776060275733471 -0.01130322553217411
v -0.04442696273326874 -0.017575478181242943 -0.01684892363846302
v -0.04416218400001526 -0.01776060275733471 -0.01674850471317768
f 5485 5486 5487
v -0.04416218400001526 -0.01776060275733471 -0.01674850471317768
v -0.04442696273326874 -0.017575478181242943 -0.01684892363846302
v -0.04207213222980499 -0.017575478181242943 -0.02208116091787815
f 5488 5489 5490
v -0.04416218400001526 -0.01776060275733471 -0.01674850471317768
v -0.04207213222980499 -0.017575478181242943 -0.02208116091787815
v -0.04182139039039612 -0.01776060275733471 -0.02194955386221409
f 5491 5492 5493
v -0.04182139039039612 -0.01776060275733471 -0.02194955386221409
v -0.04207213222980499 -0.017575478181242943 -0.02208116091787815
v -0.03910379111766815 -0.017575478181242943 -0.02699139155447483
f 5494 5495 5496
v -0.04182139039039612 -0.01776060275733471 -0.02194955386221409
v -0.03910379111766815 -0.017575478181242943 -0.02699139155447483
v -0.038870736956596375 -0.01776060275733471 -0.026830533519387245
f 5497 5498 5499
v -0.038870736956596375 -0.01776060275733471 -0.026830533519387245
v -0.03910379111766815 -0.017575478181242943 -0.02699139155447483
v -0.03556522727012634 -0.017575478181242943 -0.03150803595781326
f 5500 5501 5502
v -0.038870736956596375 -0.01776060275733471 -0.026830533519387245
v -0.03556522727012634 -0.017575478181242943 -0.03150803595781326
v -0.03535325825214386 -0.01776060275733471 -0.031320251524448395
f 5503 5504 5505
v -0.03535325825214386 -0.01776060275733471 -0.031320251524448395
v -0.03556522727012634 -0.017575478181242943 -0.03150803595781326
v -0.03150804340839386 -0.017575478181242943 -0.035565219819545746
f 5506 5507 5508
v -0.03535325825214386 -0.01776060275733471 -0.031320251524448395
v -0.03150804340839386 -0.017575478181242943 -0.035565219819545746
v -0.03132025897502899 -0.01776060275733471 -0.03535325080156326
f 5509 5510 5511
v -0.03132025897502899 -0.01776060275733471 -0.03535325080156326
v -0.03150804340839386 -0.017575478181242943 -0.035565219819545746
v -0.026991399005055428 -0.017575478181242943 -0.039103783667087555
f 5512 5513 5514
v -0.03132025897502899 -0.01776060275733471 -0.03535325080156326
v -0.026991399005055428 -0.017575478181242943 -0.039103783667087555
v -0.026830526068806648 -0.01776060275733471 -0.03887072950601578
f 5515 5516 5517
v -0.026830526068806648 -0.01776060275733471 -0.03887072950601578
v -0.026991399005055428 -0.017575478181242943 -0.039103783667087555
v -0.022081153467297554 -0.017575478181242943 -0.042072124779224396
f 5518 5519 5520
v -0.026830526068806648 -0.01776060275733471 -0.03887072950601578
v -0.022081153467297554 -0.017575478181242943 -0.042072124779224396
v -0.021949561312794685 -0.01776060275733471 -0.04182138293981552
f 5521 5522 5523
v -0.021949561312794685 -0.01776060275733471 -0.04182138293981552
v -0.022081153467297554 -0.017575478181242943 -0.042072124779224396
v -0.01684892363846302 -0.017575478181242943 -0.044426970183849335
f 5524 5525 5526
v -0.021949561312794685 -0.01776060275733471 -0.04182138293981552
v -0.01684892363846302 -0.017575478181242943 -0.044426970183849335
v -0.01674850471317768 -0.01776060275733471 -0.04416217654943466
f 5527 5528 5529
v -0.01674850471317768 -0.01776060275733471 -0.04416217654943466
v -0.01684892363846302 -0.017575478181242943 -0.044426970183849335
v -0.011371002532541752 -0.017575478181242943 -0.04613395780324936
f 5530 5531 5532
v -0.01674850471317768 -0.01776060275733471 -0.04416217654943466
v -0.011371002532541752 -0.017575478181242943 -0.04613395780324936
v -0.011303232051432133 -0.01776060275733471 -0.04585900157690048
f 5533 5534 5535
v -0.011303232051432133 -0.01776060275733471 -0.04585900157690048
v -0.011371002532541752 -0.017575478181242943 -0.04613395780324936
v -0.005727262236177921 -0.017575478181242943 -0.04716821759939194
f 5536 5537 5538
v -0.011303232051432133 -0.01776060275733471 -0.04585900157690048
v -0.005727262236177921 -0.017575478181242943 -0.04716821759939194
v -0.005693123675882816 -0.01776060275733471 -0.04688709229230881
f 5539 5540 5541
v -0.005693123675882816 -0.01776060275733471 -0.04688709229230881
v -0.005727262236177921 -0.017575478181242943 -0.04716821759939194
v -1.072882005459519e-09 -0.017575478181242943 -0.04751463979482651
f 5542 5543 5544
v -0.005693123675882816 -0.01776060275733471 -0.04688709229230881
v -1.072882005459519e-09 -0.017575478181242943 -0.04751463979482651
v -1.072882005459519e-09 -0.01776060275733471 -0.04723145812749863
f 5545 5546 5547
v -1.072882005459519e-09 -0.01776060275733471 -0.04723145812749863
v -1.072882005459519e-09 -0.017575478181242943 -0.04751463979482651
v 0.005727260373532772 -0.017575478181242943 -0.04716821759939194
f 5548 5549 5550
v -1.072882005459519e-09 -0.01776060275733471 -0.04723145812749863
v 0.005727260373532772 -0.017575478181242943 -0.04716821759939194
v 0.005693121813237667 -0.01776060275733471 -0.04688709229230881
f 5551 5552 5553
v 0.005693121813237667 -0.01776060275733471 -0.04688709229230881
v 0.005727260373532772 -0.017575478181242943 -0.04716821759939194
v 0.011371000669896603 -0.017575478181242943 -0.04613395780324936
f 5554 5555 5556
v 0.005693121813237667 -0.01776060275733471 -0.04688709229230881
v 0.011371000669896603 -0.017575478181242943 -0.04613395780324936
v 0.011303230188786983 -0.01776060275733471 -0.04585900157690048
f 5557 5558 5559
v 0.011303230188786983 -0.01776060275733471 -0.04585900157690048
v 0.011371000669896603 -0.017575478181242943 -0.04613395780324936
v 0.016848919913172722 -0.017575478181242943 -0.044426970183849335
f 5560 5561 5562
v 0.011303230188786983 -0.01776060275733471 -0.04585900157690048
v 0.016848919913172722 -0.017575478181242943 -0.044426970183849335
v 0.016748500987887383 -0.01776060275733471 -0.04416217654943466
f 5563 5564 5565
v 0.016748500987887383 -0.01776060275733471 -0.04416217654943466
v 0.016848919913172722 -0.017575478181242943 -0.044426970183849335
v 0.02208116464316845 -0.017575478181242943 -0.042072124779224396
f 5566 5567 5568
v 0.016748500987887383 -0.01776060275733471 -0.04416217654943466
v 0.02208116464316845 -0.017575478181242943 -0.042072124779224396
v 0.021949557587504387 -0.01776060275733471 -0.04182138293981552
f 5569 5570 5571
v 0.021949557587504387 -0.01776060275733471 -0.04182138293981552
v 0.02208116464316845 -0.017575478181242943 -0.042072124779224396
v 0.02699139527976513 -0.017575478181242943 -0.039103783667087555
f 5572 5573 5574
v 0.021949557587504387 -0.01776060275733471 -0.04182138293981552
v 0.02699139527976513 -0.017575478181242943 -0.039103783667087555
v 0.02683052234351635 -0.01776060275733471 -0.03887072950601578
f 5575 5576 5577
v 0.02683052234351635 -0.01776060275733471 -0.03887072950601578
v 0.02699139527976513 -0.017575478181242943 -0.039103783667087555
v 0.03150804340839386 -0.017575478181242943 -0.035565219819545746
f 5578 5579 5580
v 0.02683052234351635 -0.01776060275733471 -0.03887072950601578
v 0.03150804340839386 -0.017575478181242943 -0.035565219819545746
v 0.03132025897502899 -0.01776060275733471 -0.03535325080156326
f 5581 5582 5583
v 0.03132025897502899 -0.01776060275733471 -0.03535325080156326
v 0.03150804340839386 -0.017575478181242943 -0.035565219819545746
v 0.03556522727012634 -0.017575478181242943 -0.03150803595781326
f 5584 5585 5586
v 0.03132025897502899 -0.01776060275733471 -0.03535325080156326
v 0.03556522727012634 -0.017575478181242943 -0.03150803595781326
v 0.03535325825214386 -0.01776060275733471 -0.031320251524448395
f 5587 5588 5589
v 0.03535325825214386 -0.01776060275733471 -0.031320251524448395
v 0.03556522727012634 -0.017575478181242943 -0.03150803595781326
v 0.03910379111766815 -0.017575478181242943 -0.02699139155447483
f 5590 5591 5592
v 0.03535325825214386 -0.01776060275733471 -0.031320251524448395
v 0.03910379111766815 -0.017575478181242943 -0.02699139155447483
v 0.038870736956596375 -0.01776060275733471 -0.026830533519387245
f 5593 5594 5595
v 0.038870736956596375 -0.01776060275733471 -0.026830533519387245
v 0.03910379111766815 -0.017575478181242943 -0.02699139155447483
v 0.04207213222980499 -0.017575478181242943 -0.02208116091787815
f 5596 5597 5598
v 0.038870736956596375 -0.01776060275733471 -0.026830533519387245
v 0.04207213222980499 -0.017575478181242943 -0.02208116091787815
v 0.04182139039039612 -0.01776060275733471 -0.02194955386221409
f 5599 5600 5601
v 0.04182139039039612 -0.01776060275733471 -0.02194955386221409
v 0.04207213222980499 -0.017575478181242943 -0.02208116091787815
v 0.04442696273326874 -0.017575478181242943 -0.01684892363846302
f 5602 5603 5604
v 0.04182139039039612 -0.01776060275733471 -0.02194955386221409
v 0.04442696273326874 -0.017575478181242943 -0.01684892363846302
v 0.04416218400001526 -0.01776060275733471 -0.01674850471317768
f 5605 5606 5607
v 0.04416218400001526 -0.01776060275733471 -0.01674850471317768
v 0.04442696273326874 -0.017575478181242943 -0.01684892363846302
v 0.046133965253829956 -0.017575478181242943 -0.01137099601328373
f 5608 5609 5610
v 0.04416218400001526 -0.01776060275733471 -0.01674850471317768
v 0.046133965253829956 -0.017575478181242943 -0.01137099601328373
v 0.04585900902748108 -0.01776060275733471 -0.01130322553217411
f 5611 5612 5613
v 0.04585900902748108 -0.01776060275733471 -0.01130322553217411
v 0.046133965253829956 -0.017575478181242943 -0.01137099601328373
v 0.04716821014881134 -0.017575478181242943 -0.005727255716919899
f 5614 5615 5616
v 0.04585900902748108 -0.01776060275733471 -0.01130322553217411
v 0.04716821014881134 -0.017575478181242943 -0.005727255716919899
v 0.046887099742889404 -0.01776060275733471 -0.005693124607205391
f 5617 5618 5619
v 0.046887099742889404 -0.01776060275733471 -0.005693124607205391
v 0.04716821014881134 -0.017575478181242943 -0.005727255716919899
v 0.047231465578079224 -0.01776060275733471 -1.8530144085815436e-09
f 5620 5621 5622
v 0.047231465578079224 -0.01776060275733471 -1.8530144085815436e-09
v 0.046282634139060974 -0.01799999736249447 -1.8530144085815436e-09
v 0.046887099742889404 -0.01776060275733471 -0.005693124607205391
f 5623 5624 5625
v 0.046887099742889404 -0.01776060275733471 -0.005693124607205391
v 0.046282634139060974 -0.01799999736249447 -1.8530144085815436e-09
v 0.0459451824426651 -0.01799999736249447 -0.00557875819504261
f 5626 5627 5628
v 0.046887099742889404 -0.01776060275733471 -0.005693124607205391
v 0.0459451824426651 -0.01799999736249447 -0.00557875819504261
v 0.04585900902748108 -0.01776060275733471 -0.01130322553217411
f 5629 5630 5631
v 0.04585900902748108 -0.01776060275733471 -0.01130322553217411
v 0.0459451824426651 -0.01799999736249447 -0.00557875819504261
v 0.04493774473667145 -0.01799999736249447 -0.01107616163790226
f 5632 5633 5634
v 0.04585900902748108 -0.01776060275733471 -0.01130322553217411
v 0.04493774473667145 -0.01799999736249447 -0.01107616163790226
v 0.04416218400001526 -0.01776060275733471 -0.01674850471317768
f 5635 5636 5637
v 0.04416218400001526 -0.01776060275733471 -0.01674850471317768
v 0.04493774473667145 -0.01799999736249447 -0.01107616163790226
v 0.04327501356601715 -0.01799999736249447 -0.016412043944001198
f 5638 5639 5640
v 0.04416218400001526 -0.01776060275733471 -0.01674850471317768
v 0.04327501356601715 -0.01799999736249447 -0.016412043944001198
v 0.04182139039039612 -0.01776060275733471 -0.02194955386221409
f 5641 5642 5643
v 0.04182139039039612 -0.01776060275733471 -0.02194955386221409
v 0.04327501356601715 -0.01799999736249447 -0.016412043944001198
v 0.0409812331199646 -0.01799999736249447 -0.021508613601326942
f 5644 5645 5646
v 0.04182139039039612 -0.01776060275733471 -0.02194955386221409
v 0.0409812331199646 -0.01799999736249447 -0.021508613601326942
v 0.038870736956596375 -0.01776060275733471 -0.026830533519387245
f 5647 5648 5649
v 0.038870736956596375 -0.01776060275733471 -0.026830533519387245
v 0.0409812331199646 -0.01799999736249447 -0.021508613601326942
v 0.03808985650539398 -0.01799999736249447 -0.026291528716683388
f 5650 5651 5652
v 0.038870736956596375 -0.01776060275733471 -0.026830533519387245
v 0.03808985650539398 -0.01799999736249447 -0.026291528716683388
v 0.03535325825214386 -0.01776060275733471 -0.031320251524448395
f 5653 5654 5655
v 0.03535325825214386 -0.01776060275733471 -0.031320251524448395
v 0.03808985650539398 -0.01799999736249447 -0.026291528716683388
v 0.03464305400848389 -0.01799999736249447 -0.03069106675684452
f 5656 5657 5658
v 0.03535325825214386 -0.01776060275733471 -0.031320251524448395
v 0.03464305400848389 -0.01799999736249447 -0.03069106675684452
v 0.03132025897502899 -0.01776060275733471 -0.03535325080156326
f 5659 5660 5661
v 0.03132025897502899 -0.01776060275733471 -0.03535325080156326
v 0.03464305400848389 -0.01799999736249447 -0.03069106675684452
v 0.030691055580973625 -0.01799999736249447 -0.03464304655790329
f 5662 5663 5664
v 0.03132025897502899 -0.01776060275733471 -0.03535325080156326
v 0.030691055580973625 -0.01799999736249447 -0.03464304655790329
v 0.02683052234351635 -0.01776060275733471 -0.03887072950601578
f 5665 5666 5667
v 0.02683052234351635 -0.01776060275733471 -0.03887072950601578
v 0.030691055580973625 -0.01799999736249447 -0.03464304655790329
v 0.026291532441973686 -0.01799999736249447 -0.038089849054813385
f 5668 5669 5670
v 0.02683052234351635 -0.01776060275733471 -0.03887072950601578
v 0.026291532441973686 -0.01799999736249447 -0.038089849054813385
v 0.021949557587504387 -0.01776060275733471 -0.04182138293981552
f 5671 5672 5673
v 0.021949557587504387 -0.01776060275733471 -0.04182138293981552
v 0.026291532441973686 -0.01799999736249447 -0.038089849054813385
v 0.021508602425456047 -0.01799999736249447 -0.040981225669384
f 5674 5675 5676
v 0.021949557587504387 -0.01776060275733471 -0.04182138293981552
v 0.021508602425456047 -0.01799999736249447 -0.040981225669384
v 0.016748500987887383 -0.01776060275733471 -0.04416217654943466
f 5677 5678 5679
v 0.016748500987887383 -0.01776060275733471 -0.04416217654943466
v 0.021508602425456047 -0.01799999736249447 -0.040981225669384
v 0.016412047669291496 -0.01799999736249447 -0.043275006115436554
f 5680 5681 5682
v 0.016748500987887383 -0.01776060275733471 -0.04416217654943466
v 0.016412047669291496 -0.01799999736249447 -0.043275006115436554
v 0.011303230188786983 -0.01776060275733471 -0.04585900157690048
f 5683 5684 5685
v 0.011303230188786983 -0.01776060275733471 -0.04585900157690048
v 0.016412047669291496 -0.01799999736249447 -0.043275006115436554
v 0.011076151393353939 -0.01799999736249447 -0.04493773728609085
f 5686 5687 5688
v 0.011303230188786983 -0.01776060275733471 -0.04585900157690048
v 0.011076151393353939 -0.01799999736249447 -0.04493773728609085
v 0.005693121813237667 -0.01776060275733471 -0.04688709229230881
f 5689 5690 5691
v 0.005693121813237667 -0.01776060275733471 -0.04688709229230881
v 0.011076151393353939 -0.01799999736249447 -0.04493773728609085
v 0.005578755401074886 -0.01799999736249447 -0.0459451749920845
f 5692 5693 5694
v 0.005693121813237667 -0.01776060275733471 -0.04688709229230881
v 0.005578755401074886 -0.01799999736249447 -0.0459451749920845
v -1.072882005459519e-09 -0.01776060275733471 -0.04723145812749863
f 5695 5696 5697
v -1.072882005459519e-09 -0.01776060275733471 -0.04723145812749863
v 0.005578755401074886 -0.01799999736249447 -0.0459451749920845
v -1.072882005459519e-09 -0.01799999736249447 -0.04628262668848038
f 5698 5699 5700
v -1.072882005459519e-09 -0.01776060275733471 -0.04723145812749863
v -1.072882005459519e-09 -0.01799999736249447 -0.04628262668848038
v -0.005693123675882816 -0.01776060275733471 -0.04688709229230881
f 5701 5702 5703
v -0.005693123675882816 -0.01776060275733471 -0.04688709229230881
v -1.072882005459519e-09 -0.01799999736249447 -0.04628262668848038
v -0.0055787572637200356 -0.01799999736249447 -0.0459451749920845
f 5704 5705 5706
v -0.005693123675882816 -0.01776060275733471 -0.04688709229230881
v -0.0055787572637200356 -0.01799999736249447 -0.0459451749920845
v -0.011303232051432133 -0.01776060275733471 -0.04585900157690048
f 5707 5708 5709
v -0.011303232051432133 -0.01776060275733471 -0.04585900157690048
v -0.0055787572637200356 -0.01799999736249447 -0.0459451749920845
v -0.011076153255999088 -0.01799999736249447 -0.04493773728609085
f 5710 5711 5712
v -0.011303232051432133 -0.01776060275733471 -0.04585900157690048
v -0.011076153255999088 -0.01799999736249447 -0.04493773728609085
v -0.01674850471317768 -0.01776060275733471 -0.04416217654943466
f 5713 5714 5715
v -0.01674850471317768 -0.01776060275733471 -0.04416217654943466
v -0.011076153255999088 -0.01799999736249447 -0.04493773728609085
v -0.016412051394581795 -0.01799999736249447 -0.043275006115436554
f 5716 5717 5718
v -0.01674850471317768 -0.01776060275733471 -0.04416217654943466
v -0.016412051394581795 -0.01799999736249447 -0.043275006115436554
v -0.021949561312794685 -0.01776060275733471 -0.04182138293981552
f 5719 5720 5721
v -0.021949561312794685 -0.01776060275733471 -0.04182138293981552
v -0.016412051394581795 -0.01799999736249447 -0.043275006115436554
v -0.021508606150746346 -0.01799999736249447 -0.040981225669384
f 5722 5723 5724
v -0.021949561312794685 -0.01776060275733471 -0.04182138293981552
v -0.021508606150746346 -0.01799999736249447 -0.040981225669384
v -0.026830526068806648 -0.01776060275733471 -0.03887072950601578
f 5725 5726 5727
v -0.026830526068806648 -0.01776060275733471 -0.03887072950601578
v -0.021508606150746346 -0.01799999736249447 -0.040981225669384
v -0.026291536167263985 -0.01799999736249447 -0.038089849054813385
f 5728 5729 5730
v -0.026830526068806648 -0.01776060275733471 -0.03887072950601578
v -0.026291536167263985 -0.01799999736249447 -0.038089849054813385
v -0.03132025897502899 -0.01776060275733471 -0.03535325080156326
f 5731 5732 5733
v -0.03132025897502899 -0.01776060275733471 -0.03535325080156326
v -0.026291536167263985 -0.01799999736249447 -0.038089849054813385
v -0.030691059306263924 -0.01799999736249447 -0.03464304655790329
f 5734 5735 5736
v -0.03132025897502899 -0.01776060275733471 -0.03535325080156326
v -0.030691059306263924 -0.01799999736249447 -0.03464304655790329
v -0.03535325825214386 -0.01776060275733471 -0.031320251524448395
f 5737 5738 5739
v -0.03535325825214386 -0.01776060275733471 -0.031320251524448395
v -0.030691059306263924 -0.01799999736249447 -0.03464304655790329
v -0.03464303910732269 -0.01799999736249447 -0.03069106675684452
f 5740 5741 5742
v -0.03535325825214386 -0.01776060275733471 -0.031320251524448395
v -0.03464303910732269 -0.01799999736249447 -0.03069106675684452
v -0.038870736956596375 -0.01776060275733471 -0.026830533519387245
f 5743 5744 5745
v -0.038870736956596375 -0.01776060275733471 -0.026830533519387245
v -0.03464303910732269 -0.01799999736249447 -0.03069106675684452
v -0.03808985650539398 -0.01799999736249447 -0.026291528716683388
f 5746 5747 5748
v -0.038870736956596375 -0.01776060275733471 -0.026830533519387245
v -0.03808985650539398 -0.01799999736249447 -0.026291528716683388
v -0.04182139039039612 -0.01776060275733471 -0.02194955386221409
f 5749 5750 5751
v -0.04182139039039612 -0.01776060275733471 -0.02194955386221409
v -0.03808985650539398 -0.01799999736249447 -0.026291528716683388
v -0.0409812331199646 -0.01799999736249447 -0.021508613601326942
f 5752 5753 5754
v -0.04182139039039612 -0.01776060275733471 -0.02194955386221409
v -0.0409812331199646 -0.01799999736249447 -0.021508613601326942
v -0.04416218400001526 -0.01776060275733471 -0.01674850471317768
f 5755 5756 5757
v -0.04416218400001526 -0.01776060275733471 -0.01674850471317768
v -0.0409812331199646 -0.01799999736249447 -0.021508613601326942
v -0.04327501356601715 -0.01799999736249447 -0.016412043944001198
f 5758 5759 5760
v -0.04416218400001526 -0.01776060275733471 -0.01674850471317768
v -0.04327501356601715 -0.01799999736249447 -0.016412043944001198
v -0.04585900902748108 -0.01776060275733471 -0.01130322553217411
f 5761 5762 5763
v -0.04585900902748108 -0.01776060275733471 -0.01130322553217411
v -0.04327501356601715 -0.01799999736249447 -0.016412043944001198
v -0.04493774473667145 -0.01799999736249447 -0.01107616163790226
f 5764 5765 5766
v -0.04585900902748108 -0.01776060275733471 -0.01130322553217411
v -0.04493774473667145 -0.01799999736249447 -0.01107616163790226
v -0.04688708484172821 -0.01776060275733471 -0.005693124607205391
f 5767 5768 5769
v -0.04688708484172821 -0.01776060275733471 -0.005693124607205391
v -0.04493774473667145 -0.01799999736249447 -0.01107616163790226
v -0.0459451824426651 -0.01799999736249447 -0.00557875819504261
f 5770 5771 5772
v -0.04688708484172821 -0.01776060275733471 -0.005693124607205391
v -0.0459451824426651 -0.01799999736249447 -0.00557875819504261
v -0.047231465578079224 -0.01776060275733471 -1.8530144085815436e-09
f 5773 5774 5775
v -0.047231465578079224 -0.01776060275733471 -1.8530144085815436e-09
v -0.0459451824426651 -0.01799999736249447 -0.00557875819504261
v -0.046282634139060974 -0.01799999736249447 -1.8530144085815436e-09
f 5776 5777 5778
