# Generated from gripper_RL_link.STL
v -0.007499027065932751 0.009100000374019146 -0.008000009693205357
v -0.007499027065932751 0.009100000374019146 -0.004999988712370396
v -0.006761424709111452 0.009268353693187237 -0.008000009693205357
f 1 2 3
v -0.006761424709111452 0.009268353693187237 -0.008000009693205357
v -0.007499027065932751 0.009100000374019146 -0.004999988712370396
v -0.006761424709111452 0.009268353693187237 -0.004999988712370396
f 4 5 6
v -0.006761424709111452 0.009268353693187237 -0.008000009693205357
v -0.006761424709111452 0.009268353693187237 -0.004999988712370396
v -0.006169913336634636 0.009740064851939678 -0.008000009693205357
f 7 8 9
v -0.006169913336634636 0.009740064851939678 -0.008000009693205357
v -0.006761424709111452 0.009268353693187237 -0.004999988712370396
v -0.006169913336634636 0.009740064851939678 -0.004999988712370396
f 10 11 12
v -0.006169913336634636 0.009740064851939678 -0.008000009693205357
v -0.006169913336634636 0.009740064851939678 -0.004999988712370396
v -0.005841649603098631 0.010421711020171642 -0.008000009693205357
f 13 14 15
v -0.005841649603098631 0.010421711020171642 -0.008000009693205357
v -0.006169913336634636 0.009740064851939678 -0.004999988712370396
v -0.005841649603098631 0.010421711020171642 -0.004999988712370396
f 16 17 18
v -0.005841649603098631 0.010421711020171642 -0.008000009693205357
v -0.005841649603098631 0.010421711020171642 -0.004999988712370396
v -0.005841649603098631 0.01117828767746687 -0.008000009693205357
f 19 20 21
v -0.005841649603098631 0.01117828767746687 -0.008000009693205357
v -0.005841649603098631 0.010421711020171642 -0.004999988712370396
v -0.005841649603098631 0.01117828767746687 -0.004999988712370396
f 22 23 24
v -0.005841649603098631 0.01117828767746687 -0.008000009693205357
v -0.005841649603098631 0.01117828767746687 -0.004999988712370396
v -0.006169913336634636 0.011859933845698833 -0.008000009693205357
f 25 26 27
v -0.006169913336634636 0.011859933845698833 -0.008000009693205357
v -0.005841649603098631 0.01117828767746687 -0.004999988712370396
v -0.006169913336634636 0.011859933845698833 -0.004999988712370396
f 28 29 30
v -0.006169913336634636 0.011859933845698833 -0.008000009693205357
v -0.006169913336634636 0.011859933845698833 -0.004999988712370396
v -0.006761424709111452 0.012331645004451275 -0.008000009693205357
f 31 32 33
v -0.006761424709111452 0.012331645004451275 -0.008000009693205357
v -0.006169913336634636 0.011859933845698833 -0.004999988712370396
v -0.006761424709111452 0.012331645004451275 -0.004999988712370396
f 34 35 36
v -0.006761424709111452 0.012331645004451275 -0.008000009693205357
v -0.006761424709111452 0.012331645004451275 -0.004999988712370396
v -0.007499027065932751 0.012499998323619366 -0.008000009693205357
f 37 38 39
v -0.007499027065932751 0.012499998323619366 -0.008000009693205357
v -0.006761424709111452 0.012331645004451275 -0.004999988712370396
v -0.007499027065932751 0.012499998323619366 -0.004999988712370396
f 40 41 42
v 0.00750097306445241 0.009100000374019146 -0.008000009693205357
v 0.00750097306445241 0.009100000374019146 -0.004999988712370396
v 0.008350973017513752 0.00932775717228651 -0.008000009693205357
f 43 44 45
v 0.008350973017513752 0.00932775717228651 -0.008000009693205357
v 0.00750097306445241 0.009100000374019146 -0.004999988712370396
v 0.008350973017513752 0.00932775717228651 -0.004999988712370396
f 46 47 48
v 0.008350973017513752 0.00932775717228651 -0.008000009693205357
v 0.008350973017513752 0.00932775717228651 -0.004999988712370396
v 0.008973215706646442 0.009949999861419201 -0.008000009693205357
f 49 50 51
v 0.008973215706646442 0.009949999861419201 -0.008000009693205357
v 0.008350973017513752 0.00932775717228651 -0.004999988712370396
v 0.008973215706646442 0.009949999861419201 -0.004999988712370396
f 52 53 54
v 0.008973215706646442 0.009949999861419201 -0.008000009693205357
v 0.008973215706646442 0.009949999861419201 -0.004999988712370396
v 0.009200973436236382 0.010799999348819256 -0.008000009693205357
f 55 56 57
v 0.009200973436236382 0.010799999348819256 -0.008000009693205357
v 0.008973215706646442 0.009949999861419201 -0.004999988712370396
v 0.009200973436236382 0.010799999348819256 -0.004999988712370396
f 58 59 60
v 0.009200973436236382 0.010799999348819256 -0.008000009693205357
v 0.009200973436236382 0.010799999348819256 -0.004999988712370396
v 0.008973215706646442 0.01164999883621931 -0.008000009693205357
f 61 62 63
v 0.008973215706646442 0.01164999883621931 -0.008000009693205357
v 0.009200973436236382 0.010799999348819256 -0.004999988712370396
v 0.008973215706646442 0.01164999883621931 -0.004999988712370396
f 64 65 66
v 0.008973215706646442 0.01164999883621931 -0.008000009693205357
v 0.008973215706646442 0.01164999883621931 -0.004999988712370396
v 0.008350973017513752 0.012272241525352001 -0.008000009693205357
f 67 68 69
v 0.008350973017513752 0.012272241525352001 -0.008000009693205357
v 0.008973215706646442 0.01164999883621931 -0.004999988712370396
v 0.008350973017513752 0.012272241525352001 -0.004999988712370396
f 70 71 72
v 0.008350973017513752 0.012272241525352001 -0.008000009693205357
v 0.008350973017513752 0.012272241525352001 -0.004999988712370396
v 0.00750097306445241 0.012499998323619366 -0.008000009693205357
f 73 74 75
v 0.00750097306445241 0.012499998323619366 -0.008000009693205357
v 0.008350973017513752 0.012272241525352001 -0.004999988712370396
v 0.00750097306445241 0.012499998323619366 -0.004999988712370396
f 76 77 78
v 0.00750097306445241 -0.012500000186264515 -0.008000009693205357
v 0.00750097306445241 -0.012500000186264515 -0.004999988712370396
v 0.008238575421273708 -0.012331646867096424 -0.008000009693205357
f 79 80 81
v 0.008238575421273708 -0.012331646867096424 -0.008000009693205357
v 0.00750097306445241 -0.012500000186264515 -0.004999988712370396
v 0.008238575421273708 -0.012331646867096424 -0.004999988712370396
f 82 83 84
v 0.008238575421273708 -0.012331646867096424 -0.008000009693205357
v 0.008238575421273708 -0.012331646867096424 -0.004999988712370396
v 0.008830086328089237 -0.011859935708343983 -0.008000009693205357
f 85 86 87
v 0.008830086328089237 -0.011859935708343983 -0.008000009693205357
v 0.008238575421273708 -0.012331646867096424 -0.004999988712370396
v 0.008830086328089237 -0.011859935708343983 -0.004999988712370396
f 88 89 90
v 0.008830086328089237 -0.011859935708343983 -0.008000009693205357
v 0.008830086328089237 -0.011859935708343983 -0.004999988712370396
v 0.00915835052728653 -0.011178289540112019 -0.008000009693205357
f 91 92 93
v 0.00915835052728653 -0.011178289540112019 -0.008000009693205357
v 0.008830086328089237 -0.011859935708343983 -0.004999988712370396
v 0.00915835052728653 -0.011178289540112019 -0.004999988712370396
f 94 95 96
v 0.00915835052728653 -0.011178289540112019 -0.008000009693205357
v 0.00915835052728653 -0.011178289540112019 -0.004999988712370396
v 0.00915835052728653 -0.010421712882816792 -0.008000009693205357
f 97 98 99
v 0.00915835052728653 -0.010421712882816792 -0.008000009693205357
v 0.00915835052728653 -0.011178289540112019 -0.004999988712370396
v 0.00915835052728653 -0.010421712882816792 -0.004999988712370396
f 100 101 102
v 0.00915835052728653 -0.010421712882816792 -0.008000009693205357
v 0.00915835052728653 -0.010421712882816792 -0.004999988712370396
v 0.008830086328089237 -0.009740066714584827 -0.008000009693205357
f 103 104 105
v 0.008830086328089237 -0.009740066714584827 -0.008000009693205357
v 0.00915835052728653 -0.010421712882816792 -0.004999988712370396
v 0.008830086328089237 -0.009740066714584827 -0.004999988712370396
f 106 107 108
v 0.008830086328089237 -0.009740066714584827 -0.008000009693205357
v 0.008830086328089237 -0.009740066714584827 -0.004999988712370396
v 0.008238575421273708 -0.009268355555832386 -0.008000009693205357
f 109 110 111
v 0.008238575421273708 -0.009268355555832386 -0.008000009693205357
v 0.008830086328089237 -0.009740066714584827 -0.004999988712370396
v 0.008238575421273708 -0.009268355555832386 -0.004999988712370396
f 112 113 114
v 0.008238575421273708 -0.009268355555832386 -0.008000009693205357
v 0.008238575421273708 -0.009268355555832386 -0.004999988712370396
v 0.00750097306445241 -0.009100002236664295 -0.008000009693205357
f 115 116 117
v 0.00750097306445241 -0.009100002236664295 -0.008000009693205357
v 0.008238575421273708 -0.009268355555832386 -0.004999988712370396
v 0.00750097306445241 -0.009100002236664295 -0.004999988712370396
f 118 119 120
v -0.007499027065932751 -0.012500000186264515 -0.008000009693205357
v -0.007499027065932751 -0.012500000186264515 -0.004999988712370396
v -0.0066490271128714085 -0.01227224338799715 -0.008000009693205357
f 121 122 123
v -0.0066490271128714085 -0.01227224338799715 -0.008000009693205357
v -0.007499027065932751 -0.012500000186264515 -0.004999988712370396
v -0.0066490271128714085 -0.01227224338799715 -0.004999988712370396
f 124 125 126
v -0.0066490271128714085 -0.01227224338799715 -0.008000009693205357
v -0.0066490271128714085 -0.01227224338799715 -0.004999988712370396
v -0.006026783958077431 -0.01165000069886446 -0.008000009693205357
f 127 128 129
v -0.006026783958077431 -0.01165000069886446 -0.008000009693205357
v -0.0066490271128714085 -0.01227224338799715 -0.004999988712370396
v -0.006026783958077431 -0.01165000069886446 -0.004999988712370396
f 130 131 132
v -0.006026783958077431 -0.01165000069886446 -0.008000009693205357
v -0.006026783958077431 -0.01165000069886446 -0.004999988712370396
v -0.005799027159810066 -0.010800001211464405 -0.008000009693205357
f 133 134 135
v -0.005799027159810066 -0.010800001211464405 -0.008000009693205357
v -0.006026783958077431 -0.01165000069886446 -0.004999988712370396
v -0.005799027159810066 -0.010800001211464405 -0.004999988712370396
f 136 137 138
v -0.005799027159810066 -0.010800001211464405 -0.008000009693205357
v -0.005799027159810066 -0.010800001211464405 -0.004999988712370396
v -0.006026783958077431 -0.00995000172406435 -0.008000009693205357
f 139 140 141
v -0.006026783958077431 -0.00995000172406435 -0.008000009693205357
v -0.005799027159810066 -0.010800001211464405 -0.004999988712370396
v -0.006026783958077431 -0.00995000172406435 -0.004999988712370396
f 142 143 144
v -0.006026783958077431 -0.00995000172406435 -0.008000009693205357
v -0.006026783958077431 -0.00995000172406435 -0.004999988712370396
v -0.0066490271128714085 -0.00932775903493166 -0.008000009693205357
f 145 146 147
v -0.0066490271128714085 -0.00932775903493166 -0.008000009693205357
v -0.006026783958077431 -0.00995000172406435 -0.004999988712370396
v -0.0066490271128714085 -0.00932775903493166 -0.004999988712370396
f 148 149 150
v -0.0066490271128714085 -0.00932775903493166 -0.008000009693205357
v -0.0066490271128714085 -0.00932775903493166 -0.004999988712370396
v -0.007499027065932751 -0.009100002236664295 -0.008000009693205357
f 151 152 153
v -0.007499027065932751 -0.009100002236664295 -0.008000009693205357
v -0.0066490271128714085 -0.00932775903493166 -0.004999988712370396
v -0.007499027065932751 -0.009100002236664295 -0.004999988712370396
f 154 155 156
v -0.010998999699950218 -0.004315149504691362 -0.04861215502023697
v -0.01499900035560131 -0.004315149504691362 -0.04861215502023697
v -0.010998999699950218 -0.004879195708781481 -0.048483408987522125
f 157 158 159
v -0.010998999699950218 -0.004879195708781481 -0.048483408987522125
v -0.01499900035560131 -0.004315149504691362 -0.04861215502023697
v -0.01499900035560131 -0.004879195708781481 -0.048483408987522125
f 160 161 162
v -0.010998999699950218 -0.004879195708781481 -0.048483408987522125
v -0.01499900035560131 -0.004879195708781481 -0.048483408987522125
v -0.010998999699950218 -0.005331527907401323 -0.048122696578502655
f 163 164 165
v -0.010998999699950218 -0.005331527907401323 -0.048122696578502655
v -0.01499900035560131 -0.004879195708781481 -0.048483408987522125
v -0.01499900035560131 -0.005331527907401323 -0.048122696578502655
f 166 167 168
v -0.010998999699950218 -0.005331527907401323 -0.048122696578502655
v -0.01499900035560131 -0.005331527907401323 -0.048122696578502655
v -0.010998999699950218 -0.005582552868872881 -0.04760143905878067
f 169 170 171
v -0.010998999699950218 -0.005582552868872881 -0.04760143905878067
v -0.01499900035560131 -0.005331527907401323 -0.048122696578502655
v -0.01499900035560131 -0.005582552868872881 -0.04760143905878067
f 172 173 174
v -0.010998999699950218 -0.005582552868872881 -0.04760143905878067
v -0.01499900035560131 -0.005582552868872881 -0.04760143905878067
v -0.010998999699950218 -0.005582552868872881 -0.04702287167310715
f 175 176 177
v -0.010998999699950218 -0.005582552868872881 -0.04702287167310715
v -0.01499900035560131 -0.005582552868872881 -0.04760143905878067
v -0.01499900035560131 -0.005582552868872881 -0.04702287167310715
f 178 179 180
v -0.010998999699950218 -0.005582552868872881 -0.04702287167310715
v -0.01499900035560131 -0.005582552868872881 -0.04702287167310715
v -0.010998999699950218 -0.005331527907401323 -0.04650161415338516
f 181 182 183
v -0.01499900035560131 -0.005582552868872881 -0.04702287167310715
v -0.01499900035560131 -0.005331527907401323 -0.04650161415338516
v -0.010998999699950218 -0.005331527907401323 -0.04650161415338516
f 184 185 186
v -0.010998999699950218 -0.005331527907401323 -0.04650161415338516
v -0.01499900035560131 -0.005331527907401323 -0.04650161415338516
v -0.01499900035560131 -0.004972320515662432 -0.04619049280881882
f 187 188 189
v -0.010998999699950218 -0.005331527907401323 -0.04650161415338516
v -0.01499900035560131 -0.004972320515662432 -0.04619049280881882
v -0.010998999699950218 -0.004879195708781481 -0.04614090174436569
f 190 191 192
v -0.010998999699950218 -0.004879195708781481 -0.04614090174436569
v -0.01499900035560131 -0.004972320515662432 -0.04619049280881882
v -0.01499900035560131 -0.004879195708781481 -0.04614090174436569
f 193 194 195
v -0.010998999699950218 -0.004879195708781481 -0.04614090174436569
v -0.01499900035560131 -0.004879195708781481 -0.04614090174436569
v -0.010998999699950218 -0.004315149504691362 -0.04601215571165085
f 196 197 198
v -0.010998999699950218 -0.004315149504691362 -0.04601215571165085
v -0.01499900035560131 -0.004879195708781481 -0.04614090174436569
v -0.01499900035560131 -0.004315149504691362 -0.04601215571165085
f 199 200 201
v 0.011001000180840492 -0.004315149504691362 -0.04861215502023697
v 0.01500099990516901 -0.004315149504691362 -0.04861215502023697
v 0.011001000180840492 -0.0036651536356657743 -0.04843799024820328
f 202 203 204
v 0.011001000180840492 -0.0036651536356657743 -0.04843799024820328
v 0.01500099990516901 -0.004315149504691362 -0.04861215502023697
v 0.01500099990516901 -0.0036651536356657743 -0.04843799024820328
f 205 206 207
v 0.011001000180840492 -0.0036651536356657743 -0.04843799024820328
v 0.01500099990516901 -0.0036651536356657743 -0.04843799024820328
v 0.011001000180840492 -0.003189314855262637 -0.04796215146780014
f 208 209 210
v 0.011001000180840492 -0.003189314855262637 -0.04796215146780014
v 0.01500099990516901 -0.0036651536356657743 -0.04843799024820328
v 0.01500099990516901 -0.003189314855262637 -0.04796215146780014
f 211 212 213
v 0.011001000180840492 -0.003189314855262637 -0.04796215146780014
v 0.01500099990516901 -0.003189314855262637 -0.04796215146780014
v 0.011001000180840492 -0.0030151500832289457 -0.047312162816524506
f 214 215 216
v 0.011001000180840492 -0.0030151500832289457 -0.047312162816524506
v 0.01500099990516901 -0.003189314855262637 -0.04796215146780014
v 0.01500099990516901 -0.0030151500832289457 -0.047312162816524506
f 217 218 219
v 0.011001000180840492 -0.0030151500832289457 -0.047312162816524506
v 0.01500099990516901 -0.0030151500832289457 -0.047312162816524506
v 0.011001000180840492 -0.003189314855262637 -0.04666215926408768
f 220 221 222
v 0.011001000180840492 -0.003189314855262637 -0.04666215926408768
v 0.01500099990516901 -0.0030151500832289457 -0.047312162816524506
v 0.01500099990516901 -0.003189314855262637 -0.04666215926408768
f 223 224 225
v 0.011001000180840492 -0.003189314855262637 -0.04666215926408768
v 0.01500099990516901 -0.003189314855262637 -0.04666215926408768
v 0.011001000180840492 -0.0036651536356657743 -0.04618632048368454
f 226 227 228
v 0.011001000180840492 -0.0036651536356657743 -0.04618632048368454
v 0.01500099990516901 -0.003189314855262637 -0.04666215926408768
v 0.01500099990516901 -0.0036651536356657743 -0.04618632048368454
f 229 230 231
v 0.011001000180840492 -0.0036651536356657743 -0.04618632048368454
v 0.01500099990516901 -0.0036651536356657743 -0.04618632048368454
v 0.011001000180840492 -0.004315149504691362 -0.04601215571165085
f 232 233 234
v 0.011001000180840492 -0.004315149504691362 -0.04601215571165085
v 0.01500099990516901 -0.0036651536356657743 -0.04618632048368454
v 0.01500099990516901 -0.004315149504691362 -0.04601215571165085
f 235 236 237
v -0.021801183000206947 0.00037280027754604816 -0.02101215161383152
v -0.016498999670147896 0.00037280027754604816 -0.02101215161383152
v -0.016498999670147896 -5.6561777455499396e-05 -0.021085107699036598
f 238 239 240
v -0.021801183000206947 0.00037280027754604816 -0.02101215161383152
v -0.016498999670147896 -5.6561777455499396e-05 -0.021085107699036598
v -0.02174016460776329 -0.00013896520249545574 -0.02111714519560337
f 241 242 243
v -0.02174016460776329 -0.00013896520249545574 -0.02111714519560337
v -0.016498999670147896 -5.6561777455499396e-05 -0.021085107699036598
v -0.016498999670147896 -0.0005867525469511747 -0.021435091271996498
f 244 245 246
v -0.02174016460776329 -0.00013896520249545574 -0.02111714519560337
v -0.016498999670147896 -0.0005867525469511747 -0.021435091271996498
v -0.021567586809396744 -0.0005700781475752592 -0.02141728438436985
f 247 248 249
v -0.021567586809396744 -0.0005700781475752592 -0.02141728438436985
v -0.016498999670147896 -0.0005867525469511747 -0.021435091271996498
v -0.021332599222660065 -0.0008359968196600676 -0.021833861246705055
f 250 251 252
v -0.021332599222660065 -0.0008359968196600676 -0.021833861246705055
v -0.016498999670147896 -0.0005867525469511747 -0.021435091271996498
v -0.016498999670147896 -0.000887793255969882 -0.021994510665535927
f 253 254 255
v -0.021332599222660065 -0.0008359968196600676 -0.021833861246705055
v -0.016498999670147896 -0.000887793255969882 -0.021994510665535927
v -0.021243024617433548 -0.0008880316745489836 -0.021995151415467262
f 256 257 258
v -0.020597010850906372 -0.0005746677052229643 -0.023202160373330116
v -0.02081877738237381 -0.0008405416738241911 -0.022778788581490517
v -0.016498999670147896 -0.000887793255969882 -0.022629806771874428
f 259 260 261
v -0.016498999670147896 -0.000887793255969882 -0.022629806771874428
v -0.02081877738237381 -0.0008405416738241911 -0.022778788581490517
v -0.02089865691959858 -0.0008881359826773405 -0.0226286593824625
f 262 263 264
v -0.016498999670147896 -0.000887793255969882 -0.022629806771874428
v -0.02089865691959858 -0.0008881359826773405 -0.0226286593824625
v -0.016498999670147896 -0.000887793255969882 -0.021994510665535927
f 265 266 267
v -0.016498999670147896 -0.000887793255969882 -0.021994510665535927
v -0.02089865691959858 -0.0008881359826773405 -0.0226286593824625
v -0.021073075011372566 -0.0009271770250052214 -0.0223050806671381
f 268 269 270
v -0.016498999670147896 -0.000887793255969882 -0.021994510665535927
v -0.021073075011372566 -0.0009271770250052214 -0.0223050806671381
v -0.021243024617433548 -0.0008880316745489836 -0.021995151415467262
f 271 272 273
v -0.016498999670147896 -0.000887793255969882 -0.022629806771874428
v -0.016498999670147896 -0.0005867525469511747 -0.023189226165413857
v -0.020597010850906372 -0.0005746677052229643 -0.023202160373330116
f 274 275 276
v -0.020597010850906372 -0.0005746677052229643 -0.023202160373330116
v -0.016498999670147896 -0.0005867525469511747 -0.023189226165413857
v -0.016498999670147896 -5.6561777455499396e-05 -0.023539209738373756
f 277 278 279
v -0.020597010850906372 -0.0005746677052229643 -0.023202160373330116
v -0.016498999670147896 -5.6561777455499396e-05 -0.023539209738373756
v -0.020443543791770935 -0.000153024448081851 -0.02350103296339512
f 280 281 282
v -0.016498999670147896 0.00037280027754604816 -0.02361215092241764
v -0.020387133583426476 0.00037280027754604816 -0.02361215092241764
v -0.016498999670147896 -5.6561777455499396e-05 -0.023539209738373756
f 283 284 285
v -0.016498999670147896 -5.6561777455499396e-05 -0.023539209738373756
v -0.020387133583426476 0.00037280027754604816 -0.02361215092241764
v -0.020387139171361923 0.00036704097874462605 -0.02361215092241764
f 286 287 288
v -0.016498999670147896 -5.6561777455499396e-05 -0.023539209738373756
v -0.020387139171361923 0.00036704097874462605 -0.02361215092241764
v -0.020443543791770935 -0.000153024448081851 -0.02350103296339512
f 289 290 291
v 0.01350099965929985 -0.0005867525469511747 -0.023189226165413857
v 0.023795023560523987 -0.00018080021254718304 -0.023488396778702736
v 0.01350099965929985 -5.6561777455499396e-05 -0.023539209738373756
f 292 293 294
v 0.01350099965929985 -5.6561777455499396e-05 -0.023539209738373756
v 0.023795023560523987 -0.00018080021254718304 -0.023488396778702736
v 0.023776110261678696 0.00037280027754604816 -0.02361215092241764
f 295 296 297
v 0.01350099965929985 -5.6561777455499396e-05 -0.023539209738373756
v 0.023776110261678696 0.00037280027754604816 -0.02361215092241764
v 0.01350099965929985 0.00037280027754604816 -0.02361215092241764
f 298 299 300
v 0.01350099965929985 -0.000887793255969882 -0.022629806771874428
v 0.023853261023759842 -0.0006638884078711271 -0.023096555843949318
v 0.01350099965929985 -0.0005867525469511747 -0.023189226165413857
f 301 302 303
v 0.01350099965929985 -0.0005867525469511747 -0.023189226165413857
v 0.023853261023759842 -0.0006638884078711271 -0.023096555843949318
v 0.023839734494686127 -0.0005869015585631132 -0.023189062252640724
f 304 305 306
v 0.01350099965929985 -0.0005867525469511747 -0.023189226165413857
v 0.023839734494686127 -0.0005869015585631132 -0.023189062252640724
v 0.023795023560523987 -0.00018080021254718304 -0.023488396778702736
f 307 308 309
v 0.024007301777601242 -0.0008879646193236113 -0.021994346752762794
v 0.023962443694472313 -0.0009271993767470121 -0.022312158718705177
v 0.01350099965929985 -0.000887793255969882 -0.021994510665535927
f 310 311 312
v 0.01350099965929985 -0.000887793255969882 -0.021994510665535927
v 0.023962443694472313 -0.0009271993767470121 -0.022312158718705177
v 0.023935329169034958 -0.0009114861022680998 -0.02251366712152958
f 313 314 315
v 0.01350099965929985 -0.000887793255969882 -0.021994510665535927
v 0.023935329169034958 -0.0009114861022680998 -0.02251366712152958
v 0.01350099965929985 -0.000887793255969882 -0.022629806771874428
f 316 317 318
v 0.01350099965929985 -0.000887793255969882 -0.022629806771874428
v 0.023935329169034958 -0.0009114861022680998 -0.02251366712152958
v 0.023919420316815376 -0.0008878156077116728 -0.022629717364907265
f 319 320 321
v 0.01350099965929985 -0.000887793255969882 -0.022629806771874428
v 0.023919420316815376 -0.0008878156077116728 -0.022629717364907265
v 0.023853261023759842 -0.0006638884078711271 -0.023096555843949318
f 322 323 324
v 0.024007301777601242 -0.0008879646193236113 -0.021994346752762794
v 0.01350099965929985 -0.000887793255969882 -0.021994510665535927
v 0.024043003097176552 -0.0008062392007559538 -0.021764451637864113
f 325 326 327
v 0.024043003097176552 -0.0008062392007559538 -0.021764451637864113
v 0.01350099965929985 -0.000887793255969882 -0.021994510665535927
v 0.01350099965929985 -0.0005867525469511747 -0.021435091271996498
f 328 329 330
v 0.024043003097176552 -0.0008062392007559538 -0.021764451637864113
v 0.01350099965929985 -0.0005867525469511747 -0.021435091271996498
v 0.024098914116621017 -0.0005869462620466948 -0.02143525518476963
f 331 332 333
v 0.024098914116621017 -0.0005869462620466948 -0.02143525518476963
v 0.01350099965929985 -0.0005867525469511747 -0.021435091271996498
v 0.024120263755321503 -0.0004646151792258024 -0.02131764031946659
f 334 335 336
v 0.024120263755321503 -0.0004646151792258024 -0.02131764031946659
v 0.01350099965929985 -0.0005867525469511747 -0.021435091271996498
v 0.01350099965929985 -5.6561777455499396e-05 -0.021085107699036598
f 337 338 339
v 0.024120263755321503 -0.0004646151792258024 -0.02131764031946659
v 0.01350099965929985 -5.6561777455499396e-05 -0.021085107699036598
v 0.024164607748389244 -5.685980067937635e-05 -0.02108515240252018
f 340 341 342
v 0.024164607748389244 -5.685980067937635e-05 -0.02108515240252018
v 0.01350099965929985 -5.6561777455499396e-05 -0.021085107699036598
v 0.024170013144612312 3.0691971915075555e-05 -0.021057793870568275
f 343 344 345
v 0.024170013144612312 3.0691971915075555e-05 -0.021057793870568275
v 0.01350099965929985 -5.6561777455499396e-05 -0.021085107699036598
v 0.01350099965929985 0.00037280027754604816 -0.02101215161383152
f 346 347 348
v 0.024170013144612312 3.0691971915075555e-05 -0.021057793870568275
v 0.01350099965929985 0.00037280027754604816 -0.02101215161383152
v 0.024179117754101753 0.00037280027754604816 -0.02101215161383152
f 349 350 351
v -0.007499027065932751 -0.008449998684227467 -0.008000009693205357
v -0.007499027065932751 -0.008449998684227467 -0.010000013746321201
v -0.006324027199298143 -0.008764837868511677 -0.008000009693205357
f 352 353 354
v -0.006324027199298143 -0.008764837868511677 -0.008000009693205357
v -0.007499027065932751 -0.008449998684227467 -0.010000013746321201
v -0.006324027199298143 -0.008764837868511677 -0.010000013746321201
f 355 356 357
v -0.006324027199298143 -0.008764837868511677 -0.008000009693205357
v -0.006324027199298143 -0.008764837868511677 -0.010000013746321201
v -0.005463867448270321 -0.009624999947845936 -0.008000009693205357
f 358 359 360
v -0.005463867448270321 -0.009624999947845936 -0.008000009693205357
v -0.006324027199298143 -0.008764837868511677 -0.010000013746321201
v -0.005463867448270321 -0.009624999947845936 -0.010000013746321201
f 361 362 363
v -0.005463867448270321 -0.009624999947845936 -0.008000009693205357
v -0.005463867448270321 -0.009624999947845936 -0.010000013746321201
v -0.005149026867002249 -0.010800001211464405 -0.008000009693205357
f 364 365 366
v -0.005149026867002249 -0.010800001211464405 -0.008000009693205357
v -0.005463867448270321 -0.009624999947845936 -0.010000013746321201
v -0.005149026867002249 -0.010800001211464405 -0.010000013746321201
f 367 368 369
v -0.005149026867002249 -0.010800001211464405 -0.008000009693205357
v -0.005149026867002249 -0.010800001211464405 -0.010000013746321201
v -0.005463867448270321 -0.011975002475082874 -0.008000009693205357
f 370 371 372
v -0.005463867448270321 -0.011975002475082874 -0.008000009693205357
v -0.005149026867002249 -0.010800001211464405 -0.010000013746321201
v -0.005463867448270321 -0.011975002475082874 -0.010000013746321201
f 373 374 375
v -0.005463867448270321 -0.011975002475082874 -0.008000009693205357
v -0.005463867448270321 -0.011975002475082874 -0.010000013746321201
v -0.006324027199298143 -0.012835157103836536 -0.008000009693205357
f 376 377 378
v -0.006324027199298143 -0.012835157103836536 -0.008000009693205357
v -0.005463867448270321 -0.011975002475082874 -0.010000013746321201
v -0.006324027199298143 -0.012835157103836536 -0.010000013746321201
f 379 380 381
v -0.006324027199298143 -0.012835157103836536 -0.008000009693205357
v -0.006324027199298143 -0.012835157103836536 -0.010000013746321201
v -0.007499027065932751 -0.013150003738701344 -0.008000009693205357
f 382 383 384
v -0.007499027065932751 -0.013150003738701344 -0.008000009693205357
v -0.006324027199298143 -0.012835157103836536 -0.010000013746321201
v -0.007499027065932751 -0.013150003738701344 -0.010000013746321201
f 385 386 387
v 0.00750097306445241 -0.008449998684227467 -0.008000009693205357
v 0.00750097306445241 -0.008449998684227467 -0.010000013746321201
v 0.008520599454641342 -0.00868272501975298 -0.008000009693205357
f 388 389 390
v 0.008520599454641342 -0.00868272501975298 -0.008000009693205357
v 0.00750097306445241 -0.008449998684227467 -0.010000013746321201
v 0.008520599454641342 -0.00868272501975298 -0.010000013746321201
f 391 392 393
v 0.008520599454641342 -0.00868272501975298 -0.008000009693205357
v 0.008520599454641342 -0.00868272501975298 -0.010000013746321201
v 0.009338277392089367 -0.009334799833595753 -0.008000009693205357
f 394 395 396
v 0.009338277392089367 -0.009334799833595753 -0.008000009693205357
v 0.008520599454641342 -0.00868272501975298 -0.010000013746321201
v 0.009338277392089367 -0.009334799833595753 -0.010000013746321201
f 397 398 399
v 0.009338277392089367 -0.009334799833595753 -0.008000009693205357
v 0.009338277392089367 -0.009334799833595753 -0.010000013746321201
v 0.009792053140699863 -0.01027707476168871 -0.008000009693205357
f 400 401 402
v 0.009792053140699863 -0.01027707476168871 -0.008000009693205357
v 0.009338277392089367 -0.009334799833595753 -0.010000013746321201
v 0.009792053140699863 -0.01027707476168871 -0.010000013746321201
f 403 404 405
v 0.009792053140699863 -0.01027707476168871 -0.008000009693205357
v 0.009792053140699863 -0.01027707476168871 -0.010000013746321201
v 0.009792053140699863 -0.0113229276612401 -0.008000009693205357
f 406 407 408
v 0.009792053140699863 -0.0113229276612401 -0.008000009693205357
v 0.009792053140699863 -0.01027707476168871 -0.010000013746321201
v 0.009792053140699863 -0.0113229276612401 -0.010000013746321201
f 409 410 411
v 0.009792053140699863 -0.0113229276612401 -0.008000009693205357
v 0.009792053140699863 -0.0113229276612401 -0.010000013746321201
v 0.009338277392089367 -0.012265202589333057 -0.008000009693205357
f 412 413 414
v 0.009338277392089367 -0.012265202589333057 -0.008000009693205357
v 0.009792053140699863 -0.0113229276612401 -0.010000013746321201
v 0.009338277392089367 -0.012265202589333057 -0.010000013746321201
f 415 416 417
v 0.009338277392089367 -0.012265202589333057 -0.008000009693205357
v 0.009338277392089367 -0.012265202589333057 -0.010000013746321201
v 0.008520599454641342 -0.01291727740317583 -0.008000009693205357
f 418 419 420
v 0.008520599454641342 -0.01291727740317583 -0.008000009693205357
v 0.009338277392089367 -0.012265202589333057 -0.010000013746321201
v 0.008520599454641342 -0.01291727740317583 -0.010000013746321201
f 421 422 423
v 0.008520599454641342 -0.01291727740317583 -0.008000009693205357
v 0.008520599454641342 -0.01291727740317583 -0.010000013746321201
v 0.00750097306445241 -0.013150003738701344 -0.008000009693205357
f 424 425 426
v 0.00750097306445241 -0.013150003738701344 -0.008000009693205357
v 0.008520599454641342 -0.01291727740317583 -0.010000013746321201
v 0.00750097306445241 -0.013150003738701344 -0.010000013746321201
f 427 428 429
v 0.00750097306445241 0.013150001876056194 -0.008000009693205357
v 0.00750097306445241 0.013150001876056194 -0.010000013746321201
v 0.008675972931087017 0.012835162691771984 -0.008000009693205357
f 430 431 432
v 0.008675972931087017 0.012835162691771984 -0.008000009693205357
v 0.00750097306445241 0.013150001876056194 -0.010000013746321201
v 0.008675972931087017 0.012835162691771984 -0.010000013746321201
f 433 434 435
v 0.008675972931087017 0.012835162691771984 -0.008000009693205357
v 0.008675972931087017 0.012835162691771984 -0.010000013746321201
v 0.009536132216453552 0.011975000612437725 -0.008000009693205357
f 436 437 438
v 0.009536132216453552 0.011975000612437725 -0.008000009693205357
v 0.008675972931087017 0.012835162691771984 -0.010000013746321201
v 0.009536132216453552 0.011975000612437725 -0.010000013746321201
f 439 440 441
v 0.009536132216453552 0.011975000612437725 -0.008000009693205357
v 0.009536132216453552 0.011975000612437725 -0.010000013746321201
v 0.009850973263382912 0.010799999348819256 -0.008000009693205357
f 442 443 444
v 0.009850973263382912 0.010799999348819256 -0.008000009693205357
v 0.009536132216453552 0.011975000612437725 -0.010000013746321201
v 0.009850973263382912 0.010799999348819256 -0.010000013746321201
f 445 446 447
v 0.009850973263382912 0.010799999348819256 -0.008000009693205357
v 0.009850973263382912 0.010799999348819256 -0.010000013746321201
v 0.009536132216453552 0.009624998085200787 -0.008000009693205357
f 448 449 450
v 0.009536132216453552 0.009624998085200787 -0.008000009693205357
v 0.009850973263382912 0.010799999348819256 -0.010000013746321201
v 0.009536132216453552 0.009624998085200787 -0.010000013746321201
f 451 452 453
v 0.009536132216453552 0.009624998085200787 -0.008000009693205357
v 0.009536132216453552 0.009624998085200787 -0.010000013746321201
v 0.008675972931087017 0.008764843456447124 -0.008000009693205357
f 454 455 456
v 0.008675972931087017 0.008764843456447124 -0.008000009693205357
v 0.009536132216453552 0.009624998085200787 -0.010000013746321201
v 0.008675972931087017 0.008764843456447124 -0.010000013746321201
f 457 458 459
v 0.008675972931087017 0.008764843456447124 -0.008000009693205357
v 0.008675972931087017 0.008764843456447124 -0.010000013746321201
v 0.00750097306445241 0.008449996821582317 -0.008000009693205357
f 460 461 462
v 0.00750097306445241 0.008449996821582317 -0.008000009693205357
v 0.008675972931087017 0.008764843456447124 -0.010000013746321201
v 0.00750097306445241 0.008449996821582317 -0.010000013746321201
f 463 464 465
v -0.007499027065932751 0.013150001876056194 -0.008000009693205357
v -0.007499027065932751 0.013150001876056194 -0.010000013746321201
v -0.006479400210082531 0.012917275540530682 -0.008000009693205357
f 466 467 468
v -0.006479400210082531 0.012917275540530682 -0.008000009693205357
v -0.007499027065932751 0.013150001876056194 -0.010000013746321201
v -0.006479400210082531 0.012917275540530682 -0.010000013746321201
f 469 470 471
v -0.006479400210082531 0.012917275540530682 -0.008000009693205357
v -0.006479400210082531 0.012917275540530682 -0.010000013746321201
v -0.005661723203957081 0.012265200726687908 -0.008000009693205357
f 472 473 474
v -0.005661723203957081 0.012265200726687908 -0.008000009693205357
v -0.006479400210082531 0.012917275540530682 -0.010000013746321201
v -0.005661723203957081 0.012265200726687908 -0.010000013746321201
f 475 476 477
v -0.005661723203957081 0.012265200726687908 -0.008000009693205357
v -0.005661723203957081 0.012265200726687908 -0.010000013746321201
v -0.00520794652402401 0.011322925798594952 -0.008000009693205357
f 478 479 480
v -0.00520794652402401 0.011322925798594952 -0.008000009693205357
v -0.005661723203957081 0.012265200726687908 -0.010000013746321201
v -0.00520794652402401 0.011322925798594952 -0.010000013746321201
f 481 482 483
v -0.00520794652402401 0.011322925798594952 -0.008000009693205357
v -0.00520794652402401 0.011322925798594952 -0.010000013746321201
v -0.00520794652402401 0.01027707289904356 -0.008000009693205357
f 484 485 486
v -0.00520794652402401 0.01027707289904356 -0.008000009693205357
v -0.00520794652402401 0.011322925798594952 -0.010000013746321201
v -0.00520794652402401 0.01027707289904356 -0.010000013746321201
f 487 488 489
v -0.00520794652402401 0.01027707289904356 -0.008000009693205357
v -0.00520794652402401 0.01027707289904356 -0.010000013746321201
v -0.005661723203957081 0.009334797970950603 -0.008000009693205357
f 490 491 492
v -0.005661723203957081 0.009334797970950603 -0.008000009693205357
v -0.00520794652402401 0.01027707289904356 -0.010000013746321201
v -0.005661723203957081 0.009334797970950603 -0.010000013746321201
f 493 494 495
v -0.005661723203957081 0.009334797970950603 -0.008000009693205357
v -0.005661723203957081 0.009334797970950603 -0.010000013746321201
v -0.006479400210082531 0.00868272315710783 -0.008000009693205357
f 496 497 498
v -0.006479400210082531 0.00868272315710783 -0.008000009693205357
v -0.005661723203957081 0.009334797970950603 -0.010000013746321201
v -0.006479400210082531 0.00868272315710783 -0.010000013746321201
f 499 500 501
v -0.006479400210082531 0.00868272315710783 -0.008000009693205357
v -0.006479400210082531 0.00868272315710783 -0.010000013746321201
v -0.007499027065932751 0.008449996821582317 -0.008000009693205357
f 502 503 504
v -0.007499027065932751 0.008449996821582317 -0.008000009693205357
v -0.006479400210082531 0.00868272315710783 -0.010000013746321201
v -0.007499027065932751 0.008449996821582317 -0.010000013746321201
f 505 506 507
v 0.012446284294128418 -0.014805731363594532 -0.06773368269205093
v 0.012428192421793938 -0.014781390316784382 -0.0678006038069725
v 0.01279519684612751 -0.012446706183254719 -0.06665997952222824
f 508 509 510
v 0.012335700914263725 -0.012519513256847858 -0.06807107478380203
v 0.012428192421793938 -0.014781390316784382 -0.0678006038069725
v 0.012341479770839214 -0.014646698720753193 -0.06805435568094254
f 511 512 513
v 0.012916223146021366 -0.012798254378139973 -0.06627210229635239
v 0.012726761400699615 -0.014803011901676655 -0.0668814554810524
v 0.01279519684612751 -0.012446706183254719 -0.06665997952222824
f 514 515 516
v 0.01279519684612751 -0.012446706183254719 -0.06665997952222824
v 0.012726761400699615 -0.014803011901676655 -0.0668814554810524
v 0.012606308795511723 -0.014874984510242939 -0.06724972277879715
f 517 518 519
v 0.01279519684612751 -0.012446706183254719 -0.06665997952222824
v 0.012606308795511723 -0.014874984510242939 -0.06724972277879715
v 0.012446284294128418 -0.014805731363594532 -0.06773368269205093
f 520 521 522
v 0.01218508556485176 -0.014109198935329914 -0.06849838048219681
v 0.012144031934440136 -0.013577190227806568 -0.06861215084791183
v 0.012168224900960922 -0.013154146261513233 -0.06854524463415146
f 523 524 525
v 0.01263946108520031 -0.012285609729588032 -0.06715791672468185
v 0.01279519684612751 -0.012446706183254719 -0.06665997952222824
v 0.012505677528679371 -0.012299646623432636 -0.06755539029836655
f 526 527 528
v 0.012505677528679371 -0.012299646623432636 -0.06755539029836655
v 0.01279519684612751 -0.012446706183254719 -0.06665997952222824
v 0.012428192421793938 -0.014781390316784382 -0.0678006038069725
f 529 530 531
v 0.012505677528679371 -0.012299646623432636 -0.06755539029836655
v 0.012428192421793938 -0.014781390316784382 -0.0678006038069725
v 0.012425488792359829 -0.012373601086437702 -0.0678086057305336
f 532 533 534
v 0.012425488792359829 -0.012373601086437702 -0.0678086057305336
v 0.012428192421793938 -0.014781390316784382 -0.0678006038069725
v 0.012335700914263725 -0.012519513256847858 -0.06807107478380203
f 535 536 537
v 0.012341479770839214 -0.014646698720753193 -0.06805435568094254
v 0.012209576554596424 -0.014240135438740253 -0.06842996925115585
v 0.012335700914263725 -0.012519513256847858 -0.06807107478380203
f 538 539 540
v 0.012335700914263725 -0.012519513256847858 -0.06807107478380203
v 0.012209576554596424 -0.014240135438740253 -0.06842996925115585
v 0.01218508556485176 -0.014109198935329914 -0.06849838048219681
f 541 542 543
v 0.012335700914263725 -0.012519513256847858 -0.06807107478380203
v 0.01218508556485176 -0.014109198935329914 -0.06849838048219681
v 0.012271308340132236 -0.012682151980698109 -0.0682557001709938
f 544 545 546
v 0.012271308340132236 -0.012682151980698109 -0.0682557001709938
v 0.01218508556485176 -0.014109198935329914 -0.06849838048219681
v 0.012168224900960922 -0.013154146261513233 -0.06854524463415146
f 547 548 549
v 0.012949475087225437 -0.014147420413792133 -0.06614426523447037
v 0.01286080852150917 -0.014543619938194752 -0.06644351035356522
v 0.012986890971660614 -0.013670613057911396 -0.0660155788064003
f 550 551 552
v 0.012986890971660614 -0.013670613057911396 -0.0660155788064003
v 0.01286080852150917 -0.014543619938194752 -0.06644351035356522
v 0.012726761400699615 -0.014803011901676655 -0.0668814554810524
f 553 554 555
v 0.012986890971660614 -0.013670613057911396 -0.0660155788064003
v 0.012726761400699615 -0.014803011901676655 -0.0668814554810524
v 0.012971855700016022 -0.013201278634369373 -0.06606746464967728
f 556 557 558
v 0.012971855700016022 -0.013201278634369373 -0.06606746464967728
v 0.012726761400699615 -0.014803011901676655 -0.0668814554810524
v 0.012916223146021366 -0.012798254378139973 -0.06627210229635239
f 559 560 561
v -0.012339460663497448 -0.012506154365837574 -0.06805435568094254
v -0.012207556515932083 -0.012912717647850513 -0.06842995434999466
v -0.012444265186786652 -0.012347129173576832 -0.06773368269205093
f 562 563 564
v -0.012444265186786652 -0.012347129173576832 -0.06773368269205093
v -0.012207556515932083 -0.012912717647850513 -0.06842995434999466
v -0.012914205901324749 -0.014354606159031391 -0.06627210229635239
f 565 566 567
v -0.012444265186786652 -0.012347129173576832 -0.06773368269205093
v -0.012914205901324749 -0.014354606159031391 -0.06627210229635239
v -0.01260429061949253 -0.012277876026928425 -0.06724972277879715
f 568 569 570
v -0.01260429061949253 -0.012277876026928425 -0.06724972277879715
v -0.012914205901324749 -0.014354606159031391 -0.06627210229635239
v -0.012724743224680424 -0.012349848635494709 -0.0668814554810524
f 571 572 573
v -0.012914205901324749 -0.014354606159031391 -0.06627210229635239
v -0.01226928923279047 -0.014470708556473255 -0.0682557001709938
v -0.012333681806921959 -0.014633347280323505 -0.06807107478380203
f 574 575 576
v -0.012166204862296581 -0.01399871427565813 -0.06854524463415146
v -0.01226928923279047 -0.014470708556473255 -0.0682557001709938
v -0.012142011895775795 -0.013575670309364796 -0.06861215084791183
f 577 578 579
v -0.012142011895775795 -0.013575670309364796 -0.06861215084791183
v -0.01226928923279047 -0.014470708556473255 -0.0682557001709938
v -0.012914205901324749 -0.014354606159031391 -0.06627210229635239
f 580 581 582
v -0.012142011895775795 -0.013575670309364796 -0.06861215084791183
v -0.012914205901324749 -0.014354606159031391 -0.06627210229635239
v -0.01218306552618742 -0.01304366160184145 -0.06849838048219681
f 583 584 585
v -0.01218306552618742 -0.01304366160184145 -0.06849838048219681
v -0.012914205901324749 -0.014354606159031391 -0.06627210229635239
v -0.012207556515932083 -0.012912717647850513 -0.06842995434999466
f 586 587 588
v -0.012333681806921959 -0.014633347280323505 -0.06807107478380203
v -0.012503658421337605 -0.014853213913738728 -0.06755539029836655
v -0.012914205901324749 -0.014354606159031391 -0.06627210229635239
f 589 590 591
v -0.012914205901324749 -0.014354606159031391 -0.06627210229635239
v -0.012503658421337605 -0.014853213913738728 -0.06755539029836655
v -0.012637442909181118 -0.014867243357002735 -0.06715791672468185
f 592 593 594
v -0.012914205901324749 -0.014354606159031391 -0.06627210229635239
v -0.012637442909181118 -0.014867243357002735 -0.06715791672468185
v -0.012793179601430893 -0.014706154353916645 -0.06665997952222824
f 595 596 597
v -0.01294745784252882 -0.013005432672798634 -0.06614426523447037
v -0.012858791276812553 -0.012609233148396015 -0.06644351035356522
v -0.012984873726963997 -0.013482247479259968 -0.0660155788064003
f 598 599 600
v -0.012984873726963997 -0.013482247479259968 -0.0660155788064003
v -0.012858791276812553 -0.012609233148396015 -0.06644351035356522
v -0.012724743224680424 -0.012349848635494709 -0.0668814554810524
f 601 602 603
v -0.012984873726963997 -0.013482247479259968 -0.0660155788064003
v -0.012724743224680424 -0.012349848635494709 -0.0668814554810524
v -0.012969838455319405 -0.01395158190280199 -0.06606746464967728
f 604 605 606
v -0.012969838455319405 -0.01395158190280199 -0.06606746464967728
v -0.012724743224680424 -0.012349848635494709 -0.0668814554810524
v -0.012914205901324749 -0.014354606159031391 -0.06627210229635239
f 607 608 609
v -0.010099027305841446 0.014800000004470348 0.00779998954385519
v -0.014099027030169964 0.014800000004470348 0.00779998954385519
v -0.010099027305841446 -0.014800001867115498 0.00779998954385519
f 610 611 612
v -0.010099027305841446 -0.014800001867115498 0.00779998954385519
v -0.014099027030169964 0.014800000004470348 0.00779998954385519
v -0.014099027030169964 -0.014800001867115498 0.00779998954385519
f 613 614 615
v -0.014099027030169964 0.014800000004470348 0.00779998954385519
v -0.014099027030169964 0.014800000004470348 -0.004999988712370396
v -0.014099027030169964 -0.014800001867115498 0.00779998954385519
f 616 617 618
v -0.014099027030169964 -0.014800001867115498 0.00779998954385519
v -0.014099027030169964 0.014800000004470348 -0.004999988712370396
v -0.014099027030169964 -0.014800001867115498 -0.004999988712370396
f 619 620 621
v -0.010099027305841446 -0.014800001867115498 0.00779998954385519
v -0.010099027305841446 -0.014800001867115498 -0.004999988712370396
v -0.010099027305841446 0.014800000004470348 0.00779998954385519
f 622 623 624
v -0.010099027305841446 0.014800000004470348 0.00779998954385519
v -0.010099027305841446 -0.014800001867115498 -0.004999988712370396
v -0.010099027305841446 0.014800000004470348 -0.004999988712370396
f 625 626 627
v -0.024685418233275414 0.014130103401839733 -0.010037505067884922
v -0.02466721646487713 0.014086688868701458 -0.01005783025175333
v -0.024908462539315224 0.014086688868701458 -0.01005783025175333
f 628 629 630
v -0.024717293679714203 0.014275814406573772 -0.010002010501921177
v -0.024685418233275414 0.014130103401839733 -0.010037505067884922
v -0.028484050184488297 0.014131533913314342 -0.010036909021437168
f 631 632 633
v -0.028484050184488297 0.014131533913314342 -0.010036909021437168
v -0.024685418233275414 0.014130103401839733 -0.010037505067884922
v -0.024908462539315224 0.014086688868701458 -0.01005783025175333
f 634 635 636
v -0.028484050184488297 0.014131533913314342 -0.010036909021437168
v -0.024908462539315224 0.014086688868701458 -0.01005783025175333
v -0.02846112847328186 0.013982648961246014 -0.010131054557859898
f 637 638 639
v -0.024717293679714203 0.014275814406573772 -0.010002010501921177
v -0.028484050184488297 0.014131533913314342 -0.010036909021437168
v -0.02471909672021866 0.014320100657641888 -0.010000013746321201
f 640 641 642
v -0.02471909672021866 0.014320100657641888 -0.010000013746321201
v -0.028484050184488297 0.014131533913314342 -0.010036909021437168
v -0.028493240475654602 0.014192226342856884 -0.010016643442213535
f 643 644 645
v -0.02471909672021866 0.014320100657641888 -0.010000013746321201
v -0.028493240475654602 0.014192226342856884 -0.010016643442213535
v -0.028512340039014816 0.014320100657641888 -0.010000013746321201
f 646 647 648
v -0.02478879503905773 0.013946945779025555 -0.010167145170271397
v -0.024626681581139565 0.013850259594619274 -0.01032900158315897
v -0.02844027429819107 0.013850259594619274 -0.01032900158315897
f 649 650 651
v -0.024908462539315224 0.014086688868701458 -0.01005783025175333
v -0.024853739887475967 0.014011758379638195 -0.010106259025633335
v -0.02846112847328186 0.013982648961246014 -0.010131054557859898
f 652 653 654
v -0.02846112847328186 0.013982648961246014 -0.010131054557859898
v -0.024853739887475967 0.014011758379638195 -0.010106259025633335
v -0.02478879503905773 0.013946945779025555 -0.010167145170271397
f 655 656 657
v -0.02846112847328186 0.013982648961246014 -0.010131054557859898
v -0.02478879503905773 0.013946945779025555 -0.010167145170271397
v -0.028445381671190262 0.013882401399314404 -0.010258310474455357
f 658 659 660
v -0.028445381671190262 0.013882401399314404 -0.010258310474455357
v -0.02478879503905773 0.013946945779025555 -0.010167145170271397
v -0.02844027429819107 0.013850259594619274 -0.01032900158315897
f 661 662 663
v -0.029089760035276413 0.01351423840969801 -0.01047562900930643
v -0.029089445248246193 0.013513731770217419 -0.010500007309019566
v -0.029789946973323822 0.012906926684081554 -0.010500007309019566
f 664 665 666
v -0.0285280030220747 0.013788017444312572 -0.010500007309019566
v -0.029089445248246193 0.013513731770217419 -0.010500007309019566
v -0.02845516987144947 0.013823951594531536 -0.010401212610304356
f 667 668 669
v -0.02845516987144947 0.013823951594531536 -0.010401212610304356
v -0.029089445248246193 0.013513731770217419 -0.010500007309019566
v -0.029089760035276413 0.01351423840969801 -0.01047562900930643
f 670 671 672
v -0.02845516987144947 0.013823951594531536 -0.010401212610304356
v -0.029089760035276413 0.01351423840969801 -0.01047562900930643
v -0.02844027429819107 0.013850259594619274 -0.01032900158315897
f 673 674 675
v -0.02844027429819107 0.013850259594619274 -0.01032900158315897
v -0.029089760035276413 0.01351423840969801 -0.01047562900930643
v -0.029122432693839073 0.013566496782004833 -0.010258429683744907
f 676 677 678
v -0.02844027429819107 0.013850259594619274 -0.01032900158315897
v -0.029122432693839073 0.013566496782004833 -0.010258429683744907
v -0.028445381671190262 0.013882401399314404 -0.010258310474455357
f 679 680 681
v -0.028445381671190262 0.013882401399314404 -0.010258310474455357
v -0.029122432693839073 0.013566496782004833 -0.010258429683744907
v -0.02918555773794651 0.013667459599673748 -0.01011472288519144
f 682 683 684
v -0.028445381671190262 0.013882401399314404 -0.010258310474455357
v -0.02918555773794651 0.013667459599673748 -0.01011472288519144
v -0.02846112847328186 0.013982648961246014 -0.010131054557859898
f 685 686 687
v -0.02846112847328186 0.013982648961246014 -0.010131054557859898
v -0.02918555773794651 0.013667459599673748 -0.01011472288519144
v -0.028484050184488297 0.014131533913314342 -0.010036909021437168
f 688 689 690
v -0.028484050184488297 0.014131533913314342 -0.010036909021437168
v -0.02918555773794651 0.013667459599673748 -0.01011472288519144
v -0.02929641492664814 0.013844761066138744 -0.010012143291532993
f 691 692 693
v -0.028484050184488297 0.014131533913314342 -0.010036909021437168
v -0.02929641492664814 0.013844761066138744 -0.010012143291532993
v -0.028493240475654602 0.014192226342856884 -0.010016643442213535
f 694 695 696
v -0.030427193269133568 0.01237362902611494 -0.010068618692457676
v -0.030439160764217377 0.012396330945193768 -0.010057174600660801
v -0.02992839179933071 0.013023982755839825 -0.01011472288519144
f 697 698 699
v -0.02992839179933071 0.013023982755839825 -0.01011472288519144
v -0.030439160764217377 0.012396330945193768 -0.010057174600660801
v -0.030386434867978096 0.012614171020686626 -0.01003249827772379
f 700 701 702
v -0.02992839179933071 0.013023982755839825 -0.01011472288519144
v -0.030386434867978096 0.012614171020686626 -0.01003249827772379
v -0.03008807823061943 0.013158994726836681 -0.010012143291532993
f 703 704 705
v -0.03008807823061943 0.013158994726836681 -0.010012143291532993
v -0.030386434867978096 0.012614171020686626 -0.01003249827772379
v -0.03007189929485321 0.01334283035248518 -0.010000013746321201
f 706 707 708
v -0.03008807823061943 0.013158994726836681 -0.010012143291532993
v -0.03007189929485321 0.01334283035248518 -0.010000013746321201
v -0.029354514554142952 0.013937684707343578 -0.010000013746321201
f 709 710 711
v -0.030244924128055573 0.012344139628112316 -0.010243945755064487
v -0.03032769076526165 0.01230910699814558 -0.010164105333387852
v -0.02992839179933071 0.013023982755839825 -0.01011472288519144
f 712 713 714
v -0.02992839179933071 0.013023982755839825 -0.01011472288519144
v -0.03032769076526165 0.01230910699814558 -0.010164105333387852
v -0.030382459983229637 0.012323427014052868 -0.010111474432051182
f 715 716 717
v -0.02992839179933071 0.013023982755839825 -0.01011472288519144
v -0.030382459983229637 0.012323427014052868 -0.010111474432051182
v -0.030427193269133568 0.01237362902611494 -0.010068618692457676
f 718 719 720
v -0.02998202294111252 0.01265366654843092 -0.010500007309019566
v -0.030004773288965225 0.012620518915355206 -0.010477685369551182
v -0.029790399596095085 0.012907314114272594 -0.01047562900930643
f 721 722 723
v -0.029790399596095085 0.012907314114272594 -0.01047562900930643
v -0.030004773288965225 0.012620518915355206 -0.010477685369551182
v -0.030244924128055573 0.012344139628112316 -0.010243945755064487
f 724 725 726
v -0.029790399596095085 0.012907314114272594 -0.01047562900930643
v -0.030244924128055573 0.012344139628112316 -0.010243945755064487
v -0.029837464913725853 0.012947107665240765 -0.010258429683744907
f 727 728 729
v -0.029837464913725853 0.012947107665240765 -0.010258429683744907
v -0.030244924128055573 0.012344139628112316 -0.010243945755064487
v -0.02992839179933071 0.013023982755839825 -0.01011472288519144
f 730 731 732
v -0.028512340039014816 0.014320100657641888 -0.010000013746321201
v -0.028493240475654602 0.014192226342856884 -0.010016643442213535
v -0.029354514554142952 0.013937684707343578 -0.010000013746321201
f 733 734 735
v -0.029354514554142952 0.013937684707343578 -0.010000013746321201
v -0.028493240475654602 0.014192226342856884 -0.010016643442213535
v -0.02929641492664814 0.013844761066138744 -0.010012143291532993
f 736 737 738
v -0.029354514554142952 0.013937684707343578 -0.010000013746321201
v -0.02929641492664814 0.013844761066138744 -0.010012143291532993
v -0.03008807823061943 0.013158994726836681 -0.010012143291532993
f 739 740 741
v -0.03008807823061943 0.013158994726836681 -0.010012143291532993
v -0.02929641492664814 0.013844761066138744 -0.010012143291532993
v -0.02918555773794651 0.013667459599673748 -0.01011472288519144
f 742 743 744
v -0.03008807823061943 0.013158994726836681 -0.010012143291532993
v -0.02918555773794651 0.013667459599673748 -0.01011472288519144
v -0.02992839179933071 0.013023982755839825 -0.01011472288519144
f 745 746 747
v -0.02992839179933071 0.013023982755839825 -0.01011472288519144
v -0.02918555773794651 0.013667459599673748 -0.01011472288519144
v -0.029122432693839073 0.013566496782004833 -0.010258429683744907
f 748 749 750
v -0.02992839179933071 0.013023982755839825 -0.01011472288519144
v -0.029122432693839073 0.013566496782004833 -0.010258429683744907
v -0.029837464913725853 0.012947107665240765 -0.010258429683744907
f 751 752 753
v -0.029837464913725853 0.012947107665240765 -0.010258429683744907
v -0.029122432693839073 0.013566496782004833 -0.010258429683744907
v -0.029089760035276413 0.01351423840969801 -0.01047562900930643
f 754 755 756
v -0.029837464913725853 0.012947107665240765 -0.010258429683744907
v -0.029089760035276413 0.01351423840969801 -0.01047562900930643
v -0.029790399596095085 0.012907314114272594 -0.01047562900930643
f 757 758 759
v -0.029790399596095085 0.012907314114272594 -0.01047562900930643
v -0.029089760035276413 0.01351423840969801 -0.01047562900930643
v -0.029789946973323822 0.012906926684081554 -0.010500007309019566
f 760 761 762
v -0.029790399596095085 0.012907314114272594 -0.01047562900930643
v -0.029789946973323822 0.012906926684081554 -0.010500007309019566
v -0.02998202294111252 0.01265366654843092 -0.010500007309019566
f 763 764 765
v 0.015449879691004753 -0.007338371593505144 -0.04370739310979843
v 0.015395376831293106 -0.007439334411174059 -0.04368674010038376
v 0.015206829644739628 -0.007470328826457262 -0.04396364837884903
f 766 767 768
v 0.014000999741256237 -0.00805519986897707 -0.0436718687415123
v 0.014471862465143204 -0.008013826794922352 -0.04388309270143509
v 0.014583473093807697 -0.007970464415848255 -0.04362601786851883
f 769 770 771
v 0.014949299395084381 -0.007664401549845934 -0.04494544118642807
v 0.01500099990516901 -0.007373828906565905 -0.045069240033626556
v 0.015033718198537827 -0.007287618238478899 -0.04471942037343979
f 772 773 774
v 0.014758981764316559 -0.007940416224300861 -0.04465792328119278
v 0.014918459579348564 -0.007734556216746569 -0.044894151389598846
v 0.014963152818381786 -0.007621165830641985 -0.04458054155111313
f 775 776 777
v 0.014691819436848164 -0.007990469224750996 -0.04456309229135513
v 0.014838455244898796 -0.007822399027645588 -0.044094376266002655
v 0.01441107876598835 -0.008090686984360218 -0.0441850945353508
f 778 779 780
v 0.01441107876598835 -0.008090686984360218 -0.0441850945353508
v 0.014838455244898796 -0.007822399027645588 -0.044094376266002655
v 0.014471862465143204 -0.008013826794922352 -0.04388309270143509
f 781 782 783
v 0.01441107876598835 -0.008090686984360218 -0.0441850945353508
v 0.014471862465143204 -0.008013826794922352 -0.04388309270143509
v 0.014372844249010086 -0.008095246739685535 -0.04413644224405289
f 784 785 786
v 0.014372844249010086 -0.008095246739685535 -0.04413644224405289
v 0.014471862465143204 -0.008013826794922352 -0.04388309270143509
v 0.014000999741256237 -0.00805519986897707 -0.0436718687415123
f 787 788 789
v 0.014583473093807697 -0.007970464415848255 -0.04362601786851883
v 0.014471862465143204 -0.008013826794922352 -0.04388309270143509
v 0.014749138616025448 -0.007917326875030994 -0.04362349957227707
f 790 791 792
v 0.014749138616025448 -0.007917326875030994 -0.04362349957227707
v 0.014471862465143204 -0.008013826794922352 -0.04388309270143509
v 0.014838455244898796 -0.007822399027645588 -0.044094376266002655
f 793 794 795
v 0.014749138616025448 -0.007917326875030994 -0.04362349957227707
v 0.014838455244898796 -0.007822399027645588 -0.044094376266002655
v 0.015068878419697285 -0.007759560365229845 -0.04363342374563217
f 796 797 798
v 0.015395376831293106 -0.007439334411174059 -0.04368674010038376
v 0.015220155008137226 -0.00764428498223424 -0.043649084866046906
v 0.015206829644739628 -0.007470328826457262 -0.04396364837884903
f 799 800 801
v 0.015206829644739628 -0.007470328826457262 -0.04396364837884903
v 0.015220155008137226 -0.00764428498223424 -0.043649084866046906
v 0.015068878419697285 -0.007759560365229845 -0.04363342374563217
f 802 803 804
v 0.015206829644739628 -0.007470328826457262 -0.04396364837884903
v 0.015068878419697285 -0.007759560365229845 -0.04363342374563217
v 0.01506030559539795 -0.0075316173024475574 -0.04426579922437668
f 805 806 807
v 0.01506030559539795 -0.0075316173024475574 -0.04426579922437668
v 0.015068878419697285 -0.007759560365229845 -0.04363342374563217
v 0.014838455244898796 -0.007822399027645588 -0.044094376266002655
f 808 809 810
v 0.01506030559539795 -0.0075316173024475574 -0.04426579922437668
v 0.014838455244898796 -0.007822399027645588 -0.044094376266002655
v 0.014963152818381786 -0.007621165830641985 -0.04458054155111313
f 811 812 813
v 0.014963152818381786 -0.007621165830641985 -0.04458054155111313
v 0.014838455244898796 -0.007822399027645588 -0.044094376266002655
v 0.014691819436848164 -0.007990469224750996 -0.04456309229135513
f 814 815 816
v 0.014963152818381786 -0.007621165830641985 -0.04458054155111313
v 0.014691819436848164 -0.007990469224750996 -0.04456309229135513
v 0.014758981764316559 -0.007940416224300861 -0.04465792328119278
f 817 818 819
v 0.015511535108089447 -0.007054467219859362 -0.043773286044597626
v 0.015449879691004753 -0.007338371593505144 -0.04370739310979843
v 0.015295462682843208 -0.007123891729861498 -0.04405500739812851
f 820 821 822
v 0.015295462682843208 -0.007123891729861498 -0.04405500739812851
v 0.015449879691004753 -0.007338371593505144 -0.04370739310979843
v 0.015206829644739628 -0.007470328826457262 -0.04396364837884903
f 823 824 825
v 0.015295462682843208 -0.007123891729861498 -0.04405500739812851
v 0.015206829644739628 -0.007470328826457262 -0.04396364837884903
v 0.015133218839764595 -0.007202718872576952 -0.04437489062547684
f 826 827 828
v 0.015133218839764595 -0.007202718872576952 -0.04437489062547684
v 0.015206829644739628 -0.007470328826457262 -0.04396364837884903
v 0.01506030559539795 -0.0075316173024475574 -0.04426579922437668
f 829 830 831
v 0.015133218839764595 -0.007202718872576952 -0.04437489062547684
v 0.01506030559539795 -0.0075316173024475574 -0.04426579922437668
v 0.015033718198537827 -0.007287618238478899 -0.04471942037343979
f 832 833 834
v 0.015033718198537827 -0.007287618238478899 -0.04471942037343979
v 0.01506030559539795 -0.0075316173024475574 -0.04426579922437668
v 0.014963152818381786 -0.007621165830641985 -0.04458054155111313
f 835 836 837
v 0.015033718198537827 -0.007287618238478899 -0.04471942037343979
v 0.014963152818381786 -0.007621165830641985 -0.04458054155111313
v 0.014949299395084381 -0.007664401549845934 -0.04494544118642807
f 838 839 840
v 0.014949299395084381 -0.007664401549845934 -0.04494544118642807
v 0.014963152818381786 -0.007621165830641985 -0.04458054155111313
v 0.014918459579348564 -0.007734556216746569 -0.044894151389598846
f 841 842 843
v 0.01500099990516901 -0.00713398726657033 -0.04511298984289169
v 0.01500099990516901 -0.006890703458338976 -0.0451262965798378
v 0.015004911459982395 -0.006890696007758379 -0.0450008288025856
f 844 845 846
v 0.01518234796822071 -0.006891970057040453 -0.04429367929697037
v 0.015526406466960907 -0.006897774059325457 -0.04377647489309311
v 0.015511535108089447 -0.007054467219859362 -0.043773286044597626
f 847 848 849
v 0.01500099990516901 -0.007373828906565905 -0.045069240033626556
v 0.01500099990516901 -0.00713398726657033 -0.04511298984289169
v 0.015033718198537827 -0.007287618238478899 -0.04471942037343979
f 850 851 852
v 0.015033718198537827 -0.007287618238478899 -0.04471942037343979
v 0.01500099990516901 -0.00713398726657033 -0.04511298984289169
v 0.015004911459982395 -0.006890696007758379 -0.0450008288025856
f 853 854 855
v 0.015033718198537827 -0.007287618238478899 -0.04471942037343979
v 0.015004911459982395 -0.006890696007758379 -0.0450008288025856
v 0.015133218839764595 -0.007202718872576952 -0.04437489062547684
f 856 857 858
v 0.015133218839764595 -0.007202718872576952 -0.04437489062547684
v 0.015004911459982395 -0.006890696007758379 -0.0450008288025856
v 0.01518234796822071 -0.006891970057040453 -0.04429367929697037
f 859 860 861
v 0.015133218839764595 -0.007202718872576952 -0.04437489062547684
v 0.01518234796822071 -0.006891970057040453 -0.04429367929697037
v 0.015295462682843208 -0.007123891729861498 -0.04405500739812851
f 862 863 864
v 0.015295462682843208 -0.007123891729861498 -0.04405500739812851
v 0.01518234796822071 -0.006891970057040453 -0.04429367929697037
v 0.015511535108089447 -0.007054467219859362 -0.043773286044597626
f 865 866 867
v 0.015525677241384983 -0.003398445202037692 -0.04377550631761551
v 0.015526406466960907 -0.006897774059325457 -0.04377647489309311
v 0.015473310835659504 -0.003398445202037692 -0.04383503645658493
f 868 869 870
v 0.015473310835659504 -0.003398445202037692 -0.04383503645658493
v 0.015526406466960907 -0.006897774059325457 -0.04377647489309311
v 0.01518234796822071 -0.006891970057040453 -0.04429367929697037
f 871 872 873
v 0.015473310835659504 -0.003398445202037692 -0.04383503645658493
v 0.01518234796822071 -0.006891970057040453 -0.04429367929697037
v 0.015122874639928341 -0.0033984303008764982 -0.044438354671001434
f 874 875 876
v 0.015122874639928341 -0.0033984303008764982 -0.044438354671001434
v 0.01518234796822071 -0.006891970057040453 -0.04429367929697037
v 0.01500099990516901 -0.0033984228502959013 -0.04512610286474228
f 877 878 879
v 0.01500099990516901 -0.0033984228502959013 -0.04512610286474228
v 0.01518234796822071 -0.006891970057040453 -0.04429367929697037
v 0.015004911459982395 -0.006890696007758379 -0.0450008288025856
f 880 881 882
v 0.01500099990516901 -0.0033984228502959013 -0.04512610286474228
v 0.015004911459982395 -0.006890696007758379 -0.0450008288025856
v 0.01500099990516901 -0.006890703458338976 -0.0451262965798378
f 883 884 885
v 0.015103515237569809 -0.0006693720351904631 -0.04225040227174759
v 0.015437000431120396 -0.0012096583377569914 -0.04195774346590042
v 0.015308015048503876 -0.001743566943332553 -0.043073154985904694
f 886 887 888
v 0.015437000431120396 -0.0012096583377569914 -0.04195774346590042
v 0.015103515237569809 -0.0006693720351904631 -0.04225040227174759
v 0.015507390722632408 -0.0010071813594549894 -0.041354186832904816
f 889 890 891
v 0.015624106861650944 -0.0031327574979513884 -0.04363284260034561
v 0.015449938364326954 -0.0026836737524718046 -0.0436343178153038
v 0.01578100584447384 -0.0028291239868849516 -0.04334583133459091
f 892 893 894
v 0.01578100584447384 -0.0028291239868849516 -0.04334583133459091
v 0.015449938364326954 -0.0026836737524718046 -0.0436343178153038
v 0.015684304758906364 -0.002078656805679202 -0.04278702288866043
f 895 896 897
v 0.01578100584447384 -0.0028291239868849516 -0.04334583133459091
v 0.015684304758906364 -0.002078656805679202 -0.04278702288866043
v 0.016187025234103203 -0.0022654652129858732 -0.042509205639362335
f 898 899 900
v 0.01596212573349476 -0.0016162961255759 -0.041737474501132965
v 0.016111180186271667 -0.0014288767706602812 -0.04116777330636978
v 0.016574585810303688 -0.0018317594658583403 -0.04162087291479111
f 901 902 903
v 0.016574585810303688 -0.0018317594658583403 -0.04162087291479111
v 0.016111180186271667 -0.0014288767706602812 -0.04116777330636978
v 0.016822442412376404 -0.001580019248649478 -0.04101184755563736
f 904 905 906
v 0.01700030453503132 -0.0014086260925978422 -0.04055721312761307
v 0.016989154741168022 -0.0014196753036230803 -0.04058750718832016
v 0.01675603911280632 -0.0013944774400442839 -0.04056236892938614
f 907 908 909
v 0.01675603911280632 -0.0013944774400442839 -0.04056236892938614
v 0.016989154741168022 -0.0014196753036230803 -0.04058750718832016
v 0.016822442412376404 -0.001580019248649478 -0.04101184755563736
f 910 911 912
v 0.01675603911280632 -0.0013944774400442839 -0.04056236892938614
v 0.016822442412376404 -0.001580019248649478 -0.04101184755563736
v 0.01625896617770195 -0.0012745007406920195 -0.040606074035167694
f 913 914 915
v 0.01625896617770195 -0.0012745007406920195 -0.040606074035167694
v 0.016822442412376404 -0.001580019248649478 -0.04101184755563736
v 0.016111180186271667 -0.0014288767706602812 -0.04116777330636978
f 916 917 918
v 0.01625896617770195 -0.0012745007406920195 -0.040606074035167694
v 0.016111180186271667 -0.0014288767706602812 -0.04116777330636978
v 0.01588052324950695 -0.0010860159527510405 -0.04067469388246536
f 919 920 921
v 0.01588052324950695 -0.0010860159527510405 -0.04067469388246536
v 0.016111180186271667 -0.0014288767706602812 -0.04116777330636978
v 0.015578093938529491 -0.0008499741088598967 -0.04076062887907028
f 922 923 924
v 0.015103515237569809 -0.0006693720351904631 -0.04225040227174759
v 0.01500099990516901 -0.00011361086944816634 -0.0425514355301857
v 0.01500099990516901 0.00038392399437725544 -0.041471682488918304
f 925 926 927
v 0.015507390722632408 -0.0010071813594549894 -0.041354186832904816
v 0.015103515237569809 -0.0006693720351904631 -0.04225040227174759
v 0.015239679254591465 -0.00041962857358157635 -0.04091726988554001
f 928 929 930
v 0.015239679254591465 -0.00041962857358157635 -0.04091726988554001
v 0.015103515237569809 -0.0006693720351904631 -0.04225040227174759
v 0.01500099990516901 0.00038392399437725544 -0.041471682488918304
f 931 932 933
v 0.015239679254591465 -0.00041962857358157635 -0.04091726988554001
v 0.01500099990516901 0.00038392399437725544 -0.041471682488918304
v 0.01500099990516901 0.00047072325833141804 -0.041241355240345
f 934 935 936
v 0.01500099990516901 -0.000727382255718112 -0.04350864142179489
v 0.015073922462761402 -0.001340758753940463 -0.04341708868741989
v 0.01500099990516901 -0.000933867646381259 -0.04376452416181564
f 937 938 939
v 0.01500099990516901 -0.000933867646381259 -0.04376452416181564
v 0.015073922462761402 -0.001340758753940463 -0.04341708868741989
v 0.01504893135279417 -0.002261456800624728 -0.04434586316347122
f 940 941 942
v 0.01500099990516901 -0.000933867646381259 -0.04376452416181564
v 0.01504893135279417 -0.002261456800624728 -0.04434586316347122
v 0.01500099990516901 -0.002003465546295047 -0.044698409736156464
f 943 944 945
v 0.01500099990516901 -0.002003465546295047 -0.044698409736156464
v 0.01504893135279417 -0.002261456800624728 -0.04434586316347122
v 0.015039443969726562 -0.0028237297665327787 -0.044647134840488434
f 946 947 948
v 0.01500099990516901 -0.002003465546295047 -0.044698409736156464
v 0.015039443969726562 -0.0028237297665327787 -0.044647134840488434
v 0.01500099990516901 -0.0027101680170744658 -0.04502033442258835
f 949 950 951
v 0.01500099990516901 -0.0027101680170744658 -0.04502033442258835
v 0.015039443969726562 -0.0028237297665327787 -0.044647134840488434
v 0.01500099990516901 -0.003165480447933078 -0.04511409252882004
f 952 953 954
v 0.01500099990516901 -0.003165480447933078 -0.04511409252882004
v 0.015039443969726562 -0.0028237297665327787 -0.044647134840488434
v 0.015122874639928341 -0.0033984303008764982 -0.044438354671001434
f 955 956 957
v 0.01500099990516901 -0.003165480447933078 -0.04511409252882004
v 0.015122874639928341 -0.0033984303008764982 -0.044438354671001434
v 0.01500099990516901 -0.0033984228502959013 -0.04512610286474228
f 958 959 960
v 0.015239679254591465 -0.00041962857358157635 -0.04091726988554001
v 0.015578093938529491 -0.0008499741088598967 -0.04076062887907028
v 0.015507390722632408 -0.0010071813594549894 -0.041354186832904816
f 961 962 963
v 0.015507390722632408 -0.0010071813594549894 -0.041354186832904816
v 0.015578093938529491 -0.0008499741088598967 -0.04076062887907028
v 0.016111180186271667 -0.0014288767706602812 -0.04116777330636978
f 964 965 966
v 0.015507390722632408 -0.0010071813594549894 -0.041354186832904816
v 0.016111180186271667 -0.0014288767706602812 -0.04116777330636978
v 0.015437000431120396 -0.0012096583377569914 -0.04195774346590042
f 967 968 969
v 0.015437000431120396 -0.0012096583377569914 -0.04195774346590042
v 0.016111180186271667 -0.0014288767706602812 -0.04116777330636978
v 0.01596212573349476 -0.0016162961255759 -0.041737474501132965
f 970 971 972
v 0.015437000431120396 -0.0012096583377569914 -0.04195774346590042
v 0.01596212573349476 -0.0016162961255759 -0.041737474501132965
v 0.015308015048503876 -0.001743566943332553 -0.043073154985904694
f 973 974 975
v 0.015473310835659504 -0.003398445202037692 -0.04383503645658493
v 0.015122874639928341 -0.0033984303008764982 -0.044438354671001434
v 0.015161113813519478 -0.0029383867513388395 -0.0442703440785408
f 976 977 978
v 0.015161113813519478 -0.0029383867513388395 -0.0442703440785408
v 0.015122874639928341 -0.0033984303008764982 -0.044438354671001434
v 0.015039443969726562 -0.0028237297665327787 -0.044647134840488434
f 979 980 981
v 0.015161113813519478 -0.0029383867513388395 -0.0442703440785408
v 0.015039443969726562 -0.0028237297665327787 -0.044647134840488434
v 0.015201205387711525 -0.0024844452273100615 -0.04397007077932358
f 982 983 984
v 0.015201205387711525 -0.0024844452273100615 -0.04397007077932358
v 0.015039443969726562 -0.0028237297665327787 -0.044647134840488434
v 0.01504893135279417 -0.002261456800624728 -0.04434586316347122
f 985 986 987
v 0.015201205387711525 -0.0024844452273100615 -0.04397007077932358
v 0.01504893135279417 -0.002261456800624728 -0.04434586316347122
v 0.015308015048503876 -0.001743566943332553 -0.043073154985904694
f 988 989 990
v 0.015308015048503876 -0.001743566943332553 -0.043073154985904694
v 0.01504893135279417 -0.002261456800624728 -0.04434586316347122
v 0.015073922462761402 -0.001340758753940463 -0.04341708868741989
f 991 992 993
v 0.015308015048503876 -0.001743566943332553 -0.043073154985904694
v 0.015073922462761402 -0.001340758753940463 -0.04341708868741989
v 0.015103515237569809 -0.0006693720351904631 -0.04225040227174759
f 994 995 996
v 0.015103515237569809 -0.0006693720351904631 -0.04225040227174759
v 0.015073922462761402 -0.001340758753940463 -0.04341708868741989
v 0.01500099990516901 -0.000727382255718112 -0.04350864142179489
f 997 998 999
v 0.015103515237569809 -0.0006693720351904631 -0.04225040227174759
v 0.01500099990516901 -0.000727382255718112 -0.04350864142179489
v 0.01500099990516901 -0.00011361086944816634 -0.0425514355301857
f 1000 1001 1002
v 0.016574585810303688 -0.0018317594658583403 -0.04162087291479111
v 0.016187025234103203 -0.0022654652129858732 -0.042509205639362335
v 0.01596212573349476 -0.0016162961255759 -0.041737474501132965
f 1003 1004 1005
v 0.01596212573349476 -0.0016162961255759 -0.041737474501132965
v 0.016187025234103203 -0.0022654652129858732 -0.042509205639362335
v 0.015684304758906364 -0.002078656805679202 -0.04278702288866043
f 1006 1007 1008
v 0.01596212573349476 -0.0016162961255759 -0.041737474501132965
v 0.015684304758906364 -0.002078656805679202 -0.04278702288866043
v 0.015308015048503876 -0.001743566943332553 -0.043073154985904694
f 1009 1010 1011
v 0.015308015048503876 -0.001743566943332553 -0.043073154985904694
v 0.015684304758906364 -0.002078656805679202 -0.04278702288866043
v 0.015449938364326954 -0.0026836737524718046 -0.0436343178153038
f 1012 1013 1014
v 0.015308015048503876 -0.001743566943332553 -0.043073154985904694
v 0.015449938364326954 -0.0026836737524718046 -0.0436343178153038
v 0.015201205387711525 -0.0024844452273100615 -0.04397007077932358
f 1015 1016 1017
v 0.015201205387711525 -0.0024844452273100615 -0.04397007077932358
v 0.015449938364326954 -0.0026836737524718046 -0.0436343178153038
v 0.015624106861650944 -0.0031327574979513884 -0.04363284260034561
f 1018 1019 1020
v 0.015201205387711525 -0.0024844452273100615 -0.04397007077932358
v 0.015624106861650944 -0.0031327574979513884 -0.04363284260034561
v 0.015161113813519478 -0.0029383867513388395 -0.0442703440785408
f 1021 1022 1023
v 0.015161113813519478 -0.0029383867513388395 -0.0442703440785408
v 0.015624106861650944 -0.0031327574979513884 -0.04363284260034561
v 0.0155745018273592 -0.0032533600460737944 -0.043711937963962555
f 1024 1025 1026
v 0.015161113813519478 -0.0029383867513388395 -0.0442703440785408
v 0.0155745018273592 -0.0032533600460737944 -0.043711937963962555
v 0.015473310835659504 -0.003398445202037692 -0.04383503645658493
f 1027 1028 1029
v 0.015473310835659504 -0.003398445202037692 -0.04383503645658493
v 0.0155745018273592 -0.0032533600460737944 -0.043711937963962555
v 0.015525677241384983 -0.003398445202037692 -0.04377550631761551
f 1030 1031 1032
v 0.01500099990516901 0.00047072325833141804 -0.041241355240345
v 0.01500099990516901 0.0017763853538781404 -0.037654079496860504
v 0.015155049040913582 0.0010530829895287752 -0.0373908206820488
f 1033 1034 1035
v 0.01500099990516901 0.00047072325833141804 -0.041241355240345
v 0.015155049040913582 0.0010530829895287752 -0.0373908206820488
v 0.015239679254591465 -0.00041962857358157635 -0.04091726988554001
f 1036 1037 1038
v 0.015239679254591465 -0.00041962857358157635 -0.04091726988554001
v 0.015155049040913582 0.0010530829895287752 -0.0373908206820488
v 0.015593466348946095 0.00044121150858700275 -0.03716810792684555
f 1039 1040 1041
v 0.015239679254591465 -0.00041962857358157635 -0.04091726988554001
v 0.015593466348946095 0.00044121150858700275 -0.03716810792684555
v 0.015578093938529491 -0.0008499741088598967 -0.04076062887907028
f 1042 1043 1044
v 0.015578093938529491 -0.0008499741088598967 -0.04076062887907028
v 0.015593466348946095 0.00044121150858700275 -0.03716810792684555
v 0.01588052324950695 -0.0010860159527510405 -0.04067469388246536
f 1045 1046 1047
v 0.01588052324950695 -0.0010860159527510405 -0.04067469388246536
v 0.015593466348946095 0.00044121150858700275 -0.03716810792684555
v 0.016248712316155434 3.5013308661291376e-05 -0.03702027350664139
f 1048 1049 1050
v 0.01588052324950695 -0.0010860159527510405 -0.04067469388246536
v 0.016248712316155434 3.5013308661291376e-05 -0.03702027350664139
v 0.01625896617770195 -0.0012745007406920195 -0.040606074035167694
f 1051 1052 1053
v 0.01625896617770195 -0.0012745007406920195 -0.040606074035167694
v 0.016248712316155434 3.5013308661291376e-05 -0.03702027350664139
v 0.01675603911280632 -0.0013944774400442839 -0.04056236892938614
f 1054 1055 1056
v 0.01675603911280632 -0.0013944774400442839 -0.04056236892938614
v 0.016248712316155434 3.5013308661291376e-05 -0.03702027350664139
v 0.017000999301671982 -0.00010300124267814681 -0.03697004169225693
f 1057 1058 1059
v 0.01675603911280632 -0.0013944774400442839 -0.04056236892938614
v 0.017000999301671982 -0.00010300124267814681 -0.03697004169225693
v 0.01700030453503132 -0.0014086260925978422 -0.04055721312761307
f 1060 1061 1062
v 0.024517785757780075 0.00983488094061613 -0.010810279287397861
v 0.02496868371963501 0.009457680396735668 -0.011008196510374546
v 0.02299586310982704 0.008415709249675274 -0.013880574144423008
f 1063 1064 1065
v 0.015301836654543877 0.002340029226616025 -0.03382503241300583
v 0.015155049040913582 0.0010530829895287752 -0.0373908206820488
v 0.01500099990516901 0.0017763853538781404 -0.037654079496860504
f 1066 1067 1068
v 0.017006371170282364 0.00014414195902645588 -0.036291010677814484
v 0.017000999301671982 -0.00010300124267814681 -0.03697004169225693
v 0.016248712316155434 3.5013308661291376e-05 -0.03702027350664139
f 1069 1070 1071
v 0.017006371170282364 0.00014414195902645588 -0.036291010677814484
v 0.016248712316155434 3.5013308661291376e-05 -0.03702027350664139
v 0.0171382836997509 0.0011462897527962923 -0.03353763371706009
f 1072 1073 1074
v 0.016248712316155434 3.5013308661291376e-05 -0.03702027350664139
v 0.016428381204605103 0.001287664519622922 -0.03353222459554672
v 0.0171382836997509 0.0011462897527962923 -0.03353763371706009
f 1075 1076 1077
v 0.0171382836997509 0.0011462897527962923 -0.03353763371706009
v 0.016428381204605103 0.001287664519622922 -0.03353222459554672
v 0.016855940222740173 0.002542707370594144 -0.030071893706917763
f 1078 1079 1080
v 0.0171382836997509 0.0011462897527962923 -0.03353763371706009
v 0.016855940222740173 0.002542707370594144 -0.030071893706917763
v 0.017419541254639626 0.0020752951968461275 -0.030985215678811073
f 1081 1082 1083
v 0.017419541254639626 0.0020752951968461275 -0.030985215678811073
v 0.016855940222740173 0.002542707370594144 -0.030071893706917763
v 0.017558252438902855 0.0037812471855431795 -0.02665717341005802
f 1084 1085 1086
v 0.017419541254639626 0.0020752951968461275 -0.030985215678811073
v 0.017558252438902855 0.0037812471855431795 -0.02665717341005802
v 0.018338026478886604 0.0037693113554269075 -0.026330942288041115
f 1087 1088 1089
v 0.018338026478886604 0.0037693113554269075 -0.026330942288041115
v 0.017558252438902855 0.0037812471855431795 -0.02665717341005802
v 0.018530385568737984 0.004995408933609724 -0.02330976165831089
f 1090 1091 1092
v 0.018338026478886604 0.0037693113554269075 -0.026330942288041115
v 0.018530385568737984 0.004995408933609724 -0.02330976165831089
v 0.01917891576886177 0.004814739804714918 -0.023458654060959816
f 1093 1094 1095
v 0.01917891576886177 0.004814739804714918 -0.023458654060959816
v 0.018530385568737984 0.004995408933609724 -0.02330976165831089
v 0.02007150650024414 0.005704920273274183 -0.021012911573052406
f 1096 1097 1098
v 0.02007150650024414 0.005704920273274183 -0.021012911573052406
v 0.018530385568737984 0.004995408933609724 -0.02330976165831089
v 0.01976638101041317 0.006177488248795271 -0.0200508926063776
f 1099 1100 1101
v 0.02007150650024414 0.005704920273274183 -0.021012911573052406
v 0.01976638101041317 0.006177488248795271 -0.0200508926063776
v 0.020387766882777214 0.005985047202557325 -0.02024325169622898
f 1102 1103 1104
v 0.020387766882777214 0.005985047202557325 -0.02024325169622898
v 0.01976638101041317 0.006177488248795271 -0.0200508926063776
v 0.021257948130369186 0.007320012431591749 -0.016901159659028053
f 1105 1106 1107
v 0.020387766882777214 0.005985047202557325 -0.02024325169622898
v 0.021257948130369186 0.007320012431591749 -0.016901159659028053
v 0.022471975535154343 0.007536645513027906 -0.015980267897248268
f 1108 1109 1110
v 0.022471975535154343 0.007536645513027906 -0.015980267897248268
v 0.021257948130369186 0.007320012431591749 -0.016901159659028053
v 0.02299586310982704 0.008415709249675274 -0.013880574144423008
f 1111 1112 1113
v 0.022471975535154343 0.007536645513027906 -0.015980267897248268
v 0.02299586310982704 0.008415709249675274 -0.013880574144423008
v 0.023554427549242973 0.008201907388865948 -0.01415249053388834
f 1114 1115 1116
v 0.023554427549242973 0.008201907388865948 -0.01415249053388834
v 0.02299586310982704 0.008415709249675274 -0.013880574144423008
v 0.02496868371963501 0.009457680396735668 -0.011008196510374546
f 1117 1118 1119
v 0.023554427549242973 0.008201907388865948 -0.01415249053388834
v 0.02496868371963501 0.009457680396735668 -0.011008196510374546
v 0.025492040440440178 0.009234319441020489 -0.011315965093672276
f 1120 1121 1122
v 0.017470236867666245 0.0060364562086761 -0.023337790742516518
v 0.018419304862618446 0.007759604137390852 -0.020450705662369728
v 0.018741417676210403 0.007215056102722883 -0.01999574340879917
f 1123 1124 1125
v 0.018741417676210403 0.007215056102722883 -0.01999574340879917
v 0.018419304862618446 0.007759604137390852 -0.020450705662369728
v 0.01854529045522213 0.007864433340728283 -0.02014929987490177
f 1126 1127 1128
v 0.018741417676210403 0.007215056102722883 -0.01999574340879917
v 0.01854529045522213 0.007864433340728283 -0.02014929987490177
v 0.020274264737963676 0.00835427176207304 -0.016766155138611794
f 1129 1130 1131
v 0.020274264737963676 0.00835427176207304 -0.016766155138611794
v 0.01854529045522213 0.007864433340728283 -0.02014929987490177
v 0.020074794068932533 0.00899591576308012 -0.016896003857254982
f 1132 1133 1134
v 0.020274264737963676 0.00835427176207304 -0.016766155138611794
v 0.020074794068932533 0.00899591576308012 -0.016896003857254982
v 0.022059261798858643 0.009446847252547741 -0.01366951409727335
f 1135 1136 1137
v 0.022059261798858643 0.009446847252547741 -0.01366951409727335
v 0.020074794068932533 0.00899591576308012 -0.016896003857254982
v 0.021260099485516548 0.009738790802657604 -0.014760040678083897
f 1138 1139 1140
v 0.022059261798858643 0.009446847252547741 -0.01366951409727335
v 0.021260099485516548 0.009738790802657604 -0.014760040678083897
v 0.021859237924218178 0.010081293992698193 -0.013775222934782505
f 1141 1142 1143
v 0.01646929234266281 0.004825930576771498 -0.026771241798996925
v 0.016408909112215042 0.005660522263497114 -0.026486137881875038
v 0.017470236867666245 0.0060364562086761 -0.023337790742516518
f 1144 1145 1146
v 0.017470236867666245 0.0060364562086761 -0.023337790742516518
v 0.016408909112215042 0.005660522263497114 -0.026486137881875038
v 0.017280213534832 0.006694126408547163 -0.023514265194535255
f 1147 1148 1149
v 0.017470236867666245 0.0060364562086761 -0.023337790742516518
v 0.017280213534832 0.006694126408547163 -0.023514265194535255
v 0.018419304862618446 0.007759604137390852 -0.020450705662369728
f 1150 1151 1152
v 0.01500099990516901 0.0017763853538781404 -0.037654079496860504
v 0.015144669450819492 0.003025676356628537 -0.034062035381793976
v 0.015301836654543877 0.002340029226616025 -0.03382503241300583
f 1153 1154 1155
v 0.015301836654543877 0.002340029226616025 -0.03382503241300583
v 0.015144669450819492 0.003025676356628537 -0.034062035381793976
v 0.015269673429429531 0.0034838796127587557 -0.03274456411600113
f 1156 1157 1158
v 0.015301836654543877 0.002340029226616025 -0.03382503241300583
v 0.015269673429429531 0.0034838796127587557 -0.03274456411600113
v 0.015744777396321297 0.0035911754239350557 -0.03027438558638096
f 1159 1160 1161
v 0.015744777396321297 0.0035911754239350557 -0.03027438558638096
v 0.015269673429429531 0.0034838796127587557 -0.03274456411600113
v 0.015574457123875618 0.004266995470970869 -0.030492911115288734
f 1162 1163 1164
v 0.015744777396321297 0.0035911754239350557 -0.03027438558638096
v 0.015574457123875618 0.004266995470970869 -0.030492911115288734
v 0.01646929234266281 0.004825930576771498 -0.026771241798996925
f 1165 1166 1167
v 0.01646929234266281 0.004825930576771498 -0.026771241798996925
v 0.015574457123875618 0.004266995470970869 -0.030492911115288734
v 0.016287922859191895 0.005492407362908125 -0.026969516649842262
f 1168 1169 1170
v 0.01646929234266281 0.004825930576771498 -0.026771241798996925
v 0.016287922859191895 0.005492407362908125 -0.026969516649842262
v 0.016408909112215042 0.005660522263497114 -0.026486137881875038
f 1171 1172 1173
v 0.015593466348946095 0.00044121150858700275 -0.03716810792684555
v 0.015155049040913582 0.0010530829895287752 -0.0373908206820488
v 0.015754438936710358 0.0017079815734177828 -0.033631227910518646
f 1174 1175 1176
v 0.015754438936710358 0.0017079815734177828 -0.033631227910518646
v 0.015155049040913582 0.0010530829895287752 -0.0373908206820488
v 0.015301836654543877 0.002340029226616025 -0.03382503241300583
f 1177 1178 1179
v 0.015754438936710358 0.0017079815734177828 -0.033631227910518646
v 0.015301836654543877 0.002340029226616025 -0.03382503241300583
v 0.016196172684431076 0.002966302679851651 -0.03011971153318882
f 1180 1181 1182
v 0.016196172684431076 0.002966302679851651 -0.03011971153318882
v 0.015301836654543877 0.002340029226616025 -0.03382503241300583
v 0.015744777396321297 0.0035911754239350557 -0.03027438558638096
f 1183 1184 1185
v 0.016196172684431076 0.002966302679851651 -0.03011971153318882
v 0.015744777396321297 0.0035911754239350557 -0.03027438558638096
v 0.0169163066893816 0.004207890015095472 -0.0266555342823267
f 1186 1187 1188
v 0.0169163066893816 0.004207890015095472 -0.0266555342823267
v 0.015744777396321297 0.0035911754239350557 -0.03027438558638096
v 0.01646929234266281 0.004825930576771498 -0.026771241798996925
f 1189 1190 1191
v 0.0169163066893816 0.004207890015095472 -0.0266555342823267
v 0.01646929234266281 0.004825930576771498 -0.026771241798996925
v 0.017909681424498558 0.00542486784979701 -0.023260632529854774
f 1192 1193 1194
v 0.017909681424498558 0.00542486784979701 -0.023260632529854774
v 0.01646929234266281 0.004825930576771498 -0.026771241798996925
v 0.017470236867666245 0.0060364562086761 -0.023337790742516518
f 1195 1196 1197
v 0.017909681424498558 0.00542486784979701 -0.023260632529854774
v 0.017470236867666245 0.0060364562086761 -0.023337790742516518
v 0.019170163199305534 0.006609554868191481 -0.019956374540925026
f 1198 1199 1200
v 0.019170163199305534 0.006609554868191481 -0.019956374540925026
v 0.017470236867666245 0.0060364562086761 -0.023337790742516518
v 0.018741417676210403 0.007215056102722883 -0.01999574340879917
f 1201 1202 1203
v 0.019170163199305534 0.006609554868191481 -0.019956374540925026
v 0.018741417676210403 0.007215056102722883 -0.01999574340879917
v 0.020689215511083603 0.007754455786198378 -0.01676359213888645
f 1204 1205 1206
v 0.020689215511083603 0.007754455786198378 -0.01676359213888645
v 0.018741417676210403 0.007215056102722883 -0.01999574340879917
v 0.020274264737963676 0.00835427176207304 -0.016766155138611794
f 1207 1208 1209
v 0.020689215511083603 0.007754455786198378 -0.01676359213888645
v 0.020274264737963676 0.00835427176207304 -0.016766155138611794
v 0.022457441315054893 0.008852328173816204 -0.013702415861189365
f 1210 1211 1212
v 0.022457441315054893 0.008852328173816204 -0.013702415861189365
v 0.020274264737963676 0.00835427176207304 -0.016766155138611794
v 0.022059261798858643 0.009446847252547741 -0.01366951409727335
f 1213 1214 1215
v 0.02451360411942005 0.009839433245360851 -0.010808818973600864
v 0.022457441315054893 0.008852328173816204 -0.013702415861189365
v 0.024463152512907982 0.009896266274154186 -0.010792010463774204
f 1216 1217 1218
v 0.024463152512907982 0.009896266274154186 -0.010792010463774204
v 0.022457441315054893 0.008852328173816204 -0.013702415861189365
v 0.022059261798858643 0.009446847252547741 -0.01366951409727335
f 1219 1220 1221
v 0.024463152512907982 0.009896266274154186 -0.010792010463774204
v 0.022059261798858643 0.009446847252547741 -0.01366951409727335
v 0.024084636941552162 0.010485882870852947 -0.010725223459303379
f 1222 1223 1224
v 0.024084636941552162 0.010485882870852947 -0.010725223459303379
v 0.022059261798858643 0.009446847252547741 -0.01366951409727335
v 0.021859237924218178 0.010081293992698193 -0.013775222934782505
f 1225 1226 1227
v 0.024084636941552162 0.010485882870852947 -0.010725223459303379
v 0.021859237924218178 0.010081293992698193 -0.013775222934782505
v 0.023886973038315773 0.011113706044852734 -0.010806792415678501
f 1228 1229 1230
v 0.016248712316155434 3.5013308661291376e-05 -0.03702027350664139
v 0.015593466348946095 0.00044121150858700275 -0.03716810792684555
v 0.016428381204605103 0.001287664519622922 -0.03353222459554672
f 1231 1232 1233
v 0.016428381204605103 0.001287664519622922 -0.03353222459554672
v 0.015593466348946095 0.00044121150858700275 -0.03716810792684555
v 0.015754438936710358 0.0017079815734177828 -0.033631227910518646
f 1234 1235 1236
v 0.016428381204605103 0.001287664519622922 -0.03353222459554672
v 0.015754438936710358 0.0017079815734177828 -0.033631227910518646
v 0.016855940222740173 0.002542707370594144 -0.030071893706917763
f 1237 1238 1239
v 0.016855940222740173 0.002542707370594144 -0.030071893706917763
v 0.015754438936710358 0.0017079815734177828 -0.033631227910518646
v 0.016196172684431076 0.002966302679851651 -0.03011971153318882
f 1240 1241 1242
v 0.016855940222740173 0.002542707370594144 -0.030071893706917763
v 0.016196172684431076 0.002966302679851651 -0.03011971153318882
v 0.017558252438902855 0.0037812471855431795 -0.02665717341005802
f 1243 1244 1245
v 0.017558252438902855 0.0037812471855431795 -0.02665717341005802
v 0.016196172684431076 0.002966302679851651 -0.03011971153318882
v 0.0169163066893816 0.004207890015095472 -0.0266555342823267
f 1246 1247 1248
v 0.017558252438902855 0.0037812471855431795 -0.02665717341005802
v 0.0169163066893816 0.004207890015095472 -0.0266555342823267
v 0.018530385568737984 0.004995408933609724 -0.02330976165831089
f 1249 1250 1251
v 0.018530385568737984 0.004995408933609724 -0.02330976165831089
v 0.0169163066893816 0.004207890015095472 -0.0266555342823267
v 0.017909681424498558 0.00542486784979701 -0.023260632529854774
f 1252 1253 1254
v 0.018530385568737984 0.004995408933609724 -0.02330976165831089
v 0.017909681424498558 0.00542486784979701 -0.023260632529854774
v 0.01976638101041317 0.006177488248795271 -0.0200508926063776
f 1255 1256 1257
v 0.01976638101041317 0.006177488248795271 -0.0200508926063776
v 0.017909681424498558 0.00542486784979701 -0.023260632529854774
v 0.019170163199305534 0.006609554868191481 -0.019956374540925026
f 1258 1259 1260
v 0.01976638101041317 0.006177488248795271 -0.0200508926063776
v 0.019170163199305534 0.006609554868191481 -0.019956374540925026
v 0.021257948130369186 0.007320012431591749 -0.016901159659028053
f 1261 1262 1263
v 0.021257948130369186 0.007320012431591749 -0.016901159659028053
v 0.019170163199305534 0.006609554868191481 -0.019956374540925026
v 0.020689215511083603 0.007754455786198378 -0.01676359213888645
f 1264 1265 1266
v 0.021257948130369186 0.007320012431591749 -0.016901159659028053
v 0.020689215511083603 0.007754455786198378 -0.01676359213888645
v 0.02299586310982704 0.008415709249675274 -0.013880574144423008
f 1267 1268 1269
v 0.02299586310982704 0.008415709249675274 -0.013880574144423008
v 0.020689215511083603 0.007754455786198378 -0.01676359213888645
v 0.022457441315054893 0.008852328173816204 -0.013702415861189365
f 1270 1271 1272
v 0.02299586310982704 0.008415709249675274 -0.013880574144423008
v 0.022457441315054893 0.008852328173816204 -0.013702415861189365
v 0.024517785757780075 0.00983488094061613 -0.010810279287397861
f 1273 1274 1275
v 0.024517785757780075 0.00983488094061613 -0.010810279287397861
v 0.022457441315054893 0.008852328173816204 -0.013702415861189365
v 0.02451360411942005 0.009839433245360851 -0.010808818973600864
f 1276 1277 1278
v 0.024517785757780075 0.00983488094061613 -0.010810279287397861
v 0.02451360411942005 0.009839433245360851 -0.010808818973600864
v 0.024516889825463295 0.010418604128062725 -0.010398142971098423
f 1279 1280 1281
v 0.023886973038315773 0.011113706044852734 -0.010806792415678501
v 0.024516889825463295 0.011113706044852734 -0.010253840126097202
v 0.024516889825463295 0.010418604128062725 -0.010398142971098423
f 1282 1283 1284
v 0.02451360411942005 0.009839433245360851 -0.010808818973600864
v 0.024463152512907982 0.009896266274154186 -0.010792010463774204
v 0.024516889825463295 0.010418604128062725 -0.010398142971098423
f 1285 1286 1287
v 0.024516889825463295 0.010418604128062725 -0.010398142971098423
v 0.024463152512907982 0.009896266274154186 -0.010792010463774204
v 0.024084636941552162 0.010485882870852947 -0.010725223459303379
f 1288 1289 1290
v 0.024516889825463295 0.010418604128062725 -0.010398142971098423
v 0.024084636941552162 0.010485882870852947 -0.010725223459303379
v 0.023886973038315773 0.011113706044852734 -0.010806792415678501
f 1291 1292 1293
v 0.02528667263686657 0.011113706044852734 -0.010010563768446445
v 0.025492040440440178 0.011113706044852734 -0.010000013746321201
v 0.02528667263686657 0.01032176148146391 -0.01017498318105936
f 1294 1295 1296
v 0.02528667263686657 0.01032176148146391 -0.01017498318105936
v 0.025492040440440178 0.011113706044852734 -0.010000013746321201
v 0.025492040440440178 0.010317551903426647 -0.01016529742628336
f 1297 1298 1299
v 0.02528667263686657 0.01032176148146391 -0.01017498318105936
v 0.025492040440440178 0.010317551903426647 -0.01016529742628336
v 0.02528667263686657 0.009660723619163036 -0.010641061700880527
f 1300 1301 1302
v 0.02528667263686657 0.009660723619163036 -0.010641061700880527
v 0.025492040440440178 0.010317551903426647 -0.01016529742628336
v 0.025492040440440178 0.009653004817664623 -0.010633849538862705
f 1303 1304 1305
v 0.024516889825463295 0.011113706044852734 -0.010253840126097202
v 0.02528667263686657 0.011113706044852734 -0.010010563768446445
v 0.024516889825463295 0.010418604128062725 -0.010398142971098423
f 1306 1307 1308
v 0.024516889825463295 0.010418604128062725 -0.010398142971098423
v 0.02528667263686657 0.011113706044852734 -0.010010563768446445
v 0.02528667263686657 0.01032176148146391 -0.01017498318105936
f 1309 1310 1311
v 0.024516889825463295 0.010418604128062725 -0.010398142971098423
v 0.02528667263686657 0.01032176148146391 -0.01017498318105936
v 0.024517785757780075 0.00983488094061613 -0.010810279287397861
f 1312 1313 1314
v 0.024517785757780075 0.00983488094061613 -0.010810279287397861
v 0.02528667263686657 0.01032176148146391 -0.01017498318105936
v 0.02528667263686657 0.009660723619163036 -0.010641061700880527
f 1315 1316 1317
v 0.024517785757780075 0.00983488094061613 -0.010810279287397861
v 0.02528667263686657 0.009660723619163036 -0.010641061700880527
v 0.02496868371963501 0.009457680396735668 -0.011008196510374546
f 1318 1319 1320
v 0.02496868371963501 0.009457680396735668 -0.011008196510374546
v 0.02528667263686657 0.009660723619163036 -0.010641061700880527
v 0.025492040440440178 0.009653004817664623 -0.010633849538862705
f 1321 1322 1323
v 0.02496868371963501 0.009457680396735668 -0.011008196510374546
v 0.025492040440440178 0.009653004817664623 -0.010633849538862705
v 0.025492040440440178 0.009234319441020489 -0.011315965093672276
f 1324 1325 1326
v 0.028112800791859627 0.009377005510032177 -0.011008107103407383
v 0.02811281569302082 0.009234401397407055 -0.011315726675093174
v 0.025492040440440178 0.009234319441020489 -0.011315965093672276
f 1327 1328 1329
v 0.028112800791859627 0.009377005510032177 -0.011008107103407383
v 0.025492040440440178 0.009234319441020489 -0.011315965093672276
v 0.02811278961598873 0.009517977945506573 -0.010794335044920444
f 1330 1331 1332
v 0.02811278961598873 0.009517977945506573 -0.010794335044920444
v 0.025492040440440178 0.009234319441020489 -0.011315965093672276
v 0.025492040440440178 0.009653004817664623 -0.010633849538862705
f 1333 1334 1335
v 0.02811278961598873 0.009517977945506573 -0.010794335044920444
v 0.025492040440440178 0.009653004817664623 -0.010633849538862705
v 0.02811277098953724 0.009823302738368511 -0.010471963323652744
f 1336 1337 1338
v 0.02811277098953724 0.009823302738368511 -0.010471963323652744
v 0.025492040440440178 0.009653004817664623 -0.010633849538862705
v 0.025492040440440178 0.010317551903426647 -0.01016529742628336
f 1339 1340 1341
v 0.02811277098953724 0.009823302738368511 -0.010471963323652744
v 0.025492040440440178 0.010317551903426647 -0.01016529742628336
v 0.02811274118721485 0.010427187196910381 -0.010121517814695835
f 1342 1343 1344
v 0.02811274118721485 0.010427187196910381 -0.010121517814695835
v 0.025492040440440178 0.010317551903426647 -0.01016529742628336
v 0.025492040440440178 0.011113706044852734 -0.010000013746321201
f 1345 1346 1347
v 0.02811274118721485 0.010427187196910381 -0.010121517814695835
v 0.025492040440440178 0.011113706044852734 -0.010000013746321201
v 0.028112709522247314 0.011113706044852734 -0.010000013746321201
f 1348 1349 1350
v 0.029856251552700996 0.009039576165378094 -0.010524206794798374
v 0.029832562431693077 0.009067627601325512 -0.010530763305723667
v 0.030084989964962006 0.009215730242431164 -0.010306709446012974
f 1351 1352 1353
v 0.028112800791859627 0.009377005510032177 -0.011008107103407383
v 0.02811278961598873 0.009517977945506573 -0.010794335044920444
v 0.028469860553741455 0.009582865051925182 -0.010689073242247105
f 1354 1355 1356
v 0.028469860553741455 0.009582865051925182 -0.010689073242247105
v 0.02811278961598873 0.009517977945506573 -0.010794335044920444
v 0.02811277098953724 0.009823302738368511 -0.010471963323652744
f 1357 1358 1359
v 0.028112709522247314 0.011113706044852734 -0.010000013746321201
v 0.02937505580484867 0.010932530276477337 -0.010000013746321201
v 0.02906748838722706 0.010492498986423016 -0.010065161623060703
f 1360 1361 1362
v 0.02811274118721485 0.010427187196910381 -0.010121517814695835
v 0.02894803322851658 0.010018247179687023 -0.010265343822538853
v 0.02811277098953724 0.009823302738368511 -0.010471963323652744
f 1363 1364 1365
v 0.02811277098953724 0.009823302738368511 -0.010471963323652744
v 0.02894803322851658 0.010018247179687023 -0.010265343822538853
v 0.02884555608034134 0.0096114007756114 -0.010586612857878208
f 1366 1367 1368
v 0.02811277098953724 0.009823302738368511 -0.010471963323652744
v 0.02884555608034134 0.0096114007756114 -0.010586612857878208
v 0.028469860553741455 0.009582865051925182 -0.010689073242247105
f 1369 1370 1371
v 0.028469860553741455 0.009582865051925182 -0.010689073242247105
v 0.02884555608034134 0.0096114007756114 -0.010586612857878208
v 0.028133492916822433 0.009238178841769695 -0.011305266059935093
f 1372 1373 1374
v 0.028469860553741455 0.009582865051925182 -0.010689073242247105
v 0.028133492916822433 0.009238178841769695 -0.011305266059935093
v 0.028112800791859627 0.009377005510032177 -0.011008107103407383
f 1375 1376 1377
v 0.028112800791859627 0.009377005510032177 -0.011008107103407383
v 0.028133492916822433 0.009238178841769695 -0.011305266059935093
v 0.0281146839261055 0.009234744124114513 -0.011314802803099155
f 1378 1379 1380
v 0.028112800791859627 0.009377005510032177 -0.011008107103407383
v 0.0281146839261055 0.009234744124114513 -0.011314802803099155
v 0.02811281569302082 0.009234401397407055 -0.011315726675093174
f 1381 1382 1383
v 0.029396014288067818 0.009266550652682781 -0.010704838670790195
v 0.02914566360414028 0.00930109154433012 -0.010816358961164951
v 0.02884555608034134 0.0096114007756114 -0.010586612857878208
f 1384 1385 1386
v 0.02884555608034134 0.0096114007756114 -0.010586612857878208
v 0.02914566360414028 0.00930109154433012 -0.010816358961164951
v 0.02876957319676876 0.009309354238212109 -0.01099043432623148
f 1387 1388 1389
v 0.02884555608034134 0.0096114007756114 -0.010586612857878208
v 0.02876957319676876 0.009309354238212109 -0.01099043432623148
v 0.028133492916822433 0.009238178841769695 -0.011305266059935093
f 1390 1391 1392
v 0.029832562431693077 0.009067627601325512 -0.010530763305723667
v 0.02970530465245247 0.00916337501257658 -0.01057519856840372
v 0.029563352465629578 0.009526821784675121 -0.010411017574369907
f 1393 1394 1395
v 0.029856251552700996 0.009039576165378094 -0.010524206794798374
v 0.030084989964962006 0.009215730242431164 -0.010306709446012974
v 0.02991369180381298 0.008917580358684063 -0.010517173446714878
f 1396 1397 1398
v 0.029832562431693077 0.009067627601325512 -0.010530763305723667
v 0.029563352465629578 0.009526821784675121 -0.010411017574369907
v 0.030084989964962006 0.009215730242431164 -0.010306709446012974
f 1399 1400 1401
v 0.030084989964962006 0.009215730242431164 -0.010306709446012974
v 0.029563352465629578 0.009526821784675121 -0.010411017574369907
v 0.029765905812382698 0.009842048399150372 -0.010184877552092075
f 1402 1403 1404
v 0.030084989964962006 0.009215730242431164 -0.010306709446012974
v 0.029765905812382698 0.009842048399150372 -0.010184877552092075
v 0.030111826956272125 0.009651283733546734 -0.010155373252928257
f 1405 1406 1407
v 0.030111826956272125 0.009651283733546734 -0.010155373252928257
v 0.03032464161515236 0.009367684833705425 -0.010158651508390903
v 0.030084989964962006 0.009215730242431164 -0.010306709446012974
f 1408 1409 1410
v 0.030084989964962006 0.009215730242431164 -0.010306709446012974
v 0.03032464161515236 0.009367684833705425 -0.010158651508390903
v 0.03021855279803276 0.009139697067439556 -0.01025619450956583
f 1411 1412 1413
v 0.030084989964962006 0.009215730242431164 -0.010306709446012974
v 0.03021855279803276 0.009139697067439556 -0.01025619450956583
v 0.02991369180381298 0.008917580358684063 -0.010517173446714878
f 1414 1415 1416
v 0.02991369180381298 0.008917580358684063 -0.010517173446714878
v 0.03021855279803276 0.009139697067439556 -0.01025619450956583
v 0.02994736284017563 0.008760320954024792 -0.010511242784559727
f 1417 1418 1419
v 0.02991369180381298 0.008917580358684063 -0.010517173446714878
v 0.02994736284017563 0.008760320954024792 -0.010511242784559727
v 0.02991502732038498 0.0087806461378932 -0.010539316572248936
f 1420 1421 1422
v 0.02991502732038498 0.0087806461378932 -0.010539316572248936
v 0.02994736284017563 0.008760320954024792 -0.010511242784559727
v 0.029901696369051933 0.008713151328265667 -0.010555082000792027
f 1423 1424 1425
v 0.02991502732038498 0.0087806461378932 -0.010539316572248936
v 0.029901696369051933 0.008713151328265667 -0.010555082000792027
v 0.029895033687353134 0.008706550113856792 -0.010561519302427769
f 1426 1427 1428
v 0.029945209622383118 0.010705444030463696 -0.010000013746321201
v 0.030297158285975456 0.01049718540161848 -0.010000013746321201
v 0.02999020554125309 0.01019111555069685 -0.01004567090421915
f 1429 1430 1431
v 0.02999020554125309 0.01019111555069685 -0.01004567090421915
v 0.030297158285975456 0.01049718540161848 -0.010000013746321201
v 0.030500972643494606 0.010342027060687542 -0.010000013746321201
f 1432 1433 1434
v 0.02999020554125309 0.01019111555069685 -0.01004567090421915
v 0.030500972643494606 0.010342027060687542 -0.010000013746321201
v 0.030433187261223793 0.00971906166523695 -0.010060661472380161
f 1435 1436 1437
v 0.02937505580484867 0.010932530276477337 -0.010000013746321201
v 0.029945209622383118 0.010705444030463696 -0.010000013746321201
v 0.02906748838722706 0.010492498986423016 -0.010065161623060703
f 1438 1439 1440
v 0.02906748838722706 0.010492498986423016 -0.010065161623060703
v 0.029945209622383118 0.010705444030463696 -0.010000013746321201
v 0.02999020554125309 0.01019111555069685 -0.01004567090421915
f 1441 1442 1443
v 0.02906748838722706 0.010492498986423016 -0.010065161623060703
v 0.02999020554125309 0.01019111555069685 -0.01004567090421915
v 0.029765905812382698 0.009842048399150372 -0.010184877552092075
f 1444 1445 1446
v 0.029765905812382698 0.009842048399150372 -0.010184877552092075
v 0.02999020554125309 0.01019111555069685 -0.01004567090421915
v 0.030433187261223793 0.00971906166523695 -0.010060661472380161
f 1447 1448 1449
v 0.029765905812382698 0.009842048399150372 -0.010184877552092075
v 0.030433187261223793 0.00971906166523695 -0.010060661472380161
v 0.030111826956272125 0.009651283733546734 -0.010155373252928257
f 1450 1451 1452
v 0.030111826956272125 0.009651283733546734 -0.010155373252928257
v 0.030433187261223793 0.00971906166523695 -0.010060661472380161
v 0.030343789607286453 0.009417752735316753 -0.010141187347471714
f 1453 1454 1455
v 0.030111826956272125 0.009651283733546734 -0.010155373252928257
v 0.030343789607286453 0.009417752735316753 -0.010141187347471714
v 0.03032464161515236 0.009367684833705425 -0.010158651508390903
f 1456 1457 1458
v 0.02970530465245247 0.00916337501257658 -0.01057519856840372
v 0.029396014288067818 0.009266550652682781 -0.010704838670790195
v 0.029563352465629578 0.009526821784675121 -0.010411017574369907
f 1459 1460 1461
v 0.029563352465629578 0.009526821784675121 -0.010411017574369907
v 0.029396014288067818 0.009266550652682781 -0.010704838670790195
v 0.02884555608034134 0.0096114007756114 -0.010586612857878208
f 1462 1463 1464
v 0.029563352465629578 0.009526821784675121 -0.010411017574369907
v 0.02884555608034134 0.0096114007756114 -0.010586612857878208
v 0.029765905812382698 0.009842048399150372 -0.010184877552092075
f 1465 1466 1467
v 0.029765905812382698 0.009842048399150372 -0.010184877552092075
v 0.02884555608034134 0.0096114007756114 -0.010586612857878208
v 0.02894803322851658 0.010018247179687023 -0.010265343822538853
f 1468 1469 1470
v 0.029765905812382698 0.009842048399150372 -0.010184877552092075
v 0.02894803322851658 0.010018247179687023 -0.010265343822538853
v 0.02906748838722706 0.010492498986423016 -0.010065161623060703
f 1471 1472 1473
v 0.02906748838722706 0.010492498986423016 -0.010065161623060703
v 0.02894803322851658 0.010018247179687023 -0.010265343822538853
v 0.02811274118721485 0.010427187196910381 -0.010121517814695835
f 1474 1475 1476
v 0.02906748838722706 0.010492498986423016 -0.010065161623060703
v 0.02811274118721485 0.010427187196910381 -0.010121517814695835
v 0.028112709522247314 0.011113706044852734 -0.010000013746321201
f 1477 1478 1479
v 0.02549205906689167 0.012829202227294445 -0.010000013746321201
v 0.025492040440440178 0.011113706044852734 -0.010000013746321201
v 0.025033101439476013 0.012829224579036236 -0.010053359903395176
f 1480 1481 1482
v 0.025033101439476013 0.012829224579036236 -0.010053359903395176
v 0.025492040440440178 0.011113706044852734 -0.010000013746321201
v 0.02528667263686657 0.011113706044852734 -0.010010563768446445
f 1483 1484 1485
v 0.025033101439476013 0.012829224579036236 -0.010053359903395176
v 0.02528667263686657 0.011113706044852734 -0.010010563768446445
v 0.024593792855739594 0.01282923948019743 -0.010213070549070835
f 1486 1487 1488
v 0.024593792855739594 0.01282923948019743 -0.010213070549070835
v 0.02528667263686657 0.011113706044852734 -0.010010563768446445
v 0.024516889825463295 0.011113706044852734 -0.010253840126097202
f 1489 1490 1491
v 0.024593792855739594 0.01282923948019743 -0.010213070549070835
v 0.024516889825463295 0.011113706044852734 -0.010253840126097202
v 0.02439226023852825 0.012829254381358624 -0.010329538024961948
f 1492 1493 1494
v 0.02439226023852825 0.012829254381358624 -0.010329538024961948
v 0.024516889825463295 0.011113706044852734 -0.010253840126097202
v 0.023886973038315773 0.011113706044852734 -0.010806792415678501
f 1495 1496 1497
v 0.02439226023852825 0.012829254381358624 -0.010329538024961948
v 0.023886973038315773 0.011113706044852734 -0.010806792415678501
v 0.023886961862444878 0.012829284183681011 -0.010806881822645664
f 1498 1499 1500
v 0.025481663644313812 0.013060207478702068 -0.010000013746321201
v 0.02549205906689167 0.012829202227294445 -0.010000013746321201
v 0.025033101439476013 0.012829224579036236 -0.010053359903395176
f 1501 1502 1503
v 0.023907694965600967 0.01310333888977766 -0.010729067958891392
v 0.02384107932448387 0.013266186229884624 -0.010722839273512363
v 0.024149952456355095 0.013351592235267162 -0.010420137085020542
f 1504 1505 1506
v 0.02253127470612526 0.013491484336555004 -0.011314713396131992
v 0.0225286353379488 0.013490970246493816 -0.011316143907606602
v 0.022636214271187782 0.013525071553885937 -0.011222445406019688
f 1507 1508 1509
v 0.023209940642118454 0.0141280023381114 -0.010366701520979404
v 0.0231754332780838 0.013843598775565624 -0.010609173215925694
v 0.02286711148917675 0.013688432984054089 -0.010879241861402988
f 1510 1511 1512
v 0.02286711148917675 0.013688432984054089 -0.010879241861402988
v 0.0231754332780838 0.013843598775565624 -0.010609173215925694
v 0.022805429995059967 0.013533550314605236 -0.011167758144438267
f 1513 1514 1515
v 0.02286711148917675 0.013688432984054089 -0.010879241861402988
v 0.022805429995059967 0.013533550314605236 -0.011167758144438267
v 0.022636214271187782 0.013525071553885937 -0.011222445406019688
f 1516 1517 1518
v 0.022636214271187782 0.013525071553885937 -0.011222445406019688
v 0.022805429995059967 0.013533550314605236 -0.011167758144438267
v 0.02255689725279808 0.013496498577296734 -0.011300616897642612
f 1519 1520 1521
v 0.022636214271187782 0.013525071553885937 -0.011222445406019688
v 0.02255689725279808 0.013496498577296734 -0.011300616897642612
v 0.02253127470612526 0.013491484336555004 -0.011314713396131992
f 1522 1523 1524
v 0.023770708590745926 0.013708586804568768 -0.010473066009581089
v 0.02369530498981476 0.01340231578797102 -0.01076310221105814
v 0.023309744894504547 0.013529176823794842 -0.010922753252089024
f 1525 1526 1527
v 0.02439226023852825 0.012829254381358624 -0.010329538024961948
v 0.023886961862444878 0.012829284183681011 -0.010806881822645664
v 0.023899495601654053 0.012876863591372967 -0.01078870240598917
f 1528 1529 1530
v 0.024489160627126694 0.013517479412257671 -0.010189049877226353
v 0.02525162696838379 0.013890366069972515 -0.010000013746321201
v 0.025420639663934708 0.01342452596873045 -0.010000013746321201
f 1531 1532 1533
v 0.023899495601654053 0.012876863591372967 -0.01078870240598917
v 0.023907694965600967 0.01310333888977766 -0.010729067958891392
v 0.02439226023852825 0.012829254381358624 -0.010329538024961948
f 1534 1535 1536
v 0.02439226023852825 0.012829254381358624 -0.010329538024961948
v 0.023907694965600967 0.01310333888977766 -0.010729067958891392
v 0.024149952456355095 0.013351592235267162 -0.010420137085020542
f 1537 1538 1539
v 0.02439226023852825 0.012829254381358624 -0.010329538024961948
v 0.024149952456355095 0.013351592235267162 -0.010420137085020542
v 0.024593792855739594 0.01282923948019743 -0.010213070549070835
f 1540 1541 1542
v 0.024593792855739594 0.01282923948019743 -0.010213070549070835
v 0.024149952456355095 0.013351592235267162 -0.010420137085020542
v 0.024489160627126694 0.013517479412257671 -0.010189049877226353
f 1543 1544 1545
v 0.024593792855739594 0.01282923948019743 -0.010213070549070835
v 0.024489160627126694 0.013517479412257671 -0.010189049877226353
v 0.025033101439476013 0.012829224579036236 -0.010053359903395176
f 1546 1547 1548
v 0.025033101439476013 0.012829224579036236 -0.010053359903395176
v 0.024489160627126694 0.013517479412257671 -0.010189049877226353
v 0.025420639663934708 0.01342452596873045 -0.010000013746321201
f 1549 1550 1551
v 0.025033101439476013 0.012829224579036236 -0.010053359903395176
v 0.025420639663934708 0.01342452596873045 -0.010000013746321201
v 0.025481663644313812 0.013060207478702068 -0.010000013746321201
f 1552 1553 1554
v 0.024466663599014282 0.014799992553889751 -0.010000013746321201
v 0.024561572819948196 0.014729822985827923 -0.010000013746321201
v 0.02412768453359604 0.014764863066375256 -0.010011189617216587
f 1555 1556 1557
v 0.02412768453359604 0.014764863066375256 -0.010011189617216587
v 0.024561572819948196 0.014729822985827923 -0.010000013746321201
v 0.02428269013762474 0.01436969917267561 -0.010052555240690708
f 1558 1559 1560
v 0.02412768453359604 0.014764863066375256 -0.010011189617216587
v 0.02428269013762474 0.01436969917267561 -0.010052555240690708
v 0.02362549863755703 0.014544117264449596 -0.010100954212248325
f 1561 1562 1563
v 0.02362549863755703 0.014544117264449596 -0.010100954212248325
v 0.02428269013762474 0.01436969917267561 -0.010052555240690708
v 0.02401142567396164 0.014019417576491833 -0.010213219560682774
f 1564 1565 1566
v 0.02362549863755703 0.014544117264449596 -0.010100954212248325
v 0.02401142567396164 0.014019417576491833 -0.010213219560682774
v 0.023209940642118454 0.0141280023381114 -0.010366701520979404
f 1567 1568 1569
v 0.023209940642118454 0.0141280023381114 -0.010366701520979404
v 0.02401142567396164 0.014019417576491833 -0.010213219560682774
v 0.023770708590745926 0.013708586804568768 -0.010473066009581089
f 1570 1571 1572
v 0.023209940642118454 0.0141280023381114 -0.010366701520979404
v 0.023770708590745926 0.013708586804568768 -0.010473066009581089
v 0.0231754332780838 0.013843598775565624 -0.010609173215925694
f 1573 1574 1575
v 0.0231754332780838 0.013843598775565624 -0.010609173215925694
v 0.023770708590745926 0.013708586804568768 -0.010473066009581089
v 0.023309744894504547 0.013529176823794842 -0.010922753252089024
f 1576 1577 1578
v 0.0231754332780838 0.013843598775565624 -0.010609173215925694
v 0.023309744894504547 0.013529176823794842 -0.010922753252089024
v 0.022805429995059967 0.013533550314605236 -0.011167758144438267
f 1579 1580 1581
v 0.024561572819948196 0.014729822985827923 -0.010000013746321201
v 0.025225292891263962 0.013942535035312176 -0.010000013746321201
v 0.02428269013762474 0.01436969917267561 -0.010052555240690708
f 1582 1583 1584
v 0.02428269013762474 0.01436969917267561 -0.010052555240690708
v 0.025225292891263962 0.013942535035312176 -0.010000013746321201
v 0.02525162696838379 0.013890366069972515 -0.010000013746321201
f 1585 1586 1587
v 0.02428269013762474 0.01436969917267561 -0.010052555240690708
v 0.02525162696838379 0.013890366069972515 -0.010000013746321201
v 0.02401142567396164 0.014019417576491833 -0.010213219560682774
f 1588 1589 1590
v 0.02401142567396164 0.014019417576491833 -0.010213219560682774
v 0.02525162696838379 0.013890366069972515 -0.010000013746321201
v 0.024489160627126694 0.013517479412257671 -0.010189049877226353
f 1591 1592 1593
v 0.02401142567396164 0.014019417576491833 -0.010213219560682774
v 0.024489160627126694 0.013517479412257671 -0.010189049877226353
v 0.023770708590745926 0.013708586804568768 -0.010473066009581089
f 1594 1595 1596
v 0.023770708590745926 0.013708586804568768 -0.010473066009581089
v 0.024489160627126694 0.013517479412257671 -0.010189049877226353
v 0.024149952456355095 0.013351592235267162 -0.010420137085020542
f 1597 1598 1599
v 0.023770708590745926 0.013708586804568768 -0.010473066009581089
v 0.024149952456355095 0.013351592235267162 -0.010420137085020542
v 0.02369530498981476 0.01340231578797102 -0.01076310221105814
f 1600 1601 1602
v 0.02369530498981476 0.01340231578797102 -0.01076310221105814
v 0.024149952456355095 0.013351592235267162 -0.010420137085020542
v 0.02384107932448387 0.013266186229884624 -0.010722839273512363
f 1603 1604 1605
v 0.022636214271187782 0.013525071553885937 -0.011222445406019688
v 0.018494199961423874 0.013525071553885937 -0.011222445406019688
v 0.018878836184740067 0.013812634162604809 -0.010695510543882847
f 1606 1607 1608
v 0.022636214271187782 0.013525071553885937 -0.011222445406019688
v 0.018878836184740067 0.013812634162604809 -0.010695510543882847
v 0.02286711148917675 0.013688432984054089 -0.010879241861402988
f 1609 1610 1611
v 0.02286711148917675 0.013688432984054089 -0.010879241861402988
v 0.018878836184740067 0.013812634162604809 -0.010695510543882847
v 0.019060524180531502 0.014020654372870922 -0.010462158359587193
f 1612 1613 1614
v 0.02286711148917675 0.013688432984054089 -0.010879241861402988
v 0.019060524180531502 0.014020654372870922 -0.010462158359587193
v 0.023209940642118454 0.0141280023381114 -0.010366701520979404
f 1615 1616 1617
v 0.019245490431785583 0.014302375726401806 -0.010237508453428745
v 0.01920817419886589 0.014302375726401806 -0.010237508453428745
v 0.019368816167116165 0.014800000004470348 -0.010000013746321201
f 1618 1619 1620
v 0.023209940642118454 0.0141280023381114 -0.010366701520979404
v 0.019060524180531502 0.014020654372870922 -0.010462158359587193
v 0.02362549863755703 0.014544117264449596 -0.010100954212248325
f 1621 1622 1623
v 0.02362549863755703 0.014544117264449596 -0.010100954212248325
v 0.019060524180531502 0.014020654372870922 -0.010462158359587193
v 0.019245490431785583 0.014302375726401806 -0.010237508453428745
f 1624 1625 1626
v 0.02362549863755703 0.014544117264449596 -0.010100954212248325
v 0.019245490431785583 0.014302375726401806 -0.010237508453428745
v 0.02412768453359604 0.014764863066375256 -0.010011189617216587
f 1627 1628 1629
v 0.02412768453359604 0.014764863066375256 -0.010011189617216587
v 0.019245490431785583 0.014302375726401806 -0.010237508453428745
v 0.019368816167116165 0.014800000004470348 -0.010000013746321201
f 1630 1631 1632
v 0.02412768453359604 0.014764863066375256 -0.010011189617216587
v 0.019368816167116165 0.014800000004470348 -0.010000013746321201
v 0.024466663599014282 0.014799992553889751 -0.010000013746321201
f 1633 1634 1635
v 0.018497731536626816 0.005114841740578413 -0.010109149850904942
v -0.023808959871530533 0.005190062802284956 -0.01009183470159769
v 0.018651671707630157 0.006014290731400251 -0.009999924339354038
f 1636 1637 1638
v 0.018651671707630157 0.006014290731400251 -0.009999924339354038
v -0.023808959871530533 0.005190062802284956 -0.01009183470159769
v -0.023991592228412628 0.006046477239578962 -0.010000013746321201
f 1639 1640 1641
v 0.018651671707630157 0.006014290731400251 -0.009999924339354038
v -0.023991592228412628 0.006046477239578962 -0.010000013746321201
v 0.018654948100447655 0.006046477239578962 -0.010000013746321201
f 1642 1643 1644
v 0.016758466139435768 0.002328570233657956 -0.012523435987532139
v 0.016201192513108253 0.0020806968677788973 -0.013477885164320469
v -0.02074037306010723 0.0020806968677788973 -0.013477885164320469
f 1645 1646 1647
v -0.02074037306010723 0.0020806968677788973 -0.013477885164320469
v -0.02106156386435032 0.0021591142285615206 -0.013055765070021152
v 0.016758466139435768 0.002328570233657956 -0.012523435987532139
f 1648 1649 1650
v 0.016758466139435768 0.002328570233657956 -0.012523435987532139
v -0.02106156386435032 0.0021591142285615206 -0.013055765070021152
v -0.021784085780382156 0.0024938166607171297 -0.01216148678213358
f 1651 1652 1653
v 0.016758466139435768 0.002328570233657956 -0.012523435987532139
v -0.021784085780382156 0.0024938166607171297 -0.01216148678213358
v 0.017316484823822975 0.0028092965949326754 -0.011649244464933872
f 1654 1655 1656
v 0.017316484823822975 0.0028092965949326754 -0.011649244464933872
v -0.021784085780382156 0.0024938166607171297 -0.01216148678213358
v -0.022397350519895554 0.0029572502244263887 -0.011457734741270542
f 1657 1658 1659
v 0.017316484823822975 0.0028092965949326754 -0.011649244464933872
v -0.022397350519895554 0.0029572502244263887 -0.011457734741270542
v 0.017820267006754875 0.0034821287263184786 -0.010929637588560581
f 1660 1661 1662
v 0.017820267006754875 0.0034821287263184786 -0.010929637588560581
v -0.022397350519895554 0.0029572502244263887 -0.011457734741270542
v -0.022828761488199234 0.0034056634176522493 -0.010995172895491123
f 1663 1664 1665
v 0.017820267006754875 0.0034821287263184786 -0.010929637588560581
v -0.022828761488199234 0.0034056634176522493 -0.010995172895491123
v 0.018204066902399063 0.004231523256748915 -0.010434829629957676
f 1666 1667 1668
v 0.018204066902399063 0.004231523256748915 -0.010434829629957676
v -0.022828761488199234 0.0034056634176522493 -0.010995172895491123
v -0.023000044748187065 0.003619234310463071 -0.010819786228239536
f 1669 1670 1671
v 0.018204066902399063 0.004231523256748915 -0.010434829629957676
v -0.023000044748187065 0.003619234310463071 -0.010819786228239536
v 0.018497731536626816 0.005114841740578413 -0.010109149850904942
f 1672 1673 1674
v 0.018497731536626816 0.005114841740578413 -0.010109149850904942
v -0.023000044748187065 0.003619234310463071 -0.010819786228239536
v -0.02346566691994667 0.00435711769387126 -0.010373675264418125
f 1675 1676 1677
v 0.018497731536626816 0.005114841740578413 -0.010109149850904942
v -0.02346566691994667 0.00435711769387126 -0.010373675264418125
v -0.023808959871530533 0.005190062802284956 -0.01009183470159769
f 1678 1679 1680
v 0.02822387032210827 -0.0043581691570580006 -0.01011692825704813
v 0.028034470975399017 -0.003740881336852908 -0.010497056879103184
v 0.029145346954464912 -0.0034411221276968718 -0.01033624354749918
f 1681 1682 1683
v 0.029104864224791527 -0.004738297779113054 -0.010000013746321201
v 0.028421517461538315 -0.005002331454306841 -0.010000013746321201
v 0.02822387032210827 -0.0043581691570580006 -0.01011692825704813
f 1684 1685 1686
v 0.027290569618344307 -0.00521351071074605 -0.010000013746321201
v 0.02697300910949707 -0.00522443326190114 -0.010000013746321201
v 0.026972981169819832 -0.004286561626940966 -0.010233544744551182
f 1687 1688 1689
v 0.028034470975399017 -0.003740881336852908 -0.010497056879103184
v 0.02822387032210827 -0.0043581691570580006 -0.01011692825704813
v 0.02747642993927002 -0.003774066222831607 -0.010583274997770786
f 1690 1691 1692
v 0.030271245166659355 -0.002497006906196475 -0.01020743791013956
v 0.030300872400403023 -0.0025694563519209623 -0.010180377401411533
v 0.03009425289928913 -0.002814029110595584 -0.01020836178213358
f 1693 1694 1695
v 0.029895031824707985 -0.0019342571031302214 -0.010561519302427769
v 0.02994769997894764 -0.001985070062801242 -0.010510855354368687
v 0.029825277626514435 -0.00210448051802814 -0.010609709657728672
f 1696 1697 1698
v 0.029825277626514435 -0.00210448051802814 -0.010609709657728672
v 0.02994769997894764 -0.001985070062801242 -0.010510855354368687
v 0.030271245166659355 -0.002497006906196475 -0.01020743791013956
f 1699 1700 1701
v 0.029825277626514435 -0.00210448051802814 -0.010609709657728672
v 0.030271245166659355 -0.002497006906196475 -0.01020743791013956
v 0.029775118455290794 -0.002173070563003421 -0.010640555061399937
f 1702 1703 1704
v 0.029775118455290794 -0.002173070563003421 -0.010640555061399937
v 0.030271245166659355 -0.002497006906196475 -0.01020743791013956
v 0.03009425289928913 -0.002814029110595584 -0.01020836178213358
f 1705 1706 1707
v 0.02976600080728531 -0.002594907535240054 -0.010466181673109531
v 0.02935606613755226 -0.0028666674625128508 -0.010594778694212437
v 0.029503831639885902 -0.0024198784958571196 -0.010798328556120396
f 1708 1709 1710
v 0.029503831639885902 -0.0024198784958571196 -0.010798328556120396
v 0.02935606613755226 -0.0028666674625128508 -0.010594778694212437
v 0.029421668499708176 -0.0024768158327788115 -0.010845118202269077
f 1711 1712 1713
v 0.02740916796028614 -0.0033293559681624174 -0.011268609203398228
v 0.027447357773780823 -0.003182989312335849 -0.011978053487837315
v 0.02789628505706787 -0.0030907585751265287 -0.01172529999166727
f 1714 1715 1716
v 0.02740916796028614 -0.0033293559681624174 -0.011268609203398228
v 0.026972969993948936 -0.003287722123786807 -0.011500858701765537
v 0.027447357773780823 -0.003182989312335849 -0.011978053487837315
f 1717 1718 1719
v 0.027447357773780823 -0.003182989312335849 -0.011978053487837315
v 0.026972969993948936 -0.003287722123786807 -0.011500858701765537
v 0.026972971856594086 -0.0032339065801352262 -0.011805587448179722
f 1720 1721 1722
v 0.027447357773780823 -0.003182989312335849 -0.011978053487837315
v 0.026972971856594086 -0.0032339065801352262 -0.011805587448179722
v 0.027002641931176186 -0.003237460507079959 -0.01222937647253275
f 1723 1724 1725
v 0.027002641931176186 -0.003237460507079959 -0.01222937647253275
v 0.026972971856594086 -0.0032339065801352262 -0.011805587448179722
v 0.026972979307174683 -0.003239591373130679 -0.012245737947523594
f 1726 1727 1728
v 0.02747642993927002 -0.003774066222831607 -0.010583274997770786
v 0.026972968131303787 -0.003572960151359439 -0.010871880687773228
v 0.02740916796028614 -0.0033293559681624174 -0.011268609203398228
f 1729 1730 1731
v 0.02740916796028614 -0.0033293559681624174 -0.011268609203398228
v 0.026972968131303787 -0.003572960151359439 -0.010871880687773228
v 0.026972968131303787 -0.0033036440145224333 -0.011442714370787144
f 1732 1733 1734
v 0.02740916796028614 -0.0033293559681624174 -0.011268609203398228
v 0.026972968131303787 -0.0033036440145224333 -0.011442714370787144
v 0.026972969993948936 -0.003287722123786807 -0.011500858701765537
f 1735 1736 1737
v 0.028421517461538315 -0.005002331454306841 -0.010000013746321201
v 0.027290569618344307 -0.00521351071074605 -0.010000013746321201
v 0.02822387032210827 -0.0043581691570580006 -0.01011692825704813
f 1738 1739 1740
v 0.02822387032210827 -0.0043581691570580006 -0.01011692825704813
v 0.027290569618344307 -0.00521351071074605 -0.010000013746321201
v 0.026972981169819832 -0.004286561626940966 -0.010233544744551182
f 1741 1742 1743
v 0.02822387032210827 -0.0043581691570580006 -0.01011692825704813
v 0.026972981169819832 -0.004286561626940966 -0.010233544744551182
v 0.02747642993927002 -0.003774066222831607 -0.010583274997770786
f 1744 1745 1746
v 0.02747642993927002 -0.003774066222831607 -0.010583274997770786
v 0.026972981169819832 -0.004286561626940966 -0.010233544744551182
v 0.026972969993948936 -0.003725734306499362 -0.010675662197172642
f 1747 1748 1749
v 0.02747642993927002 -0.003774066222831607 -0.010583274997770786
v 0.026972969993948936 -0.003725734306499362 -0.010675662197172642
v 0.026972968131303787 -0.003572960151359439 -0.010871880687773228
f 1750 1751 1752
v 0.029455747455358505 -0.003894564462825656 -0.010080122388899326
v 0.029999732971191406 -0.003526103449985385 -0.010063939727842808
v 0.029772290959954262 -0.004356977064162493 -0.010000013746321201
f 1753 1754 1755
v 0.029772290959954262 -0.004356977064162493 -0.010000013746321201
v 0.029999732971191406 -0.003526103449985385 -0.010063939727842808
v 0.030500933527946472 -0.0037294819485396147 -0.010000013746321201
f 1756 1757 1758
v 0.030435459688305855 -0.003039677394554019 -0.010058396495878696
v 0.030444251373410225 -0.003085826290771365 -0.010050528682768345
v 0.029999732971191406 -0.003526103449985385 -0.010063939727842808
f 1759 1760 1761
v 0.029999732971191406 -0.003526103449985385 -0.010063939727842808
v 0.030444251373410225 -0.003085826290771365 -0.010050528682768345
v 0.030459970235824585 -0.0031795024406164885 -0.010036432184278965
f 1762 1763 1764
v 0.029999732971191406 -0.003526103449985385 -0.010063939727842808
v 0.030459970235824585 -0.0031795024406164885 -0.010036432184278965
v 0.030500933527946472 -0.0037294819485396147 -0.010000013746321201
f 1765 1766 1767
v 0.027859795838594437 -0.0031715899240225554 -0.011423164047300816
v 0.028797585517168045 -0.0029331042896956205 -0.010988825000822544
v 0.02789931558072567 -0.0033003955613821745 -0.011088632978498936
f 1768 1769 1770
v 0.02789931558072567 -0.0033003955613821745 -0.011088632978498936
v 0.028797585517168045 -0.0029331042896956205 -0.010988825000822544
v 0.02889244630932808 -0.0030716850887984037 -0.010745459236204624
f 1771 1772 1773
v 0.02789931558072567 -0.0033003955613821745 -0.011088632978498936
v 0.02889244630932808 -0.0030716850887984037 -0.010745459236204624
v 0.027958093211054802 -0.003491957439109683 -0.010773652233183384
f 1774 1775 1776
v 0.027958093211054802 -0.003491957439109683 -0.010773652233183384
v 0.02889244630932808 -0.0030716850887984037 -0.010745459236204624
v 0.02900935895740986 -0.0032424747478216887 -0.010524951852858067
f 1777 1778 1779
v 0.030300872400403023 -0.0025694563519209623 -0.010180377401411533
v 0.030435459688305855 -0.003039677394554019 -0.010058396495878696
v 0.03009425289928913 -0.002814029110595584 -0.01020836178213358
f 1780 1781 1782
v 0.03009425289928913 -0.002814029110595584 -0.01020836178213358
v 0.030435459688305855 -0.003039677394554019 -0.010058396495878696
v 0.029999732971191406 -0.003526103449985385 -0.010063939727842808
f 1783 1784 1785
v 0.03009425289928913 -0.002814029110595584 -0.01020836178213358
v 0.029999732971191406 -0.003526103449985385 -0.010063939727842808
v 0.029145346954464912 -0.0034411221276968718 -0.01033624354749918
f 1786 1787 1788
v 0.029145346954464912 -0.0034411221276968718 -0.01033624354749918
v 0.029999732971191406 -0.003526103449985385 -0.010063939727842808
v 0.029455747455358505 -0.003894564462825656 -0.010080122388899326
f 1789 1790 1791
v 0.029145346954464912 -0.0034411221276968718 -0.01033624354749918
v 0.029455747455358505 -0.003894564462825656 -0.010080122388899326
v 0.02822387032210827 -0.0043581691570580006 -0.01011692825704813
f 1792 1793 1794
v 0.02822387032210827 -0.0043581691570580006 -0.01011692825704813
v 0.029455747455358505 -0.003894564462825656 -0.010080122388899326
v 0.029772290959954262 -0.004356977064162493 -0.010000013746321201
f 1795 1796 1797
v 0.02822387032210827 -0.0043581691570580006 -0.01011692825704813
v 0.029772290959954262 -0.004356977064162493 -0.010000013746321201
v 0.029104864224791527 -0.004738297779113054 -0.010000013746321201
f 1798 1799 1800
v 0.02865743078291416 -0.002855588449165225 -0.011284791864454746
v 0.028726326301693916 -0.0028289600741118193 -0.011244320310652256
v 0.028797585517168045 -0.0029331042896956205 -0.010988825000822544
f 1801 1802 1803
v 0.028797585517168045 -0.0029331042896956205 -0.010988825000822544
v 0.028726326301693916 -0.0028289600741118193 -0.011244320310652256
v 0.029421668499708176 -0.0024768158327788115 -0.010845118202269077
f 1804 1805 1806
v 0.028797585517168045 -0.0029331042896956205 -0.010988825000822544
v 0.029421668499708176 -0.0024768158327788115 -0.010845118202269077
v 0.02889244630932808 -0.0030716850887984037 -0.010745459236204624
f 1807 1808 1809
v 0.02889244630932808 -0.0030716850887984037 -0.010745459236204624
v 0.029421668499708176 -0.0024768158327788115 -0.010845118202269077
v 0.02935606613755226 -0.0028666674625128508 -0.010594778694212437
f 1810 1811 1812
v 0.02889244630932808 -0.0030716850887984037 -0.010745459236204624
v 0.02935606613755226 -0.0028666674625128508 -0.010594778694212437
v 0.02900935895740986 -0.0032424747478216887 -0.010524951852858067
f 1813 1814 1815
v 0.029503831639885902 -0.0024198784958571196 -0.010798328556120396
v 0.029775118455290794 -0.002173070563003421 -0.010640555061399937
v 0.02976600080728531 -0.002594907535240054 -0.010466181673109531
f 1816 1817 1818
v 0.02976600080728531 -0.002594907535240054 -0.010466181673109531
v 0.029775118455290794 -0.002173070563003421 -0.010640555061399937
v 0.03009425289928913 -0.002814029110595584 -0.01020836178213358
f 1819 1820 1821
v 0.02976600080728531 -0.002594907535240054 -0.010466181673109531
v 0.03009425289928913 -0.002814029110595584 -0.01020836178213358
v 0.02935606613755226 -0.0028666674625128508 -0.010594778694212437
f 1822 1823 1824
v 0.02935606613755226 -0.0028666674625128508 -0.010594778694212437
v 0.03009425289928913 -0.002814029110595584 -0.01020836178213358
v 0.029145346954464912 -0.0034411221276968718 -0.01033624354749918
f 1825 1826 1827
v 0.02935606613755226 -0.0028666674625128508 -0.010594778694212437
v 0.029145346954464912 -0.0034411221276968718 -0.01033624354749918
v 0.02900935895740986 -0.0032424747478216887 -0.010524951852858067
f 1828 1829 1830
v 0.02900935895740986 -0.0032424747478216887 -0.010524951852858067
v 0.029145346954464912 -0.0034411221276968718 -0.01033624354749918
v 0.028034470975399017 -0.003740881336852908 -0.010497056879103184
f 1831 1832 1833
v 0.02900935895740986 -0.0032424747478216887 -0.010524951852858067
v 0.028034470975399017 -0.003740881336852908 -0.010497056879103184
v 0.027958093211054802 -0.003491957439109683 -0.010773652233183384
f 1834 1835 1836
v 0.027958093211054802 -0.003491957439109683 -0.010773652233183384
v 0.028034470975399017 -0.003740881336852908 -0.010497056879103184
v 0.02747642993927002 -0.003774066222831607 -0.010583274997770786
f 1837 1838 1839
v 0.027958093211054802 -0.003491957439109683 -0.010773652233183384
v 0.02747642993927002 -0.003774066222831607 -0.010583274997770786
v 0.02789931558072567 -0.0033003955613821745 -0.011088632978498936
f 1840 1841 1842
v 0.02789931558072567 -0.0033003955613821745 -0.011088632978498936
v 0.02747642993927002 -0.003774066222831607 -0.010583274997770786
v 0.02740916796028614 -0.0033293559681624174 -0.011268609203398228
f 1843 1844 1845
v 0.02789931558072567 -0.0033003955613821745 -0.011088632978498936
v 0.02740916796028614 -0.0033293559681624174 -0.011268609203398228
v 0.027859795838594437 -0.0031715899240225554 -0.011423164047300816
f 1846 1847 1848
v 0.027859795838594437 -0.0031715899240225554 -0.011423164047300816
v 0.02740916796028614 -0.0033293559681624174 -0.011268609203398228
v 0.02789628505706787 -0.0030907585751265287 -0.01172529999166727
f 1849 1850 1851
v 0.027859795838594437 -0.0031715899240225554 -0.011423164047300816
v 0.02789628505706787 -0.0030907585751265287 -0.01172529999166727
v 0.028797585517168045 -0.0029331042896956205 -0.010988825000822544
f 1852 1853 1854
v 0.028797585517168045 -0.0029331042896956205 -0.010988825000822544
v 0.02789628505706787 -0.0030907585751265287 -0.01172529999166727
v 0.028540870174765587 -0.00289822812192142 -0.011353516019880772
f 1855 1856 1857
v 0.028797585517168045 -0.0029331042896956205 -0.010988825000822544
v 0.028540870174765587 -0.00289822812192142 -0.011353516019880772
v 0.02865743078291416 -0.002855588449165225 -0.011284791864454746
f 1858 1859 1860
v 0.02697300910949707 -0.00522443326190114 -0.010000013746321201
v -0.026827141642570496 -0.00522443326190114 -0.010000013746321201
v -0.026827247813344002 -0.004599754232913256 -0.010100060142576694
f 1861 1862 1863
v 0.02697300910949707 -0.00522443326190114 -0.010000013746321201
v -0.026827247813344002 -0.004599754232913256 -0.010100060142576694
v 0.026972981169819832 -0.004286561626940966 -0.010233544744551182
f 1864 1865 1866
v 0.026972981169819832 -0.004286561626940966 -0.010233544744551182
v -0.026827247813344002 -0.004599754232913256 -0.010100060142576694
v -0.026827281340956688 -0.004411939997226 -0.010172479785978794
f 1867 1868 1869
v 0.026972981169819832 -0.004286561626940966 -0.010233544744551182
v -0.026827281340956688 -0.004411939997226 -0.010172479785978794
v 0.026972969993948936 -0.003725734306499362 -0.010675662197172642
f 1870 1871 1872
v -0.026827281340956688 -0.004411939997226 -0.010172479785978794
v -0.026827363297343254 -0.003985260147601366 -0.010430150665342808
v 0.026972969993948936 -0.003725734306499362 -0.010675662197172642
f 1873 1874 1875
v 0.026972969993948936 -0.003725734306499362 -0.010675662197172642
v -0.026827363297343254 -0.003985260147601366 -0.010430150665342808
v -0.02682742290198803 -0.0037260546814650297 -0.01067530456930399
f 1876 1877 1878
v 0.026972969993948936 -0.003725734306499362 -0.010675662197172642
v -0.02682742290198803 -0.0037260546814650297 -0.01067530456930399
v 0.026972968131303787 -0.003572960151359439 -0.010871880687773228
f 1879 1880 1881
v 0.026972968131303787 -0.003572960151359439 -0.010871880687773228
v -0.02682742290198803 -0.0037260546814650297 -0.01067530456930399
v -0.026827478781342506 -0.003521692706272006 -0.01095085684210062
f 1882 1883 1884
v -0.026828981935977936 -0.003239598823711276 -0.01224579755216837
v 0.026972979307174683 -0.003239591373130679 -0.012245737947523594
v -0.026827596127986908 -0.003264722181484103 -0.011600607074797153
f 1885 1886 1887
v -0.026827596127986908 -0.003264722181484103 -0.011600607074797153
v 0.026972979307174683 -0.003239591373130679 -0.012245737947523594
v 0.026972971856594086 -0.0032339065801352262 -0.011805587448179722
f 1888 1889 1890
v -0.026827596127986908 -0.003264722181484103 -0.011600607074797153
v 0.026972971856594086 -0.0032339065801352262 -0.011805587448179722
v -0.02682756446301937 -0.003311109496280551 -0.011417620815336704
f 1891 1892 1893
v -0.02682756446301937 -0.003311109496280551 -0.011417620815336704
v 0.026972971856594086 -0.0032339065801352262 -0.011805587448179722
v 0.026972969993948936 -0.003287722123786807 -0.011500858701765537
f 1894 1895 1896
v -0.02682756446301937 -0.003311109496280551 -0.011417620815336704
v 0.026972969993948936 -0.003287722123786807 -0.011500858701765537
v -0.026827478781342506 -0.003521692706272006 -0.01095085684210062
f 1897 1898 1899
v -0.026827478781342506 -0.003521692706272006 -0.01095085684210062
v 0.026972969993948936 -0.003287722123786807 -0.011500858701765537
v 0.026972968131303787 -0.0033036440145224333 -0.011442714370787144
f 1900 1901 1902
v -0.026827478781342506 -0.003521692706272006 -0.01095085684210062
v 0.026972968131303787 -0.0033036440145224333 -0.011442714370787144
v 0.026972968131303787 -0.003572960151359439 -0.010871880687773228
f 1903 1904 1905
v -0.026827596127986908 -0.003264722181484103 -0.011600607074797153
v -0.02682756446301937 -0.003311109496280551 -0.011417620815336704
v -0.027308404445648193 -0.0033395707141608 -0.011244350112974644
f 1906 1907 1908
v -0.026827478781342506 -0.003521692706272006 -0.01095085684210062
v -0.02682742290198803 -0.0037260546814650297 -0.01067530456930399
v -0.027367496863007545 -0.003772598458454013 -0.010586285032331944
f 1909 1910 1911
v -0.03020109049975872 -0.0023493438493460417 -0.010286533273756504
v -0.030093876644968987 -0.002839055610820651 -0.010212265886366367
v -0.030414996668696404 -0.0029635473620146513 -0.01008021179586649
f 1912 1913 1914
v -0.029966138303279877 -0.002000626875087619 -0.01051559392362833
v -0.02990519069135189 -0.0019368722569197416 -0.010575645603239536
v -0.03007636032998562 -0.0022827505599707365 -0.010378860868513584
f 1915 1916 1917
v -0.03007636032998562 -0.0022827505599707365 -0.010378860868513584
v -0.02990519069135189 -0.0019368722569197416 -0.010575645603239536
v -0.029866898432374 -0.002058495534583926 -0.010603182949125767
f 1918 1919 1920
v -0.03007636032998562 -0.0022827505599707365 -0.010378860868513584
v -0.029866898432374 -0.002058495534583926 -0.010603182949125767
v -0.029787231236696243 -0.0021832853090018034 -0.010651552118360996
f 1921 1922 1923
v -0.029966138303279877 -0.002000626875087619 -0.01051559392362833
v -0.03007636032998562 -0.0022827505599707365 -0.010378860868513584
v -0.03020109049975872 -0.0023493438493460417 -0.010286533273756504
f 1924 1925 1926
v -0.03020109049975872 -0.0023493438493460417 -0.010286533273756504
v -0.03007636032998562 -0.0022827505599707365 -0.010378860868513584
v -0.029772117733955383 -0.00261516566388309 -0.010470532812178135
f 1927 1928 1929
v -0.03020109049975872 -0.0023493438493460417 -0.010286533273756504
v -0.029772117733955383 -0.00261516566388309 -0.010470532812178135
v -0.030093876644968987 -0.002839055610820651 -0.010212265886366367
f 1930 1931 1932
v -0.03049902617931366 -0.0037557899486273527 -0.010000013746321201
v -0.029972657561302185 -0.003555071307346225 -0.01006689015775919
v -0.03023984283208847 -0.004004557151347399 -0.010000013746321201
f 1933 1934 1935
v -0.03023984283208847 -0.004004557151347399 -0.010000013746321201
v -0.029972657561302185 -0.003555071307346225 -0.01006689015775919
v -0.029401186853647232 -0.003916439134627581 -0.010084324516355991
f 1936 1937 1938
v -0.03023984283208847 -0.004004557151347399 -0.010000013746321201
v -0.029401186853647232 -0.003916439134627581 -0.010084324516355991
v -0.029710441827774048 -0.004400697071105242 -0.010000013746321201
f 1939 1940 1941
v -0.028121499344706535 -0.004346911329776049 -0.010125690139830112
v -0.026827281340956688 -0.004411939997226 -0.010172479785978794
v -0.026827247813344002 -0.004599754232913256 -0.010100060142576694
f 1942 1943 1944
v -0.029710441827774048 -0.004400697071105242 -0.010000013746321201
v -0.029401186853647232 -0.003916439134627581 -0.010084324516355991
v -0.02855684421956539 -0.004943524021655321 -0.010000013746321201
f 1945 1946 1947
v -0.02855684421956539 -0.004943524021655321 -0.010000013746321201
v -0.029401186853647232 -0.003916439134627581 -0.010084324516355991
v -0.028121499344706535 -0.004346911329776049 -0.010125690139830112
f 1948 1949 1950
v -0.02855684421956539 -0.004943524021655321 -0.010000013746321201
v -0.028121499344706535 -0.004346911329776049 -0.010125690139830112
v -0.028309237211942673 -0.005018953699618578 -0.010000013746321201
f 1951 1952 1953
v -0.028309237211942673 -0.005018953699618578 -0.010000013746321201
v -0.028121499344706535 -0.004346911329776049 -0.010125690139830112
v -0.026827247813344002 -0.004599754232913256 -0.010100060142576694
f 1954 1955 1956
v -0.028309237211942673 -0.005018953699618578 -0.010000013746321201
v -0.026827247813344002 -0.004599754232913256 -0.010100060142576694
v -0.026827141642570496 -0.00522443326190114 -0.010000013746321201
f 1957 1958 1959
v -0.026828981935977936 -0.003239598823711276 -0.01224579755216837
v -0.026827596127986908 -0.003264722181484103 -0.011600607074797153
v -0.027288105338811874 -0.0031927197705954313 -0.012001448310911655
f 1960 1961 1962
v -0.026827596127986908 -0.003264722181484103 -0.011600607074797153
v -0.027308404445648193 -0.0033395707141608 -0.011244350112974644
v -0.027288105338811874 -0.0031927197705954313 -0.012001448310911655
f 1963 1964 1965
v -0.027288105338811874 -0.0031927197705954313 -0.012001448310911655
v -0.027308404445648193 -0.0033395707141608 -0.011244350112974644
v -0.02783302217721939 -0.003314223838970065 -0.011068844236433506
f 1966 1967 1968
v -0.027288105338811874 -0.0031927197705954313 -0.012001448310911655
v -0.02783302217721939 -0.003314223838970065 -0.011068844236433506
v -0.027775494381785393 -0.0031084686052054167 -0.011744939722120762
f 1969 1970 1971
v -0.027775494381785393 -0.0031084686052054167 -0.011744939722120762
v -0.02783302217721939 -0.003314223838970065 -0.011068844236433506
v -0.028364768251776695 -0.003231194568797946 -0.010898911394178867
f 1972 1973 1974
v -0.027775494381785393 -0.0031084686052054167 -0.011744939722120762
v -0.028364768251776695 -0.003231194568797946 -0.010898911394178867
v -0.02804502844810486 -0.0030466660391539335 -0.01160233560949564
f 1975 1976 1977
v -0.02804502844810486 -0.0030466660391539335 -0.01160233560949564
v -0.028364768251776695 -0.003231194568797946 -0.010898911394178867
v -0.028783433139324188 -0.002949108136817813 -0.010983430780470371
f 1978 1979 1980
v -0.02804502844810486 -0.0030466660391539335 -0.01160233560949564
v -0.028783433139324188 -0.002949108136817813 -0.010983430780470371
v -0.028715353459119797 -0.0028421476017683744 -0.01123794261366129
f 1981 1982 1983
v -0.02963210828602314 -0.002517734421417117 -0.010632329620420933
v -0.029607340693473816 -0.002363410545513034 -0.010752999223768711
v -0.028783433139324188 -0.002949108136817813 -0.010983430780470371
f 1984 1985 1986
v -0.028783433139324188 -0.002949108136817813 -0.010983430780470371
v -0.029607340693473816 -0.002363410545513034 -0.010752999223768711
v -0.028998658061027527 -0.002726849867030978 -0.011082702316343784
f 1987 1988 1989
v -0.028783433139324188 -0.002949108136817813 -0.010983430780470371
v -0.028998658061027527 -0.002726849867030978 -0.011082702316343784
v -0.028715353459119797 -0.0028421476017683744 -0.01123794261366129
f 1990 1991 1992
v -0.03049902617931366 -0.0037557899486273527 -0.010000013746321201
v -0.030414996668696404 -0.0029635473620146513 -0.01008021179586649
v -0.029972657561302185 -0.003555071307346225 -0.01006689015775919
f 1993 1994 1995
v -0.029972657561302185 -0.003555071307346225 -0.01006689015775919
v -0.030414996668696404 -0.0029635473620146513 -0.01008021179586649
v -0.029640166088938713 -0.0031958266627043486 -0.010269307531416416
f 1996 1997 1998
v -0.029972657561302185 -0.003555071307346225 -0.01006689015775919
v -0.029640166088938713 -0.0031958266627043486 -0.010269307531416416
v -0.029401186853647232 -0.003916439134627581 -0.010084324516355991
f 1999 2000 2001
v -0.029401186853647232 -0.003916439134627581 -0.010084324516355991
v -0.029640166088938713 -0.0031958266627043486 -0.010269307531416416
v -0.029111655429005623 -0.0034630640875548124 -0.010337972082197666
f 2002 2003 2004
v -0.029401186853647232 -0.003916439134627581 -0.010084324516355991
v -0.029111655429005623 -0.0034630640875548124 -0.010337972082197666
v -0.028121499344706535 -0.004346911329776049 -0.010125690139830112
f 2005 2006 2007
v -0.028121499344706535 -0.004346911329776049 -0.010125690139830112
v -0.029111655429005623 -0.0034630640875548124 -0.010337972082197666
v -0.027953840792179108 -0.0037467300426214933 -0.010498308576643467
f 2008 2009 2010
v -0.028121499344706535 -0.004346911329776049 -0.010125690139830112
v -0.027953840792179108 -0.0037467300426214933 -0.010498308576643467
v -0.026827281340956688 -0.004411939997226 -0.010172479785978794
f 2011 2012 2013
v -0.026827281340956688 -0.004411939997226 -0.010172479785978794
v -0.027953840792179108 -0.0037467300426214933 -0.010498308576643467
v -0.027367496863007545 -0.003772598458454013 -0.010586285032331944
f 2014 2015 2016
v -0.026827281340956688 -0.004411939997226 -0.010172479785978794
v -0.027367496863007545 -0.003772598458454013 -0.010586285032331944
v -0.026827363297343254 -0.003985260147601366 -0.010430150665342808
f 2017 2018 2019
v -0.026827363297343254 -0.003985260147601366 -0.010430150665342808
v -0.027367496863007545 -0.003772598458454013 -0.010586285032331944
v -0.02682742290198803 -0.0037260546814650297 -0.01067530456930399
f 2020 2021 2022
v -0.030414996668696404 -0.0029635473620146513 -0.01008021179586649
v -0.030093876644968987 -0.002839055610820651 -0.010212265886366367
v -0.029640166088938713 -0.0031958266627043486 -0.010269307531416416
f 2023 2024 2025
v -0.029640166088938713 -0.0031958266627043486 -0.010269307531416416
v -0.030093876644968987 -0.002839055610820651 -0.010212265886366367
v -0.029772117733955383 -0.00261516566388309 -0.010470532812178135
f 2026 2027 2028
v -0.029640166088938713 -0.0031958266627043486 -0.010269307531416416
v -0.029772117733955383 -0.00261516566388309 -0.010470532812178135
v -0.029111655429005623 -0.0034630640875548124 -0.010337972082197666
f 2029 2030 2031
v -0.029111655429005623 -0.0034630640875548124 -0.010337972082197666
v -0.029772117733955383 -0.00261516566388309 -0.010470532812178135
v -0.028875073418021202 -0.003092606319114566 -0.010738634504377842
f 2032 2033 2034
v -0.029111655429005623 -0.0034630640875548124 -0.010337972082197666
v -0.028875073418021202 -0.003092606319114566 -0.010738634504377842
v -0.027953840792179108 -0.0037467300426214933 -0.010498308576643467
f 2035 2036 2037
v -0.02682756446301937 -0.003311109496280551 -0.011417620815336704
v -0.026827478781342506 -0.003521692706272006 -0.01095085684210062
v -0.027308404445648193 -0.0033395707141608 -0.011244350112974644
f 2038 2039 2040
v -0.027308404445648193 -0.0033395707141608 -0.011244350112974644
v -0.026827478781342506 -0.003521692706272006 -0.01095085684210062
v -0.027367496863007545 -0.003772598458454013 -0.010586285032331944
f 2041 2042 2043
v -0.027308404445648193 -0.0033395707141608 -0.011244350112974644
v -0.027367496863007545 -0.003772598458454013 -0.010586285032331944
v -0.02783302217721939 -0.003314223838970065 -0.011068844236433506
f 2044 2045 2046
v -0.02783302217721939 -0.003314223838970065 -0.011068844236433506
v -0.027367496863007545 -0.003772598458454013 -0.010586285032331944
v -0.027953840792179108 -0.0037467300426214933 -0.010498308576643467
f 2047 2048 2049
v -0.02783302217721939 -0.003314223838970065 -0.011068844236433506
v -0.027953840792179108 -0.0037467300426214933 -0.010498308576643467
v -0.028364768251776695 -0.003231194568797946 -0.010898911394178867
f 2050 2051 2052
v -0.028364768251776695 -0.003231194568797946 -0.010898911394178867
v -0.027953840792179108 -0.0037467300426214933 -0.010498308576643467
v -0.028875073418021202 -0.003092606319114566 -0.010738634504377842
f 2053 2054 2055
v -0.028364768251776695 -0.003231194568797946 -0.010898911394178867
v -0.028875073418021202 -0.003092606319114566 -0.010738634504377842
v -0.028783433139324188 -0.002949108136817813 -0.010983430780470371
f 2056 2057 2058
v -0.028783433139324188 -0.002949108136817813 -0.010983430780470371
v -0.028875073418021202 -0.003092606319114566 -0.010738634504377842
v -0.029772117733955383 -0.00261516566388309 -0.010470532812178135
f 2059 2060 2061
v -0.028783433139324188 -0.002949108136817813 -0.010983430780470371
v -0.029772117733955383 -0.00261516566388309 -0.010470532812178135
v -0.02963210828602314 -0.002517734421417117 -0.010632329620420933
f 2062 2063 2064
v -0.02963210828602314 -0.002517734421417117 -0.010632329620420933
v -0.029772117733955383 -0.00261516566388309 -0.010470532812178135
v -0.03007636032998562 -0.0022827505599707365 -0.010378860868513584
f 2065 2066 2067
v -0.02963210828602314 -0.002517734421417117 -0.010632329620420933
v -0.03007636032998562 -0.0022827505599707365 -0.010378860868513584
v -0.029607340693473816 -0.002363410545513034 -0.010752999223768711
f 2068 2069 2070
v -0.029607340693473816 -0.002363410545513034 -0.010752999223768711
v -0.03007636032998562 -0.0022827505599707365 -0.010378860868513584
v -0.029787231236696243 -0.0021832853090018034 -0.010651552118360996
f 2071 2072 2073
v -0.006169913336634636 0.011859933845698833 -0.008000009693205357
v -0.005661723203957081 0.012265200726687908 -0.008000009693205357
v -0.005841649603098631 0.01117828767746687 -0.008000009693205357
f 2074 2075 2076
v -0.005841649603098631 0.01117828767746687 -0.008000009693205357
v -0.005661723203957081 0.012265200726687908 -0.008000009693205357
v -0.00520794652402401 0.011322925798594952 -0.008000009693205357
f 2077 2078 2079
v -0.005841649603098631 0.01117828767746687 -0.008000009693205357
v -0.00520794652402401 0.011322925798594952 -0.008000009693205357
v -0.005841649603098631 0.010421711020171642 -0.008000009693205357
f 2080 2081 2082
v -0.005841649603098631 0.010421711020171642 -0.008000009693205357
v -0.00520794652402401 0.011322925798594952 -0.008000009693205357
v -0.00520794652402401 0.01027707289904356 -0.008000009693205357
f 2083 2084 2085
v -0.005841649603098631 0.010421711020171642 -0.008000009693205357
v -0.00520794652402401 0.01027707289904356 -0.008000009693205357
v -0.006169913336634636 0.009740064851939678 -0.008000009693205357
f 2086 2087 2088
v -0.006169913336634636 0.009740064851939678 -0.008000009693205357
v -0.00520794652402401 0.01027707289904356 -0.008000009693205357
v -0.005661723203957081 0.009334797970950603 -0.008000009693205357
f 2089 2090 2091
v -0.006169913336634636 0.009740064851939678 -0.008000009693205357
v -0.005661723203957081 0.009334797970950603 -0.008000009693205357
v -0.006761424709111452 0.009268353693187237 -0.008000009693205357
f 2092 2093 2094
v -0.006761424709111452 0.009268353693187237 -0.008000009693205357
v -0.005661723203957081 0.009334797970950603 -0.008000009693205357
v -0.006479400210082531 0.00868272315710783 -0.008000009693205357
f 2095 2096 2097
v -0.006761424709111452 0.009268353693187237 -0.008000009693205357
v -0.006479400210082531 0.00868272315710783 -0.008000009693205357
v -0.007499027065932751 0.009100000374019146 -0.008000009693205357
f 2098 2099 2100
v -0.007499027065932751 0.009100000374019146 -0.008000009693205357
v -0.006479400210082531 0.00868272315710783 -0.008000009693205357
v -0.007499027065932751 0.008449996821582317 -0.008000009693205357
f 2101 2102 2103
v -0.007499027065932751 0.009100000374019146 -0.008000009693205357
v -0.007499027065932751 0.008449996821582317 -0.008000009693205357
v -0.00834902748465538 0.00932775717228651 -0.008000009693205357
f 2104 2105 2106
v -0.00834902748465538 0.00932775717228651 -0.008000009693205357
v -0.007499027065932751 0.008449996821582317 -0.008000009693205357
v -0.008674027398228645 0.008764843456447124 -0.008000009693205357
f 2107 2108 2109
v -0.00834902748465538 0.00932775717228651 -0.008000009693205357
v -0.008674027398228645 0.008764843456447124 -0.008000009693205357
v -0.00897127017378807 0.009949999861419201 -0.008000009693205357
f 2110 2111 2112
v -0.00897127017378807 0.009949999861419201 -0.008000009693205357
v -0.008674027398228645 0.008764843456447124 -0.008000009693205357
v -0.00953418668359518 0.009624998085200787 -0.008000009693205357
f 2113 2114 2115
v -0.00897127017378807 0.009949999861419201 -0.008000009693205357
v -0.00953418668359518 0.009624998085200787 -0.008000009693205357
v -0.009199026972055435 0.010799999348819256 -0.008000009693205357
f 2116 2117 2118
v -0.009199026972055435 0.010799999348819256 -0.008000009693205357
v -0.00953418668359518 0.009624998085200787 -0.008000009693205357
v -0.009849026799201965 0.010799999348819256 -0.008000009693205357
f 2119 2120 2121
v -0.009199026972055435 0.010799999348819256 -0.008000009693205357
v -0.009849026799201965 0.010799999348819256 -0.008000009693205357
v -0.00897127017378807 0.01164999883621931 -0.008000009693205357
f 2122 2123 2124
v -0.00897127017378807 0.01164999883621931 -0.008000009693205357
v -0.009849026799201965 0.010799999348819256 -0.008000009693205357
v -0.00953418668359518 0.011975000612437725 -0.008000009693205357
f 2125 2126 2127
v -0.00897127017378807 0.01164999883621931 -0.008000009693205357
v -0.00953418668359518 0.011975000612437725 -0.008000009693205357
v -0.00834902748465538 0.012272241525352001 -0.008000009693205357
f 2128 2129 2130
v -0.00834902748465538 0.012272241525352001 -0.008000009693205357
v -0.00953418668359518 0.011975000612437725 -0.008000009693205357
v -0.008674027398228645 0.012835162691771984 -0.008000009693205357
f 2131 2132 2133
v -0.00834902748465538 0.012272241525352001 -0.008000009693205357
v -0.008674027398228645 0.012835162691771984 -0.008000009693205357
v -0.007499027065932751 0.012499998323619366 -0.008000009693205357
f 2134 2135 2136
v -0.007499027065932751 0.012499998323619366 -0.008000009693205357
v -0.008674027398228645 0.012835162691771984 -0.008000009693205357
v -0.007499027065932751 0.013150001876056194 -0.008000009693205357
f 2137 2138 2139
v -0.007499027065932751 0.012499998323619366 -0.008000009693205357
v -0.007499027065932751 0.013150001876056194 -0.008000009693205357
v -0.006761424709111452 0.012331645004451275 -0.008000009693205357
f 2140 2141 2142
v -0.006761424709111452 0.012331645004451275 -0.008000009693205357
v -0.007499027065932751 0.013150001876056194 -0.008000009693205357
v -0.006479400210082531 0.012917275540530682 -0.008000009693205357
f 2143 2144 2145
v -0.006761424709111452 0.012331645004451275 -0.008000009693205357
v -0.006479400210082531 0.012917275540530682 -0.008000009693205357
v -0.006169913336634636 0.011859933845698833 -0.008000009693205357
f 2146 2147 2148
v -0.006169913336634636 0.011859933845698833 -0.008000009693205357
v -0.006479400210082531 0.012917275540530682 -0.008000009693205357
v -0.005661723203957081 0.012265200726687908 -0.008000009693205357
f 2149 2150 2151
v 0.00566366920247674 0.009334797970950603 -0.008000009693205357
v 0.005209892522543669 0.01027707289904356 -0.008000009693205357
v 0.005800973158329725 0.010799999348819256 -0.008000009693205357
f 2152 2153 2154
v 0.005800973158329725 0.010799999348819256 -0.008000009693205357
v 0.005209892522543669 0.01027707289904356 -0.008000009693205357
v 0.005209892522543669 0.011322925798594952 -0.008000009693205357
f 2155 2156 2157
v 0.005800973158329725 0.010799999348819256 -0.008000009693205357
v 0.005209892522543669 0.011322925798594952 -0.008000009693205357
v 0.00602872995659709 0.01164999883621931 -0.008000009693205357
f 2158 2159 2160
v 0.00602872995659709 0.01164999883621931 -0.008000009693205357
v 0.005209892522543669 0.011322925798594952 -0.008000009693205357
v 0.00566366920247674 0.012265200726687908 -0.008000009693205357
f 2161 2162 2163
v 0.00602872995659709 0.01164999883621931 -0.008000009693205357
v 0.00566366920247674 0.012265200726687908 -0.008000009693205357
v 0.0066509731113910675 0.012272241525352001 -0.008000009693205357
f 2164 2165 2166
v 0.0066509731113910675 0.012272241525352001 -0.008000009693205357
v 0.00566366920247674 0.012265200726687908 -0.008000009693205357
v 0.00648134620860219 0.012917275540530682 -0.008000009693205357
f 2167 2168 2169
v 0.0066509731113910675 0.012272241525352001 -0.008000009693205357
v 0.00648134620860219 0.012917275540530682 -0.008000009693205357
v 0.00750097306445241 0.012499998323619366 -0.008000009693205357
f 2170 2171 2172
v 0.00750097306445241 0.012499998323619366 -0.008000009693205357
v 0.00648134620860219 0.012917275540530682 -0.008000009693205357
v 0.00750097306445241 0.013150001876056194 -0.008000009693205357
f 2173 2174 2175
v 0.00750097306445241 0.012499998323619366 -0.008000009693205357
v 0.00750097306445241 0.013150001876056194 -0.008000009693205357
v 0.008350973017513752 0.012272241525352001 -0.008000009693205357
f 2176 2177 2178
v 0.008350973017513752 0.012272241525352001 -0.008000009693205357
v 0.00750097306445241 0.013150001876056194 -0.008000009693205357
v 0.008675972931087017 0.012835162691771984 -0.008000009693205357
f 2179 2180 2181
v 0.008350973017513752 0.012272241525352001 -0.008000009693205357
v 0.008675972931087017 0.012835162691771984 -0.008000009693205357
v 0.008973215706646442 0.01164999883621931 -0.008000009693205357
f 2182 2183 2184
v 0.008973215706646442 0.01164999883621931 -0.008000009693205357
v 0.008675972931087017 0.012835162691771984 -0.008000009693205357
v 0.009536132216453552 0.011975000612437725 -0.008000009693205357
f 2185 2186 2187
v 0.008973215706646442 0.01164999883621931 -0.008000009693205357
v 0.009536132216453552 0.011975000612437725 -0.008000009693205357
v 0.009200973436236382 0.010799999348819256 -0.008000009693205357
f 2188 2189 2190
v 0.009200973436236382 0.010799999348819256 -0.008000009693205357
v 0.009536132216453552 0.011975000612437725 -0.008000009693205357
v 0.009850973263382912 0.010799999348819256 -0.008000009693205357
f 2191 2192 2193
v 0.009200973436236382 0.010799999348819256 -0.008000009693205357
v 0.009850973263382912 0.010799999348819256 -0.008000009693205357
v 0.008973215706646442 0.009949999861419201 -0.008000009693205357
f 2194 2195 2196
v 0.008973215706646442 0.009949999861419201 -0.008000009693205357
v 0.009850973263382912 0.010799999348819256 -0.008000009693205357
v 0.009536132216453552 0.009624998085200787 -0.008000009693205357
f 2197 2198 2199
v 0.008973215706646442 0.009949999861419201 -0.008000009693205357
v 0.009536132216453552 0.009624998085200787 -0.008000009693205357
v 0.008350973017513752 0.00932775717228651 -0.008000009693205357
f 2200 2201 2202
v 0.008350973017513752 0.00932775717228651 -0.008000009693205357
v 0.009536132216453552 0.009624998085200787 -0.008000009693205357
v 0.008675972931087017 0.008764843456447124 -0.008000009693205357
f 2203 2204 2205
v 0.008350973017513752 0.00932775717228651 -0.008000009693205357
v 0.008675972931087017 0.008764843456447124 -0.008000009693205357
v 0.00750097306445241 0.009100000374019146 -0.008000009693205357
f 2206 2207 2208
v 0.00750097306445241 0.009100000374019146 -0.008000009693205357
v 0.008675972931087017 0.008764843456447124 -0.008000009693205357
v 0.00750097306445241 0.008449996821582317 -0.008000009693205357
f 2209 2210 2211
v 0.00750097306445241 0.009100000374019146 -0.008000009693205357
v 0.00750097306445241 0.008449996821582317 -0.008000009693205357
v 0.0066509731113910675 0.00932775717228651 -0.008000009693205357
f 2212 2213 2214
v 0.0066509731113910675 0.00932775717228651 -0.008000009693205357
v 0.00750097306445241 0.008449996821582317 -0.008000009693205357
v 0.00648134620860219 0.00868272315710783 -0.008000009693205357
f 2215 2216 2217
v 0.0066509731113910675 0.00932775717228651 -0.008000009693205357
v 0.00648134620860219 0.00868272315710783 -0.008000009693205357
v 0.00602872995659709 0.009949999861419201 -0.008000009693205357
f 2218 2219 2220
v 0.00602872995659709 0.009949999861419201 -0.008000009693205357
v 0.00648134620860219 0.00868272315710783 -0.008000009693205357
v 0.00566366920247674 0.009334797970950603 -0.008000009693205357
f 2221 2222 2223
v 0.00602872995659709 0.009949999861419201 -0.008000009693205357
v 0.00566366920247674 0.009334797970950603 -0.008000009693205357
v 0.005800973158329725 0.010799999348819256 -0.008000009693205357
f 2224 2225 2226
v 0.008830086328089237 -0.011859935708343983 -0.008000009693205357
v 0.009338277392089367 -0.012265202589333057 -0.008000009693205357
v 0.008238575421273708 -0.012331646867096424 -0.008000009693205357
f 2227 2228 2229
v 0.008238575421273708 -0.012331646867096424 -0.008000009693205357
v 0.009338277392089367 -0.012265202589333057 -0.008000009693205357
v 0.008520599454641342 -0.01291727740317583 -0.008000009693205357
f 2230 2231 2232
v 0.008238575421273708 -0.012331646867096424 -0.008000009693205357
v 0.008520599454641342 -0.01291727740317583 -0.008000009693205357
v 0.00750097306445241 -0.012500000186264515 -0.008000009693205357
f 2233 2234 2235
v 0.00750097306445241 -0.012500000186264515 -0.008000009693205357
v 0.008520599454641342 -0.01291727740317583 -0.008000009693205357
v 0.00750097306445241 -0.013150003738701344 -0.008000009693205357
f 2236 2237 2238
v 0.00750097306445241 -0.012500000186264515 -0.008000009693205357
v 0.00750097306445241 -0.013150003738701344 -0.008000009693205357
v 0.0066509731113910675 -0.01227224338799715 -0.008000009693205357
f 2239 2240 2241
v 0.0066509731113910675 -0.01227224338799715 -0.008000009693205357
v 0.00750097306445241 -0.013150003738701344 -0.008000009693205357
v 0.006325973197817802 -0.012835157103836536 -0.008000009693205357
f 2242 2243 2244
v 0.0066509731113910675 -0.01227224338799715 -0.008000009693205357
v 0.006325973197817802 -0.012835157103836536 -0.008000009693205357
v 0.00602872995659709 -0.01165000069886446 -0.008000009693205357
f 2245 2246 2247
v 0.00602872995659709 -0.01165000069886446 -0.008000009693205357
v 0.006325973197817802 -0.012835157103836536 -0.008000009693205357
v 0.00546581344678998 -0.011975002475082874 -0.008000009693205357
f 2248 2249 2250
v 0.00602872995659709 -0.01165000069886446 -0.008000009693205357
v 0.00546581344678998 -0.011975002475082874 -0.008000009693205357
v 0.005800973158329725 -0.010800001211464405 -0.008000009693205357
f 2251 2252 2253
v 0.005800973158329725 -0.010800001211464405 -0.008000009693205357
v 0.00546581344678998 -0.011975002475082874 -0.008000009693205357
v 0.005150972865521908 -0.010800001211464405 -0.008000009693205357
f 2254 2255 2256
v 0.005800973158329725 -0.010800001211464405 -0.008000009693205357
v 0.005150972865521908 -0.010800001211464405 -0.008000009693205357
v 0.00602872995659709 -0.00995000172406435 -0.008000009693205357
f 2257 2258 2259
v 0.00602872995659709 -0.00995000172406435 -0.008000009693205357
v 0.005150972865521908 -0.010800001211464405 -0.008000009693205357
v 0.00546581344678998 -0.009624999947845936 -0.008000009693205357
f 2260 2261 2262
v 0.00602872995659709 -0.00995000172406435 -0.008000009693205357
v 0.00546581344678998 -0.009624999947845936 -0.008000009693205357
v 0.0066509731113910675 -0.00932775903493166 -0.008000009693205357
f 2263 2264 2265
v 0.0066509731113910675 -0.00932775903493166 -0.008000009693205357
v 0.00546581344678998 -0.009624999947845936 -0.008000009693205357
v 0.006325973197817802 -0.008764837868511677 -0.008000009693205357
f 2266 2267 2268
v 0.0066509731113910675 -0.00932775903493166 -0.008000009693205357
v 0.006325973197817802 -0.008764837868511677 -0.008000009693205357
v 0.00750097306445241 -0.009100002236664295 -0.008000009693205357
f 2269 2270 2271
v 0.00750097306445241 -0.009100002236664295 -0.008000009693205357
v 0.006325973197817802 -0.008764837868511677 -0.008000009693205357
v 0.00750097306445241 -0.008449998684227467 -0.008000009693205357
f 2272 2273 2274
v 0.00750097306445241 -0.009100002236664295 -0.008000009693205357
v 0.00750097306445241 -0.008449998684227467 -0.008000009693205357
v 0.008238575421273708 -0.009268355555832386 -0.008000009693205357
f 2275 2276 2277
v 0.008238575421273708 -0.009268355555832386 -0.008000009693205357
v 0.00750097306445241 -0.008449998684227467 -0.008000009693205357
v 0.008520599454641342 -0.00868272501975298 -0.008000009693205357
f 2278 2279 2280
v 0.008238575421273708 -0.009268355555832386 -0.008000009693205357
v 0.008520599454641342 -0.00868272501975298 -0.008000009693205357
v 0.008830086328089237 -0.009740066714584827 -0.008000009693205357
f 2281 2282 2283
v 0.008830086328089237 -0.009740066714584827 -0.008000009693205357
v 0.008520599454641342 -0.00868272501975298 -0.008000009693205357
v 0.009338277392089367 -0.009334799833595753 -0.008000009693205357
f 2284 2285 2286
v 0.008830086328089237 -0.009740066714584827 -0.008000009693205357
v 0.009338277392089367 -0.009334799833595753 -0.008000009693205357
v 0.00915835052728653 -0.010421712882816792 -0.008000009693205357
f 2287 2288 2289
v 0.00915835052728653 -0.010421712882816792 -0.008000009693205357
v 0.009338277392089367 -0.009334799833595753 -0.008000009693205357
v 0.009792053140699863 -0.01027707476168871 -0.008000009693205357
f 2290 2291 2292
v 0.00915835052728653 -0.010421712882816792 -0.008000009693205357
v 0.009792053140699863 -0.01027707476168871 -0.008000009693205357
v 0.00915835052728653 -0.011178289540112019 -0.008000009693205357
f 2293 2294 2295
v 0.00915835052728653 -0.011178289540112019 -0.008000009693205357
v 0.009792053140699863 -0.01027707476168871 -0.008000009693205357
v 0.009792053140699863 -0.0113229276612401 -0.008000009693205357
f 2296 2297 2298
v 0.00915835052728653 -0.011178289540112019 -0.008000009693205357
v 0.009792053140699863 -0.0113229276612401 -0.008000009693205357
v 0.008830086328089237 -0.011859935708343983 -0.008000009693205357
f 2299 2300 2301
v 0.008830086328089237 -0.011859935708343983 -0.008000009693205357
v 0.009792053140699863 -0.0113229276612401 -0.008000009693205357
v 0.009338277392089367 -0.012265202589333057 -0.008000009693205357
f 2302 2303 2304
v -0.006026783958077431 -0.01165000069886446 -0.008000009693205357
v -0.005463867448270321 -0.011975002475082874 -0.008000009693205357
v -0.0066490271128714085 -0.01227224338799715 -0.008000009693205357
f 2305 2306 2307
v -0.0066490271128714085 -0.01227224338799715 -0.008000009693205357
v -0.005463867448270321 -0.011975002475082874 -0.008000009693205357
v -0.006324027199298143 -0.012835157103836536 -0.008000009693205357
f 2308 2309 2310
v -0.0066490271128714085 -0.01227224338799715 -0.008000009693205357
v -0.006324027199298143 -0.012835157103836536 -0.008000009693205357
v -0.007499027065932751 -0.012500000186264515 -0.008000009693205357
f 2311 2312 2313
v -0.007499027065932751 -0.012500000186264515 -0.008000009693205357
v -0.006324027199298143 -0.012835157103836536 -0.008000009693205357
v -0.007499027065932751 -0.013150003738701344 -0.008000009693205357
f 2314 2315 2316
v -0.007499027065932751 -0.012500000186264515 -0.008000009693205357
v -0.007499027065932751 -0.013150003738701344 -0.008000009693205357
v -0.00834902748465538 -0.01227224338799715 -0.008000009693205357
f 2317 2318 2319
v -0.00834902748465538 -0.01227224338799715 -0.008000009693205357
v -0.007499027065932751 -0.013150003738701344 -0.008000009693205357
v -0.008674027398228645 -0.012835157103836536 -0.008000009693205357
f 2320 2321 2322
v -0.00834902748465538 -0.01227224338799715 -0.008000009693205357
v -0.008674027398228645 -0.012835157103836536 -0.008000009693205357
v -0.00897127017378807 -0.01165000069886446 -0.008000009693205357
f 2323 2324 2325
v -0.00897127017378807 -0.01165000069886446 -0.008000009693205357
v -0.008674027398228645 -0.012835157103836536 -0.008000009693205357
v -0.00953418668359518 -0.011975002475082874 -0.008000009693205357
f 2326 2327 2328
v -0.00897127017378807 -0.01165000069886446 -0.008000009693205357
v -0.00953418668359518 -0.011975002475082874 -0.008000009693205357
v -0.009199026972055435 -0.010800001211464405 -0.008000009693205357
f 2329 2330 2331
v -0.009199026972055435 -0.010800001211464405 -0.008000009693205357
v -0.00953418668359518 -0.011975002475082874 -0.008000009693205357
v -0.009849026799201965 -0.010800001211464405 -0.008000009693205357
f 2332 2333 2334
v -0.009199026972055435 -0.010800001211464405 -0.008000009693205357
v -0.009849026799201965 -0.010800001211464405 -0.008000009693205357
v -0.00897127017378807 -0.00995000172406435 -0.008000009693205357
f 2335 2336 2337
v -0.00897127017378807 -0.00995000172406435 -0.008000009693205357
v -0.009849026799201965 -0.010800001211464405 -0.008000009693205357
v -0.00953418668359518 -0.009624999947845936 -0.008000009693205357
f 2338 2339 2340
v -0.00897127017378807 -0.00995000172406435 -0.008000009693205357
v -0.00953418668359518 -0.009624999947845936 -0.008000009693205357
v -0.00834902748465538 -0.00932775903493166 -0.008000009693205357
f 2341 2342 2343
v -0.00834902748465538 -0.00932775903493166 -0.008000009693205357
v -0.00953418668359518 -0.009624999947845936 -0.008000009693205357
v -0.008674027398228645 -0.008764837868511677 -0.008000009693205357
f 2344 2345 2346
v -0.00834902748465538 -0.00932775903493166 -0.008000009693205357
v -0.008674027398228645 -0.008764837868511677 -0.008000009693205357
v -0.007499027065932751 -0.009100002236664295 -0.008000009693205357
f 2347 2348 2349
v -0.007499027065932751 -0.009100002236664295 -0.008000009693205357
v -0.008674027398228645 -0.008764837868511677 -0.008000009693205357
v -0.007499027065932751 -0.008449998684227467 -0.008000009693205357
f 2350 2351 2352
v -0.007499027065932751 -0.009100002236664295 -0.008000009693205357
v -0.007499027065932751 -0.008449998684227467 -0.008000009693205357
v -0.0066490271128714085 -0.00932775903493166 -0.008000009693205357
f 2353 2354 2355
v -0.0066490271128714085 -0.00932775903493166 -0.008000009693205357
v -0.007499027065932751 -0.008449998684227467 -0.008000009693205357
v -0.006324027199298143 -0.008764837868511677 -0.008000009693205357
f 2356 2357 2358
v -0.0066490271128714085 -0.00932775903493166 -0.008000009693205357
v -0.006324027199298143 -0.008764837868511677 -0.008000009693205357
v -0.006026783958077431 -0.00995000172406435 -0.008000009693205357
f 2359 2360 2361
v -0.006026783958077431 -0.00995000172406435 -0.008000009693205357
v -0.006324027199298143 -0.008764837868511677 -0.008000009693205357
v -0.005463867448270321 -0.009624999947845936 -0.008000009693205357
f 2362 2363 2364
v -0.006026783958077431 -0.00995000172406435 -0.008000009693205357
v -0.005463867448270321 -0.009624999947845936 -0.008000009693205357
v -0.005799027159810066 -0.010800001211464405 -0.008000009693205357
f 2365 2366 2367
v -0.005799027159810066 -0.010800001211464405 -0.008000009693205357
v -0.005463867448270321 -0.009624999947845936 -0.008000009693205357
v -0.005149026867002249 -0.010800001211464405 -0.008000009693205357
f 2368 2369 2370
v -0.005799027159810066 -0.010800001211464405 -0.008000009693205357
v -0.005149026867002249 -0.010800001211464405 -0.008000009693205357
v -0.006026783958077431 -0.01165000069886446 -0.008000009693205357
f 2371 2372 2373
v -0.006026783958077431 -0.01165000069886446 -0.008000009693205357
v -0.005149026867002249 -0.010800001211464405 -0.008000009693205357
v -0.005463867448270321 -0.011975002475082874 -0.008000009693205357
f 2374 2375 2376
v 0.027500972151756287 0.014800000004470348 -0.010000013746321201
v 0.027500972151756287 0.014800000004470348 -0.004999988712370396
v 0.028649022802710533 0.014571639709174633 -0.004999988712370396
f 2377 2378 2379
v 0.027500972151756287 0.014800000004470348 -0.010000013746321201
v 0.028649022802710533 0.014571639709174633 -0.004999988712370396
v 0.028649022802710533 0.014571639709174633 -0.010000013746321201
f 2380 2381 2382
v 0.028649022802710533 0.014571639709174633 -0.010000013746321201
v 0.028649022802710533 0.014571639709174633 -0.004999988712370396
v 0.029622294008731842 0.013921323232352734 -0.004999988712370396
f 2383 2384 2385
v 0.028649022802710533 0.014571639709174633 -0.010000013746321201
v 0.029622294008731842 0.013921323232352734 -0.004999988712370396
v 0.029622294008731842 0.013921323232352734 -0.010000013746321201
f 2386 2387 2388
v 0.029622294008731842 0.013921323232352734 -0.010000013746321201
v 0.029622294008731842 0.013921323232352734 -0.004999988712370396
v 0.03027261234819889 0.012948046438395977 -0.004999988712370396
f 2389 2390 2391
v 0.029622294008731842 0.013921323232352734 -0.010000013746321201
v 0.03027261234819889 0.012948046438395977 -0.004999988712370396
v 0.03027261234819889 0.012948046438395977 -0.010000013746321201
f 2392 2393 2394
v 0.03027261234819889 0.012948046438395977 -0.010000013746321201
v 0.03027261234819889 0.012948046438395977 -0.004999988712370396
v 0.030500972643494606 0.011800001375377178 -0.004999988712370396
f 2395 2396 2397
v 0.03027261234819889 0.012948046438395977 -0.010000013746321201
v 0.030500972643494606 0.011800001375377178 -0.004999988712370396
v 0.030500972643494606 0.011800001375377178 -0.010000013746321201
f 2398 2399 2400
v 0.027500972151756287 -0.014800001867115498 -0.004999988712370396
v 0.027500972151756287 -0.014800001867115498 -0.010000013746321201
v 0.028649022802710533 -0.014571641571819782 -0.010000013746321201
f 2401 2402 2403
v 0.027500972151756287 -0.014800001867115498 -0.004999988712370396
v 0.028649022802710533 -0.014571641571819782 -0.010000013746321201
v 0.028649022802710533 -0.014571641571819782 -0.004999988712370396
f 2404 2405 2406
v 0.028649022802710533 -0.014571641571819782 -0.004999988712370396
v 0.028649022802710533 -0.014571641571819782 -0.010000013746321201
v 0.029622294008731842 -0.013921317644417286 -0.010000013746321201
f 2407 2408 2409
v 0.028649022802710533 -0.014571641571819782 -0.004999988712370396
v 0.029622294008731842 -0.013921317644417286 -0.010000013746321201
v 0.029622294008731842 -0.013921317644417286 -0.004999988712370396
f 2410 2411 2412
v 0.029622294008731842 -0.013921317644417286 -0.004999988712370396
v 0.029622294008731842 -0.013921317644417286 -0.010000013746321201
v 0.03027261234819889 -0.012948048301041126 -0.010000013746321201
f 2413 2414 2415
v 0.029622294008731842 -0.013921317644417286 -0.004999988712370396
v 0.03027261234819889 -0.012948048301041126 -0.010000013746321201
v 0.03027261234819889 -0.012948048301041126 -0.004999988712370396
f 2416 2417 2418
v 0.03027261234819889 -0.012948048301041126 -0.004999988712370396
v 0.03027261234819889 -0.012948048301041126 -0.010000013746321201
v 0.030500972643494606 -0.011800003238022327 -0.010000013746321201
f 2419 2420 2421
v 0.03027261234819889 -0.012948048301041126 -0.004999988712370396
v 0.030500972643494606 -0.011800003238022327 -0.010000013746321201
v 0.030500972643494606 -0.011800003238022327 -0.004999988712370396
f 2422 2423 2424
v -0.03049902617931366 0.011800001375377178 -0.010000013746321201
v -0.03049902617931366 0.011800001375377178 -0.004999988712370396
v -0.030439160764217377 0.012396330945193768 -0.010057174600660801
f 2425 2426 2427
v -0.030439160764217377 0.012396330945193768 -0.010057174600660801
v -0.03049902617931366 0.011800001375377178 -0.004999988712370396
v -0.030313601717352867 0.012838351540267467 -0.004999988712370396
f 2428 2429 2430
v -0.029620347544550896 0.013921323232352734 -0.010000013746321201
v -0.03007189929485321 0.01334283035248518 -0.010000013746321201
v -0.030313601717352867 0.012838351540267467 -0.004999988712370396
f 2431 2432 2433
v -0.030313601717352867 0.012838351540267467 -0.004999988712370396
v -0.03007189929485321 0.01334283035248518 -0.010000013746321201
v -0.030386434867978096 0.012614171020686626 -0.01003249827772379
f 2434 2435 2436
v -0.030313601717352867 0.012838351540267467 -0.004999988712370396
v -0.030386434867978096 0.012614171020686626 -0.01003249827772379
v -0.030439160764217377 0.012396330945193768 -0.010057174600660801
f 2437 2438 2439
v -0.030313601717352867 0.012838351540267467 -0.004999988712370396
v -0.029620347544550896 0.013921323232352734 -0.004999988712370396
v -0.029620347544550896 0.013921323232352734 -0.010000013746321201
f 2440 2441 2442
v -0.029620347544550896 0.013921323232352734 -0.010000013746321201
v -0.029620347544550896 0.013921323232352734 -0.004999988712370396
v -0.02853737771511078 0.014614577405154705 -0.004999988712370396
f 2443 2444 2445
v -0.029620347544550896 0.013921323232352734 -0.010000013746321201
v -0.02853737771511078 0.014614577405154705 -0.004999988712370396
v -0.02853737771511078 0.014614577405154705 -0.010000013746321201
f 2446 2447 2448
v -0.02853737771511078 0.014614577405154705 -0.010000013746321201
v -0.02853737771511078 0.014614577405154705 -0.004999988712370396
v -0.02749902755022049 0.014800000004470348 -0.004999988712370396
f 2449 2450 2451
v -0.02853737771511078 0.014614577405154705 -0.010000013746321201
v -0.02749902755022049 0.014800000004470348 -0.004999988712370396
v -0.02749902755022049 0.014800000004470348 -0.010000013746321201
f 2452 2453 2454
v -0.03049902617931366 -0.011800003238022327 -0.004999988712370396
v -0.03049902617931366 -0.011800003238022327 -0.010000013746321201
v -0.030097102746367455 -0.013299998827278614 -0.010000013746321201
f 2455 2456 2457
v -0.03049902617931366 -0.011800003238022327 -0.004999988712370396
v -0.030097102746367455 -0.013299998827278614 -0.010000013746321201
v -0.030097102746367455 -0.013299998827278614 -0.004999988712370396
f 2458 2459 2460
v -0.030097102746367455 -0.013299998827278614 -0.004999988712370396
v -0.030097102746367455 -0.013299998827278614 -0.010000013746321201
v -0.028999026864767075 -0.014398072846233845 -0.010000013746321201
f 2461 2462 2463
v -0.030097102746367455 -0.013299998827278614 -0.004999988712370396
v -0.028999026864767075 -0.014398072846233845 -0.010000013746321201
v -0.028999026864767075 -0.014398072846233845 -0.004999988712370396
f 2464 2465 2466
v -0.028999026864767075 -0.014398072846233845 -0.004999988712370396
v -0.028999026864767075 -0.014398072846233845 -0.010000013746321201
v -0.02749902755022049 -0.014800001867115498 -0.010000013746321201
f 2467 2468 2469
v -0.028999026864767075 -0.014398072846233845 -0.004999988712370396
v -0.02749902755022049 -0.014800001867115498 -0.010000013746321201
v -0.02749902755022049 -0.014800001867115498 -0.004999988712370396
f 2470 2471 2472
v -0.02749902755022049 -0.014800001867115498 -0.010000013746321201
v 0.027500972151756287 -0.014800001867115498 -0.010000013746321201
v -0.010099027305841446 -0.014800001867115498 -0.004999988712370396
f 2473 2474 2475
v -0.010099027305841446 -0.014800001867115498 -0.004999988712370396
v 0.027500972151756287 -0.014800001867115498 -0.010000013746321201
v 0.027500972151756287 -0.014800001867115498 -0.004999988712370396
f 2476 2477 2478
v -0.02749902755022049 -0.014800001867115498 -0.004999988712370396
v -0.02749902755022049 -0.014800001867115498 -0.010000013746321201
v -0.014099027030169964 -0.014800001867115498 -0.004999988712370396
f 2479 2480 2481
v -0.014099027030169964 -0.014800001867115498 -0.004999988712370396
v -0.02749902755022049 -0.014800001867115498 -0.010000013746321201
v -0.010099027305841446 -0.014800001867115498 -0.004999988712370396
f 2482 2483 2484
v -0.014099027030169964 -0.014800001867115498 -0.004999988712370396
v -0.010099027305841446 -0.014800001867115498 -0.004999988712370396
v -0.014099027030169964 -0.014800001867115498 0.00779998954385519
f 2485 2486 2487
v -0.014099027030169964 -0.014800001867115498 0.00779998954385519
v -0.010099027305841446 -0.014800001867115498 -0.004999988712370396
v -0.010099027305841446 -0.014800001867115498 0.00779998954385519
f 2488 2489 2490
v 0.019368816167116165 0.014800000004470348 -0.010000013746321201
v -0.02749902755022049 0.014800000004470348 -0.010000013746321201
v -0.014099027030169964 0.014800000004470348 -0.004999988712370396
f 2491 2492 2493
v -0.014099027030169964 0.014800000004470348 -0.004999988712370396
v -0.02749902755022049 0.014800000004470348 -0.010000013746321201
v -0.02749902755022049 0.014800000004470348 -0.004999988712370396
f 2494 2495 2496
v 0.027500972151756287 0.014800000004470348 -0.010000013746321201
v 0.024466663599014282 0.014799992553889751 -0.010000013746321201
v 0.027500972151756287 0.014800000004470348 -0.004999988712370396
f 2497 2498 2499
v 0.027500972151756287 0.014800000004470348 -0.004999988712370396
v 0.024466663599014282 0.014799992553889751 -0.010000013746321201
v 0.019368816167116165 0.014800000004470348 -0.010000013746321201
f 2500 2501 2502
v 0.027500972151756287 0.014800000004470348 -0.004999988712370396
v 0.019368816167116165 0.014800000004470348 -0.010000013746321201
v -0.010099027305841446 0.014800000004470348 -0.004999988712370396
f 2503 2504 2505
v -0.010099027305841446 0.014800000004470348 -0.004999988712370396
v 0.019368816167116165 0.014800000004470348 -0.010000013746321201
v -0.014099027030169964 0.014800000004470348 -0.004999988712370396
f 2506 2507 2508
v -0.010099027305841446 0.014800000004470348 -0.004999988712370396
v -0.014099027030169964 0.014800000004470348 -0.004999988712370396
v -0.010099027305841446 0.014800000004470348 0.00779998954385519
f 2509 2510 2511
v -0.010099027305841446 0.014800000004470348 0.00779998954385519
v -0.014099027030169964 0.014800000004470348 -0.004999988712370396
v -0.014099027030169964 0.014800000004470348 0.00779998954385519
f 2512 2513 2514
v -0.02038835920393467 0.009355324320495129 -0.022504756227135658
v -0.01824374310672283 0.007709446828812361 -0.027019048109650612
v -0.018531719222664833 0.007498818915337324 -0.027062395587563515
f 2515 2516 2517
v -0.024754723533988 0.012073094956576824 -0.015211694873869419
v -0.022684410214424133 0.0110311983153224 -0.018074283376336098
v -0.022965257987380028 0.010916906408965588 -0.0182215366512537
f 2518 2519 2520
v -0.015344567596912384 0.004226605873554945 -0.03657130151987076
v -0.01498966570943594 0.0043131816200912 -0.036531902849674225
v -0.01488810870796442 0.004122953396290541 -0.037054531276226044
f 2521 2522 2523
v -0.01488810870796442 0.004122953396290541 -0.037054531276226044
v -0.014353659003973007 0.002855810569599271 -0.040535978972911835
v -0.014615091495215893 0.002423751400783658 -0.04151574522256851
f 2524 2525 2526
v -0.014615091495215893 0.002423751400783658 -0.04151574522256851
v -0.014353659003973007 0.002855810569599271 -0.040535978972911835
v -0.01424790732562542 0.0025020495522767305 -0.04150792211294174
f 2527 2528 2529
v -0.014615091495215893 0.002423751400783658 -0.04151574522256851
v -0.01424790732562542 0.0025020495522767305 -0.04150792211294174
v -0.013999000191688538 0.0006732523906975985 -0.0465325191617012
f 2530 2531 2532
v -0.016359807923436165 0.006256576161831617 -0.031192461028695107
v -0.016216829419136047 0.006088751833885908 -0.031653545796871185
v -0.016556700691580772 0.0059944274835288525 -0.03172283619642258
f 2533 2534 2535
v -0.016556700691580772 0.0059944274835288525 -0.03172283619642258
v -0.016216829419136047 0.006088751833885908 -0.031653545796871185
v -0.01498966570943594 0.0043131816200912 -0.036531902849674225
f 2536 2537 2538
v -0.021368691697716713 0.010280768387019634 -0.020136067643761635
v -0.02008575201034546 0.009463521651923656 -0.02238144911825657
v -0.02038835920393467 0.009355324320495129 -0.022504756227135658
f 2539 2540 2541
v -0.02038835920393467 0.009355324320495129 -0.022504756227135658
v -0.02008575201034546 0.009463521651923656 -0.02238144911825657
v -0.018528437241911888 0.008318672887980938 -0.02552689053118229
f 2542 2543 2544
v -0.02038835920393467 0.009355324320495129 -0.022504756227135658
v -0.018528437241911888 0.008318672887980938 -0.02552689053118229
v -0.01824374310672283 0.007709446828812361 -0.027019048109650612
f 2545 2546 2547
v -0.01824374310672283 0.007709446828812361 -0.027019048109650612
v -0.018528437241911888 0.008318672887980938 -0.02552689053118229
v -0.017921386286616325 0.007810983341187239 -0.02692175842821598
f 2548 2549 2550
v -0.02594890631735325 0.012379075400531292 -0.014210903085768223
v -0.025691602379083633 0.012498895637691021 -0.014041834510862827
v -0.024754723533988 0.012073094956576824 -0.015211694873869419
f 2551 2552 2553
v -0.02890503779053688 0.013620118610560894 -0.010855459608137608
v -0.028708549216389656 0.013715366832911968 -0.010699593462049961
v -0.025691602379083633 0.012498895637691021 -0.014041834510862827
f 2554 2555 2556
v -0.025691602379083633 0.012498895637691021 -0.014041834510862827
v -0.02594890631735325 0.012379075400531292 -0.014210903085768223
v -0.02890503779053688 0.013620118610560894 -0.010855459608137608
f 2557 2558 2559
v -0.02890503779053688 0.013620118610560894 -0.010855459608137608
v -0.02594890631735325 0.012379075400531292 -0.014210903085768223
v -0.02618282288312912 0.012164208106696606 -0.014325999654829502
f 2560 2561 2562
v -0.02890503779053688 0.013620118610560894 -0.010855459608137608
v -0.02618282288312912 0.012164208106696606 -0.014325999654829502
v -0.029271405190229416 0.01339046936482191 -0.010928266681730747
f 2563 2564 2565
v -0.029271405190229416 0.01339046936482191 -0.010928266681730747
v -0.02618282288312912 0.012164208106696606 -0.014325999654829502
v -0.02636028826236725 0.011879789642989635 -0.014369153417646885
f 2566 2567 2568
v -0.029271405190229416 0.01339046936482191 -0.010928266681730747
v -0.02636028826236725 0.011879789642989635 -0.014369153417646885
v -0.029668688774108887 0.013041849248111248 -0.010790490545332432
f 2569 2570 2571
v -0.029668688774108887 0.013041849248111248 -0.010790490545332432
v -0.02636028826236725 0.011879789642989635 -0.014369153417646885
v -0.026462335139513016 0.011559206061065197 -0.014336877502501011
f 2572 2573 2574
v -0.029668688774108887 0.013041849248111248 -0.010790490545332432
v -0.026462335139513016 0.011559206061065197 -0.014336877502501011
v -0.02978583052754402 0.012911784462630749 -0.010693543590605259
f 2575 2576 2577
v -0.017072569578886032 0.005489933770149946 -0.031696759164333344
v -0.018531719222664833 0.007498818915337324 -0.027062395587563515
v -0.016858292743563652 0.005785520654171705 -0.03173885494470596
f 2578 2579 2580
v -0.016858292743563652 0.005785520654171705 -0.03173885494470596
v -0.018531719222664833 0.007498818915337324 -0.027062395587563515
v -0.01824374310672283 0.007709446828812361 -0.027019048109650612
f 2581 2582 2583
v -0.016858292743563652 0.005785520654171705 -0.03173885494470596
v -0.01824374310672283 0.007709446828812361 -0.027019048109650612
v -0.016556700691580772 0.0059944274835288525 -0.03172283619642258
f 2584 2585 2586
v -0.016556700691580772 0.0059944274835288525 -0.03172283619642258
v -0.01824374310672283 0.007709446828812361 -0.027019048109650612
v -0.017921386286616325 0.007810983341187239 -0.02692175842821598
f 2587 2588 2589
v -0.016556700691580772 0.0059944274835288525 -0.03172283619642258
v -0.017921386286616325 0.007810983341187239 -0.02692175842821598
v -0.016359807923436165 0.006256576161831617 -0.031192461028695107
f 2590 2591 2592
v -0.020660400390625 0.009143131785094738 -0.022573823109269142
v -0.023219218477606773 0.010703305713832378 -0.01831456460058689
v -0.022965257987380028 0.010916906408965588 -0.0182215366512537
f 2593 2594 2595
v -0.023409180343151093 0.010416473262012005 -0.018337929621338844
v -0.023219218477606773 0.010703305713832378 -0.01831456460058689
v -0.020860718563199043 0.008853632025420666 -0.022576207295060158
f 2596 2597 2598
v -0.020860718563199043 0.008853632025420666 -0.022576207295060158
v -0.023219218477606773 0.010703305713832378 -0.01831456460058689
v -0.020660400390625 0.009143131785094738 -0.022573823109269142
f 2599 2600 2601
v -0.020860718563199043 0.008853632025420666 -0.022576207295060158
v -0.020660400390625 0.009143131785094738 -0.022573823109269142
v -0.018740173429250717 0.007206398528069258 -0.027042889967560768
f 2602 2603 2604
v -0.013999000191688538 0.0006732523906975985 -0.0465325191617012
v -0.014345116913318634 0.0006151676643639803 -0.04651137441396713
v -0.014615091495215893 0.002423751400783658 -0.04151574522256851
f 2605 2606 2607
v -0.014615091495215893 0.002423751400783658 -0.04151574522256851
v -0.014345116913318634 0.0006151676643639803 -0.04651137441396713
v -0.01470600999891758 0.00039793853648006916 -0.04643230885267258
f 2608 2609 2610
v -0.014615091495215893 0.002423751400783658 -0.04151574522256851
v -0.01470600999891758 0.00039793853648006916 -0.04643230885267258
v -0.014936303719878197 0.002218733774498105 -0.04147297888994217
f 2611 2612 2613
v -0.014936303719878197 0.002218733774498105 -0.04147297888994217
v -0.01470600999891758 0.00039793853648006916 -0.04643230885267258
v -0.014937191270291805 5.880301250726916e-05 -0.04630886763334274
f 2614 2615 2616
v -0.014936303719878197 0.002218733774498105 -0.04147297888994217
v -0.014937191270291805 5.880301250726916e-05 -0.04630886763334274
v -0.01515523623675108 0.0019161656964570284 -0.04138461500406265
f 2617 2618 2619
v -0.01515523623675108 0.0019161656964570284 -0.04138461500406265
v -0.014937191270291805 5.880301250726916e-05 -0.04630886763334274
v -0.01499900035560131 -0.0002664371859282255 -0.04619049280881882
f 2620 2621 2622
v -0.01515523623675108 0.0019161656964570284 -0.04138461500406265
v -0.01499900035560131 -0.0002664371859282255 -0.04619049280881882
v -0.015243026427924633 0.0015623599756509066 -0.04126442223787308
f 2623 2624 2625
v -0.01488810870796442 0.004122953396290541 -0.037054531276226044
v -0.014615091495215893 0.002423751400783658 -0.04151574522256851
v -0.015344567596912384 0.004226605873554945 -0.03657130151987076
f 2626 2627 2628
v -0.015344567596912384 0.004226605873554945 -0.03657130151987076
v -0.014615091495215893 0.002423751400783658 -0.04151574522256851
v -0.014936303719878197 0.002218733774498105 -0.04147297888994217
f 2629 2630 2631
v -0.015344567596912384 0.004226605873554945 -0.03657130151987076
v -0.014936303719878197 0.002218733774498105 -0.04147297888994217
v -0.01565728895366192 0.004019569139927626 -0.03655856102705002
f 2632 2633 2634
v -0.01565728895366192 0.004019569139927626 -0.03655856102705002
v -0.014936303719878197 0.002218733774498105 -0.04147297888994217
v -0.01515523623675108 0.0019161656964570284 -0.04138461500406265
f 2635 2636 2637
v -0.01565728895366192 0.004019569139927626 -0.03655856102705002
v -0.01515523623675108 0.0019161656964570284 -0.04138461500406265
v -0.01587504707276821 0.0037205994594842196 -0.03649342805147171
f 2638 2639 2640
v -0.01587504707276821 0.0037205994594842196 -0.03649342805147171
v -0.01515523623675108 0.0019161656964570284 -0.04138461500406265
v -0.015243026427924633 0.0015623599756509066 -0.04126442223787308
f 2641 2642 2643
v -0.01587504707276821 0.0037205994594842196 -0.03649342805147171
v -0.015243026427924633 0.0015623599756509066 -0.04126442223787308
v -0.01597023941576481 0.0033734843600541353 -0.036385975778102875
f 2644 2645 2646
v -0.01498966570943594 0.0043131816200912 -0.036531902849674225
v -0.015344567596912384 0.004226605873554945 -0.03657130151987076
v -0.016556700691580772 0.0059944274835288525 -0.03172283619642258
f 2647 2648 2649
v -0.016556700691580772 0.0059944274835288525 -0.03172283619642258
v -0.015344567596912384 0.004226605873554945 -0.03657130151987076
v -0.01565728895366192 0.004019569139927626 -0.03655856102705002
f 2650 2651 2652
v -0.016556700691580772 0.0059944274835288525 -0.03172283619642258
v -0.01565728895366192 0.004019569139927626 -0.03655856102705002
v -0.016858292743563652 0.005785520654171705 -0.03173885494470596
f 2653 2654 2655
v -0.016858292743563652 0.005785520654171705 -0.03173885494470596
v -0.01565728895366192 0.004019569139927626 -0.03655856102705002
v -0.01587504707276821 0.0037205994594842196 -0.03649342805147171
f 2656 2657 2658
v -0.016858292743563652 0.005785520654171705 -0.03173885494470596
v -0.01587504707276821 0.0037205994594842196 -0.03649342805147171
v -0.017072569578886032 0.005489933770149946 -0.031696759164333344
f 2659 2660 2661
v -0.017072569578886032 0.005489933770149946 -0.031696759164333344
v -0.01587504707276821 0.0037205994594842196 -0.03649342805147171
v -0.01597023941576481 0.0033734843600541353 -0.036385975778102875
f 2662 2663 2664
v -0.017072569578886032 0.005489933770149946 -0.031696759164333344
v -0.01597023941576481 0.0033734843600541353 -0.036385975778102875
v -0.017173342406749725 0.005149062257260084 -0.03160326927900314
f 2665 2666 2667
v -0.017173342406749725 0.005149062257260084 -0.03160326927900314
v -0.017877675592899323 0.005941774230450392 -0.029468009248375893
v -0.017072569578886032 0.005489933770149946 -0.031696759164333344
f 2668 2669 2670
v -0.017072569578886032 0.005489933770149946 -0.031696759164333344
v -0.017877675592899323 0.005941774230450392 -0.029468009248375893
v -0.018740173429250717 0.007206398528069258 -0.027042889967560768
f 2671 2672 2673
v -0.017072569578886032 0.005489933770149946 -0.031696759164333344
v -0.018740173429250717 0.007206398528069258 -0.027042889967560768
v -0.018531719222664833 0.007498818915337324 -0.027062395587563515
f 2674 2675 2676
v -0.018531719222664833 0.007498818915337324 -0.027062395587563515
v -0.018740173429250717 0.007206398528069258 -0.027042889967560768
v -0.020660400390625 0.009143131785094738 -0.022573823109269142
f 2677 2678 2679
v -0.018531719222664833 0.007498818915337324 -0.027062395587563515
v -0.020660400390625 0.009143131785094738 -0.022573823109269142
v -0.02038835920393467 0.009355324320495129 -0.022504756227135658
f 2680 2681 2682
v -0.02038835920393467 0.009355324320495129 -0.022504756227135658
v -0.020660400390625 0.009143131785094738 -0.022573823109269142
v -0.022965257987380028 0.010916906408965588 -0.0182215366512537
f 2683 2684 2685
v -0.02038835920393467 0.009355324320495129 -0.022504756227135658
v -0.022965257987380028 0.010916906408965588 -0.0182215366512537
v -0.021368691697716713 0.010280768387019634 -0.020136067643761635
f 2686 2687 2688
v -0.021368691697716713 0.010280768387019634 -0.020136067643761635
v -0.022965257987380028 0.010916906408965588 -0.0182215366512537
v -0.022684410214424133 0.0110311983153224 -0.018074283376336098
f 2689 2690 2691
v -0.017877675592899323 0.005941774230450392 -0.029468009248375893
v -0.018844475969672203 0.006871293764561415 -0.026964256539940834
v -0.018740173429250717 0.007206398528069258 -0.027042889967560768
f 2692 2693 2694
v -0.018740173429250717 0.007206398528069258 -0.027042889967560768
v -0.018844475969672203 0.006871293764561415 -0.026964256539940834
v -0.020383551716804504 0.008109661750495434 -0.02362857200205326
f 2695 2696 2697
v -0.018740173429250717 0.007206398528069258 -0.027042889967560768
v -0.020383551716804504 0.008109661750495434 -0.02362857200205326
v -0.020860718563199043 0.008853632025420666 -0.022576207295060158
f 2698 2699 2700
v -0.020860718563199043 0.008853632025420666 -0.022576207295060158
v -0.020383551716804504 0.008109661750495434 -0.02362857200205326
v -0.02096640318632126 0.008523832075297832 -0.02251296676695347
f 2701 2702 2703
v -0.020860718563199043 0.008853632025420666 -0.022576207295060158
v -0.02096640318632126 0.008523832075297832 -0.02251296676695347
v -0.023409180343151093 0.010416473262012005 -0.018337929621338844
f 2704 2705 2706
v -0.023409180343151093 0.010416473262012005 -0.018337929621338844
v -0.02096640318632126 0.008523832075297832 -0.02251296676695347
v -0.02351410873234272 0.010091508738696575 -0.018290260806679726
f 2707 2708 2709
v -0.023409180343151093 0.010416473262012005 -0.018337929621338844
v -0.02351410873234272 0.010091508738696575 -0.018290260806679726
v -0.023607397451996803 0.010142858140170574 -0.018151963129639626
f 2710 2711 2712
v -0.024754723533988 0.012073094956576824 -0.015211694873869419
v -0.022965257987380028 0.010916906408965588 -0.0182215366512537
v -0.02594890631735325 0.012379075400531292 -0.014210903085768223
f 2713 2714 2715
v -0.02594890631735325 0.012379075400531292 -0.014210903085768223
v -0.022965257987380028 0.010916906408965588 -0.0182215366512537
v -0.023219218477606773 0.010703305713832378 -0.01831456460058689
f 2716 2717 2718
v -0.02594890631735325 0.012379075400531292 -0.014210903085768223
v -0.023219218477606773 0.010703305713832378 -0.01831456460058689
v -0.02618282288312912 0.012164208106696606 -0.014325999654829502
f 2719 2720 2721
v -0.02618282288312912 0.012164208106696606 -0.014325999654829502
v -0.023219218477606773 0.010703305713832378 -0.01831456460058689
v -0.023409180343151093 0.010416473262012005 -0.018337929621338844
f 2722 2723 2724
v -0.02618282288312912 0.012164208106696606 -0.014325999654829502
v -0.023409180343151093 0.010416473262012005 -0.018337929621338844
v -0.02636028826236725 0.011879789642989635 -0.014369153417646885
f 2725 2726 2727
v -0.02636028826236725 0.011879789642989635 -0.014369153417646885
v -0.023409180343151093 0.010416473262012005 -0.018337929621338844
v -0.023607397451996803 0.010142858140170574 -0.018151963129639626
f 2728 2729 2730
v -0.02636028826236725 0.011879789642989635 -0.014369153417646885
v -0.023607397451996803 0.010142858140170574 -0.018151963129639626
v -0.026462335139513016 0.011559206061065197 -0.014336877502501011
f 2731 2732 2733
v -0.01499900035560131 -0.0019099756609648466 -0.05070226639509201
v -0.01499900035560131 -0.001799900783225894 -0.0504036471247673
v -0.014937191270291805 -0.001474660588428378 -0.05052202194929123
f 2734 2735 2736
v -0.014706048183143139 -0.001362000359222293 -0.05125267058610916
v -0.014811004512012005 -0.0014773651491850615 -0.05120854824781418
v -0.01470610685646534 -0.0011354356538504362 -0.05064547806978226
f 2737 2738 2739
v -0.01470610685646534 -0.0011354356538504362 -0.05064547806978226
v -0.014811004512012005 -0.0014773651491850615 -0.05120854824781418
v -0.01495213620364666 -0.0017399161588400602 -0.05110809952020645
f 2740 2741 2742
v -0.01470610685646534 -0.0011354356538504362 -0.05064547806978226
v -0.01495213620364666 -0.0017399161588400602 -0.05110809952020645
v -0.014937191270291805 -0.001474660588428378 -0.05052202194929123
f 2743 2744 2745
v -0.014937191270291805 -0.001474660588428378 -0.05052202194929123
v -0.01495213620364666 -0.0017399161588400602 -0.05110809952020645
v -0.01499900035560131 -0.0020224868785589933 -0.05100000649690628
f 2746 2747 2748
v -0.014937191270291805 -0.001474660588428378 -0.05052202194929123
v -0.01499900035560131 -0.0020224868785589933 -0.05100000649690628
v -0.01499900035560131 -0.0019099756609648466 -0.05070226639509201
f 2749 2750 2751
v -0.014706048183143139 -0.001362000359222293 -0.05125267058610916
v -0.01470610685646534 -0.0011354356538504362 -0.05064547806978226
v -0.014589532278478146 -0.0012687488924711943 -0.051288358867168427
f 2752 2753 2754
v -0.014589532278478146 -0.0012687488924711943 -0.051288358867168427
v -0.01470610685646534 -0.0011354356538504362 -0.05064547806978226
v -0.014345116913318634 -0.0009182884823530912 -0.050724513828754425
f 2755 2756 2757
v -0.014589532278478146 -0.0012687488924711943 -0.051288358867168427
v -0.014345116913318634 -0.0009182884823530912 -0.050724513828754425
v -0.014309633523225784 -0.0011347054969519377 -0.051339633762836456
f 2758 2759 2760
v -0.014309633523225784 -0.0011347054969519377 -0.051339633762836456
v -0.014345116913318634 -0.0009182884823530912 -0.050724513828754425
v -0.013999000191688538 -0.00086021120660007 -0.050745658576488495
f 2761 2762 2763
v -0.014309633523225784 -0.0011347054969519377 -0.051339633762836456
v -0.013999000191688538 -0.00086021120660007 -0.050745658576488495
v -0.013999000191688538 -0.001088496996089816 -0.05135730654001236
f 2764 2765 2766
v -0.013930599205195904 -0.0023360520135611296 -0.054267264902591705
v -0.013734150677919388 -0.0038068934809416533 -0.057064853608608246
v -0.014104759320616722 -0.0038847520481795073 -0.0570555105805397
f 2767 2768 2769
v -0.014309633523225784 -0.0011347054969519377 -0.051339633762836456
v -0.013999000191688538 -0.001088496996089816 -0.05135730654001236
v -0.014308424666523933 -0.002410557819530368 -0.054250024259090424
f 2770 2771 2772
v -0.014308424666523933 -0.002410557819530368 -0.054250024259090424
v -0.013999000191688538 -0.001088496996089816 -0.05135730654001236
v -0.013943902216851711 -0.002195660723373294 -0.05396955460309982
f 2773 2774 2775
v -0.014308424666523933 -0.002410557819530368 -0.054250024259090424
v -0.013943902216851711 -0.002195660723373294 -0.05396955460309982
v -0.013930599205195904 -0.0023360520135611296 -0.054267264902591705
f 2776 2777 2778
v -0.014309633523225784 -0.0011347054969519377 -0.051339633762836456
v -0.014308424666523933 -0.002410557819530368 -0.054250024259090424
v -0.014589532278478146 -0.0012687488924711943 -0.051288358867168427
f 2779 2780 2781
v -0.014589532278478146 -0.0012687488924711943 -0.051288358867168427
v -0.014308424666523933 -0.002410557819530368 -0.054250024259090424
v -0.014629257842898369 -0.0026072680484503508 -0.05417182296514511
f 2782 2783 2784
v -0.014589532278478146 -0.0012687488924711943 -0.051288358867168427
v -0.014629257842898369 -0.0026072680484503508 -0.05417182296514511
v -0.014706048183143139 -0.001362000359222293 -0.05125267058610916
f 2785 2786 2787
v -0.013930599205195904 -0.0023360520135611296 -0.054267264902591705
v -0.014104759320616722 -0.0038847520481795073 -0.0570555105805397
v -0.014308424666523933 -0.002410557819530368 -0.054250024259090424
f 2788 2789 2790
v -0.014308424666523933 -0.002410557819530368 -0.054250024259090424
v -0.014104759320616722 -0.0038847520481795073 -0.0570555105805397
v -0.014421390369534492 -0.004074920434504747 -0.05697613209486008
f 2791 2792 2793
v -0.014308424666523933 -0.002410557819530368 -0.054250024259090424
v -0.014421390369534492 -0.004074920434504747 -0.05697613209486008
v -0.014629257842898369 -0.0026072680484503508 -0.05417182296514511
f 2794 2795 2796
v -0.014629257842898369 -0.0026072680484503508 -0.05417182296514511
v -0.014421390369534492 -0.004074920434504747 -0.05697613209486008
v -0.014639046043157578 -0.00435129227116704 -0.056837476789951324
f 2797 2798 2799
v -0.014629257842898369 -0.0026072680484503508 -0.05417182296514511
v -0.014639046043157578 -0.00435129227116704 -0.056837476789951324
v -0.014845889061689377 -0.002898257924243808 -0.054043687880039215
f 2800 2801 2802
v -0.014845889061689377 -0.002898257924243808 -0.054043687880039215
v -0.014639046043157578 -0.00435129227116704 -0.056837476789951324
v -0.014729567803442478 -0.004672918934375048 -0.0566604807972908
f 2803 2804 2805
v -0.014845889061689377 -0.002898257924243808 -0.054043687880039215
v -0.014729567803442478 -0.004672918934375048 -0.0566604807972908
v -0.014929438941180706 -0.0032388463150709867 -0.05388546735048294
f 2806 2807 2808
v -0.014706048183143139 -0.001362000359222293 -0.05125267058610916
v -0.014629257842898369 -0.0026072680484503508 -0.05417182296514511
v -0.014811004512012005 -0.0014773651491850615 -0.05120854824781418
f 2809 2810 2811
v -0.014811004512012005 -0.0014773651491850615 -0.05120854824781418
v -0.014629257842898369 -0.0026072680484503508 -0.05417182296514511
v -0.014845889061689377 -0.002898257924243808 -0.054043687880039215
f 2812 2813 2814
v -0.014811004512012005 -0.0014773651491850615 -0.05120854824781418
v -0.014845889061689377 -0.002898257924243808 -0.054043687880039215
v -0.01495213620364666 -0.0017399161588400602 -0.05110809952020645
f 2815 2816 2817
v -0.01495213620364666 -0.0017399161588400602 -0.05110809952020645
v -0.014845889061689377 -0.002898257924243808 -0.054043687880039215
v -0.014929438941180706 -0.0032388463150709867 -0.05388546735048294
f 2818 2819 2820
v -0.01495213620364666 -0.0017399161588400602 -0.05110809952020645
v -0.014929438941180706 -0.0032388463150709867 -0.05388546735048294
v -0.01499900035560131 -0.0020224868785589933 -0.05100000649690628
f 2821 2822 2823
v -0.014512467198073864 -0.005761262495070696 -0.058579377830028534
v -0.014729567803442478 -0.004672918934375048 -0.0566604807972908
v -0.014639046043157578 -0.00435129227116704 -0.056837476789951324
f 2824 2825 2826
v -0.014104759320616722 -0.0038847520481795073 -0.0570555105805397
v -0.013734150677919388 -0.0038068934809416533 -0.057064853608608246
v -0.01345431711524725 -0.0051795137114822865 -0.05944228917360306
f 2827 2828 2829
v -0.013959720730781555 -0.007072318810969591 -0.06160954385995865
v -0.014421390369534492 -0.004074920434504747 -0.05697613209486008
v -0.013742099516093731 -0.006800201255828142 -0.06172623485326767
f 2830 2831 2832
v -0.013742099516093731 -0.006800201255828142 -0.06172623485326767
v -0.014421390369534492 -0.004074920434504747 -0.05697613209486008
v -0.014104759320616722 -0.0038847520481795073 -0.0570555105805397
f 2833 2834 2835
v -0.013742099516093731 -0.006800201255828142 -0.06172623485326767
v -0.014104759320616722 -0.0038847520481795073 -0.0570555105805397
v -0.013434055261313915 -0.006607804913073778 -0.061780087649822235
f 2836 2837 2838
v -0.013434055261313915 -0.006607804913073778 -0.061780087649822235
v -0.014104759320616722 -0.0038847520481795073 -0.0570555105805397
v -0.01345431711524725 -0.0051795137114822865 -0.05944228917360306
f 2839 2840 2841
v -0.013434055261313915 -0.006607804913073778 -0.061780087649822235
v -0.01345431711524725 -0.0051795137114822865 -0.05944228917360306
v -0.013076932169497013 -0.006520156282931566 -0.061764366924762726
f 2842 2843 2844
v -0.014060115441679955 -0.007386181969195604 -0.061446987092494965
v -0.014512467198073864 -0.005761262495070696 -0.058579377830028534
v -0.013959720730781555 -0.007072318810969591 -0.06160954385995865
f 2845 2846 2847
v -0.013959720730781555 -0.007072318810969591 -0.06160954385995865
v -0.014512467198073864 -0.005761262495070696 -0.058579377830028534
v -0.014639046043157578 -0.00435129227116704 -0.056837476789951324
f 2848 2849 2850
v -0.013959720730781555 -0.007072318810969591 -0.06160954385995865
v -0.014639046043157578 -0.00435129227116704 -0.056837476789951324
v -0.014421390369534492 -0.004074920434504747 -0.05697613209486008
f 2851 2852 2853
v -0.010221324861049652 -0.010679279454052448 -0.07177527993917465
v -0.009342994540929794 -0.011066150851547718 -0.07341616600751877
v -0.009614193812012672 -0.01128398347645998 -0.07352296262979507
f 2854 2855 2856
v -0.009029536508023739 -0.010963854379951954 -0.0732601061463356
v -0.009342994540929794 -0.011066150851547718 -0.07341616600751877
v -0.009897148236632347 -0.010576878674328327 -0.07164595276117325
f 2857 2858 2859
v -0.009897148236632347 -0.010576878674328327 -0.07164595276117325
v -0.009342994540929794 -0.011066150851547718 -0.07341616600751877
v -0.010221324861049652 -0.010679279454052448 -0.07177527993917465
f 2860 2861 2862
v -0.009897148236632347 -0.010576878674328327 -0.07164595276117325
v -0.010221324861049652 -0.010679279454052448 -0.07177527993917465
v -0.010649510659277439 -0.010108341462910175 -0.06999669224023819
f 2863 2864 2865
v -0.01214598212391138 -0.008516755886375904 -0.06571472436189651
v -0.011390176601707935 -0.009466377086937428 -0.06808369606733322
v -0.011639360338449478 -0.009656366892158985 -0.06841679662466049
f 2866 2867 2868
v -0.013076932169497013 -0.006520156282931566 -0.061764366924762726
v -0.012339449487626553 -0.008201216347515583 -0.06501277536153793
v -0.012688315473496914 -0.008296330459415913 -0.06505955010652542
f 2869 2870 2871
v -0.011932711116969585 -0.009866711683571339 -0.06844554096460342
v -0.012990131042897701 -0.008498777635395527 -0.06504461914300919
v -0.012688315473496914 -0.008296330459415913 -0.06505955010652542
f 2872 2873 2874
v -0.00877233687788248 -0.011900653131306171 -0.07521305233240128
v -0.009614193812012672 -0.01128398347645998 -0.07352296262979507
v -0.008589249104261398 -0.011591930873692036 -0.07514240592718124
f 2875 2876 2877
v -0.008589249104261398 -0.011591930873692036 -0.07514240592718124
v -0.009614193812012672 -0.01128398347645998 -0.07352296262979507
v -0.009342994540929794 -0.011066150851547718 -0.07341616600751877
f 2878 2879 2880
v -0.008589249104261398 -0.011591930873692036 -0.07514240592718124
v -0.009342994540929794 -0.011066150851547718 -0.07341616600751877
v -0.00833112746477127 -0.011372764594852924 -0.07500471919775009
f 2881 2882 2883
v -0.00833112746477127 -0.011372764594852924 -0.07500471919775009
v -0.009342994540929794 -0.011066150851547718 -0.07341616600751877
v -0.009029536508023739 -0.010963854379951954 -0.0732601061463356
f 2884 2885 2886
v -0.00833112746477127 -0.011372764594852924 -0.07500471919775009
v -0.009029536508023739 -0.010963854379951954 -0.0732601061463356
v -0.00803231168538332 -0.011271451599895954 -0.0748184397816658
f 2887 2888 2889
v -0.013205165974795818 -0.008782719261944294 -0.06496954709291458
v -0.012990131042897701 -0.008498777635395527 -0.06504461914300919
v -0.012142541818320751 -0.010160577483475208 -0.06841496378183365
f 2890 2891 2892
v -0.012142541818320751 -0.010160577483475208 -0.06841496378183365
v -0.012990131042897701 -0.008498777635395527 -0.06504461914300919
v -0.011932711116969585 -0.009866711683571339 -0.06844554096460342
f 2893 2894 2895
v -0.012142541818320751 -0.010160577483475208 -0.06841496378183365
v -0.011932711116969585 -0.009866711683571339 -0.06844554096460342
v -0.011475351639091969 -0.010721628554165363 -0.07014798372983932
f 2896 2897 2898
v -0.00885801948606968 -0.012256261892616749 -0.075208880007267
v -0.009856835938990116 -0.011956398375332355 -0.07361594587564468
v -0.00877233687788248 -0.011900653131306171 -0.07521305233240128
f 2899 2900 2901
v -0.00877233687788248 -0.011900653131306171 -0.07521305233240128
v -0.009856835938990116 -0.011956398375332355 -0.07361594587564468
v -0.009807397611439228 -0.01158954668790102 -0.07356632500886917
f 2902 2903 2904
v -0.00877233687788248 -0.011900653131306171 -0.07521305233240128
v -0.009807397611439228 -0.01158954668790102 -0.07356632500886917
v -0.009614193812012672 -0.01128398347645998 -0.07352296262979507
f 2905 2906 2907
v -0.009614193812012672 -0.01128398347645998 -0.07352296262979507
v -0.009807397611439228 -0.01158954668790102 -0.07356632500886917
v -0.010502077639102936 -0.010895212180912495 -0.07185394316911697
f 2908 2909 2910
v -0.009614193812012672 -0.01128398347645998 -0.07352296262979507
v -0.010502077639102936 -0.010895212180912495 -0.07185394316911697
v -0.010221324861049652 -0.010679279454052448 -0.07177527993917465
f 2911 2912 2913
v -0.010221324861049652 -0.010679279454052448 -0.07177527993917465
v -0.010502077639102936 -0.010895212180912495 -0.07185394316911697
v -0.010981676168739796 -0.010210026986896992 -0.07010222226381302
f 2914 2915 2916
v -0.010221324861049652 -0.010679279454052448 -0.07177527993917465
v -0.010981676168739796 -0.010210026986896992 -0.07010222226381302
v -0.010649510659277439 -0.010108341462910175 -0.06999669224023819
f 2917 2918 2919
v -0.010649510659277439 -0.010108341462910175 -0.06999669224023819
v -0.010981676168739796 -0.010210026986896992 -0.07010222226381302
v -0.011300775222480297 -0.009556164033710957 -0.068332739174366
f 2920 2921 2922
v -0.009856835938990116 -0.011956398375332355 -0.07361594587564468
v -0.009899144060909748 -0.011940975673496723 -0.07354214042425156
v -0.009807397611439228 -0.01158954668790102 -0.07356632500886917
f 2923 2924 2925
v -0.009807397611439228 -0.01158954668790102 -0.07356632500886917
v -0.009899144060909748 -0.011940975673496723 -0.07354214042425156
v -0.010702638886868954 -0.011197258718311787 -0.07187148183584213
f 2926 2927 2928
v -0.009807397611439228 -0.01158954668790102 -0.07356632500886917
v -0.010702638886868954 -0.011197258718311787 -0.07187148183584213
v -0.010502077639102936 -0.010895212180912495 -0.07185394316911697
f 2929 2930 2931
v -0.010502077639102936 -0.010895212180912495 -0.07185394316911697
v -0.010702638886868954 -0.011197258718311787 -0.07187148183584213
v -0.011269479058682919 -0.010423456318676472 -0.07015501707792282
f 2932 2933 2934
v -0.010502077639102936 -0.010895212180912495 -0.07185394316911697
v -0.011269479058682919 -0.010423456318676472 -0.07015501707792282
v -0.010981676168739796 -0.010210026986896992 -0.07010222226381302
f 2935 2936 2937
v -0.010981676168739796 -0.010210026986896992 -0.07010222226381302
v -0.011269479058682919 -0.010423456318676472 -0.07015501707792282
v -0.011639360338449478 -0.009656366892158985 -0.06841679662466049
f 2938 2939 2940
v -0.010981676168739796 -0.010210026986896992 -0.07010222226381302
v -0.011639360338449478 -0.009656366892158985 -0.06841679662466049
v -0.011300775222480297 -0.009556164033710957 -0.068332739174366
f 2941 2942 2943
v -0.011300775222480297 -0.009556164033710957 -0.068332739174366
v -0.011639360338449478 -0.009656366892158985 -0.06841679662466049
v -0.011390176601707935 -0.009466377086937428 -0.06808369606733322
f 2944 2945 2946
v -0.009899144060909748 -0.011940975673496723 -0.07354214042425156
v -0.010798784904181957 -0.011544321663677692 -0.07182716578245163
v -0.010702638886868954 -0.011197258718311787 -0.07187148183584213
f 2947 2948 2949
v -0.010702638886868954 -0.011197258718311787 -0.07187148183584213
v -0.010798784904181957 -0.011544321663677692 -0.07182716578245163
v -0.011475351639091969 -0.010721628554165363 -0.07014798372983932
f 2950 2951 2952
v -0.010702638886868954 -0.011197258718311787 -0.07187148183584213
v -0.011475351639091969 -0.010721628554165363 -0.07014798372983932
v -0.011269479058682919 -0.010423456318676472 -0.07015501707792282
f 2953 2954 2955
v -0.011269479058682919 -0.010423456318676472 -0.07015501707792282
v -0.011475351639091969 -0.010721628554165363 -0.07014798372983932
v -0.011932711116969585 -0.009866711683571339 -0.06844554096460342
f 2956 2957 2958
v -0.011269479058682919 -0.010423456318676472 -0.07015501707792282
v -0.011932711116969585 -0.009866711683571339 -0.06844554096460342
v -0.011639360338449478 -0.009656366892158985 -0.06841679662466049
f 2959 2960 2961
v -0.011639360338449478 -0.009656366892158985 -0.06841679662466049
v -0.011932711116969585 -0.009866711683571339 -0.06844554096460342
v -0.012688315473496914 -0.008296330459415913 -0.06505955010652542
f 2962 2963 2964
v -0.011639360338449478 -0.009656366892158985 -0.06841679662466049
v -0.012688315473496914 -0.008296330459415913 -0.06505955010652542
v -0.01214598212391138 -0.008516755886375904 -0.06571472436189651
f 2965 2966 2967
v -0.01214598212391138 -0.008516755886375904 -0.06571472436189651
v -0.012688315473496914 -0.008296330459415913 -0.06505955010652542
v -0.012339449487626553 -0.008201216347515583 -0.06501277536153793
f 2968 2969 2970
v -0.010798784904181957 -0.011544321663677692 -0.07182716578245163
v -0.0115745197981596 -0.011064072139561176 -0.07008352130651474
v -0.011475351639091969 -0.010721628554165363 -0.07014798372983932
f 2971 2972 2973
v -0.011475351639091969 -0.010721628554165363 -0.07014798372983932
v -0.0115745197981596 -0.011064072139561176 -0.07008352130651474
v -0.01191195473074913 -0.010799889452755451 -0.06923186033964157
f 2974 2975 2976
v -0.011475351639091969 -0.010721628554165363 -0.07014798372983932
v -0.01191195473074913 -0.010799889452755451 -0.06923186033964157
v -0.012142541818320751 -0.010160577483475208 -0.06841496378183365
f 2977 2978 2979
v -0.012142541818320751 -0.010160577483475208 -0.06841496378183365
v -0.01191195473074913 -0.010799889452755451 -0.06923186033964157
v -0.012243635021150112 -0.010498096235096455 -0.06833045929670334
f 2980 2981 2982
v -0.012142541818320751 -0.010160577483475208 -0.06841496378183365
v -0.012243635021150112 -0.010498096235096455 -0.06833045929670334
v -0.013205165974795818 -0.008782719261944294 -0.06496954709291458
f 2983 2984 2985
v -0.013205165974795818 -0.008782719261944294 -0.06496954709291458
v -0.012243635021150112 -0.010498096235096455 -0.06833045929670334
v -0.013307424262166023 -0.009109270758926868 -0.06484552472829819
f 2986 2987 2988
v -0.013205165974795818 -0.008782719261944294 -0.06496954709291458
v -0.013307424262166023 -0.009109270758926868 -0.06484552472829819
v -0.013462974689900875 -0.00882540363818407 -0.06422946602106094
f 2989 2990 2991
v -0.013076932169497013 -0.006520156282931566 -0.061764366924762726
v -0.012688315473496914 -0.008296330459415913 -0.06505955010652542
v -0.013434055261313915 -0.006607804913073778 -0.061780087649822235
f 2992 2993 2994
v -0.013434055261313915 -0.006607804913073778 -0.061780087649822235
v -0.012688315473496914 -0.008296330459415913 -0.06505955010652542
v -0.012990131042897701 -0.008498777635395527 -0.06504461914300919
f 2995 2996 2997
v -0.013434055261313915 -0.006607804913073778 -0.061780087649822235
v -0.012990131042897701 -0.008498777635395527 -0.06504461914300919
v -0.013742099516093731 -0.006800201255828142 -0.06172623485326767
f 2998 2999 3000
v -0.013742099516093731 -0.006800201255828142 -0.06172623485326767
v -0.012990131042897701 -0.008498777635395527 -0.06504461914300919
v -0.013205165974795818 -0.008782719261944294 -0.06496954709291458
f 3001 3002 3003
v -0.013742099516093731 -0.006800201255828142 -0.06172623485326767
v -0.013205165974795818 -0.008782719261944294 -0.06496954709291458
v -0.013959720730781555 -0.007072318810969591 -0.06160954385995865
f 3004 3005 3006
v -0.013959720730781555 -0.007072318810969591 -0.06160954385995865
v -0.013205165974795818 -0.008782719261944294 -0.06496954709291458
v -0.013462974689900875 -0.00882540363818407 -0.06422946602106094
f 3007 3008 3009
v -0.013959720730781555 -0.007072318810969591 -0.06160954385995865
v -0.013462974689900875 -0.00882540363818407 -0.06422946602106094
v -0.014060115441679955 -0.007386181969195604 -0.061446987092494965
f 3010 3011 3012
v 0.006757471244782209 -0.011723940260708332 -0.07700615376234055
v 0.008333154022693634 -0.011372772045433521 -0.0750047042965889
v 0.008591276593506336 -0.011591930873692036 -0.07514240592718124
f 3013 3014 3015
v 0.007152210921049118 -0.012250860221683979 -0.07727205008268356
v 0.006369870156049728 -0.012747679837048054 -0.07816074043512344
v 0.006216027308255434 -0.01240974385291338 -0.07821431010961533
f 3016 3017 3018
v 0.006216027308255434 -0.01240974385291338 -0.07821431010961533
v 0.006369870156049728 -0.012747679837048054 -0.07816074043512344
v 0.0063164131715893745 -0.012755868025124073 -0.07821062952280045
f 3019 3020 3021
v 0.006216027308255434 -0.01240974385291338 -0.07821431010961533
v 0.0063164131715893745 -0.012755868025124073 -0.07821062952280045
v 0.005181530956178904 -0.012553256936371326 -0.07907216995954514
f 3022 3023 3024
v 0.005181530956178904 -0.012553256936371326 -0.07907216995954514
v 0.0063164131715893745 -0.012755868025124073 -0.07821062952280045
v 0.004437093157321215 -0.012989980168640614 -0.07965505868196487
f 3025 3026 3027
v 0.005181530956178904 -0.012553256936371326 -0.07907216995954514
v 0.004437093157321215 -0.012989980168640614 -0.07965505868196487
v 0.00403536856174469 -0.01267689187079668 -0.07981943339109421
f 3028 3029 3030
v -0.0014236315619200468 -0.012837355025112629 -0.08080441504716873
v -0.0014467441942542791 -0.013179433532059193 -0.08086282759904861
v -0.002777682850137353 -0.012774852104485035 -0.08041930943727493
f 3031 3032 3033
v -0.002777682850137353 -0.012774852104485035 -0.08041930943727493
v -0.0014467441942542791 -0.013179433532059193 -0.08086282759904861
v -0.002361543010920286 -0.013143514283001423 -0.08063159137964249
f 3034 3035 3036
v -0.00833112746477127 -0.011372764594852924 -0.07500471919775009
v -0.006756093353033066 -0.011724007315933704 -0.07700660079717636
v -0.006985948886722326 -0.011944194324314594 -0.07717690616846085
f 3037 3038 3039
v -0.006756093353033066 -0.011724007315933704 -0.07700660079717636
v -0.00606277771294117 -0.012104314751923084 -0.07810571044683456
v -0.006985948886722326 -0.011944194324314594 -0.07717690616846085
f 3040 3041 3042
v -0.006985948886722326 -0.011944194324314594 -0.07717690616846085
v -0.00606277771294117 -0.012104314751923084 -0.07810571044683456
v -0.006214517634361982 -0.012409922666847706 -0.07821614295244217
f 3043 3044 3045
v -0.006985948886722326 -0.011944194324314594 -0.07717690616846085
v -0.006214517634361982 -0.012409922666847706 -0.07821614295244217
v -0.00715085631236434 -0.012250919826328754 -0.07727286964654922
f 3046 3047 3048
v -0.006214517634361982 -0.012409922666847706 -0.07821614295244217
v -0.0065144700929522514 -0.012724955566227436 -0.0780235305428505
v -0.00715085631236434 -0.012250919826328754 -0.07727286964654922
f 3049 3050 3051
v -0.00715085631236434 -0.012250919826328754 -0.07727286964654922
v -0.0065144700929522514 -0.012724955566227436 -0.0780235305428505
v -0.007230858318507671 -0.01260287780314684 -0.0772838220000267
f 3052 3053 3054
v -0.00715085631236434 -0.012250919826328754 -0.07727286964654922
v -0.007230858318507671 -0.01260287780314684 -0.0772838220000267
v -0.00772226182743907 -0.012508993037045002 -0.07671848684549332
f 3055 3056 3057
v -0.00833112746477127 -0.011372764594852924 -0.07500471919775009
v -0.006985948886722326 -0.011944194324314594 -0.07717690616846085
v -0.008589249104261398 -0.011591930873692036 -0.07514240592718124
f 3058 3059 3060
v -0.008589249104261398 -0.011591930873692036 -0.07514240592718124
v -0.006985948886722326 -0.011944194324314594 -0.07717690616846085
v -0.00715085631236434 -0.012250919826328754 -0.07727286964654922
f 3061 3062 3063
v -0.008589249104261398 -0.011591930873692036 -0.07514240592718124
v -0.00715085631236434 -0.012250919826328754 -0.07727286964654922
v -0.00877233687788248 -0.011900653131306171 -0.07521305233240128
f 3064 3065 3066
v -0.00877233687788248 -0.011900653131306171 -0.07521305233240128
v -0.00715085631236434 -0.012250919826328754 -0.07727286964654922
v -0.00772226182743907 -0.012508993037045002 -0.07671848684549332
f 3067 3068 3069
v -0.00877233687788248 -0.011900653131306171 -0.07521305233240128
v -0.00772226182743907 -0.012508993037045002 -0.07671848684549332
v -0.00885801948606968 -0.012256261892616749 -0.075208880007267
f 3070 3071 3072
v 0.008034339174628258 -0.011271451599895954 -0.0748184397816658
v 0.008333154022693634 -0.011372772045433521 -0.0750047042965889
v 0.006357042584568262 -0.011643965728580952 -0.07693106681108475
f 3073 3074 3075
v 0.006357042584568262 -0.011643965728580952 -0.07693106681108475
v 0.008333154022693634 -0.011372772045433521 -0.0750047042965889
v 0.006757471244782209 -0.011723940260708332 -0.07700615376234055
f 3076 3077 3078
v 0.006357042584568262 -0.011643965728580952 -0.07693106681108475
v 0.006757471244782209 -0.011723940260708332 -0.07700615376234055
v 0.004650724120438099 -0.011916262097656727 -0.07847534865140915
f 3079 3080 3081
v 0.004650724120438099 -0.011916262097656727 -0.07847534865140915
v 0.006757471244782209 -0.011723940260708332 -0.07700615376234055
v 0.004862569738179445 -0.012027447111904621 -0.07873887568712234
f 3082 3083 3084
v 0.004650724120438099 -0.011916262097656727 -0.07847534865140915
v 0.004862569738179445 -0.012027447111904621 -0.07873887568712234
v 0.004490835126489401 -0.011936892755329609 -0.07859230786561966
f 3085 3086 3087
v 0.008860046975314617 -0.012256261892616749 -0.075208880007267
v 0.008588085882365704 -0.012321633286774158 -0.07559778541326523
v 0.008774364367127419 -0.011900653131306171 -0.07521305233240128
f 3088 3089 3090
v 0.008774364367127419 -0.011900653131306171 -0.07521305233240128
v 0.008588085882365704 -0.012321633286774158 -0.07559778541326523
v 0.008559233509004116 -0.012328383512794971 -0.07563797384500504
f 3091 3092 3093
v 0.008774364367127419 -0.011900653131306171 -0.07521305233240128
v 0.008559233509004116 -0.012328383512794971 -0.07563797384500504
v 0.007152210921049118 -0.012250860221683979 -0.07727205008268356
f 3094 3095 3096
v 0.007152210921049118 -0.012250860221683979 -0.07727205008268356
v 0.008559233509004116 -0.012328383512794971 -0.07563797384500504
v 0.007232280448079109 -0.012602840550243855 -0.0772828534245491
f 3097 3098 3099
v 0.007152210921049118 -0.012250860221683979 -0.07727205008268356
v 0.007232280448079109 -0.012602840550243855 -0.0772828534245491
v 0.006369870156049728 -0.012747679837048054 -0.07816074043512344
f 3100 3101 3102
v 0.004490835126489401 -0.011936892755329609 -0.07859230786561966
v 0.004862569738179445 -0.012027447111904621 -0.07873887568712234
v 0.0035998867824673653 -0.012037699110805988 -0.0791640356183052
f 3103 3104 3105
v 0.0035998867824673653 -0.012037699110805988 -0.0791640356183052
v 0.004862569738179445 -0.012027447111904621 -0.07873887568712234
v 0.0037731474731117487 -0.012151685543358326 -0.07944958657026291
f 3106 3107 3108
v 0.0035998867824673653 -0.012037699110805988 -0.0791640356183052
v 0.0037731474731117487 -0.012151685543358326 -0.07944958657026291
v 0.002558233682066202 -0.012126480229198933 -0.07966754585504532
f 3109 3110 3111
v 0.002558233682066202 -0.012126480229198933 -0.07966754585504532
v 0.0037731474731117487 -0.012151685543358326 -0.07944958657026291
v 0.0025874788407236338 -0.012249668128788471 -0.0800110474228859
f 3112 3113 3114
v 0.002558233682066202 -0.012126480229198933 -0.07966754585504532
v 0.0025874788407236338 -0.012249668128788471 -0.0800110474228859
v 0.0012545669451355934 -0.012194287963211536 -0.08005210012197495
f 3115 3116 3117
v 0.0012545669451355934 -0.012194287963211536 -0.08005210012197495
v 0.0025874788407236338 -0.012249668128788471 -0.0800110474228859
v 0.0013205762952566147 -0.012312729842960835 -0.08037281781435013
f 3118 3119 3120
v 0.0012545669451355934 -0.012194287963211536 -0.08005210012197495
v 0.0013205762952566147 -0.012312729842960835 -0.08037281781435013
v 0.00041663629235699773 -0.012212810106575489 -0.08015713840723038
f 3121 3122 3123
v 0.00041663629235699773 -0.012212810106575489 -0.08015713840723038
v 0.0013205762952566147 -0.012312729842960835 -0.08037281781435013
v -9.193868777401804e-07 -0.01233422476798296 -0.0804961547255516
f 3124 3125 3126
v 0.00041663629235699773 -0.012212810106575489 -0.08015713840723038
v -9.193868777401804e-07 -0.01233422476798296 -0.0804961547255516
v -6.228051461221185e-07 -0.012215127237141132 -0.08017029613256454
f 3127 3128 3129
v 0.004437093157321215 -0.012989980168640614 -0.07965505868196487
v 0.004092622548341751 -0.013022509403526783 -0.07985960692167282
v 0.00403536856174469 -0.01267689187079668 -0.07981943339109421
f 3130 3131 3132
v 0.00403536856174469 -0.01267689187079668 -0.07981943339109421
v 0.004092622548341751 -0.013022509403526783 -0.07985960692167282
v 0.003964560572057962 -0.013033849187195301 -0.07993120700120926
f 3133 3134 3135
v 0.00403536856174469 -0.01267689187079668 -0.07981943339109421
v 0.003964560572057962 -0.013033849187195301 -0.07993120700120926
v 0.0027769908774644136 -0.012774315662682056 -0.08041534572839737
f 3136 3137 3138
v 0.0027769908774644136 -0.012774315662682056 -0.08041534572839737
v 0.003964560572057962 -0.013033849187195301 -0.07993120700120926
v 0.002337719313800335 -0.013144155032932758 -0.080634705722332
f 3139 3140 3141
v 0.0027769908774644136 -0.012774315662682056 -0.08041534572839737
v 0.002337719313800335 -0.013144155032932758 -0.080634705722332
v 0.0014213355025276542 -0.01283698994666338 -0.08080171793699265
f 3142 3143 3144
v 0.0014213355025276542 -0.01283698994666338 -0.08080171793699265
v 0.002337719313800335 -0.013144155032932758 -0.080634705722332
v 0.0015699155628681183 -0.013175253756344318 -0.08083517104387283
f 3145 3146 3147
v 0.0014213355025276542 -0.01283698994666338 -0.08080171793699265
v 0.0015699155628681183 -0.013175253756344318 -0.08083517104387283
v -1.4364040907821618e-06 -0.012858343310654163 -0.08093372732400894
f 3148 3149 3150
v -1.4364040907821618e-06 -0.012858343310654163 -0.08093372732400894
v 0.0015699155628681183 -0.013175253756344318 -0.08083517104387283
v -1.5593338957842207e-06 -0.013199937529861927 -0.08099467307329178
f 3151 3152 3153
v -1.4364040907821618e-06 -0.012858343310654163 -0.08093372732400894
v -1.5593338957842207e-06 -0.013199937529861927 -0.08099467307329178
v -0.0014236315619200468 -0.012837355025112629 -0.08080441504716873
f 3154 3155 3156
v -0.0014236315619200468 -0.012837355025112629 -0.08080441504716873
v -1.5593338957842207e-06 -0.013199937529861927 -0.08099467307329178
v -0.00077870610402897 -0.013194133527576923 -0.08095744997262955
f 3157 3158 3159
v -0.0014236315619200468 -0.012837355025112629 -0.08080441504716873
v -0.00077870610402897 -0.013194133527576923 -0.08095744997262955
v -0.0014467441942542791 -0.013179433532059193 -0.08086282759904861
f 3160 3161 3162
v -6.228051461221185e-07 -0.012215127237141132 -0.08017029613256454
v -9.193868777401804e-07 -0.01233422476798296 -0.0804961547255516
v -0.0017672633985057473 -0.01217383611947298 -0.07993609458208084
f 3163 3164 3165
v -0.0017672633985057473 -0.01217383611947298 -0.07993609458208084
v -9.193868777401804e-07 -0.01233422476798296 -0.0804961547255516
v -0.0013219505781307817 -0.012313109822571278 -0.08037502318620682
f 3166 3167 3168
v -0.0017672633985057473 -0.01217383611947298 -0.07993609458208084
v -0.0013219505781307817 -0.012313109822571278 -0.08037502318620682
v -0.002462595934048295 -0.01213355828076601 -0.07970768958330154
f 3169 3170 3171
v -0.002462595934048295 -0.01213355828076601 -0.07970768958330154
v -0.0013219505781307817 -0.012313109822571278 -0.08037502318620682
v -0.002587564056739211 -0.01225020457059145 -0.08001423627138138
f 3172 3173 3174
v -0.002462595934048295 -0.01213355828076601 -0.07970768958330154
v -0.002587564056739211 -0.01225020457059145 -0.08001423627138138
v -0.0037511547561734915 -0.012022499926388264 -0.0790778324007988
f 3175 3176 3177
v -0.0037511547561734915 -0.012022499926388264 -0.0790778324007988
v -0.002587564056739211 -0.01225020457059145 -0.08001423627138138
v -0.0037718673702329397 -0.01215218473225832 -0.07945259660482407
f 3178 3179 3180
v -0.0037511547561734915 -0.012022499926388264 -0.0790778324007988
v -0.0037718673702329397 -0.01215218473225832 -0.07945259660482407
v -0.004648933187127113 -0.011916575022041798 -0.07847710698843002
f 3181 3182 3183
v -0.004648933187127113 -0.011916575022041798 -0.07847710698843002
v -0.0037718673702329397 -0.01215218473225832 -0.07945259660482407
v -0.004860781133174896 -0.01202781219035387 -0.07874106615781784
f 3184 3185 3186
v -0.004648933187127113 -0.011916575022041798 -0.07847710698843002
v -0.004860781133174896 -0.01202781219035387 -0.07874106615781784
v -0.0057500386610627174 -0.011752051301300526 -0.07754404097795486
f 3187 3188 3189
v 0.008591276593506336 -0.011591930873692036 -0.07514240592718124
v 0.006987321190536022 -0.011944119818508625 -0.07717626541852951
v 0.006757471244782209 -0.011723940260708332 -0.07700615376234055
f 3190 3191 3192
v 0.006757471244782209 -0.011723940260708332 -0.07700615376234055
v 0.006987321190536022 -0.011944119818508625 -0.07717626541852951
v 0.0060642980970442295 -0.012104113586246967 -0.0781041607260704
f 3193 3194 3195
v 0.006757471244782209 -0.011723940260708332 -0.07700615376234055
v 0.0060642980970442295 -0.012104113586246967 -0.0781041607260704
v 0.004862569738179445 -0.012027447111904621 -0.07873887568712234
f 3196 3197 3198
v 0.004862569738179445 -0.012027447111904621 -0.07873887568712234
v 0.0060642980970442295 -0.012104113586246967 -0.0781041607260704
v 0.00504726730287075 -0.012248788960278034 -0.07894658297300339
f 3199 3200 3201
v 0.004862569738179445 -0.012027447111904621 -0.07873887568712234
v 0.00504726730287075 -0.012248788960278034 -0.07894658297300339
v 0.0037731474731117487 -0.012151685543358326 -0.07944958657026291
f 3202 3203 3204
v 0.0037731474731117487 -0.012151685543358326 -0.07944958657026291
v 0.00504726730287075 -0.012248788960278034 -0.07894658297300339
v 0.003924570977687836 -0.012373638339340687 -0.079677514731884
f 3205 3206 3207
v 0.0037731474731117487 -0.012151685543358326 -0.07944958657026291
v 0.003924570977687836 -0.012373638339340687 -0.079677514731884
v 0.0025874788407236338 -0.012249668128788471 -0.0800110474228859
f 3208 3209 3210
v 0.0025874788407236338 -0.012249668128788471 -0.0800110474228859
v 0.003924570977687836 -0.012373638339340687 -0.079677514731884
v 0.002696635667234659 -0.012472187168896198 -0.08025792986154556
f 3211 3212 3213
v 0.0025874788407236338 -0.012249668128788471 -0.0800110474228859
v 0.002696635667234659 -0.012472187168896198 -0.08025792986154556
v 0.0013205762952566147 -0.012312729842960835 -0.08037281781435013
f 3214 3215 3216
v 0.0013205762952566147 -0.012312729842960835 -0.08037281781435013
v 0.002696635667234659 -0.012472187168896198 -0.08025792986154556
v 0.0013784959446638823 -0.012535651214420795 -0.08063320070505142
f 3217 3218 3219
v 0.0013205762952566147 -0.012312729842960835 -0.08037281781435013
v 0.0013784959446638823 -0.012535651214420795 -0.08063320070505142
v -9.193868777401804e-07 -0.01233422476798296 -0.0804961547255516
f 3220 3221 3222
v -9.193868777401804e-07 -0.01233422476798296 -0.0804961547255516
v 0.0013784959446638823 -0.012535651214420795 -0.08063320070505142
v -1.2027106777168228e-06 -0.012557287700474262 -0.08076129108667374
f 3223 3224 3225
v -9.193868777401804e-07 -0.01233422476798296 -0.0804961547255516
v -1.2027106777168228e-06 -0.012557287700474262 -0.08076129108667374
v -0.0013219505781307817 -0.012313109822571278 -0.08037502318620682
f 3226 3227 3228
v -0.0013219505781307817 -0.012313109822571278 -0.08037502318620682
v -1.2027106777168228e-06 -0.012557287700474262 -0.08076129108667374
v -0.0013803753536194563 -0.012536038644611835 -0.0806356742978096
f 3229 3230 3231
v -0.0013219505781307817 -0.012313109822571278 -0.08037502318620682
v -0.0013803753536194563 -0.012536038644611835 -0.0806356742978096
v -0.002587564056739211 -0.01225020457059145 -0.08001423627138138
f 3232 3233 3234
v -0.002587564056739211 -0.01225020457059145 -0.08001423627138138
v -0.0013803753536194563 -0.012536038644611835 -0.0806356742978096
v -0.0026970533654093742 -0.01247273851186037 -0.08026153594255447
f 3235 3236 3237
v -0.002587564056739211 -0.01225020457059145 -0.08001423627138138
v -0.0026970533654093742 -0.01247273851186037 -0.08026153594255447
v -0.0037718673702329397 -0.01215218473225832 -0.07945259660482407
f 3238 3239 3240
v -0.0037718673702329397 -0.01215218473225832 -0.07945259660482407
v -0.0026970533654093742 -0.01247273851186037 -0.08026153594255447
v -0.003923424985259771 -0.012374152429401875 -0.07968097180128098
f 3241 3242 3243
v -0.0037718673702329397 -0.01215218473225832 -0.07945259660482407
v -0.003923424985259771 -0.012374152429401875 -0.07968097180128098
v -0.004860781133174896 -0.01202781219035387 -0.07874106615781784
f 3244 3245 3246
v -0.004860781133174896 -0.01202781219035387 -0.07874106615781784
v -0.003923424985259771 -0.012374152429401875 -0.07968097180128098
v -0.005045496858656406 -0.012249168939888477 -0.07894919067621231
f 3247 3248 3249
v 0.008591276593506336 -0.011591930873692036 -0.07514240592718124
v 0.008774364367127419 -0.011900653131306171 -0.07521305233240128
v 0.006987321190536022 -0.011944119818508625 -0.07717626541852951
f 3250 3251 3252
v 0.006987321190536022 -0.011944119818508625 -0.07717626541852951
v 0.008774364367127419 -0.011900653131306171 -0.07521305233240128
v 0.007152210921049118 -0.012250860221683979 -0.07727205008268356
f 3253 3254 3255
v 0.006987321190536022 -0.011944119818508625 -0.07717626541852951
v 0.007152210921049118 -0.012250860221683979 -0.07727205008268356
v 0.0060642980970442295 -0.012104113586246967 -0.0781041607260704
f 3256 3257 3258
v 0.0060642980970442295 -0.012104113586246967 -0.0781041607260704
v 0.007152210921049118 -0.012250860221683979 -0.07727205008268356
v 0.006216027308255434 -0.01240974385291338 -0.07821431010961533
f 3259 3260 3261
v 0.0060642980970442295 -0.012104113586246967 -0.0781041607260704
v 0.006216027308255434 -0.01240974385291338 -0.07821431010961533
v 0.00504726730287075 -0.012248788960278034 -0.07894658297300339
f 3262 3263 3264
v 0.00504726730287075 -0.012248788960278034 -0.07894658297300339
v 0.006216027308255434 -0.01240974385291338 -0.07821431010961533
v 0.005181530956178904 -0.012553256936371326 -0.07907216995954514
f 3265 3266 3267
v 0.00504726730287075 -0.012248788960278034 -0.07894658297300339
v 0.005181530956178904 -0.012553256936371326 -0.07907216995954514
v 0.003924570977687836 -0.012373638339340687 -0.079677514731884
f 3268 3269 3270
v 0.003924570977687836 -0.012373638339340687 -0.079677514731884
v 0.005181530956178904 -0.012553256936371326 -0.07907216995954514
v 0.00403536856174469 -0.01267689187079668 -0.07981943339109421
f 3271 3272 3273
v 0.003924570977687836 -0.012373638339340687 -0.079677514731884
v 0.00403536856174469 -0.01267689187079668 -0.07981943339109421
v 0.002696635667234659 -0.012472187168896198 -0.08025792986154556
f 3274 3275 3276
v 0.002696635667234659 -0.012472187168896198 -0.08025792986154556
v 0.00403536856174469 -0.01267689187079668 -0.07981943339109421
v 0.0027769908774644136 -0.012774315662682056 -0.08041534572839737
f 3277 3278 3279
v 0.002696635667234659 -0.012472187168896198 -0.08025792986154556
v 0.0027769908774644136 -0.012774315662682056 -0.08041534572839737
v 0.0013784959446638823 -0.012535651214420795 -0.08063320070505142
f 3280 3281 3282
v 0.0013784959446638823 -0.012535651214420795 -0.08063320070505142
v 0.0027769908774644136 -0.012774315662682056 -0.08041534572839737
v 0.0014213355025276542 -0.01283698994666338 -0.08080171793699265
f 3283 3284 3285
v 0.0013784959446638823 -0.012535651214420795 -0.08063320070505142
v 0.0014213355025276542 -0.01283698994666338 -0.08080171793699265
v -1.2027106777168228e-06 -0.012557287700474262 -0.08076129108667374
f 3286 3287 3288
v -1.2027106777168228e-06 -0.012557287700474262 -0.08076129108667374
v 0.0014213355025276542 -0.01283698994666338 -0.08080171793699265
v -1.4364040907821618e-06 -0.012858343310654163 -0.08093372732400894
f 3289 3290 3291
v -1.2027106777168228e-06 -0.012557287700474262 -0.08076129108667374
v -1.4364040907821618e-06 -0.012858343310654163 -0.08093372732400894
v -0.0013803753536194563 -0.012536038644611835 -0.0806356742978096
f 3292 3293 3294
v -0.0013803753536194563 -0.012536038644611835 -0.0806356742978096
v -1.4364040907821618e-06 -0.012858343310654163 -0.08093372732400894
v -0.0014236315619200468 -0.012837355025112629 -0.08080441504716873
f 3295 3296 3297
v -0.0013803753536194563 -0.012536038644611835 -0.0806356742978096
v -0.0014236315619200468 -0.012837355025112629 -0.08080441504716873
v -0.0026970533654093742 -0.01247273851186037 -0.08026153594255447
f 3298 3299 3300
v -0.0026970533654093742 -0.01247273851186037 -0.08026153594255447
v -0.0014236315619200468 -0.012837355025112629 -0.08080441504716873
v -0.002777682850137353 -0.012774852104485035 -0.08041930943727493
f 3301 3302 3303
v -0.0026970533654093742 -0.01247273851186037 -0.08026153594255447
v -0.002777682850137353 -0.012774852104485035 -0.08041930943727493
v -0.003923424985259771 -0.012374152429401875 -0.07968097180128098
f 3304 3305 3306
v -0.003923424985259771 -0.012374152429401875 -0.07968097180128098
v -0.002777682850137353 -0.012774852104485035 -0.08041930943727493
v -0.004034335259348154 -0.012677383609116077 -0.07982327789068222
f 3307 3308 3309
v -0.003923424985259771 -0.012374152429401875 -0.07968097180128098
v -0.004034335259348154 -0.012677383609116077 -0.07982327789068222
v -0.005045496858656406 -0.012249168939888477 -0.07894919067621231
f 3310 3311 3312
v -0.005045496858656406 -0.012249168939888477 -0.07894919067621231
v -0.004034335259348154 -0.012677383609116077 -0.07982327789068222
v -0.00517978286370635 -0.012553607113659382 -0.0790751501917839
f 3313 3314 3315
v -0.00833112746477127 -0.011372764594852924 -0.07500471919775009
v -0.00803231168538332 -0.011271451599895954 -0.0748184397816658
v -0.006756093353033066 -0.011724007315933704 -0.07700660079717636
f 3316 3317 3318
v -0.006756093353033066 -0.011724007315933704 -0.07700660079717636
v -0.00803231168538332 -0.011271451599895954 -0.0748184397816658
v -0.00649116700515151 -0.011618067510426044 -0.07678418606519699
f 3319 3320 3321
v -0.006756093353033066 -0.011724007315933704 -0.07700660079717636
v -0.00649116700515151 -0.011618067510426044 -0.07678418606519699
v -0.0057500386610627174 -0.011752051301300526 -0.07754404097795486
f 3322 3323 3324
v -0.002361543010920286 -0.013143514283001423 -0.08063159137964249
v -0.002820140914991498 -0.013118368573486805 -0.08047022670507431
v -0.002777682850137353 -0.012774852104485035 -0.08041930943727493
f 3325 3326 3327
v -0.002777682850137353 -0.012774852104485035 -0.08041930943727493
v -0.002820140914991498 -0.013118368573486805 -0.08047022670507431
v -0.00310280523262918 -0.0131004573777318 -0.08035566657781601
f 3328 3329 3330
v -0.002777682850137353 -0.012774852104485035 -0.08041930943727493
v -0.00310280523262918 -0.0131004573777318 -0.08035566657781601
v -0.004034335259348154 -0.012677383609116077 -0.07982327789068222
f 3331 3332 3333
v -0.004034335259348154 -0.012677383609116077 -0.07982327789068222
v -0.00310280523262918 -0.0131004573777318 -0.08035566657781601
v -0.004444960039108992 -0.01298948097974062 -0.079653300344944
f 3334 3335 3336
v -0.004034335259348154 -0.012677383609116077 -0.07982327789068222
v -0.004444960039108992 -0.01298948097974062 -0.079653300344944
v -0.00517978286370635 -0.012553607113659382 -0.0790751501917839
f 3337 3338 3339
v -0.00517978286370635 -0.012553607113659382 -0.0790751501917839
v -0.004444960039108992 -0.01298948097974062 -0.079653300344944
v -0.005247734487056732 -0.012901385314762592 -0.07910489290952682
f 3340 3341 3342
v -0.00517978286370635 -0.012553607113659382 -0.0790751501917839
v -0.005247734487056732 -0.012901385314762592 -0.07910489290952682
v -0.00552288256585598 -0.012867112644016743 -0.07889338582754135
f 3343 3344 3345
v -0.0057500386610627174 -0.011752051301300526 -0.07754404097795486
v -0.004860781133174896 -0.01202781219035387 -0.07874106615781784
v -0.006756093353033066 -0.011724007315933704 -0.07700660079717636
f 3346 3347 3348
v -0.006756093353033066 -0.011724007315933704 -0.07700660079717636
v -0.004860781133174896 -0.01202781219035387 -0.07874106615781784
v -0.005045496858656406 -0.012249168939888477 -0.07894919067621231
f 3349 3350 3351
v -0.006756093353033066 -0.011724007315933704 -0.07700660079717636
v -0.005045496858656406 -0.012249168939888477 -0.07894919067621231
v -0.00606277771294117 -0.012104314751923084 -0.07810571044683456
f 3352 3353 3354
v -0.00606277771294117 -0.012104314751923084 -0.07810571044683456
v -0.005045496858656406 -0.012249168939888477 -0.07894919067621231
v -0.00517978286370635 -0.012553607113659382 -0.0790751501917839
f 3355 3356 3357
v -0.00606277771294117 -0.012104314751923084 -0.07810571044683456
v -0.00517978286370635 -0.012553607113659382 -0.0790751501917839
v -0.006214517634361982 -0.012409922666847706 -0.07821614295244217
f 3358 3359 3360
v -0.006214517634361982 -0.012409922666847706 -0.07821614295244217
v -0.00517978286370635 -0.012553607113659382 -0.0790751501917839
v -0.00552288256585598 -0.012867112644016743 -0.07889338582754135
f 3361 3362 3363
v -0.006214517634361982 -0.012409922666847706 -0.07821614295244217
v -0.00552288256585598 -0.012867112644016743 -0.07889338582754135
v -0.0065144700929522514 -0.012724955566227436 -0.0780235305428505
f 3364 3365 3366
v 0.011641405522823334 -0.009656359441578388 -0.06841685622930527
v 0.012690342031419277 -0.008296330459415913 -0.06505957990884781
v 0.01299215853214264 -0.008498777635395527 -0.06504464894533157
f 3367 3368 3369
v 0.012341476045548916 -0.008201216347515583 -0.06501280516386032
v 0.012690342031419277 -0.008296330459415913 -0.06505957990884781
v 0.011392226442694664 -0.009466354735195637 -0.0680837407708168
f 3370 3371 3372
v 0.011392226442694664 -0.009466354735195637 -0.0680837407708168
v 0.012690342031419277 -0.008296330459415913 -0.06505957990884781
v 0.011641405522823334 -0.009656359441578388 -0.06841685622930527
f 3373 3374 3375
v 0.011392226442694664 -0.009466354735195637 -0.0680837407708168
v 0.011641405522823334 -0.009656359441578388 -0.06841685622930527
v 0.011302816681563854 -0.00955615658313036 -0.06833279877901077
f 3376 3377 3378
v 0.011302816681563854 -0.00955615658313036 -0.06833279877901077
v 0.011641405522823334 -0.009656359441578388 -0.06841685622930527
v 0.010651552118360996 -0.010108326561748981 -0.06999675184488297
f 3379 3380 3381
v 0.008034339174628258 -0.011271451599895954 -0.0748184397816658
v 0.0090315667912364 -0.010963854379951954 -0.0732601210474968
v 0.009345023892819881 -0.011066150851547718 -0.07341616600751877
f 3382 3383 3384
v 0.011271527037024498 -0.010423456318676472 -0.0701550766825676
v 0.010504116304218769 -0.010895204730331898 -0.07185397297143936
v 0.01022336259484291 -0.010679279454052448 -0.07177530974149704
f 3385 3386 3387
v 0.013961729593575 -0.007072318810969591 -0.06160954385995865
v 0.01299215853214264 -0.008498777635395527 -0.06504464894533157
v 0.013744105584919453 -0.006800201255828142 -0.061726219952106476
f 3388 3389 3390
v 0.013744105584919453 -0.006800201255828142 -0.061726219952106476
v 0.01299215853214264 -0.008498777635395527 -0.06504464894533157
v 0.012690342031419277 -0.008296330459415913 -0.06505957990884781
f 3391 3392 3393
v 0.013744105584919453 -0.006800201255828142 -0.061726219952106476
v 0.012690342031419277 -0.008296330459415913 -0.06505957990884781
v 0.01343606412410736 -0.006607804913073778 -0.061780087649822235
f 3394 3395 3396
v 0.01343606412410736 -0.006607804913073778 -0.061780087649822235
v 0.012690342031419277 -0.008296330459415913 -0.06505957990884781
v 0.012341476045548916 -0.008201216347515583 -0.06501280516386032
f 3397 3398 3399
v 0.01343606412410736 -0.006607804913073778 -0.061780087649822235
v 0.012341476045548916 -0.008201216347515583 -0.06501280516386032
v 0.013078943826258183 -0.006520156282931566 -0.061764366924762726
f 3400 3401 3402
v 0.010704681277275085 -0.011197258718311787 -0.07187151163816452
v 0.010504116304218769 -0.010895204730331898 -0.07185397297143936
v 0.011477404274046421 -0.010721621103584766 -0.0701480284333229
f 3403 3404 3405
v 0.011477404274046421 -0.010721621103584766 -0.0701480284333229
v 0.010504116304218769 -0.010895204730331898 -0.07185397297143936
v 0.011271527037024498 -0.010423456318676472 -0.0701550766825676
f 3406 3407 3408
v 0.011477404274046421 -0.010721621103584766 -0.0701480284333229
v 0.011271527037024498 -0.010423456318676472 -0.0701550766825676
v 0.012144594453275204 -0.010160570032894611 -0.06841502338647842
f 3409 3410 3411
v 0.014062128029763699 -0.007386181969195604 -0.061446987092494965
v 0.013843987137079239 -0.00799145270138979 -0.06255527585744858
v 0.013961729593575 -0.007072318810969591 -0.06160954385995865
f 3412 3413 3414
v 0.013961729593575 -0.007072318810969591 -0.06160954385995865
v 0.013843987137079239 -0.00799145270138979 -0.06255527585744858
v 0.01320719625800848 -0.008782711811363697 -0.06496957689523697
f 3415 3416 3417
v 0.013961729593575 -0.007072318810969591 -0.06160954385995865
v 0.01320719625800848 -0.008782711811363697 -0.06496957689523697
v 0.01299215853214264 -0.008498777635395527 -0.06504464894533157
f 3418 3419 3420
v 0.01299215853214264 -0.008498777635395527 -0.06504464894533157
v 0.01320719625800848 -0.008782711811363697 -0.06496957689523697
v 0.011934759095311165 -0.009866704232990742 -0.0684456005692482
f 3421 3422 3423
v 0.01299215853214264 -0.008498777635395527 -0.06504464894533157
v 0.011934759095311165 -0.009866704232990742 -0.0684456005692482
v 0.011641405522823334 -0.009656359441578388 -0.06841685622930527
f 3424 3425 3426
v 0.011641405522823334 -0.009656359441578388 -0.06841685622930527
v 0.011934759095311165 -0.009866704232990742 -0.0684456005692482
v 0.010983721353113651 -0.010210019536316395 -0.0701022818684578
f 3427 3428 3429
v 0.011641405522823334 -0.009656359441578388 -0.06841685622930527
v 0.010983721353113651 -0.010210019536316395 -0.0701022818684578
v 0.010651552118360996 -0.010108326561748981 -0.06999675184488297
f 3430 3431 3432
v 0.010651552118360996 -0.010108326561748981 -0.06999675184488297
v 0.010983721353113651 -0.010210019536316395 -0.0701022818684578
v 0.009899185039103031 -0.01057687122374773 -0.07164598256349564
f 3433 3434 3435
v 0.013843987137079239 -0.00799145270138979 -0.06255527585744858
v 0.013309456408023834 -0.009109263308346272 -0.06484555453062057
v 0.01320719625800848 -0.008782711811363697 -0.06496957689523697
f 3436 3437 3438
v 0.01320719625800848 -0.008782711811363697 -0.06496957689523697
v 0.013309456408023834 -0.009109263308346272 -0.06484555453062057
v 0.012144594453275204 -0.010160570032894611 -0.06841502338647842
f 3439 3440 3441
v 0.01320719625800848 -0.008782711811363697 -0.06496957689523697
v 0.012144594453275204 -0.010160570032894611 -0.06841502338647842
v 0.011934759095311165 -0.009866704232990742 -0.0684456005692482
f 3442 3443 3444
v 0.011934759095311165 -0.009866704232990742 -0.0684456005692482
v 0.012144594453275204 -0.010160570032894611 -0.06841502338647842
v 0.011271527037024498 -0.010423456318676472 -0.0701550766825676
f 3445 3446 3447
v 0.011934759095311165 -0.009866704232990742 -0.0684456005692482
v 0.011271527037024498 -0.010423456318676472 -0.0701550766825676
v 0.010983721353113651 -0.010210019536316395 -0.0701022818684578
f 3448 3449 3450
v 0.010983721353113651 -0.010210019536316395 -0.0701022818684578
v 0.011271527037024498 -0.010423456318676472 -0.0701550766825676
v 0.01022336259484291 -0.010679279454052448 -0.07177530974149704
f 3451 3452 3453
v 0.010983721353113651 -0.010210019536316395 -0.0701022818684578
v 0.01022336259484291 -0.010679279454052448 -0.07177530974149704
v 0.009899185039103031 -0.01057687122374773 -0.07164598256349564
f 3454 3455 3456
v 0.009899185039103031 -0.01057687122374773 -0.07164598256349564
v 0.01022336259484291 -0.010679279454052448 -0.07177530974149704
v 0.0090315667912364 -0.010963854379951954 -0.0732601210474968
f 3457 3458 3459
v 0.013309456408023834 -0.009109263308346272 -0.06484555453062057
v 0.012433266267180443 -0.010305446572601795 -0.06778842955827713
v 0.012144594453275204 -0.010160570032894611 -0.06841502338647842
f 3460 3461 3462
v 0.012144594453275204 -0.010160570032894611 -0.06841502338647842
v 0.012433266267180443 -0.010305446572601795 -0.06778842955827713
v 0.012245690450072289 -0.01049808133393526 -0.06833051890134811
f 3463 3464 3465
v 0.012144594453275204 -0.010160570032894611 -0.06841502338647842
v 0.012245690450072289 -0.01049808133393526 -0.06833051890134811
v 0.011477404274046421 -0.010721621103584766 -0.0701480284333229
f 3466 3467 3468
v 0.011477404274046421 -0.010721621103584766 -0.0701480284333229
v 0.012245690450072289 -0.01049808133393526 -0.06833051890134811
v 0.011576574295759201 -0.011064057238399982 -0.07008358091115952
f 3469 3470 3471
v 0.011477404274046421 -0.010721621103584766 -0.0701480284333229
v 0.011576574295759201 -0.011064057238399982 -0.07008358091115952
v 0.010704681277275085 -0.011197258718311787 -0.07187151163816452
f 3472 3473 3474
v 0.010704681277275085 -0.011197258718311787 -0.07187151163816452
v 0.011576574295759201 -0.011064057238399982 -0.07008358091115952
v 0.010800829157233238 -0.011544314213097095 -0.07182719558477402
f 3475 3476 3477
v 0.010704681277275085 -0.011197258718311787 -0.07187151163816452
v 0.010800829157233238 -0.011544314213097095 -0.07182719558477402
v 0.010611584410071373 -0.011639920063316822 -0.07221276313066483
f 3478 3479 3480
v 0.0090315667912364 -0.010963854379951954 -0.0732601210474968
v 0.01022336259484291 -0.010679279454052448 -0.07177530974149704
v 0.009345023892819881 -0.011066150851547718 -0.07341616600751877
f 3481 3482 3483
v 0.009345023892819881 -0.011066150851547718 -0.07341616600751877
v 0.01022336259484291 -0.010679279454052448 -0.07177530974149704
v 0.010504116304218769 -0.010895204730331898 -0.07185397297143936
f 3484 3485 3486
v 0.009345023892819881 -0.011066150851547718 -0.07341616600751877
v 0.010504116304218769 -0.010895204730331898 -0.07185397297143936
v 0.00961622316390276 -0.01128398347645998 -0.07352297753095627
f 3487 3488 3489
v 0.00961622316390276 -0.01128398347645998 -0.07352297753095627
v 0.010504116304218769 -0.010895204730331898 -0.07185397297143936
v 0.010704681277275085 -0.011197258718311787 -0.07187151163816452
f 3490 3491 3492
v 0.00961622316390276 -0.01128398347645998 -0.07352297753095627
v 0.010704681277275085 -0.011197258718311787 -0.07187151163816452
v 0.009809428825974464 -0.01158954668790102 -0.07356632500886917
f 3493 3494 3495
v 0.009809428825974464 -0.01158954668790102 -0.07356632500886917
v 0.010704681277275085 -0.011197258718311787 -0.07187151163816452
v 0.010611584410071373 -0.011639920063316822 -0.07221276313066483
f 3496 3497 3498
v 0.009809428825974464 -0.01158954668790102 -0.07356632500886917
v 0.010611584410071373 -0.011639920063316822 -0.07221276313066483
v 0.009901177138090134 -0.011940968222916126 -0.07354215532541275
f 3499 3500 3501
v 0.008034339174628258 -0.011271451599895954 -0.0748184397816658
v 0.009345023892819881 -0.011066150851547718 -0.07341616600751877
v 0.008333154022693634 -0.011372772045433521 -0.0750047042965889
f 3502 3503 3504
v 0.008333154022693634 -0.011372772045433521 -0.0750047042965889
v 0.009345023892819881 -0.011066150851547718 -0.07341616600751877
v 0.00961622316390276 -0.01128398347645998 -0.07352297753095627
f 3505 3506 3507
v 0.008333154022693634 -0.011372772045433521 -0.0750047042965889
v 0.00961622316390276 -0.01128398347645998 -0.07352297753095627
v 0.008591276593506336 -0.011591930873692036 -0.07514240592718124
f 3508 3509 3510
v 0.008591276593506336 -0.011591930873692036 -0.07514240592718124
v 0.00961622316390276 -0.01128398347645998 -0.07352297753095627
v 0.009809428825974464 -0.01158954668790102 -0.07356632500886917
f 3511 3512 3513
v 0.008591276593506336 -0.011591930873692036 -0.07514240592718124
v 0.009809428825974464 -0.01158954668790102 -0.07356632500886917
v 0.008774364367127419 -0.011900653131306171 -0.07521305233240128
f 3514 3515 3516
v 0.008774364367127419 -0.011900653131306171 -0.07521305233240128
v 0.009809428825974464 -0.01158954668790102 -0.07356632500886917
v 0.009901177138090134 -0.011940968222916126 -0.07354215532541275
f 3517 3518 3519
v 0.008774364367127419 -0.011900653131306171 -0.07521305233240128
v 0.009901177138090134 -0.011940968222916126 -0.07354215532541275
v 0.008860046975314617 -0.012256261892616749 -0.075208880007267
f 3520 3521 3522
v 0.013456325978040695 -0.0051795137114822865 -0.05944228917360306
v 0.013736157678067684 -0.0038068934809416533 -0.057064853608608246
v 0.01410676259547472 -0.003884759498760104 -0.0570555105805397
f 3523 3524 3525
v 0.01343606412410736 -0.006607804913073778 -0.061780087649822235
v 0.013078943826258183 -0.006520156282931566 -0.061764366924762726
v 0.013456325978040695 -0.0051795137114822865 -0.05944228917360306
f 3526 3527 3528
v 0.014641049318015575 -0.00435129227116704 -0.056837476789951324
v 0.014731574803590775 -0.004672918934375048 -0.0566604807972908
v 0.014719097875058651 -0.004745748359709978 -0.0567888543009758
f 3529 3530 3531
v 0.013456325978040695 -0.0051795137114822865 -0.05944228917360306
v 0.01410676259547472 -0.003884759498760104 -0.0570555105805397
v 0.01343606412410736 -0.006607804913073778 -0.061780087649822235
f 3532 3533 3534
v 0.01343606412410736 -0.006607804913073778 -0.061780087649822235
v 0.01410676259547472 -0.003884759498760104 -0.0570555105805397
v 0.014423390850424767 -0.004074927885085344 -0.05697613209486008
f 3535 3536 3537
v 0.01343606412410736 -0.006607804913073778 -0.061780087649822235
v 0.014423390850424767 -0.004074927885085344 -0.05697613209486008
v 0.013744105584919453 -0.006800201255828142 -0.061726219952106476
f 3538 3539 3540
v 0.013744105584919453 -0.006800201255828142 -0.061726219952106476
v 0.014423390850424767 -0.004074927885085344 -0.05697613209486008
v 0.014641049318015575 -0.00435129227116704 -0.056837476789951324
f 3541 3542 3543
v 0.013744105584919453 -0.006800201255828142 -0.061726219952106476
v 0.014641049318015575 -0.00435129227116704 -0.056837476789951324
v 0.013961729593575 -0.007072318810969591 -0.06160954385995865
f 3544 3545 3546
v 0.013961729593575 -0.007072318810969591 -0.06160954385995865
v 0.014641049318015575 -0.00435129227116704 -0.056837476789951324
v 0.014719097875058651 -0.004745748359709978 -0.0567888543009758
f 3547 3548 3549
v 0.013961729593575 -0.007072318810969591 -0.06160954385995865
v 0.014719097875058651 -0.004745748359709978 -0.0567888543009758
v 0.014062128029763699 -0.007386181969195604 -0.061446987092494965
f 3550 3551 3552
v 0.014000999741256237 -0.001088496996089816 -0.05135730654001236
v 0.014133825898170471 -0.0010967745911329985 -0.051354147493839264
v 0.01394590549170971 -0.002195660723373294 -0.05396955460309982
f 3553 3554 3555
v 0.01394590549170971 -0.002195660723373294 -0.05396955460309982
v 0.014133825898170471 -0.0010967745911329985 -0.051354147493839264
v 0.014310423284769058 -0.0024105652701109648 -0.054250024259090424
f 3556 3557 3558
v 0.01394590549170971 -0.002195660723373294 -0.05396955460309982
v 0.014310423284769058 -0.0024105652701109648 -0.054250024259090424
v 0.013932602480053902 -0.0023360520135611296 -0.054267264902591705
f 3559 3560 3561
v 0.013932602480053902 -0.0023360520135611296 -0.054267264902591705
v 0.014310423284769058 -0.0024105652701109648 -0.054250024259090424
v 0.013736157678067684 -0.0038068934809416533 -0.057064853608608246
f 3562 3563 3564
v 0.014133825898170471 -0.0010967745911329985 -0.051354147493839264
v 0.014384143985807896 -0.0011597767006605864 -0.05133003741502762
v 0.014310423284769058 -0.0024105652701109648 -0.054250024259090424
f 3565 3566 3567
v 0.014310423284769058 -0.0024105652701109648 -0.054250024259090424
v 0.014384143985807896 -0.0011597767006605864 -0.05133003741502762
v 0.01455837581306696 -0.0012470379006117582 -0.0512966588139534
f 3568 3569 3570
v 0.014310423284769058 -0.0024105652701109648 -0.054250024259090424
v 0.01455837581306696 -0.0012470379006117582 -0.0512966588139534
v 0.01463125366717577 -0.0026072754990309477 -0.05417182296514511
f 3571 3572 3573
v 0.01455837581306696 -0.0012470379006117582 -0.0512966588139534
v 0.014752482064068317 -0.0014062866102904081 -0.05123574286699295
v 0.01463125366717577 -0.0026072754990309477 -0.05417182296514511
f 3574 3575 3576
v 0.01463125366717577 -0.0026072754990309477 -0.05417182296514511
v 0.014752482064068317 -0.0014062866102904081 -0.05123574286699295
v 0.014969917014241219 -0.0017914294730871916 -0.051088400185108185
f 3577 3578 3579
v 0.01463125366717577 -0.0026072754990309477 -0.05417182296514511
v 0.014969917014241219 -0.0017914294730871916 -0.051088400185108185
v 0.014847888611257076 -0.002898257924243808 -0.054043687880039215
f 3580 3581 3582
v 0.014847888611257076 -0.002898257924243808 -0.054043687880039215
v 0.014969917014241219 -0.0017914294730871916 -0.051088400185108185
v 0.01500099990516901 -0.0020224868785589933 -0.05099999159574509
f 3583 3584 3585
v 0.014847888611257076 -0.002898257924243808 -0.054043687880039215
v 0.01500099990516901 -0.0020224868785589933 -0.05099999159574509
v 0.014931442216038704 -0.0032388463150709867 -0.05388546735048294
f 3586 3587 3588
v 0.013736157678067684 -0.0038068934809416533 -0.057064853608608246
v 0.014310423284769058 -0.0024105652701109648 -0.054250024259090424
v 0.01410676259547472 -0.003884759498760104 -0.0570555105805397
f 3589 3590 3591
v 0.01410676259547472 -0.003884759498760104 -0.0570555105805397
v 0.014310423284769058 -0.0024105652701109648 -0.054250024259090424
v 0.01463125366717577 -0.0026072754990309477 -0.05417182296514511
f 3592 3593 3594
v 0.01410676259547472 -0.003884759498760104 -0.0570555105805397
v 0.01463125366717577 -0.0026072754990309477 -0.05417182296514511
v 0.014423390850424767 -0.004074927885085344 -0.05697613209486008
f 3595 3596 3597
v 0.014423390850424767 -0.004074927885085344 -0.05697613209486008
v 0.01463125366717577 -0.0026072754990309477 -0.05417182296514511
v 0.014847888611257076 -0.002898257924243808 -0.054043687880039215
f 3598 3599 3600
v 0.014423390850424767 -0.004074927885085344 -0.05697613209486008
v 0.014847888611257076 -0.002898257924243808 -0.054043687880039215
v 0.014641049318015575 -0.00435129227116704 -0.056837476789951324
f 3601 3602 3603
v 0.014641049318015575 -0.00435129227116704 -0.056837476789951324
v 0.014847888611257076 -0.002898257924243808 -0.054043687880039215
v 0.014931442216038704 -0.0032388463150709867 -0.05388546735048294
f 3604 3605 3606
v 0.014641049318015575 -0.00435129227116704 -0.056837476789951324
v 0.014931442216038704 -0.0032388463150709867 -0.05388546735048294
v 0.014731574803590775 -0.004672918934375048 -0.0566604807972908
f 3607 3608 3609
v 0.014000999741256237 -0.001088496996089816 -0.05135730654001236
v 0.014000999741256237 -0.00086021120660007 -0.050745658576488495
v 0.014133825898170471 -0.0010967745911329985 -0.051354147493839264
f 3610 3611 3612
v 0.014133825898170471 -0.0010967745911329985 -0.051354147493839264
v 0.014000999741256237 -0.00086021120660007 -0.050745658576488495
v 0.014133825898170471 -0.0008685335051268339 -0.050742633640766144
f 3613 3614 3615
v 0.014133825898170471 -0.0010967745911329985 -0.051354147493839264
v 0.014133825898170471 -0.0008685335051268339 -0.050742633640766144
v 0.014384143985807896 -0.0011597767006605864 -0.05133003741502762
f 3616 3617 3618
v 0.014384143985807896 -0.0011597767006605864 -0.05133003741502762
v 0.014133825898170471 -0.0008685335051268339 -0.050742633640766144
v 0.014347117394208908 -0.0009182884823530912 -0.050724513828754425
f 3619 3620 3621
v 0.014384143985807896 -0.0011597767006605864 -0.05133003741502762
v 0.014347117394208908 -0.0009182884823530912 -0.050724513828754425
v 0.01455837581306696 -0.0012470379006117582 -0.0512966588139534
f 3622 3623 3624
v 0.014969917014241219 -0.0015674352180212736 -0.05048825591802597
v 0.01500099990516901 -0.001799900783225894 -0.0504036471247673
v 0.01500099990516901 -0.0019099756609648466 -0.05070226639509201
f 3625 3626 3627
v 0.014347117394208908 -0.0009182884823530912 -0.050724513828754425
v 0.01455837581306696 -0.0010197132360190153 -0.050687603652477264
v 0.01455837581306696 -0.0012470379006117582 -0.0512966588139534
f 3628 3629 3630
v 0.01455837581306696 -0.0012470379006117582 -0.0512966588139534
v 0.01455837581306696 -0.0010197132360190153 -0.050687603652477264
v 0.014752482064068317 -0.0011799379717558622 -0.05062929540872574
f 3631 3632 3633
v 0.01455837581306696 -0.0012470379006117582 -0.0512966588139534
v 0.014752482064068317 -0.0011799379717558622 -0.05062929540872574
v 0.014752482064068317 -0.0014062866102904081 -0.05123574286699295
f 3634 3635 3636
v 0.014752482064068317 -0.0014062866102904081 -0.05123574286699295
v 0.014752482064068317 -0.0011799379717558622 -0.05062929540872574
v 0.014969917014241219 -0.0015674352180212736 -0.05048825591802597
f 3637 3638 3639
v 0.014752482064068317 -0.0014062866102904081 -0.05123574286699295
v 0.014969917014241219 -0.0015674352180212736 -0.05048825591802597
v 0.014969917014241219 -0.0017914294730871916 -0.051088400185108185
f 3640 3641 3642
v 0.014969917014241219 -0.0017914294730871916 -0.051088400185108185
v 0.014969917014241219 -0.0015674352180212736 -0.05048825591802597
v 0.01500099990516901 -0.0019099756609648466 -0.05070226639509201
f 3643 3644 3645
v 0.014969917014241219 -0.0017914294730871916 -0.051088400185108185
v 0.01500099990516901 -0.0019099756609648466 -0.05070226639509201
v 0.01500099990516901 -0.0020224868785589933 -0.05099999159574509
f 3646 3647 3648
v 0.023899495601654053 0.012876863591372967 -0.01078870240598917
v 0.023886961862444878 0.012829284183681011 -0.010806881822645664
v 0.02201586402952671 0.011817063204944134 -0.013527476228773594
f 3649 3650 3651
v 0.021171653643250465 0.012756775133311749 -0.013333284296095371
v 0.0225286353379488 0.013490970246493816 -0.011316143907606602
v 0.021463019773364067 0.012640479020774364 -0.013476007618010044
f 3652 3653 3654
v 0.021463019773364067 0.012640479020774364 -0.013476007618010044
v 0.0225286353379488 0.013490970246493816 -0.011316143907606602
v 0.02253127470612526 0.013491484336555004 -0.011314713396131992
f 3655 3656 3657
v 0.02253127470612526 0.013491484336555004 -0.011314713396131992
v 0.02255689725279808 0.013496498577296734 -0.011300616897642612
v 0.021463019773364067 0.012640479020774364 -0.013476007618010044
f 3658 3659 3660
v 0.021463019773364067 0.012640479020774364 -0.013476007618010044
v 0.02255689725279808 0.013496498577296734 -0.011300616897642612
v 0.022805429995059967 0.013533550314605236 -0.011167758144438267
f 3661 3662 3663
v 0.021463019773364067 0.012640479020774364 -0.013476007618010044
v 0.022805429995059967 0.013533550314605236 -0.011167758144438267
v 0.023309744894504547 0.013529176823794842 -0.010922753252089024
f 3664 3665 3666
v 0.021171653643250465 0.012756775133311749 -0.013333284296095371
v 0.021463019773364067 0.012640479020774364 -0.013476007618010044
v 0.01972786709666252 0.011870327405631542 -0.01576882041990757
f 3667 3668 3669
v 0.01972786709666252 0.011870327405631542 -0.01576882041990757
v 0.021463019773364067 0.012640479020774364 -0.013476007618010044
v 0.019615789875388145 0.011474977247416973 -0.016671890392899513
f 3670 3671 3672
v 0.01972786709666252 0.011870327405631542 -0.01576882041990757
v 0.019615789875388145 0.011474977247416973 -0.016671890392899513
v 0.01930665597319603 0.011586192063987255 -0.01654946245253086
f 3673 3674 3675
v 0.01930665597319603 0.011586192063987255 -0.01654946245253086
v 0.019615789875388145 0.011474977247416973 -0.016671890392899513
v 0.01803281530737877 0.010258982889354229 -0.0200060848146677
f 3676 3677 3678
v 0.01930665597319603 0.011586192063987255 -0.01654946245253086
v 0.01803281530737877 0.010258982889354229 -0.0200060848146677
v 0.017259256914258003 0.00996949803084135 -0.02099127508699894
f 3679 3680 3681
v 0.017259256914258003 0.00996949803084135 -0.02099127508699894
v 0.01803281530737877 0.010258982889354229 -0.0200060848146677
v 0.016726089641451836 0.009000214748084545 -0.02345738746225834
f 3682 3683 3684
v 0.017259256914258003 0.00996949803084135 -0.02099127508699894
v 0.016726089641451836 0.009000214748084545 -0.02345738746225834
v 0.016385767608880997 0.009100186638534069 -0.02337970770895481
f 3685 3686 3687
v 0.016385767608880997 0.009100186638534069 -0.02337970770895481
v 0.016726089641451836 0.009000214748084545 -0.02345738746225834
v 0.01570306532084942 0.007706988137215376 -0.027003074064850807
f 3688 3689 3690
v 0.016385767608880997 0.009100186638534069 -0.02337970770895481
v 0.01570306532084942 0.007706988137215376 -0.027003074064850807
v 0.015464123338460922 0.007965962402522564 -0.026495957747101784
f 3691 3692 3693
v 0.015464123338460922 0.007965962402522564 -0.026495957747101784
v 0.01570306532084942 0.007706988137215376 -0.027003074064850807
v 0.014968420378863811 0.006387952249497175 -0.03061945177614689
f 3694 3695 3696
v 0.015464123338460922 0.007965962402522564 -0.026495957747101784
v 0.014968420378863811 0.006387952249497175 -0.03061945177614689
v 0.014603529125452042 0.006475243251770735 -0.030591676011681557
f 3697 3698 3699
v 0.014603529125452042 0.006475243251770735 -0.030591676011681557
v 0.014968420378863811 0.006387952249497175 -0.03061945177614689
v 0.014367672614753246 0.005883786361664534 -0.032216690480709076
f 3700 3701 3702
v 0.014367672614753246 0.005883786361664534 -0.032216690480709076
v 0.014968420378863811 0.006387952249497175 -0.03061945177614689
v 0.014526784420013428 0.005051772575825453 -0.03428282588720322
f 3703 3704 3705
v 0.014367672614753246 0.005883786361664534 -0.032216690480709076
v 0.014526784420013428 0.005051772575825453 -0.03428282588720322
v 0.014152418822050095 0.005132171791046858 -0.03428172320127487
f 3706 3707 3708
v 0.014152418822050095 0.005132171791046858 -0.03428172320127487
v 0.014526784420013428 0.005051772575825453 -0.03428282588720322
v 0.014347117394208908 0.0037221715319901705 -0.03797496110200882
f 3709 3710 3711
v 0.014152418822050095 0.005132171791046858 -0.03428172320127487
v 0.014347117394208908 0.0037221715319901705 -0.03797496110200882
v 0.014000999741256237 0.0037802562583237886 -0.037996090948581696
f 3712 3713 3714
v 0.021911896765232086 0.012141990475356579 -0.013579689897596836
v 0.02384107932448387 0.013266186229884624 -0.010722839273512363
v 0.023907694965600967 0.01310333888977766 -0.010729067958891392
f 3715 3716 3717
v 0.01500099990516901 0.0028405592311173677 -0.037654079496860504
v 0.01493919175118208 0.0031658068764954805 -0.03777245432138443
v 0.01514914259314537 0.004192482214421034 -0.03402044624090195
f 3718 3719 3720
v 0.01514914259314537 0.004192482214421034 -0.03402044624090195
v 0.01493919175118208 0.0031658068764954805 -0.03777245432138443
v 0.015064965933561325 0.004546556156128645 -0.03414251655340195
f 3721 3722 3723
v 0.01514914259314537 0.004192482214421034 -0.03402044624090195
v 0.015064965933561325 0.004546556156128645 -0.03414251655340195
v 0.015271301381289959 0.004666734021157026 -0.032745786011219025
f 3724 3725 3726
v 0.015271301381289959 0.004666734021157026 -0.032745786011219025
v 0.015064965933561325 0.004546556156128645 -0.03414251655340195
v 0.015499821864068508 0.005884017329663038 -0.030522683635354042
f 3727 3728 3729
v 0.01852400414645672 0.009758437983691692 -0.02003399468958378
v 0.018418824300169945 0.009241077117621899 -0.020451078191399574
v 0.01723390258848667 0.008498596958816051 -0.023444974794983864
f 3730 3731 3732
v 0.01723390258848667 0.008498596958816051 -0.023444974794983864
v 0.018418824300169945 0.009241077117621899 -0.020451078191399574
v 0.01733398623764515 0.008160489611327648 -0.023355448618531227
f 3733 3734 3735
v 0.01723390258848667 0.008498596958816051 -0.023444974794983864
v 0.01733398623764515 0.008160489611327648 -0.023355448618531227
v 0.016224315389990807 0.007204245310276747 -0.026949027553200722
f 3736 3737 3738
v 0.016224315389990807 0.007204245310276747 -0.026949027553200722
v 0.01733398623764515 0.008160489611327648 -0.023355448618531227
v 0.016320297494530678 0.006861101370304823 -0.02684786356985569
f 3739 3740 3741
v 0.016224315389990807 0.007204245310276747 -0.026949027553200722
v 0.016320297494530678 0.006861101370304823 -0.02684786356985569
v 0.015499821864068508 0.005884017329663038 -0.030522683635354042
f 3742 3743 3744
v 0.015499821864068508 0.005884017329663038 -0.030522683635354042
v 0.016320297494530678 0.006861101370304823 -0.02684786356985569
v 0.01559046283364296 0.005535546224564314 -0.030410626903176308
f 3745 3746 3747
v 0.015499821864068508 0.005884017329663038 -0.030522683635354042
v 0.01559046283364296 0.005535546224564314 -0.030410626903176308
v 0.015271301381289959 0.004666734021157026 -0.032745786011219025
f 3748 3749 3750
v 0.023907694965600967 0.01310333888977766 -0.010729067958891392
v 0.023899495601654053 0.012876863591372967 -0.01078870240598917
v 0.021911896765232086 0.012141990475356579 -0.013579689897596836
f 3751 3752 3753
v 0.021911896765232086 0.012141990475356579 -0.013579689897596836
v 0.023899495601654053 0.012876863591372967 -0.01078870240598917
v 0.02201586402952671 0.011817063204944134 -0.013527476228773594
f 3754 3755 3756
v 0.021911896765232086 0.012141990475356579 -0.013579689897596836
v 0.02201586402952671 0.011817063204944134 -0.013527476228773594
v 0.02008727937936783 0.010975475423038006 -0.016738587990403175
f 3757 3758 3759
v 0.02008727937936783 0.010975475423038006 -0.016738587990403175
v 0.02201586402952671 0.011817063204944134 -0.013527476228773594
v 0.020191403105854988 0.010646487586200237 -0.016673708334565163
f 3760 3761 3762
v 0.02008727937936783 0.010975475423038006 -0.016738587990403175
v 0.020191403105854988 0.010646487586200237 -0.016673708334565163
v 0.01852400414645672 0.009758437983691692 -0.02003399468958378
f 3763 3764 3765
v 0.01852400414645672 0.009758437983691692 -0.02003399468958378
v 0.020191403105854988 0.010646487586200237 -0.016673708334565163
v 0.018626827746629715 0.009425046853721142 -0.01995662786066532
f 3766 3767 3768
v 0.01852400414645672 0.009758437983691692 -0.02003399468958378
v 0.018626827746629715 0.009425046853721142 -0.01995662786066532
v 0.018418824300169945 0.009241077117621899 -0.020451078191399574
f 3769 3770 3771
v 0.01493919175118208 0.0031658068764954805 -0.03777245432138443
v 0.014707917347550392 0.0035048380959779024 -0.03789585083723068
v 0.015064965933561325 0.004546556156128645 -0.03414251655340195
f 3772 3773 3774
v 0.015064965933561325 0.004546556156128645 -0.03414251655340195
v 0.014707917347550392 0.0035048380959779024 -0.03789585083723068
v 0.01484731212258339 0.004847611766308546 -0.03423445671796799
f 3775 3776 3777
v 0.015064965933561325 0.004546556156128645 -0.03414251655340195
v 0.01484731212258339 0.004847611766308546 -0.03423445671796799
v 0.015499821864068508 0.005884017329663038 -0.030522683635354042
f 3778 3779 3780
v 0.015499821864068508 0.005884017329663038 -0.030522683635354042
v 0.01484731212258339 0.004847611766308546 -0.03423445671796799
v 0.015282632783055305 0.0061821299605071545 -0.03059575892984867
f 3781 3782 3783
v 0.015499821864068508 0.005884017329663038 -0.030522683635354042
v 0.015282632783055305 0.0061821299605071545 -0.03059575892984867
v 0.016224315389990807 0.007204245310276747 -0.026949027553200722
f 3784 3785 3786
v 0.016224315389990807 0.007204245310276747 -0.026949027553200722
v 0.015282632783055305 0.0061821299605071545 -0.03059575892984867
v 0.016009138897061348 0.0074995714239776134 -0.027003267779946327
f 3787 3788 3789
v 0.016224315389990807 0.007204245310276747 -0.026949027553200722
v 0.016009138897061348 0.0074995714239776134 -0.027003267779946327
v 0.01723390258848667 0.008498596958816051 -0.023444974794983864
f 3790 3791 3792
v 0.01723390258848667 0.008498596958816051 -0.023444974794983864
v 0.016009138897061348 0.0074995714239776134 -0.027003267779946327
v 0.01702229678630829 0.008791293017566204 -0.023480603471398354
f 3793 3794 3795
v 0.01723390258848667 0.008498596958816051 -0.023444974794983864
v 0.01702229678630829 0.008791293017566204 -0.023480603471398354
v 0.01852400414645672 0.009758437983691692 -0.02003399468958378
f 3796 3797 3798
v 0.01852400414645672 0.009758437983691692 -0.02003399468958378
v 0.01702229678630829 0.008791293017566204 -0.023480603471398354
v 0.01831752620637417 0.010048660449683666 -0.02005130983889103
f 3799 3800 3801
v 0.01852400414645672 0.009758437983691692 -0.02003399468958378
v 0.01831752620637417 0.010048660449683666 -0.02005130983889103
v 0.02008727937936783 0.010975475423038006 -0.016738587990403175
f 3802 3803 3804
v 0.02008727937936783 0.010975475423038006 -0.016738587990403175
v 0.01831752620637417 0.010048660449683666 -0.02005130983889103
v 0.019887471571564674 0.011263380758464336 -0.016738051548600197
f 3805 3806 3807
v 0.02008727937936783 0.010975475423038006 -0.016738587990403175
v 0.019887471571564674 0.011263380758464336 -0.016738051548600197
v 0.021911896765232086 0.012141990475356579 -0.013579689897596836
f 3808 3809 3810
v 0.021911896765232086 0.012141990475356579 -0.013579689897596836
v 0.019887471571564674 0.011263380758464336 -0.016738051548600197
v 0.021720249205827713 0.01242771279066801 -0.013561957515776157
f 3811 3812 3813
v 0.021911896765232086 0.012141990475356579 -0.013579689897596836
v 0.021720249205827713 0.01242771279066801 -0.013561957515776157
v 0.02384107932448387 0.013266186229884624 -0.010722839273512363
f 3814 3815 3816
v 0.02384107932448387 0.013266186229884624 -0.010722839273512363
v 0.021720249205827713 0.01242771279066801 -0.013561957515776157
v 0.02369530498981476 0.01340231578797102 -0.01076310221105814
f 3817 3818 3819
v 0.014707917347550392 0.0035048380959779024 -0.03789585083723068
v 0.014347117394208908 0.0037221715319901705 -0.03797496110200882
v 0.01484731212258339 0.004847611766308546 -0.03423445671796799
f 3820 3821 3822
v 0.01484731212258339 0.004847611766308546 -0.03423445671796799
v 0.014347117394208908 0.0037221715319901705 -0.03797496110200882
v 0.014526784420013428 0.005051772575825453 -0.03428282588720322
f 3823 3824 3825
v 0.01484731212258339 0.004847611766308546 -0.03423445671796799
v 0.014526784420013428 0.005051772575825453 -0.03428282588720322
v 0.015282632783055305 0.0061821299605071545 -0.03059575892984867
f 3826 3827 3828
v 0.015282632783055305 0.0061821299605071545 -0.03059575892984867
v 0.014526784420013428 0.005051772575825453 -0.03428282588720322
v 0.014968420378863811 0.006387952249497175 -0.03061945177614689
f 3829 3830 3831
v 0.015282632783055305 0.0061821299605071545 -0.03059575892984867
v 0.014968420378863811 0.006387952249497175 -0.03061945177614689
v 0.016009138897061348 0.0074995714239776134 -0.027003267779946327
f 3832 3833 3834
v 0.016009138897061348 0.0074995714239776134 -0.027003267779946327
v 0.014968420378863811 0.006387952249497175 -0.03061945177614689
v 0.01570306532084942 0.007706988137215376 -0.027003074064850807
f 3835 3836 3837
v 0.016009138897061348 0.0074995714239776134 -0.027003267779946327
v 0.01570306532084942 0.007706988137215376 -0.027003074064850807
v 0.01702229678630829 0.008791293017566204 -0.023480603471398354
f 3838 3839 3840
v 0.01702229678630829 0.008791293017566204 -0.023480603471398354
v 0.01570306532084942 0.007706988137215376 -0.027003074064850807
v 0.016726089641451836 0.009000214748084545 -0.02345738746225834
f 3841 3842 3843
v 0.01702229678630829 0.008791293017566204 -0.023480603471398354
v 0.016726089641451836 0.009000214748084545 -0.02345738746225834
v 0.01831752620637417 0.010048660449683666 -0.02005130983889103
f 3844 3845 3846
v 0.01831752620637417 0.010048660449683666 -0.02005130983889103
v 0.016726089641451836 0.009000214748084545 -0.02345738746225834
v 0.01803281530737877 0.010258982889354229 -0.0200060848146677
f 3847 3848 3849
v 0.01831752620637417 0.010048660449683666 -0.02005130983889103
v 0.01803281530737877 0.010258982889354229 -0.0200060848146677
v 0.019887471571564674 0.011263380758464336 -0.016738051548600197
f 3850 3851 3852
v 0.019887471571564674 0.011263380758464336 -0.016738051548600197
v 0.01803281530737877 0.010258982889354229 -0.0200060848146677
v 0.019615789875388145 0.011474977247416973 -0.016671890392899513
f 3853 3854 3855
v 0.019887471571564674 0.011263380758464336 -0.016738051548600197
v 0.019615789875388145 0.011474977247416973 -0.016671890392899513
v 0.021720249205827713 0.01242771279066801 -0.013561957515776157
f 3856 3857 3858
v 0.021720249205827713 0.01242771279066801 -0.013561957515776157
v 0.019615789875388145 0.011474977247416973 -0.016671890392899513
v 0.021463019773364067 0.012640479020774364 -0.013476007618010044
f 3859 3860 3861
v 0.021720249205827713 0.01242771279066801 -0.013561957515776157
v 0.021463019773364067 0.012640479020774364 -0.013476007618010044
v 0.02369530498981476 0.01340231578797102 -0.01076310221105814
f 3862 3863 3864
v 0.02369530498981476 0.01340231578797102 -0.01076310221105814
v 0.021463019773364067 0.012640479020774364 -0.013476007618010044
v 0.023309744894504547 0.013529176823794842 -0.010922753252089024
f 3865 3866 3867
v 0.01500099990516901 0.0017763853538781404 -0.037654079496860504
v 0.01500099990516901 0.0028405592311173677 -0.037654079496860504
v 0.015144669450819492 0.003025676356628537 -0.034062035381793976
f 3868 3869 3870
v 0.015144669450819492 0.003025676356628537 -0.034062035381793976
v 0.01500099990516901 0.0028405592311173677 -0.037654079496860504
v 0.01514914259314537 0.004192482214421034 -0.03402044624090195
f 3871 3872 3873
v 0.015144669450819492 0.003025676356628537 -0.034062035381793976
v 0.01514914259314537 0.004192482214421034 -0.03402044624090195
v 0.015269673429429531 0.0034838796127587557 -0.03274456411600113
f 3874 3875 3876
v 0.015269673429429531 0.0034838796127587557 -0.03274456411600113
v 0.01514914259314537 0.004192482214421034 -0.03402044624090195
v 0.015271301381289959 0.004666734021157026 -0.032745786011219025
f 3877 3878 3879
v 0.015269673429429531 0.0034838796127587557 -0.03274456411600113
v 0.015271301381289959 0.004666734021157026 -0.032745786011219025
v 0.015574457123875618 0.004266995470970869 -0.030492911115288734
f 3880 3881 3882
v 0.015574457123875618 0.004266995470970869 -0.030492911115288734
v 0.015271301381289959 0.004666734021157026 -0.032745786011219025
v 0.01559046283364296 0.005535546224564314 -0.030410626903176308
f 3883 3884 3885
v 0.015574457123875618 0.004266995470970869 -0.030492911115288734
v 0.01559046283364296 0.005535546224564314 -0.030410626903176308
v 0.016287922859191895 0.005492407362908125 -0.026969516649842262
f 3886 3887 3888
v 0.016287922859191895 0.005492407362908125 -0.026969516649842262
v 0.01559046283364296 0.005535546224564314 -0.030410626903176308
v 0.016320297494530678 0.006861101370304823 -0.02684786356985569
f 3889 3890 3891
v 0.020191403105854988 0.010646487586200237 -0.016673708334565163
v 0.020074794068932533 0.00899591576308012 -0.016896003857254982
v 0.018626827746629715 0.009425046853721142 -0.01995662786066532
f 3892 3893 3894
v 0.018626827746629715 0.009425046853721142 -0.01995662786066532
v 0.020074794068932533 0.00899591576308012 -0.016896003857254982
v 0.01854529045522213 0.007864433340728283 -0.02014929987490177
f 3895 3896 3897
v 0.018626827746629715 0.009425046853721142 -0.01995662786066532
v 0.01854529045522213 0.007864433340728283 -0.02014929987490177
v 0.018418824300169945 0.009241077117621899 -0.020451078191399574
f 3898 3899 3900
v 0.018418824300169945 0.009241077117621899 -0.020451078191399574
v 0.01854529045522213 0.007864433340728283 -0.02014929987490177
v 0.018419304862618446 0.007759604137390852 -0.020450705662369728
f 3901 3902 3903
v 0.018418824300169945 0.009241077117621899 -0.020451078191399574
v 0.018419304862618446 0.007759604137390852 -0.020450705662369728
v 0.01733398623764515 0.008160489611327648 -0.023355448618531227
f 3904 3905 3906
v 0.01733398623764515 0.008160489611327648 -0.023355448618531227
v 0.018419304862618446 0.007759604137390852 -0.020450705662369728
v 0.017280213534832 0.006694126408547163 -0.023514265194535255
f 3907 3908 3909
v 0.01733398623764515 0.008160489611327648 -0.023355448618531227
v 0.017280213534832 0.006694126408547163 -0.023514265194535255
v 0.016320297494530678 0.006861101370304823 -0.02684786356985569
f 3910 3911 3912
v 0.016320297494530678 0.006861101370304823 -0.02684786356985569
v 0.017280213534832 0.006694126408547163 -0.023514265194535255
v 0.016408909112215042 0.005660522263497114 -0.026486137881875038
f 3913 3914 3915
v 0.016320297494530678 0.006861101370304823 -0.02684786356985569
v 0.016408909112215042 0.005660522263497114 -0.026486137881875038
v 0.016287922859191895 0.005492407362908125 -0.026969516649842262
f 3916 3917 3918
v 0.023886961862444878 0.012829284183681011 -0.010806881822645664
v 0.023886973038315773 0.011113706044852734 -0.010806792415678501
v 0.02201586402952671 0.011817063204944134 -0.013527476228773594
f 3919 3920 3921
v 0.02201586402952671 0.011817063204944134 -0.013527476228773594
v 0.023886973038315773 0.011113706044852734 -0.010806792415678501
v 0.021859237924218178 0.010081293992698193 -0.013775222934782505
f 3922 3923 3924
v 0.02201586402952671 0.011817063204944134 -0.013527476228773594
v 0.021859237924218178 0.010081293992698193 -0.013775222934782505
v 0.020191403105854988 0.010646487586200237 -0.016673708334565163
f 3925 3926 3927
v 0.020191403105854988 0.010646487586200237 -0.016673708334565163
v 0.021859237924218178 0.010081293992698193 -0.013775222934782505
v 0.021260099485516548 0.009738790802657604 -0.014760040678083897
f 3928 3929 3930
v 0.020191403105854988 0.010646487586200237 -0.016673708334565163
v 0.021260099485516548 0.009738790802657604 -0.014760040678083897
v 0.020074794068932533 0.00899591576308012 -0.016896003857254982
f 3931 3932 3933
v 0.01500099990516901 -0.0030151500832289457 -0.047312162816524506
v 0.01500099990516901 -0.003189314855262637 -0.04796215146780014
v 0.01500099990516901 -0.001799900783225894 -0.0504036471247673
f 3934 3935 3936
v 0.01500099990516901 -0.001799900783225894 -0.0504036471247673
v 0.01500099990516901 -0.003189314855262637 -0.04796215146780014
v 0.01500099990516901 -0.0019099756609648466 -0.05070226639509201
f 3937 3938 3939
v 0.01500099990516901 -0.0019099756609648466 -0.05070226639509201
v 0.01500099990516901 -0.003189314855262637 -0.04796215146780014
v 0.01500099990516901 -0.0036651536356657743 -0.04843799024820328
f 3940 3941 3942
v 0.01500099990516901 -0.0019099756609648466 -0.05070226639509201
v 0.01500099990516901 -0.0036651536356657743 -0.04843799024820328
v 0.01500099990516901 -0.0020224868785589933 -0.05099999159574509
f 3943 3944 3945
v 0.01500099990516901 -0.0020224868785589933 -0.05099999159574509
v 0.01500099990516901 -0.0036651536356657743 -0.04843799024820328
v 0.01500099990516901 -0.004315149504691362 -0.04861215502023697
f 3946 3947 3948
v 0.01500099990516901 -0.0020224868785589933 -0.05099999159574509
v 0.01500099990516901 -0.004315149504691362 -0.04861215502023697
v 0.01500099990516901 -0.009126720018684864 -0.05099999159574509
f 3949 3950 3951
v 0.01500099990516901 -0.000933867646381259 -0.04376452416181564
v 0.01500099990516901 -0.003189314855262637 -0.04666215926408768
v 0.01500099990516901 -0.000727382255718112 -0.04350864142179489
f 3952 3953 3954
v 0.01500099990516901 -0.000727382255718112 -0.04350864142179489
v 0.01500099990516901 -0.003189314855262637 -0.04666215926408768
v 0.01500099990516901 -0.0030151500832289457 -0.047312162816524506
f 3955 3956 3957
v 0.01500099990516901 -0.000727382255718112 -0.04350864142179489
v 0.01500099990516901 -0.0030151500832289457 -0.047312162816524506
v 0.01500099990516901 -0.00011361086944816634 -0.0425514355301857
f 3958 3959 3960
v 0.01500099990516901 -0.00011361086944816634 -0.0425514355301857
v 0.01500099990516901 -0.0030151500832289457 -0.047312162816524506
v 0.01500099990516901 -0.001799900783225894 -0.0504036471247673
f 3961 3962 3963
v 0.01500099990516901 -0.00011361086944816634 -0.0425514355301857
v 0.01500099990516901 -0.001799900783225894 -0.0504036471247673
v 0.01500099990516901 0.00038392399437725544 -0.041471682488918304
f 3964 3965 3966
v 0.01500099990516901 0.00038392399437725544 -0.041471682488918304
v 0.01500099990516901 -0.001799900783225894 -0.0504036471247673
v 0.01500099990516901 0.0028405592311173677 -0.037654079496860504
f 3967 3968 3969
v 0.01500099990516901 0.00038392399437725544 -0.041471682488918304
v 0.01500099990516901 0.0028405592311173677 -0.037654079496860504
v 0.01500099990516901 0.00047072325833141804 -0.041241355240345
f 3970 3971 3972
v 0.01500099990516901 0.00047072325833141804 -0.041241355240345
v 0.01500099990516901 0.0028405592311173677 -0.037654079496860504
v 0.01500099990516901 0.0017763853538781404 -0.037654079496860504
f 3973 3974 3975
v 0.01500099990516901 -0.00802652258425951 -0.04747719317674637
v 0.01500099990516901 -0.005582552868872881 -0.04702287167310715
v 0.01500099990516901 -0.005331527907401323 -0.04650161415338516
f 3976 3977 3978
v 0.01500099990516901 -0.004315149504691362 -0.04861215502023697
v 0.01500099990516901 -0.004879195708781481 -0.048483408987522125
v 0.01500099990516901 -0.009126720018684864 -0.05099999159574509
f 3979 3980 3981
v 0.01500099990516901 -0.009126720018684864 -0.05099999159574509
v 0.01500099990516901 -0.004879195708781481 -0.048483408987522125
v 0.01500099990516901 -0.005331527907401323 -0.048122696578502655
f 3982 3983 3984
v 0.01500099990516901 -0.009126720018684864 -0.05099999159574509
v 0.01500099990516901 -0.005331527907401323 -0.048122696578502655
v 0.01500099990516901 -0.00802652258425951 -0.04747719317674637
f 3985 3986 3987
v 0.01500099990516901 -0.00802652258425951 -0.04747719317674637
v 0.01500099990516901 -0.005331527907401323 -0.048122696578502655
v 0.01500099990516901 -0.005582552868872881 -0.04760143905878067
f 3988 3989 3990
v 0.01500099990516901 -0.00802652258425951 -0.04747719317674637
v 0.01500099990516901 -0.005582552868872881 -0.04760143905878067
v 0.01500099990516901 -0.005582552868872881 -0.04702287167310715
f 3991 3992 3993
v 0.01500099990516901 -0.000933867646381259 -0.04376452416181564
v 0.01500099990516901 -0.002003465546295047 -0.044698409736156464
v 0.01500099990516901 -0.003189314855262637 -0.04666215926408768
f 3994 3995 3996
v 0.01500099990516901 -0.003189314855262637 -0.04666215926408768
v 0.01500099990516901 -0.002003465546295047 -0.044698409736156464
v 0.01500099990516901 -0.0027101680170744658 -0.04502033442258835
f 3997 3998 3999
v 0.01500099990516901 -0.003189314855262637 -0.04666215926408768
v 0.01500099990516901 -0.0027101680170744658 -0.04502033442258835
v 0.01500099990516901 -0.0036651536356657743 -0.04618632048368454
f 4000 4001 4002
v 0.01500099990516901 -0.0036651536356657743 -0.04618632048368454
v 0.01500099990516901 -0.0027101680170744658 -0.04502033442258835
v 0.01500099990516901 -0.003165480447933078 -0.04511409252882004
f 4003 4004 4005
v 0.01500099990516901 -0.0036651536356657743 -0.04618632048368454
v 0.01500099990516901 -0.003165480447933078 -0.04511409252882004
v 0.01500099990516901 -0.004315149504691362 -0.04601215571165085
f 4006 4007 4008
v 0.01500099990516901 -0.004315149504691362 -0.04601215571165085
v 0.01500099990516901 -0.003165480447933078 -0.04511409252882004
v 0.01500099990516901 -0.0033984228502959013 -0.04512610286474228
f 4009 4010 4011
v 0.01500099990516901 -0.004315149504691362 -0.04601215571165085
v 0.01500099990516901 -0.0033984228502959013 -0.04512610286474228
v 0.01500099990516901 -0.004879195708781481 -0.04614090174436569
f 4012 4013 4014
v 0.01500099990516901 -0.004879195708781481 -0.04614090174436569
v 0.01500099990516901 -0.0033984228502959013 -0.04512610286474228
v 0.01500099990516901 -0.006890703458338976 -0.0451262965798378
f 4015 4016 4017
v 0.01500099990516901 -0.004879195708781481 -0.04614090174436569
v 0.01500099990516901 -0.006890703458338976 -0.0451262965798378
v 0.01500099990516901 -0.005331527907401323 -0.04650161415338516
f 4018 4019 4020
v 0.01500099990516901 -0.005331527907401323 -0.04650161415338516
v 0.01500099990516901 -0.006890703458338976 -0.0451262965798378
v 0.01500099990516901 -0.00713398726657033 -0.04511298984289169
f 4021 4022 4023
v 0.01500099990516901 -0.005331527907401323 -0.04650161415338516
v 0.01500099990516901 -0.00713398726657033 -0.04511298984289169
v 0.01500099990516901 -0.00802652258425951 -0.04747719317674637
f 4024 4025 4026
v 0.01500099990516901 -0.00802652258425951 -0.04747719317674637
v 0.01500099990516901 -0.00713398726657033 -0.04511298984289169
v 0.01500099990516901 -0.007373828906565905 -0.045069240033626556
f 4027 4028 4029
v 0.01500099990516901 -0.0020224868785589933 -0.05099999159574509
v 0.01500099990516901 -0.009126720018684864 -0.05099999159574509
v 0.014931442216038704 -0.0032388463150709867 -0.05388546735048294
f 4030 4031 4032
v 0.014931442216038704 -0.0032388463150709867 -0.05388546735048294
v 0.01500099990516901 -0.009126720018684864 -0.05099999159574509
v 0.01494936179369688 -0.010010038502514362 -0.05348225682973862
f 4033 4034 4035
v 0.014931442216038704 -0.0032388463150709867 -0.05388546735048294
v 0.01494936179369688 -0.010010038502514362 -0.05348225682973862
v 0.014731574803590775 -0.004672918934375048 -0.0566604807972908
f 4036 4037 4038
v 0.014731574803590775 -0.004672918934375048 -0.0566604807972908
v 0.01494936179369688 -0.010010038502514362 -0.05348225682973862
v 0.014719097875058651 -0.004745748359709978 -0.0567888543009758
f 4039 4040 4041
v 0.01494936179369688 -0.010010038502514362 -0.05348225682973862
v 0.01479750033468008 -0.01099408883601427 -0.05592111498117447
v 0.014719097875058651 -0.004745748359709978 -0.0567888543009758
f 4042 4043 4044
v 0.014719097875058651 -0.004745748359709978 -0.0567888543009758
v 0.01479750033468008 -0.01099408883601427 -0.05592111498117447
v 0.014718275517225266 -0.011378963477909565 -0.056795038282871246
f 4045 4046 4047
v 0.014719097875058651 -0.004745748359709978 -0.0567888543009758
v 0.014718275517225266 -0.011378963477909565 -0.056795038282871246
v 0.014062128029763699 -0.007386181969195604 -0.061446987092494965
f 4048 4049 4050
v 0.014062128029763699 -0.007386181969195604 -0.061446987092494965
v 0.014718275517225266 -0.011378963477909565 -0.056795038282871246
v 0.014549690298736095 -0.012086180038750172 -0.058304108679294586
f 4051 4052 4053
v 0.014062128029763699 -0.007386181969195604 -0.061446987092494965
v 0.014549690298736095 -0.012086180038750172 -0.058304108679294586
v 0.013843987137079239 -0.00799145270138979 -0.06255527585744858
f 4054 4055 4056
v 0.013843987137079239 -0.00799145270138979 -0.06255527585744858
v 0.014549690298736095 -0.012086180038750172 -0.058304108679294586
v 0.014207161031663418 -0.013272699899971485 -0.060630135238170624
f 4057 4058 4059
v 0.013843987137079239 -0.00799145270138979 -0.06255527585744858
v 0.014207161031663418 -0.013272699899971485 -0.060630135238170624
v 0.013839698396623135 -0.014339861460030079 -0.06257329136133194
f 4060 4061 4062
v 0.012949475087225437 -0.014147420413792133 -0.06614426523447037
v 0.013839698396623135 -0.014339861460030079 -0.06257329136133194
v 0.01286080852150917 -0.014543619938194752 -0.06644351035356522
f 4063 4064 4065
v 0.01286080852150917 -0.014543619938194752 -0.06644351035356522
v 0.013839698396623135 -0.014339861460030079 -0.06257329136133194
v 0.013224565424025059 -0.0157834030687809 -0.0651615634560585
f 4066 4067 4068
v 0.01286080852150917 -0.014543619938194752 -0.06644351035356522
v 0.013224565424025059 -0.0157834030687809 -0.0651615634560585
v 0.012726761400699615 -0.014803011901676655 -0.0668814554810524
f 4069 4070 4071
v 0.012726761400699615 -0.014803011901676655 -0.0668814554810524
v 0.013224565424025059 -0.0157834030687809 -0.0651615634560585
v 0.012536336667835712 -0.016862180083990097 -0.06747592240571976
f 4072 4073 4074
v 0.012949475087225437 -0.014147420413792133 -0.06614426523447037
v 0.012986890971660614 -0.013670613057911396 -0.0660155788064003
v 0.013839698396623135 -0.014339861460030079 -0.06257329136133194
f 4075 4076 4077
v 0.013839698396623135 -0.014339861460030079 -0.06257329136133194
v 0.012986890971660614 -0.013670613057911396 -0.0660155788064003
v 0.012971855700016022 -0.013201278634369373 -0.06606746464967728
f 4078 4079 4080
v 0.013839698396623135 -0.014339861460030079 -0.06257329136133194
v 0.012971855700016022 -0.013201278634369373 -0.06606746464967728
v 0.013843987137079239 -0.00799145270138979 -0.06255527585744858
f 4081 4082 4083
v 0.013843987137079239 -0.00799145270138979 -0.06255527585744858
v 0.012971855700016022 -0.013201278634369373 -0.06606746464967728
v 0.012916223146021366 -0.012798254378139973 -0.06627210229635239
f 4084 4085 4086
v 0.013843987137079239 -0.00799145270138979 -0.06255527585744858
v 0.012916223146021366 -0.012798254378139973 -0.06627210229635239
v 0.013309456408023834 -0.009109263308346272 -0.06484555453062057
f 4087 4088 4089
v 0.013309456408023834 -0.009109263308346272 -0.06484555453062057
v 0.012916223146021366 -0.012798254378139973 -0.06627210229635239
v 0.01279519684612751 -0.012446706183254719 -0.06665997952222824
f 4090 4091 4092
v 0.013309456408023834 -0.009109263308346272 -0.06484555453062057
v 0.01279519684612751 -0.012446706183254719 -0.06665997952222824
v 0.012433266267180443 -0.010305446572601795 -0.06778842955827713
f 4093 4094 4095
v 0.012433266267180443 -0.010305446572601795 -0.06778842955827713
v 0.01279519684612751 -0.012446706183254719 -0.06665997952222824
v 0.01263946108520031 -0.012285609729588032 -0.06715791672468185
f 4096 4097 4098
v 0.01263946108520031 -0.012285609729588032 -0.06715791672468185
v 0.012505677528679371 -0.012299646623432636 -0.06755539029836655
v 0.012433266267180443 -0.010305446572601795 -0.06778842955827713
f 4099 4100 4101
v 0.012433266267180443 -0.010305446572601795 -0.06778842955827713
v 0.012505677528679371 -0.012299646623432636 -0.06755539029836655
v 0.012425488792359829 -0.012373601086437702 -0.0678086057305336
f 4102 4103 4104
v 0.012433266267180443 -0.010305446572601795 -0.06778842955827713
v 0.012425488792359829 -0.012373601086437702 -0.0678086057305336
v 0.012245690450072289 -0.01049808133393526 -0.06833051890134811
f 4105 4106 4107
v 0.012245690450072289 -0.01049808133393526 -0.06833051890134811
v 0.012425488792359829 -0.012373601086437702 -0.0678086057305336
v 0.011576574295759201 -0.011064057238399982 -0.07008358091115952
f 4108 4109 4110
v 0.012425488792359829 -0.012373601086437702 -0.0678086057305336
v 0.012335700914263725 -0.012519513256847858 -0.06807107478380203
v 0.011576574295759201 -0.011064057238399982 -0.07008358091115952
f 4111 4112 4113
v 0.011576574295759201 -0.011064057238399982 -0.07008358091115952
v 0.012335700914263725 -0.012519513256847858 -0.06807107478380203
v 0.012271308340132236 -0.012682151980698109 -0.0682557001709938
f 4114 4115 4116
v 0.011576574295759201 -0.011064057238399982 -0.07008358091115952
v 0.012271308340132236 -0.012682151980698109 -0.0682557001709938
v 0.010800829157233238 -0.011544314213097095 -0.07182719558477402
f 4117 4118 4119
v 0.010800829157233238 -0.011544314213097095 -0.07182719558477402
v 0.012271308340132236 -0.012682151980698109 -0.0682557001709938
v 0.012168224900960922 -0.013154146261513233 -0.06854524463415146
f 4120 4121 4122
v 0.010800829157233238 -0.011544314213097095 -0.07182719558477402
v 0.012168224900960922 -0.013154146261513233 -0.06854524463415146
v 0.010611584410071373 -0.011639920063316822 -0.07221276313066483
f 4123 4124 4125
v 0.010611584410071373 -0.011639920063316822 -0.07221276313066483
v 0.012168224900960922 -0.013154146261513233 -0.06854524463415146
v 0.012144031934440136 -0.013577190227806568 -0.06861215084791183
f 4126 4127 4128
v 0.010611584410071373 -0.011639920063316822 -0.07221276313066483
v 0.012144031934440136 -0.013577190227806568 -0.06861215084791183
v 0.010607613250613213 -0.01736142858862877 -0.07221319526433945
f 4129 4130 4131
v 0.012144031934440136 -0.013577190227806568 -0.06861215084791183
v 0.01218508556485176 -0.014109198935329914 -0.06849838048219681
v 0.010607613250613213 -0.01736142858862877 -0.07221319526433945
f 4132 4133 4134
v 0.010607613250613213 -0.01736142858862877 -0.07221319526433945
v 0.01218508556485176 -0.014109198935329914 -0.06849838048219681
v 0.012209576554596424 -0.014240135438740253 -0.06842996925115585
f 4135 4136 4137
v 0.010607613250613213 -0.01736142858862877 -0.07221319526433945
v 0.012209576554596424 -0.014240135438740253 -0.06842996925115585
v 0.011642112396657467 -0.01736142858862877 -0.06991928070783615
f 4138 4139 4140
v 0.011642112396657467 -0.01736142858862877 -0.06991928070783615
v 0.012209576554596424 -0.014240135438740253 -0.06842996925115585
v 0.012341479770839214 -0.014646698720753193 -0.06805435568094254
f 4141 4142 4143
v 0.011642112396657467 -0.01736142858862877 -0.06991928070783615
v 0.012341479770839214 -0.014646698720753193 -0.06805435568094254
v 0.01211811788380146 -0.017223265022039413 -0.0686834380030632
f 4144 4145 4146
v 0.01211811788380146 -0.017223265022039413 -0.0686834380030632
v 0.012341479770839214 -0.014646698720753193 -0.06805435568094254
v 0.012428192421793938 -0.014781390316784382 -0.0678006038069725
f 4147 4148 4149
v 0.01211811788380146 -0.017223265022039413 -0.0686834380030632
v 0.012428192421793938 -0.014781390316784382 -0.0678006038069725
v 0.012430783361196518 -0.016974981874227524 -0.0677928701043129
f 4150 4151 4152
v 0.012430783361196518 -0.016974981874227524 -0.0677928701043129
v 0.012428192421793938 -0.014781390316784382 -0.0678006038069725
v 0.012446284294128418 -0.014805731363594532 -0.06773368269205093
f 4153 4154 4155
v 0.012430783361196518 -0.016974981874227524 -0.0677928701043129
v 0.012446284294128418 -0.014805731363594532 -0.06773368269205093
v 0.012536336667835712 -0.016862180083990097 -0.06747592240571976
f 4156 4157 4158
v 0.012536336667835712 -0.016862180083990097 -0.06747592240571976
v 0.012446284294128418 -0.014805731363594532 -0.06773368269205093
v 0.012606308795511723 -0.014874984510242939 -0.06724972277879715
f 4159 4160 4161
v 0.012536336667835712 -0.016862180083990097 -0.06747592240571976
v 0.012606308795511723 -0.014874984510242939 -0.06724972277879715
v 0.012726761400699615 -0.014803011901676655 -0.0668814554810524
f 4162 4163 4164
v 0.008559138514101505 -0.01736142858862877 -0.0756380632519722
v 0.008588085882365704 -0.012321633286774158 -0.07559778541326523
v 0.009867860935628414 -0.01736142858862877 -0.0735960379242897
f 4165 4166 4167
v 0.009867860935628414 -0.01736142858862877 -0.0735960379242897
v 0.008588085882365704 -0.012321633286774158 -0.07559778541326523
v 0.008860046975314617 -0.012256261892616749 -0.075208880007267
f 4168 4169 4170
v 0.009867860935628414 -0.01736142858862877 -0.0735960379242897
v 0.008860046975314617 -0.012256261892616749 -0.075208880007267
v 0.010607613250613213 -0.01736142858862877 -0.07221319526433945
f 4171 4172 4173
v 0.010607613250613213 -0.01736142858862877 -0.07221319526433945
v 0.008860046975314617 -0.012256261892616749 -0.075208880007267
v 0.009901177138090134 -0.011940968222916126 -0.07354215532541275
f 4174 4175 4176
v 0.010607613250613213 -0.01736142858862877 -0.07221319526433945
v 0.009901177138090134 -0.011940968222916126 -0.07354215532541275
v 0.010611584410071373 -0.011639920063316822 -0.07221276313066483
f 4177 4178 4179
v 0.004092622548341751 -0.013022509403526783 -0.07985960692167282
v 0.004437093157321215 -0.012989980168640614 -0.07965505868196487
v 0.004262003116309643 -0.01736142858862877 -0.07976415008306503
f 4180 4181 4182
v 0.004262003116309643 -0.01736142858862877 -0.07976415008306503
v 0.004437093157321215 -0.012989980168640614 -0.07965505868196487
v 0.006004582159221172 -0.01736142858862877 -0.07849233597517014
f 4183 4184 4185
v 0.006004582159221172 -0.01736142858862877 -0.07849233597517014
v 0.004437093157321215 -0.012989980168640614 -0.07965505868196487
v 0.0063164131715893745 -0.012755868025124073 -0.07821062952280045
f 4186 4187 4188
v 0.006004582159221172 -0.01736142858862877 -0.07849233597517014
v 0.0063164131715893745 -0.012755868025124073 -0.07821062952280045
v 0.006316672544926405 -0.01736142858862877 -0.078211210668087
f 4189 4190 4191
v 0.006316672544926405 -0.01736142858862877 -0.078211210668087
v 0.0063164131715893745 -0.012755868025124073 -0.07821062952280045
v 0.006369870156049728 -0.012747679837048054 -0.07816074043512344
f 4192 4193 4194
v 0.006316672544926405 -0.01736142858862877 -0.078211210668087
v 0.006369870156049728 -0.012747679837048054 -0.07816074043512344
v 0.007492213509976864 -0.01736142858862877 -0.07699090987443924
f 4195 4196 4197
v 0.007492213509976864 -0.01736142858862877 -0.07699090987443924
v 0.006369870156049728 -0.012747679837048054 -0.07816074043512344
v 0.007232280448079109 -0.012602840550243855 -0.0772828534245491
f 4198 4199 4200
v 0.007492213509976864 -0.01736142858862877 -0.07699090987443924
v 0.007232280448079109 -0.012602840550243855 -0.0772828534245491
v 0.008559138514101505 -0.01736142858862877 -0.0756380632519722
f 4201 4202 4203
v 0.008559138514101505 -0.01736142858862877 -0.0756380632519722
v 0.007232280448079109 -0.012602840550243855 -0.0772828534245491
v 0.008559233509004116 -0.012328383512794971 -0.07563797384500504
f 4204 4205 4206
v 0.008559138514101505 -0.01736142858862877 -0.0756380632519722
v 0.008559233509004116 -0.012328383512794971 -0.07563797384500504
v 0.008588085882365704 -0.012321633286774158 -0.07559778541326523
f 4207 4208 4209
v 0.004092622548341751 -0.013022509403526783 -0.07985960692167282
v 0.004262003116309643 -0.01736142858862877 -0.07976415008306503
v 0.003964560572057962 -0.013033849187195301 -0.07993120700120926
f 4210 4211 4212
v 0.003964560572057962 -0.013033849187195301 -0.07993120700120926
v 0.004262003116309643 -0.01736142858862877 -0.07976415008306503
v 0.003964938223361969 -0.01736142858862877 -0.0799335315823555
f 4213 4214 4215
v 0.003964560572057962 -0.013033849187195301 -0.07993120700120926
v 0.003964938223361969 -0.01736142858862877 -0.0799335315823555
v 0.002337719313800335 -0.013144155032932758 -0.080634705722332
f 4216 4217 4218
v 0.002337719313800335 -0.013144155032932758 -0.080634705722332
v 0.003964938223361969 -0.01736142858862877 -0.0799335315823555
v 0.0032852059230208397 -0.01736142858862877 -0.0802721157670021
f 4219 4220 4221
v 0.002337719313800335 -0.013144155032932758 -0.080634705722332
v 0.0032852059230208397 -0.01736142858862877 -0.0802721157670021
v 0.0015699155628681183 -0.013175253756344318 -0.08083517104387283
f 4222 4223 4224
v 0.0032852059230208397 -0.01736142858862877 -0.0802721157670021
v 0.0015696377959102392 -0.01736142858862877 -0.08083551377058029
v 0.0015699155628681183 -0.013175253756344318 -0.08083517104387283
f 4225 4226 4227
v 0.0015699155628681183 -0.013175253756344318 -0.08083517104387283
v 0.0015696377959102392 -0.01736142858862877 -0.08083551377058029
v 0.0011367732658982277 -0.01736142858862877 -0.08091387897729874
f 4228 4229 4230
v 0.0015699155628681183 -0.013175253756344318 -0.08083517104387283
v 0.0011367732658982277 -0.01736142858862877 -0.08091387897729874
v -1.5593338957842207e-06 -0.013199937529861927 -0.08099467307329178
f 4231 4232 4233
v -1.5593338957842207e-06 -0.013199937529861927 -0.08099467307329178
v 0.0011367732658982277 -0.01736142858862877 -0.08091387897729874
v -0.000778659712523222 -0.01736142858862877 -0.08095944672822952
f 4234 4235 4236
v -1.5593338957842207e-06 -0.013199937529861927 -0.08099467307329178
v -0.000778659712523222 -0.01736142858862877 -0.08095944672822952
v -0.00077870610402897 -0.013194133527576923 -0.08095744997262955
f 4237 4238 4239
v -0.00077870610402897 -0.013194133527576923 -0.08095744997262955
v -0.000778659712523222 -0.01736142858862877 -0.08095944672822952
v -0.0014467441942542791 -0.013179433532059193 -0.08086282759904861
f 4240 4241 4242
v -0.0014467441942542791 -0.013179433532059193 -0.08086282759904861
v -0.000778659712523222 -0.01736142858862877 -0.08095944672822952
v -0.0011321636848151684 -0.01736142858862877 -0.08091426640748978
f 4243 4244 4245
v -0.0014467441942542791 -0.013179433532059193 -0.08086282759904861
v -0.0011321636848151684 -0.01736142858862877 -0.08091426640748978
v -0.002361543010920286 -0.013143514283001423 -0.08063159137964249
f 4246 4247 4248
v -0.002361543010920286 -0.013143514283001423 -0.08063159137964249
v -0.0011321636848151684 -0.01736142858862877 -0.08091426640748978
v -0.0030997651629149914 -0.01736142858862877 -0.08035201579332352
f 4249 4250 4251
v -0.002361543010920286 -0.013143514283001423 -0.08063159137964249
v -0.0030997651629149914 -0.01736142858862877 -0.08035201579332352
v -0.002820140914991498 -0.013118368573486805 -0.08047022670507431
f 4252 4253 4254
v -0.00772226182743907 -0.012508993037045002 -0.07671848684549332
v -0.007230858318507671 -0.01260287780314684 -0.0772838220000267
v -0.0077200401574373245 -0.01736142858862877 -0.07672043889760971
f 4255 4256 4257
v -0.0077200401574373245 -0.01736142858862877 -0.07672043889760971
v -0.007230858318507671 -0.01260287780314684 -0.0772838220000267
v -0.0065144700929522514 -0.012724955566227436 -0.0780235305428505
f 4258 4259 4260
v -0.0077200401574373245 -0.01736142858862877 -0.07672043889760971
v -0.0065144700929522514 -0.012724955566227436 -0.0780235305428505
v -0.0059995208866894245 -0.01736142858862877 -0.07849498838186264
f 4261 4262 4263
v -0.0059995208866894245 -0.01736142858862877 -0.07849498838186264
v -0.0065144700929522514 -0.012724955566227436 -0.0780235305428505
v -0.00552288256585598 -0.012867112644016743 -0.07889338582754135
f 4264 4265 4266
v -0.0059995208866894245 -0.01736142858862877 -0.07849498838186264
v -0.00552288256585598 -0.012867112644016743 -0.07889338582754135
v -0.0055204047821462154 -0.01736142858862877 -0.07889365404844284
f 4267 4268 4269
v -0.0055204047821462154 -0.01736142858862877 -0.07889365404844284
v -0.00552288256585598 -0.012867112644016743 -0.07889338582754135
v -0.005247734487056732 -0.012901385314762592 -0.07910489290952682
f 4270 4271 4272
v -0.0055204047821462154 -0.01736142858862877 -0.07889365404844284
v -0.005247734487056732 -0.012901385314762592 -0.07910489290952682
v -0.004251887556165457 -0.01736142858862877 -0.07976893335580826
f 4273 4274 4275
v -0.004251887556165457 -0.01736142858862877 -0.07976893335580826
v -0.005247734487056732 -0.012901385314762592 -0.07910489290952682
v -0.004444960039108992 -0.01298948097974062 -0.079653300344944
f 4276 4277 4278
v -0.004251887556165457 -0.01736142858862877 -0.07976893335580826
v -0.004444960039108992 -0.01298948097974062 -0.079653300344944
v -0.0030997651629149914 -0.01736142858862877 -0.08035201579332352
f 4279 4280 4281
v -0.0030997651629149914 -0.01736142858862877 -0.08035201579332352
v -0.004444960039108992 -0.01298948097974062 -0.079653300344944
v -0.00310280523262918 -0.0131004573777318 -0.08035566657781601
f 4282 4283 4284
v -0.0030997651629149914 -0.01736142858862877 -0.08035201579332352
v -0.00310280523262918 -0.0131004573777318 -0.08035566657781601
v -0.002820140914991498 -0.013118368573486805 -0.08047022670507431
f 4285 4286 4287
v -0.013460219837725163 -0.015277867205440998 -0.06423570960760117
v -0.012984873726963997 -0.013482247479259968 -0.0660155788064003
v -0.012969838455319405 -0.01395158190280199 -0.06606746464967728
f 4288 4289 4290
v -0.013460219837725163 -0.015277867205440998 -0.06423570960760117
v -0.012969838455319405 -0.01395158190280199 -0.06606746464967728
v -0.013222631998360157 -0.015784960240125656 -0.06516189128160477
f 4291 4292 4293
v -0.012969838455319405 -0.01395158190280199 -0.06606746464967728
v -0.012914205901324749 -0.014354606159031391 -0.06627210229635239
v -0.013222631998360157 -0.015784960240125656 -0.06516189128160477
f 4294 4295 4296
v -0.013222631998360157 -0.015784960240125656 -0.06516189128160477
v -0.012914205901324749 -0.014354606159031391 -0.06627210229635239
v -0.012793179601430893 -0.014706154353916645 -0.06665997952222824
f 4297 4298 4299
v -0.013222631998360157 -0.015784960240125656 -0.06516189128160477
v -0.012793179601430893 -0.014706154353916645 -0.06665997952222824
v -0.012534362263977528 -0.016861435025930405 -0.06747552007436752
f 4300 4301 4302
v -0.012793179601430893 -0.014706154353916645 -0.06665997952222824
v -0.012637442909181118 -0.014867243357002735 -0.06715791672468185
v -0.012534362263977528 -0.016861435025930405 -0.06747552007436752
f 4303 4304 4305
v -0.012534362263977528 -0.016861435025930405 -0.06747552007436752
v -0.012637442909181118 -0.014867243357002735 -0.06715791672468185
v -0.012503658421337605 -0.014853213913738728 -0.06755539029836655
f 4306 4307 4308
v -0.012534362263977528 -0.016861435025930405 -0.06747552007436752
v -0.012503658421337605 -0.014853213913738728 -0.06755539029836655
v -0.012116104364395142 -0.017223026603460312 -0.06868334859609604
f 4309 4310 4311
v -0.012116104364395142 -0.017223026603460312 -0.06868334859609604
v -0.012503658421337605 -0.014853213913738728 -0.06755539029836655
v -0.012333681806921959 -0.014633347280323505 -0.06807107478380203
f 4312 4313 4314
v -0.012116104364395142 -0.017223026603460312 -0.06868334859609604
v -0.012333681806921959 -0.014633347280323505 -0.06807107478380203
v -0.011910983361303806 -0.017317060381174088 -0.0692322626709938
f 4315 4316 4317
v -0.012333681806921959 -0.014633347280323505 -0.06807107478380203
v -0.01226928923279047 -0.014470708556473255 -0.0682557001709938
v -0.011910983361303806 -0.017317060381174088 -0.0692322626709938
f 4318 4319 4320
v -0.011910983361303806 -0.017317060381174088 -0.0692322626709938
v -0.01226928923279047 -0.014470708556473255 -0.0682557001709938
v -0.012166204862296581 -0.01399871427565813 -0.06854524463415146
f 4321 4322 4323
v -0.011910983361303806 -0.017317060381174088 -0.0692322626709938
v -0.012166204862296581 -0.01399871427565813 -0.06854524463415146
v -0.012142011895775795 -0.013575670309364796 -0.06861215084791183
f 4324 4325 4326
v -0.00772226182743907 -0.012508993037045002 -0.07671848684549332
v -0.0077200401574373245 -0.01736142858862877 -0.07672043889760971
v -0.00885801948606968 -0.012256261892616749 -0.075208880007267
f 4327 4328 4329
v -0.00885801948606968 -0.012256261892616749 -0.075208880007267
v -0.0077200401574373245 -0.01736142858862877 -0.07672043889760971
v -0.008765315636992455 -0.01736142858862877 -0.07534349709749222
f 4330 4331 4332
v -0.00885801948606968 -0.012256261892616749 -0.075208880007267
v -0.008765315636992455 -0.01736142858862877 -0.07534349709749222
v -0.009856835938990116 -0.011956398375332355 -0.07361594587564468
f 4333 4334 4335
v -0.009856835938990116 -0.011956398375332355 -0.07361594587564468
v -0.008765315636992455 -0.01736142858862877 -0.07534349709749222
v -0.009854799136519432 -0.01736142858862877 -0.07361530512571335
f 4336 4337 4338
v -0.009856835938990116 -0.011956398375332355 -0.07361594587564468
v -0.009854799136519432 -0.01736142858862877 -0.07361530512571335
v -0.009899144060909748 -0.011940975673496723 -0.07354214042425156
f 4339 4340 4341
v -0.009899144060909748 -0.011940975673496723 -0.07354214042425156
v -0.009854799136519432 -0.01736142858862877 -0.07361530512571335
v -0.010815325193107128 -0.01736142858862877 -0.07178526371717453
f 4342 4343 4344
v -0.009899144060909748 -0.011940975673496723 -0.07354214042425156
v -0.010815325193107128 -0.01736142858862877 -0.07178526371717453
v -0.010798784904181957 -0.011544321663677692 -0.07182716578245163
f 4345 4346 4347
v -0.010798784904181957 -0.011544321663677692 -0.07182716578245163
v -0.010815325193107128 -0.01736142858862877 -0.07178526371717453
v -0.011640090495347977 -0.01736142858862877 -0.06991928070783615
f 4348 4349 4350
v -0.010798784904181957 -0.011544321663677692 -0.07182716578245163
v -0.011640090495347977 -0.01736142858862877 -0.06991928070783615
v -0.0115745197981596 -0.011064072139561176 -0.07008352130651474
f 4351 4352 4353
v -0.0115745197981596 -0.011064072139561176 -0.07008352130651474
v -0.011640090495347977 -0.01736142858862877 -0.06991928070783615
v -0.011910983361303806 -0.017317060381174088 -0.0692322626709938
f 4354 4355 4356
v -0.0115745197981596 -0.011064072139561176 -0.07008352130651474
v -0.011910983361303806 -0.017317060381174088 -0.0692322626709938
v -0.01191195473074913 -0.010799889452755451 -0.06923186033964157
f 4357 4358 4359
v -0.01191195473074913 -0.010799889452755451 -0.06923186033964157
v -0.011910983361303806 -0.017317060381174088 -0.0692322626709938
v -0.012142011895775795 -0.013575670309364796 -0.06861215084791183
f 4360 4361 4362
v -0.01191195473074913 -0.010799889452755451 -0.06923186033964157
v -0.012142011895775795 -0.013575670309364796 -0.06861215084791183
v -0.01218306552618742 -0.01304366160184145 -0.06849838048219681
f 4363 4364 4365
v -0.01218306552618742 -0.01304366160184145 -0.06849838048219681
v -0.012207556515932083 -0.012912717647850513 -0.06842995434999466
v -0.01191195473074913 -0.010799889452755451 -0.06923186033964157
f 4366 4367 4368
v -0.01191195473074913 -0.010799889452755451 -0.06923186033964157
v -0.012207556515932083 -0.012912717647850513 -0.06842995434999466
v -0.012339460663497448 -0.012506154365837574 -0.06805435568094254
f 4369 4370 4371
v -0.01191195473074913 -0.010799889452755451 -0.06923186033964157
v -0.012339460663497448 -0.012506154365837574 -0.06805435568094254
v -0.012243635021150112 -0.010498096235096455 -0.06833045929670334
f 4372 4373 4374
v -0.012339460663497448 -0.012506154365837574 -0.06805435568094254
v -0.012444265186786652 -0.012347129173576832 -0.06773368269205093
v -0.012243635021150112 -0.010498096235096455 -0.06833045929670334
f 4375 4376 4377
v -0.012243635021150112 -0.010498096235096455 -0.06833045929670334
v -0.012444265186786652 -0.012347129173576832 -0.06773368269205093
v -0.01260429061949253 -0.012277876026928425 -0.06724972277879715
f 4378 4379 4380
v -0.012243635021150112 -0.010498096235096455 -0.06833045929670334
v -0.01260429061949253 -0.012277876026928425 -0.06724972277879715
v -0.013307424262166023 -0.009109270758926868 -0.06484552472829819
f 4381 4382 4383
v -0.013307424262166023 -0.009109270758926868 -0.06484552472829819
v -0.01260429061949253 -0.012277876026928425 -0.06724972277879715
v -0.012724743224680424 -0.012349848635494709 -0.0668814554810524
f 4384 4385 4386
v -0.013307424262166023 -0.009109270758926868 -0.06484552472829819
v -0.012724743224680424 -0.012349848635494709 -0.0668814554810524
v -0.013462974689900875 -0.00882540363818407 -0.06422946602106094
f 4387 4388 4389
v -0.013462974689900875 -0.00882540363818407 -0.06422946602106094
v -0.012724743224680424 -0.012349848635494709 -0.0668814554810524
v -0.012858791276812553 -0.012609233148396015 -0.06644351035356522
f 4390 4391 4392
v -0.013462974689900875 -0.00882540363818407 -0.06422946602106094
v -0.012858791276812553 -0.012609233148396015 -0.06644351035356522
v -0.01294745784252882 -0.013005432672798634 -0.06614426523447037
f 4393 4394 4395
v -0.014512156136333942 -0.012222697027027607 -0.058582134544849396
v -0.014512467198073864 -0.005761262495070696 -0.058579377830028534
v -0.014060115441679955 -0.007386181969195604 -0.061446987092494965
f 4396 4397 4398
v -0.014512156136333942 -0.012222697027027607 -0.058582134544849396
v -0.014060115441679955 -0.007386181969195604 -0.061446987092494965
v -0.014204967767000198 -0.013274227268993855 -0.06063155084848404
f 4399 4400 4401
v -0.014204967767000198 -0.013274227268993855 -0.06063155084848404
v -0.014060115441679955 -0.007386181969195604 -0.061446987092494965
v -0.013462974689900875 -0.00882540363818407 -0.06422946602106094
f 4402 4403 4404
v -0.014204967767000198 -0.013274227268993855 -0.06063155084848404
v -0.013462974689900875 -0.00882540363818407 -0.06422946602106094
v -0.013460219837725163 -0.015277867205440998 -0.06423570960760117
f 4405 4406 4407
v -0.013460219837725163 -0.015277867205440998 -0.06423570960760117
v -0.013462974689900875 -0.00882540363818407 -0.06422946602106094
v -0.01294745784252882 -0.013005432672798634 -0.06614426523447037
f 4408 4409 4410
v -0.013460219837725163 -0.015277867205440998 -0.06423570960760117
v -0.01294745784252882 -0.013005432672798634 -0.06614426523447037
v -0.012984873726963997 -0.013482247479259968 -0.0660155788064003
f 4411 4412 4413
v -0.014512156136333942 -0.012222697027027607 -0.058582134544849396
v -0.014547659084200859 -0.012087051756680012 -0.058304689824581146
v -0.014512467198073864 -0.005761262495070696 -0.058579377830028534
f 4414 4415 4416
v -0.014512467198073864 -0.005761262495070696 -0.058579377830028534
v -0.014547659084200859 -0.012087051756680012 -0.058304689824581146
v -0.014795594848692417 -0.010994535870850086 -0.055921055376529694
f 4417 4418 4419
v -0.014512467198073864 -0.005761262495070696 -0.058579377830028534
v -0.014795594848692417 -0.010994535870850086 -0.055921055376529694
v -0.014729567803442478 -0.004672918934375048 -0.0566604807972908
f 4420 4421 4422
v -0.014729567803442478 -0.004672918934375048 -0.0566604807972908
v -0.014795594848692417 -0.010994535870850086 -0.055921055376529694
v -0.01494741439819336 -0.010010180063545704 -0.05348218232393265
f 4423 4424 4425
v -0.014729567803442478 -0.004672918934375048 -0.0566604807972908
v -0.01494741439819336 -0.010010180063545704 -0.05348218232393265
v -0.014929438941180706 -0.0032388463150709867 -0.05388546735048294
f 4426 4427 4428
v -0.014929438941180706 -0.0032388463150709867 -0.05388546735048294
v -0.01494741439819336 -0.010010180063545704 -0.05348218232393265
v -0.01499900035560131 -0.009126720018684864 -0.05099999159574509
f 4429 4430 4431
v -0.014929438941180706 -0.0032388463150709867 -0.05388546735048294
v -0.01499900035560131 -0.009126720018684864 -0.05099999159574509
v -0.01499900035560131 -0.0020224868785589933 -0.05100000649690628
f 4432 4433 4434
v -0.01499900035560131 -0.009126720018684864 -0.05099999159574509
v -0.01499900035560131 -0.004879195708781481 -0.048483408987522125
v -0.01499900035560131 -0.0020224868785589933 -0.05100000649690628
f 4435 4436 4437
v -0.01499900035560131 -0.0020224868785589933 -0.05100000649690628
v -0.01499900035560131 -0.004879195708781481 -0.048483408987522125
v -0.01499900035560131 -0.004315149504691362 -0.04861215502023697
f 4438 4439 4440
v -0.01499900035560131 -0.0020224868785589933 -0.05100000649690628
v -0.01499900035560131 -0.004315149504691362 -0.04861215502023697
v -0.01499900035560131 -0.0037511035334318876 -0.048483408987522125
f 4441 4442 4443
v -0.01499900035560131 -0.0030477463733404875 -0.04760143905878067
v -0.01499900035560131 -0.0030477463733404875 -0.04702287167310715
v -0.01499900035560131 -0.0002664371859282255 -0.04619049280881882
f 4444 4445 4446
v -0.01499900035560131 -0.0002664371859282255 -0.04619049280881882
v -0.01499900035560131 -0.0030477463733404875 -0.04702287167310715
v -0.01499900035560131 -0.003298771334812045 -0.04650161415338516
f 4447 4448 4449
v -0.01499900035560131 -0.0002664371859282255 -0.04619049280881882
v -0.01499900035560131 -0.003298771334812045 -0.04650161415338516
v -0.01499900035560131 -0.0036579787265509367 -0.04619049280881882
f 4450 4451 4452
v -0.01499900035560131 -0.004972320515662432 -0.04619049280881882
v -0.01499900035560131 -0.005331527907401323 -0.04650161415338516
v -0.01499900035560131 -0.0076689389534294605 -0.04619049280881882
f 4453 4454 4455
v -0.01499900035560131 -0.0076689389534294605 -0.04619049280881882
v -0.01499900035560131 -0.005331527907401323 -0.04650161415338516
v -0.01499900035560131 -0.005582552868872881 -0.04702287167310715
f 4456 4457 4458
v -0.01499900035560131 -0.0076689389534294605 -0.04619049280881882
v -0.01499900035560131 -0.005582552868872881 -0.04702287167310715
v -0.01499900035560131 -0.008359198458492756 -0.04860701411962509
f 4459 4460 4461
v -0.01499900035560131 -0.008359198458492756 -0.04860701411962509
v -0.01499900035560131 -0.005582552868872881 -0.04702287167310715
v -0.01499900035560131 -0.005582552868872881 -0.04760143905878067
f 4462 4463 4464
v -0.01499900035560131 -0.008359198458492756 -0.04860701411962509
v -0.01499900035560131 -0.005582552868872881 -0.04760143905878067
v -0.01499900035560131 -0.009126720018684864 -0.05099999159574509
f 4465 4466 4467
v -0.01499900035560131 -0.009126720018684864 -0.05099999159574509
v -0.01499900035560131 -0.005582552868872881 -0.04760143905878067
v -0.01499900035560131 -0.005331527907401323 -0.048122696578502655
f 4468 4469 4470
v -0.01499900035560131 -0.009126720018684864 -0.05099999159574509
v -0.01499900035560131 -0.005331527907401323 -0.048122696578502655
v -0.01499900035560131 -0.004879195708781481 -0.048483408987522125
f 4471 4472 4473
v -0.01499900035560131 -0.0030477463733404875 -0.04760143905878067
v -0.01499900035560131 -0.0002664371859282255 -0.04619049280881882
v -0.01499900035560131 -0.003298771334812045 -0.048122696578502655
f 4474 4475 4476
v -0.01499900035560131 -0.003298771334812045 -0.048122696578502655
v -0.01499900035560131 -0.0002664371859282255 -0.04619049280881882
v -0.01499900035560131 -0.001799900783225894 -0.0504036471247673
f 4477 4478 4479
v -0.01499900035560131 -0.003298771334812045 -0.048122696578502655
v -0.01499900035560131 -0.001799900783225894 -0.0504036471247673
v -0.01499900035560131 -0.0037511035334318876 -0.048483408987522125
f 4480 4481 4482
v -0.01499900035560131 -0.0037511035334318876 -0.048483408987522125
v -0.01499900035560131 -0.001799900783225894 -0.0504036471247673
v -0.01499900035560131 -0.0019099756609648466 -0.05070226639509201
f 4483 4484 4485
v -0.01499900035560131 -0.0037511035334318876 -0.048483408987522125
v -0.01499900035560131 -0.0019099756609648466 -0.05070226639509201
v -0.01499900035560131 -0.0020224868785589933 -0.05100000649690628
f 4486 4487 4488
v -0.030414996668696404 -0.0029635473620146513 -0.01008021179586649
v -0.03049902617931366 -0.0037557899486273527 -0.010000013746321201
v -0.03049902617931366 0.011800001375377178 -0.010000013746321201
f 4489 4490 4491
v -0.01499900035560131 -0.004972320515662432 -0.04619049280881882
v -0.01499900035560131 -0.0076689389534294605 -0.04619049280881882
v -0.015067975036799908 -0.006988864857703447 -0.04356998950242996
f 4492 4493 4494
v -0.015243026427924633 0.0015623599756509066 -0.04126442223787308
v -0.01499900035560131 -0.0002664371859282255 -0.04619049280881882
v -0.015067975036799908 -0.006988864857703447 -0.04356998950242996
f 4495 4496 4497
v -0.015067975036799908 -0.006988864857703447 -0.04356998950242996
v -0.01499900035560131 -0.0002664371859282255 -0.04619049280881882
v -0.01499900035560131 -0.0036579787265509367 -0.04619049280881882
f 4498 4499 4500
v -0.015067975036799908 -0.006988864857703447 -0.04356998950242996
v -0.01499900035560131 -0.0036579787265509367 -0.04619049280881882
v -0.01499900035560131 -0.004972320515662432 -0.04619049280881882
f 4501 4502 4503
v -0.015067975036799908 -0.006988864857703447 -0.04356998950242996
v -0.015275801531970501 -0.006380964536219835 -0.04093969613313675
v -0.015243026427924633 0.0015623599756509066 -0.04126442223787308
f 4504 4505 4506
v -0.015243026427924633 0.0015623599756509066 -0.04126442223787308
v -0.015275801531970501 -0.006380964536219835 -0.04093969613313675
v -0.015623833052814007 -0.005836662370711565 -0.03831066936254501
f 4507 4508 4509
v -0.015243026427924633 0.0015623599756509066 -0.04126442223787308
v -0.015623833052814007 -0.005836662370711565 -0.03831066936254501
v -0.01597023941576481 0.0033734843600541353 -0.036385975778102875
f 4510 4511 4512
v -0.015623833052814007 -0.005836662370711565 -0.03831066936254501
v -0.016113324090838432 -0.00534747214987874 -0.03569389134645462
v -0.01597023941576481 0.0033734843600541353 -0.036385975778102875
f 4513 4514 4515
v -0.01597023941576481 0.0033734843600541353 -0.036385975778102875
v -0.016113324090838432 -0.00534747214987874 -0.03569389134645462
v -0.016743892803788185 -0.004906844813376665 -0.0330992117524147
f 4516 4517 4518
v -0.01597023941576481 0.0033734843600541353 -0.036385975778102875
v -0.016743892803788185 -0.004906844813376665 -0.0330992117524147
v -0.017173342406749725 0.005149062257260084 -0.03160326927900314
f 4519 4520 4521
v -0.017173342406749725 0.005149062257260084 -0.03160326927900314
v -0.016743892803788185 -0.004906844813376665 -0.0330992117524147
v -0.01751379854977131 -0.004509825725108385 -0.030535468831658363
f 4522 4523 4524
v -0.017173342406749725 0.005149062257260084 -0.03160326927900314
v -0.01751379854977131 -0.004509825725108385 -0.030535468831658363
v -0.017877675592899323 0.005941774230450392 -0.029468009248375893
f 4525 4526 4527
v -0.01751379854977131 -0.004509825725108385 -0.030535468831658363
v -0.017879437655210495 -0.004354428965598345 -0.029466772451996803
v -0.017877675592899323 0.005941774230450392 -0.029468009248375893
f 4528 4529 4530
v -0.017877675592899323 0.005941774230450392 -0.029468009248375893
v -0.017879437655210495 -0.004354428965598345 -0.029466772451996803
v -0.01842125505208969 -0.004151490051299334 -0.028011465445160866
f 4531 4532 4533
v -0.017877675592899323 0.005941774230450392 -0.029468009248375893
v -0.01842125505208969 -0.004151490051299334 -0.028011465445160866
v -0.018844475969672203 0.006871293764561415 -0.026964256539940834
f 4534 4535 4536
v -0.02038116380572319 -0.003585484577342868 -0.023624906316399574
v -0.020383551716804504 0.008109661750495434 -0.02362857200205326
v -0.019915733486413956 -0.0037047683726996183 -0.024569058790802956
f 4537 4538 4539
v -0.019915733486413956 -0.0037047683726996183 -0.024569058790802956
v -0.020383551716804504 0.008109661750495434 -0.02362857200205326
v -0.018844475969672203 0.006871293764561415 -0.026964256539940834
f 4540 4541 4542
v -0.019915733486413956 -0.0037047683726996183 -0.024569058790802956
v -0.018844475969672203 0.006871293764561415 -0.026964256539940834
v -0.019464481621980667 -0.0038269280921667814 -0.025536010041832924
f 4543 4544 4545
v -0.019464481621980667 -0.0038269280921667814 -0.025536010041832924
v -0.018844475969672203 0.006871293764561415 -0.026964256539940834
v -0.01842125505208969 -0.004151490051299334 -0.028011465445160866
f 4546 4547 4548
v -0.020597010850906372 -0.0005746677052229643 -0.023202160373330116
v -0.020443543791770935 -0.000153024448081851 -0.02350103296339512
v -0.02038116380572319 -0.003585484577342868 -0.023624906316399574
f 4549 4550 4551
v -0.020597010850906372 -0.0005746677052229643 -0.023202160373330116
v -0.02038116380572319 -0.003585484577342868 -0.023624906316399574
v -0.02081877738237381 -0.0008405416738241911 -0.022778788581490517
f 4552 4553 4554
v -0.021801164373755455 0.0003812790382653475 -0.0210121963173151
v -0.021801183000206947 0.00037280027754604816 -0.02101215161383152
v -0.023605454713106155 -0.002893727971240878 -0.01814942993223667
f 4555 4556 4557
v -0.023605454713106155 -0.002893727971240878 -0.01814942993223667
v -0.021801183000206947 0.00037280027754604816 -0.02101215161383152
v -0.02174016460776329 -0.00013896520249545574 -0.02111714519560337
f 4558 4559 4560
v -0.023605454713106155 -0.002893727971240878 -0.01814942993223667
v -0.02174016460776329 -0.00013896520249545574 -0.02111714519560337
v -0.023271294310688972 -0.002956834388896823 -0.01864897646009922
f 4561 4562 4563
v -0.023271294310688972 -0.002956834388896823 -0.01864897646009922
v -0.02174016460776329 -0.00013896520249545574 -0.02111714519560337
v -0.021567586809396744 -0.0005700781475752592 -0.02141728438436985
f 4564 4565 4566
v -0.023271294310688972 -0.002956834388896823 -0.01864897646009922
v -0.021567586809396744 -0.0005700781475752592 -0.02141728438436985
v -0.021860994398593903 -0.0032429068814963102 -0.020913297310471535
f 4567 4568 4569
v -0.021860994398593903 -0.0032429068814963102 -0.020913297310471535
v -0.021567586809396744 -0.0005700781475752592 -0.02141728438436985
v -0.021332599222660065 -0.0008359968196600676 -0.021833861246705055
f 4570 4571 4572
v -0.021860994398593903 -0.0032429068814963102 -0.020913297310471535
v -0.021332599222660065 -0.0008359968196600676 -0.021833861246705055
v -0.021443337202072144 -0.0033346160780638456 -0.021639207378029823
f 4573 4574 4575
v -0.021332599222660065 -0.0008359968196600676 -0.021833861246705055
v -0.021243024617433548 -0.0008880316745489836 -0.021995151415467262
v -0.021443337202072144 -0.0033346160780638456 -0.021639207378029823
f 4576 4577 4578
v -0.021443337202072144 -0.0033346160780638456 -0.021639207378029823
v -0.021243024617433548 -0.0008880316745489836 -0.021995151415467262
v -0.021073075011372566 -0.0009271770250052214 -0.0223050806671381
f 4579 4580 4581
v -0.021443337202072144 -0.0033346160780638456 -0.021639207378029823
v -0.021073075011372566 -0.0009271770250052214 -0.0223050806671381
v -0.02038116380572319 -0.003585484577342868 -0.023624906316399574
f 4582 4583 4584
v -0.02038116380572319 -0.003585484577342868 -0.023624906316399574
v -0.021073075011372566 -0.0009271770250052214 -0.0223050806671381
v -0.02089865691959858 -0.0008881359826773405 -0.0226286593824625
f 4585 4586 4587
v -0.02038116380572319 -0.003585484577342868 -0.023624906316399574
v -0.02089865691959858 -0.0008881359826773405 -0.0226286593824625
v -0.02081877738237381 -0.0008405416738241911 -0.022778788581490517
f 4588 4589 4590
v -0.020443543791770935 -0.000153024448081851 -0.02350103296339512
v -0.020387139171361923 0.00036704097874462605 -0.02361215092241764
v -0.02038116380572319 -0.003585484577342868 -0.023624906316399574
f 4591 4592 4593
v -0.02038116380572319 -0.003585484577342868 -0.023624906316399574
v -0.020387139171361923 0.00036704097874462605 -0.02361215092241764
v -0.020387133583426476 0.00037280027754604816 -0.02361215092241764
f 4594 4595 4596
v -0.02038116380572319 -0.003585484577342868 -0.023624906316399574
v -0.020387133583426476 0.00037280027754604816 -0.02361215092241764
v -0.020383551716804504 0.008109661750495434 -0.02362857200205326
f 4597 4598 4599
v -0.020383551716804504 0.008109661750495434 -0.02362857200205326
v -0.020387133583426476 0.00037280027754604816 -0.02361215092241764
v -0.020442038774490356 0.0008919418323785067 -0.023503998294472694
f 4600 4601 4602
v -0.020383551716804504 0.008109661750495434 -0.02362857200205326
v -0.020442038774490356 0.0008919418323785067 -0.023503998294472694
v -0.020596809685230255 0.0013199702370911837 -0.023202547803521156
f 4603 4604 4605
v -0.020596809685230255 0.0013199702370911837 -0.023202547803521156
v -0.020818358287215233 0.0015858516562730074 -0.02277957834303379
v -0.020383551716804504 0.008109661750495434 -0.02362857200205326
f 4606 4607 4608
v -0.020383551716804504 0.008109661750495434 -0.02362857200205326
v -0.020818358287215233 0.0015858516562730074 -0.02277957834303379
v -0.02089865691959858 0.0016337886918336153 -0.0226286593824625
f 4609 4610 4611
v -0.020383551716804504 0.008109661750495434 -0.02362857200205326
v -0.02089865691959858 0.0016337886918336153 -0.0226286593824625
v -0.02096640318632126 0.008523832075297832 -0.02251296676695347
f 4612 4613 4614
v -0.02089865691959858 0.0016337886918336153 -0.0226286593824625
v -0.021073101088404655 0.0016727775800973177 -0.022305035963654518
v -0.02096640318632126 0.008523832075297832 -0.02251296676695347
f 4615 4616 4617
v -0.02096640318632126 0.008523832075297832 -0.02251296676695347
v -0.021073101088404655 0.0016727775800973177 -0.022305035963654518
v -0.021243026480078697 0.0016336769331246614 -0.021995151415467262
f 4618 4619 4620
v -0.02096640318632126 0.008523832075297832 -0.02251296676695347
v -0.021243026480078697 0.0016336769331246614 -0.021995151415467262
v -0.02351410873234272 0.010091508738696575 -0.018290260806679726
f 4621 4622 4623
v -0.02351410873234272 0.010091508738696575 -0.018290260806679726
v -0.021243026480078697 0.0016336769331246614 -0.021995151415467262
v -0.021333158016204834 0.0015812173951417208 -0.021832862868905067
f 4624 4625 4626
v -0.02351410873234272 0.010091508738696575 -0.018290260806679726
v -0.021333158016204834 0.0015812173951417208 -0.021832862868905067
v -0.023607397451996803 0.010142858140170574 -0.018151963129639626
f 4627 4628 4629
v -0.023607397451996803 0.010142858140170574 -0.018151963129639626
v -0.021333158016204834 0.0015812173951417208 -0.021832862868905067
v -0.02156784199178219 0.0013153136242181063 -0.02141682244837284
f 4630 4631 4632
v -0.023607397451996803 0.010142858140170574 -0.018151963129639626
v -0.02156784199178219 0.0013153136242181063 -0.02141682244837284
v -0.021737365052103996 0.0008957118261605501 -0.021121973171830177
f 4633 4634 4635
v -0.02988557144999504 0.01278779935091734 -0.010594897903501987
v -0.02978583052754402 0.012911784462630749 -0.010693543590605259
v -0.026462335139513016 0.011559206061065197 -0.014336877502501011
f 4636 4637 4638
v -0.030382459983229637 0.012323427014052868 -0.010111474432051182
v -0.03049902617931366 0.011800001375377178 -0.010000013746321201
v -0.030427193269133568 0.01237362902611494 -0.010068618692457676
f 4639 4640 4641
v -0.030427193269133568 0.01237362902611494 -0.010068618692457676
v -0.03049902617931366 0.011800001375377178 -0.010000013746321201
v -0.030439160764217377 0.012396330945193768 -0.010057174600660801
f 4642 4643 4644
v -0.030382459983229637 0.012323427014052868 -0.010111474432051182
v -0.03032769076526165 0.01230910699814558 -0.010164105333387852
v -0.02990519069135189 -0.0019368722569197416 -0.010575645603239536
f 4645 4646 4647
v -0.02990519069135189 -0.0019368722569197416 -0.010575645603239536
v -0.03032769076526165 0.01230910699814558 -0.010164105333387852
v -0.027513185515999794 -0.0022563680540770292 -0.013104581274092197
f 4648 4649 4650
v -0.03032769076526165 0.01230910699814558 -0.010164105333387852
v -0.030244924128055573 0.012344139628112316 -0.010243945755064487
v -0.027513185515999794 -0.0022563680540770292 -0.013104581274092197
f 4651 4652 4653
v -0.027513185515999794 -0.0022563680540770292 -0.013104581274092197
v -0.030244924128055573 0.012344139628112316 -0.010243945755064487
v -0.030004773288965225 0.012620518915355206 -0.010477685369551182
f 4654 4655 4656
v -0.027513185515999794 -0.0022563680540770292 -0.013104581274092197
v -0.030004773288965225 0.012620518915355206 -0.010477685369551182
v -0.02998202294111252 0.01265366654843092 -0.010500007309019566
f 4657 4658 4659
v -0.02998202294111252 0.01265366654843092 -0.010500007309019566
v -0.02988557144999504 0.01278779935091734 -0.010594897903501987
v -0.027513185515999794 -0.0022563680540770292 -0.013104581274092197
f 4660 4661 4662
v -0.027513185515999794 -0.0022563680540770292 -0.013104581274092197
v -0.02988557144999504 0.01278779935091734 -0.010594897903501987
v -0.026462335139513016 0.011559206061065197 -0.014336877502501011
f 4663 4664 4665
v -0.027513185515999794 -0.0022563680540770292 -0.013104581274092197
v -0.026462335139513016 0.011559206061065197 -0.014336877502501011
v -0.025300024077296257 -0.002596598817035556 -0.015797579661011696
f 4666 4667 4668
v -0.025300024077296257 -0.002596598817035556 -0.015797579661011696
v -0.026462335139513016 0.011559206061065197 -0.014336877502501011
v -0.023607397451996803 0.010142858140170574 -0.018151963129639626
f 4669 4670 4671
v -0.025300024077296257 -0.002596598817035556 -0.015797579661011696
v -0.023607397451996803 0.010142858140170574 -0.018151963129639626
v -0.023605454713106155 -0.002893727971240878 -0.01814942993223667
f 4672 4673 4674
v -0.023605454713106155 -0.002893727971240878 -0.01814942993223667
v -0.023607397451996803 0.010142858140170574 -0.018151963129639626
v -0.021737365052103996 0.0008957118261605501 -0.021121973171830177
f 4675 4676 4677
v -0.023605454713106155 -0.002893727971240878 -0.01814942993223667
v -0.021737365052103996 0.0008957118261605501 -0.021121973171830177
v -0.021801164373755455 0.0003812790382653475 -0.0210121963173151
f 4678 4679 4680
v -0.030414996668696404 -0.0029635473620146513 -0.01008021179586649
v -0.03049902617931366 0.011800001375377178 -0.010000013746321201
v -0.03020109049975872 -0.0023493438493460417 -0.010286533273756504
f 4681 4682 4683
v -0.030382459983229637 0.012323427014052868 -0.010111474432051182
v -0.02990519069135189 -0.0019368722569197416 -0.010575645603239536
v -0.03049902617931366 0.011800001375377178 -0.010000013746321201
f 4684 4685 4686
v -0.03049902617931366 0.011800001375377178 -0.010000013746321201
v -0.02990519069135189 -0.0019368722569197416 -0.010575645603239536
v -0.029966138303279877 -0.002000626875087619 -0.01051559392362833
f 4687 4688 4689
v -0.03049902617931366 0.011800001375377178 -0.010000013746321201
v -0.029966138303279877 -0.002000626875087619 -0.01051559392362833
v -0.03020109049975872 -0.0023493438493460417 -0.010286533273756504
f 4690 4691 4692
v -0.02988557144999504 0.01278779935091734 -0.010594897903501987
v -0.02998202294111252 0.01265366654843092 -0.010500007309019566
v -0.029789946973323822 0.012906926684081554 -0.010500007309019566
f 4693 4694 4695
v -0.02988557144999504 0.01278779935091734 -0.010594897903501987
v -0.029789946973323822 0.012906926684081554 -0.010500007309019566
v -0.02978583052754402 0.012911784462630749 -0.010693543590605259
f 4696 4697 4698
v -0.0285280030220747 0.013788017444312572 -0.010500007309019566
v -0.028618864715099335 0.013753156177699566 -0.01059576217085123
v -0.029089445248246193 0.013513731770217419 -0.010500007309019566
f 4699 4700 4701
v -0.029089445248246193 0.013513731770217419 -0.010500007309019566
v -0.028618864715099335 0.013753156177699566 -0.01059576217085123
v -0.028708549216389656 0.013715366832911968 -0.010699593462049961
f 4702 4703 4704
v -0.02978583052754402 0.012911784462630749 -0.010693543590605259
v -0.029789946973323822 0.012906926684081554 -0.010500007309019566
v -0.029668688774108887 0.013041849248111248 -0.010790490545332432
f 4705 4706 4707
v -0.029668688774108887 0.013041849248111248 -0.010790490545332432
v -0.029789946973323822 0.012906926684081554 -0.010500007309019566
v -0.029089445248246193 0.013513731770217419 -0.010500007309019566
f 4708 4709 4710
v -0.029668688774108887 0.013041849248111248 -0.010790490545332432
v -0.029089445248246193 0.013513731770217419 -0.010500007309019566
v -0.029271405190229416 0.01339046936482191 -0.010928266681730747
f 4711 4712 4713
v -0.029271405190229416 0.01339046936482191 -0.010928266681730747
v -0.029089445248246193 0.013513731770217419 -0.010500007309019566
v -0.028708549216389656 0.013715366832911968 -0.010699593462049961
f 4714 4715 4716
v -0.029271405190229416 0.01339046936482191 -0.010928266681730747
v -0.028708549216389656 0.013715366832911968 -0.010699593462049961
v -0.02890503779053688 0.013620118610560894 -0.010855459608137608
f 4717 4718 4719
v 0.015624106861650944 -0.0031327574979513884 -0.04363284260034561
v 0.01578100584447384 -0.0028291239868849516 -0.04334583133459091
v 0.017228566110134125 -0.002288383198902011 -0.04155934602022171
f 4720 4721 4722
v 0.016187025234103203 -0.0022654652129858732 -0.042509205639362335
v 0.016574585810303688 -0.0018317594658583403 -0.04162087291479111
v 0.016789305955171585 -0.001788054360076785 -0.04143471270799637
f 4723 4724 4725
v 0.016789305955171585 -0.001788054360076785 -0.04143471270799637
v 0.016574585810303688 -0.0018317594658583403 -0.04162087291479111
v 0.016822442412376404 -0.001580019248649478 -0.04101184755563736
f 4726 4727 4728
v 0.016789305955171585 -0.001788054360076785 -0.04143471270799637
v 0.016822442412376404 -0.001580019248649478 -0.04101184755563736
v 0.01833137311041355 -0.0008872791659086943 -0.03895214945077896
f 4729 4730 4731
v 0.01833137311041355 -0.0008872791659086943 -0.03895214945077896
v 0.016822442412376404 -0.001580019248649478 -0.04101184755563736
v 0.016989154741168022 -0.0014196753036230803 -0.04058750718832016
f 4732 4733 4734
v 0.01833137311041355 -0.0008872791659086943 -0.03895214945077896
v 0.016989154741168022 -0.0014196753036230803 -0.04058750718832016
v 0.01700030453503132 -0.0014086260925978422 -0.04055721312761307
f 4735 4736 4737
v 0.016965556889772415 -0.0027850016485899687 -0.04201812297105789
v 0.015525677241384983 -0.003398445202037692 -0.04377550631761551
v 0.0155745018273592 -0.0032533600460737944 -0.043711937963962555
f 4738 4739 4740
v 0.018801741302013397 -0.0013889491092413664 -0.039028383791446686
v 0.02011067233979702 -0.00044764275662600994 -0.03639110177755356
v 0.01967245526611805 -0.0011923580896109343 -0.03748490661382675
f 4741 4742 4743
v 0.01967245526611805 -0.0011923580896109343 -0.03748490661382675
v 0.02011067233979702 -0.00044764275662600994 -0.03639110177755356
v 0.020119216293096542 -0.0008558749686926603 -0.03653041273355484
f 4744 4745 4746
v 0.0155745018273592 -0.0032533600460737944 -0.043711937963962555
v 0.015624106861650944 -0.0031327574979513884 -0.04363284260034561
v 0.016965556889772415 -0.0027850016485899687 -0.04201812297105789
f 4747 4748 4749
v 0.016965556889772415 -0.0027850016485899687 -0.04201812297105789
v 0.015624106861650944 -0.0031327574979513884 -0.04363284260034561
v 0.017228566110134125 -0.002288383198902011 -0.04155934602022171
f 4750 4751 4752
v 0.016965556889772415 -0.0027850016485899687 -0.04201812297105789
v 0.017228566110134125 -0.002288383198902011 -0.04155934602022171
v 0.017926057800650597 -0.0022941872011870146 -0.04061882942914963
f 4753 4754 4755
v 0.017926057800650597 -0.0022941872011870146 -0.04061882942914963
v 0.017228566110134125 -0.002288383198902011 -0.04155934602022171
v 0.018801741302013397 -0.0013889491092413664 -0.039028383791446686
f 4756 4757 4758
v 0.017926057800650597 -0.0022941872011870146 -0.04061882942914963
v 0.018801741302013397 -0.0013889491092413664 -0.039028383791446686
v 0.018357736989855766 -0.0020492493640631437 -0.039921365678310394
f 4759 4760 4761
v 0.018357736989855766 -0.0020492493640631437 -0.039921365678310394
v 0.018801741302013397 -0.0013889491092413664 -0.039028383791446686
v 0.01967245526611805 -0.0011923580896109343 -0.03748490661382675
f 4762 4763 4764
v 0.020119216293096542 -0.0008558749686926603 -0.03653041273355484
v 0.02011067233979702 -0.00044764275662600994 -0.03639110177755356
v 0.020882805809378624 -0.00021291221491992474 -0.034712545573711395
f 4765 4766 4767
v 0.020882805809378624 -0.00021291221491992474 -0.034712545573711395
v 0.02011067233979702 -0.00044764275662600994 -0.03639110177755356
v 0.021201372146606445 0.0005231231916695833 -0.03367937356233597
f 4768 4769 4770
v 0.020882805809378624 -0.00021291221491992474 -0.034712545573711395
v 0.021201372146606445 0.0005231231916695833 -0.03367937356233597
v 0.021932151168584824 0.0008567750919610262 -0.03171288222074509
f 4771 4772 4773
v 0.021932151168584824 0.0008567750919610262 -0.03171288222074509
v 0.021201372146606445 0.0005231231916695833 -0.03367937356233597
v 0.022102810442447662 0.0015162930358201265 -0.030910978093743324
f 4774 4775 4776
v 0.021932151168584824 0.0008567750919610262 -0.03171288222074509
v 0.022102810442447662 0.0015162930358201265 -0.030910978093743324
v 0.02198953554034233 0.0009232193697243929 -0.03152724355459213
f 4777 4778 4779
v 0.02198953554034233 0.0009232193697243929 -0.03152724355459213
v 0.022102810442447662 0.0015162930358201265 -0.030910978093743324
v 0.022837376222014427 0.0025243714917451143 -0.028105417266488075
f 4780 4781 4782
v 0.02198953554034233 0.0009232193697243929 -0.03152724355459213
v 0.022837376222014427 0.0025243714917451143 -0.028105417266488075
v 0.022823315113782883 0.00201548938639462 -0.02847338654100895
f 4783 4784 4785
v 0.022823315113782883 0.00201548938639462 -0.02847338654100895
v 0.022837376222014427 0.0025243714917451143 -0.028105417266488075
v 0.023418886587023735 0.0030060589779168367 -0.025697672739624977
f 4786 4787 4788
v 0.023418886587023735 0.0030060589779168367 -0.025697672739624977
v 0.022837376222014427 0.0025243714917451143 -0.028105417266488075
v 0.023423179984092712 0.0035420760978013277 -0.025276267901062965
f 4789 4790 4791
v 0.023418886587023735 0.0030060589779168367 -0.025697672739624977
v 0.023423179984092712 0.0035420760978013277 -0.025276267901062965
v 0.023545745760202408 0.003253217088058591 -0.025004977360367775
f 4792 4793 4794
v 0.023545745760202408 0.003253217088058591 -0.025004977360367775
v 0.023423179984092712 0.0035420760978013277 -0.025276267901062965
v 0.023871993646025658 0.004567507188767195 -0.022428134456276894
f 4795 4796 4797
v 0.023545745760202408 0.003253217088058591 -0.025004977360367775
v 0.023871993646025658 0.004567507188767195 -0.022428134456276894
v 0.023962443694472313 0.004215832334011793 -0.022312158718705177
f 4798 4799 4800
v 0.022971170023083687 0.005155521910637617 -0.022522369399666786
v 0.023333925753831863 0.005074608605355024 -0.022541144862771034
v 0.02288980782032013 0.004048447590321302 -0.025364572182297707
f 4801 4802 4803
v 0.022971170023083687 0.005155521910637617 -0.022522369399666786
v 0.02288980782032013 0.004048447590321302 -0.025364572182297707
v 0.022143246605992317 0.0034164891112595797 -0.027300307527184486
f 4804 4805 4806
v 0.022143246605992317 0.0034164891112595797 -0.027300307527184486
v 0.02288980782032013 0.004048447590321302 -0.025364572182297707
v 0.022310256958007812 0.0030299604404717684 -0.02816724218428135
f 4807 4808 4809
v 0.022143246605992317 0.0034164891112595797 -0.027300307527184486
v 0.022310256958007812 0.0030299604404717684 -0.02816724218428135
v 0.0219600647687912 0.003118734108284116 -0.028118396177887917
f 4810 4811 4812
v 0.0219600647687912 0.003118734108284116 -0.028118396177887917
v 0.022310256958007812 0.0030299604404717684 -0.02816724218428135
v 0.021583925932645798 0.002021047519519925 -0.030943984165787697
f 4813 4814 4815
v 0.0219600647687912 0.003118734108284116 -0.028118396177887917
v 0.021583925932645798 0.002021047519519925 -0.030943984165787697
v 0.020764559507369995 0.0015510201919823885 -0.0324256494641304
f 4816 4817 4818
v 0.020764559507369995 0.0015510201919823885 -0.0324256494641304
v 0.021583925932645798 0.002021047519519925 -0.030943984165787697
v 0.020693721249699593 0.0010269612539559603 -0.03368043154478073
f 4819 4820 4821
v 0.020764559507369995 0.0015510201919823885 -0.0324256494641304
v 0.020693721249699593 0.0010269612539559603 -0.03368043154478073
v 0.01911875046789646 1.1216156053706072e-05 -0.036656223237514496
f 4822 4823 4824
v 0.01700030453503132 -0.0014086260925978422 -0.04055721312761307
v 0.018030600622296333 -0.0007785900961607695 -0.03882620483636856
v 0.01833137311041355 -0.0008872791659086943 -0.03895214945077896
f 4825 4826 4827
v 0.01833137311041355 -0.0008872791659086943 -0.03895214945077896
v 0.018030600622296333 -0.0007785900961607695 -0.03882620483636856
v 0.01911875046789646 1.1216156053706072e-05 -0.036656223237514496
f 4828 4829 4830
v 0.01833137311041355 -0.0008872791659086943 -0.03895214945077896
v 0.01911875046789646 1.1216156053706072e-05 -0.036656223237514496
v 0.01961866207420826 5.5174579756567255e-05 -0.03635617345571518
f 4831 4832 4833
v 0.01961866207420826 5.5174579756567255e-05 -0.03635617345571518
v 0.01911875046789646 1.1216156053706072e-05 -0.036656223237514496
v 0.020693721249699593 0.0010269612539559603 -0.03368043154478073
f 4834 4835 4836
v 0.023333925753831863 0.005074608605355024 -0.022541144862771034
v 0.023652896285057068 0.004868912976235151 -0.022508705034852028
v 0.02288980782032013 0.004048447590321302 -0.025364572182297707
f 4837 4838 4839
v 0.02288980782032013 0.004048447590321302 -0.025364572182297707
v 0.023652896285057068 0.004868912976235151 -0.022508705034852028
v 0.023204723373055458 0.0038418204057961702 -0.025346050038933754
f 4840 4841 4842
v 0.02288980782032013 0.004048447590321302 -0.025364572182297707
v 0.023204723373055458 0.0038418204057961702 -0.025346050038933754
v 0.022310256958007812 0.0030299604404717684 -0.02816724218428135
f 4843 4844 4845
v 0.022310256958007812 0.0030299604404717684 -0.02816724218428135
v 0.023204723373055458 0.0038418204057961702 -0.025346050038933754
v 0.022620143368840218 0.002822350012138486 -0.028163516893982887
f 4846 4847 4848
v 0.022310256958007812 0.0030299604404717684 -0.02816724218428135
v 0.022620143368840218 0.002822350012138486 -0.028163516893982887
v 0.021583925932645798 0.002021047519519925 -0.030943984165787697
f 4849 4850 4851
v 0.021583925932645798 0.002021047519519925 -0.030943984165787697
v 0.022620143368840218 0.002822350012138486 -0.028163516893982887
v 0.021887557581067085 0.0018123940099030733 -0.03095623292028904
f 4852 4853 4854
v 0.021583925932645798 0.002021047519519925 -0.030943984165787697
v 0.021887557581067085 0.0018123940099030733 -0.03095623292028904
v 0.020693721249699593 0.0010269612539559603 -0.03368043154478073
f 4855 4856 4857
v 0.020693721249699593 0.0010269612539559603 -0.03368043154478073
v 0.021887557581067085 0.0018123940099030733 -0.03095623292028904
v 0.02098928950726986 0.000817182706668973 -0.03371024876832962
f 4858 4859 4860
v 0.020693721249699593 0.0010269612539559603 -0.03368043154478073
v 0.02098928950726986 0.000817182706668973 -0.03371024876832962
v 0.01961866207420826 5.5174579756567255e-05 -0.03635617345571518
f 4861 4862 4863
v 0.01961866207420826 5.5174579756567255e-05 -0.03635617345571518
v 0.02098928950726986 0.000817182706668973 -0.03371024876832962
v 0.019903555512428284 -0.00015581841580569744 -0.036405570805072784
f 4864 4865 4866
v 0.01961866207420826 5.5174579756567255e-05 -0.03635617345571518
v 0.019903555512428284 -0.00015581841580569744 -0.036405570805072784
v 0.01833137311041355 -0.0008872791659086943 -0.03895214945077896
f 4867 4868 4869
v 0.01833137311041355 -0.0008872791659086943 -0.03895214945077896
v 0.019903555512428284 -0.00015581841580569744 -0.036405570805072784
v 0.018602047115564346 -0.0010996207129210234 -0.039023809134960175
f 4870 4871 4872
v 0.01833137311041355 -0.0008872791659086943 -0.03895214945077896
v 0.018602047115564346 -0.0010996207129210234 -0.039023809134960175
v 0.016789305955171585 -0.001788054360076785 -0.04143471270799637
f 4873 4874 4875
v 0.016789305955171585 -0.001788054360076785 -0.04143471270799637
v 0.018602047115564346 -0.0010996207129210234 -0.039023809134960175
v 0.017040258273482323 -0.0020019158255308867 -0.04153215140104294
f 4876 4877 4878
v 0.016789305955171585 -0.001788054360076785 -0.04143471270799637
v 0.017040258273482323 -0.0020019158255308867 -0.04153215140104294
v 0.016187025234103203 -0.0022654652129858732 -0.042509205639362335
f 4879 4880 4881
v 0.023652896285057068 0.004868912976235151 -0.022508705034852028
v 0.023871993646025658 0.004567507188767195 -0.022428134456276894
v 0.023204723373055458 0.0038418204057961702 -0.025346050038933754
f 4882 4883 4884
v 0.023204723373055458 0.0038418204057961702 -0.025346050038933754
v 0.023871993646025658 0.004567507188767195 -0.022428134456276894
v 0.023423179984092712 0.0035420760978013277 -0.025276267901062965
f 4885 4886 4887
v 0.023204723373055458 0.0038418204057961702 -0.025346050038933754
v 0.023423179984092712 0.0035420760978013277 -0.025276267901062965
v 0.022620143368840218 0.002822350012138486 -0.028163516893982887
f 4888 4889 4890
v 0.022620143368840218 0.002822350012138486 -0.028163516893982887
v 0.023423179984092712 0.0035420760978013277 -0.025276267901062965
v 0.022837376222014427 0.0025243714917451143 -0.028105417266488075
f 4891 4892 4893
v 0.022620143368840218 0.002822350012138486 -0.028163516893982887
v 0.022837376222014427 0.0025243714917451143 -0.028105417266488075
v 0.021887557581067085 0.0018123940099030733 -0.03095623292028904
f 4894 4895 4896
v 0.021887557581067085 0.0018123940099030733 -0.03095623292028904
v 0.022837376222014427 0.0025243714917451143 -0.028105417266488075
v 0.022102810442447662 0.0015162930358201265 -0.030910978093743324
f 4897 4898 4899
v 0.021887557581067085 0.0018123940099030733 -0.03095623292028904
v 0.022102810442447662 0.0015162930358201265 -0.030910978093743324
v 0.02098928950726986 0.000817182706668973 -0.03371024876832962
f 4900 4901 4902
v 0.02098928950726986 0.000817182706668973 -0.03371024876832962
v 0.022102810442447662 0.0015162930358201265 -0.030910978093743324
v 0.021201372146606445 0.0005231231916695833 -0.03367937356233597
f 4903 4904 4905
v 0.02098928950726986 0.000817182706668973 -0.03371024876832962
v 0.021201372146606445 0.0005231231916695833 -0.03367937356233597
v 0.019903555512428284 -0.00015581841580569744 -0.036405570805072784
f 4906 4907 4908
v 0.019903555512428284 -0.00015581841580569744 -0.036405570805072784
v 0.021201372146606445 0.0005231231916695833 -0.03367937356233597
v 0.02011067233979702 -0.00044764275662600994 -0.03639110177755356
f 4909 4910 4911
v 0.019903555512428284 -0.00015581841580569744 -0.036405570805072784
v 0.02011067233979702 -0.00044764275662600994 -0.03639110177755356
v 0.018602047115564346 -0.0010996207129210234 -0.039023809134960175
f 4912 4913 4914
v 0.018602047115564346 -0.0010996207129210234 -0.039023809134960175
v 0.02011067233979702 -0.00044764275662600994 -0.03639110177755356
v 0.018801741302013397 -0.0013889491092413664 -0.039028383791446686
f 4915 4916 4917
v 0.018602047115564346 -0.0010996207129210234 -0.039023809134960175
v 0.018801741302013397 -0.0013889491092413664 -0.039028383791446686
v 0.017040258273482323 -0.0020019158255308867 -0.04153215140104294
f 4918 4919 4920
v 0.017040258273482323 -0.0020019158255308867 -0.04153215140104294
v 0.018801741302013397 -0.0013889491092413664 -0.039028383791446686
v 0.017228566110134125 -0.002288383198902011 -0.04155934602022171
f 4921 4922 4923
v 0.017040258273482323 -0.0020019158255308867 -0.04153215140104294
v 0.017228566110134125 -0.002288383198902011 -0.04155934602022171
v 0.016187025234103203 -0.0022654652129858732 -0.042509205639362335
f 4924 4925 4926
v 0.016187025234103203 -0.0022654652129858732 -0.042509205639362335
v 0.017228566110134125 -0.002288383198902011 -0.04155934602022171
v 0.01578100584447384 -0.0028291239868849516 -0.04334583133459091
f 4927 4928 4929
v 0.02991502732038498 0.0087806461378932 -0.010539316572248936
v 0.029895033687353134 0.008706550113856792 -0.010561519302427769
v 0.02884140983223915 0.008286851458251476 -0.011659734882414341
f 4930 4931 4932
v 0.02811281569302082 0.009234401397407055 -0.011315726675093174
v 0.0281146839261055 0.009234744124114513 -0.011314802803099155
v 0.028346216306090355 0.009101363830268383 -0.011515908874571323
f 4933 4934 4935
v 0.028346216306090355 0.009101363830268383 -0.011515908874571323
v 0.0281146839261055 0.009234744124114513 -0.011314802803099155
v 0.028133492916822433 0.009238178841769695 -0.011305266059935093
f 4936 4937 4938
v 0.02811281569302082 0.009234401397407055 -0.011315726675093174
v 0.028346216306090355 0.009101363830268383 -0.011515908874571323
v 0.0280857402831316 0.009223314933478832 -0.011346184648573399
f 4939 4940 4941
v 0.0280857402831316 0.009223314933478832 -0.011346184648573399
v 0.028346216306090355 0.009101363830268383 -0.011515908874571323
v 0.027240030467510223 0.008603009395301342 -0.012879335321485996
f 4942 4943 4944
v 0.0280857402831316 0.009223314933478832 -0.011346184648573399
v 0.027240030467510223 0.008603009395301342 -0.012879335321485996
v 0.02696659415960312 0.008723686449229717 -0.012718909420073032
f 4945 4946 4947
v 0.02696659415960312 0.008723686449229717 -0.012718909420073032
v 0.027240030467510223 0.008603009395301342 -0.012879335321485996
v 0.026253901422023773 0.008072133176028728 -0.014331572689116001
f 4948 4949 4950
v 0.02696659415960312 0.008723686449229717 -0.012718909420073032
v 0.026253901422023773 0.008072133176028728 -0.014331572689116001
v 0.025909291580319405 0.008157695643603802 -0.014273964799940586
f 4951 4952 4953
v 0.025909291580319405 0.008157695643603802 -0.014273964799940586
v 0.026253901422023773 0.008072133176028728 -0.014331572689116001
v 0.02539580501616001 0.007512423675507307 -0.015862608328461647
f 4954 4955 4956
v 0.025909291580319405 0.008157695643603802 -0.014273964799940586
v 0.02539580501616001 0.007512423675507307 -0.015862608328461647
v 0.025084085762500763 0.007622781675308943 -0.015743637457489967
f 4957 4958 4959
v 0.025084085762500763 0.007622781675308943 -0.015743637457489967
v 0.02539580501616001 0.007512423675507307 -0.015862608328461647
v 0.024671118706464767 0.006928037386387587 -0.017461011186242104
f 4960 4961 4962
v 0.025084085762500763 0.007622781675308943 -0.015743637457489967
v 0.024671118706464767 0.006928037386387587 -0.017461011186242104
v 0.024256866425275803 0.006954829674214125 -0.01757880486547947
f 4963 4964 4965
v 0.024256866425275803 0.006954829674214125 -0.01757880486547947
v 0.024671118706464767 0.006928037386387587 -0.017461011186242104
v 0.024084050208330154 0.006323385518044233 -0.019114816561341286
f 4966 4967 4968
v 0.024256866425275803 0.006954829674214125 -0.01757880486547947
v 0.024084050208330154 0.006323385518044233 -0.019114816561341286
v 0.02384825423359871 0.006544123869389296 -0.018707210198044777
f 4969 4970 4971
v 0.02384825423359871 0.006544123869389296 -0.018707210198044777
v 0.024084050208330154 0.006323385518044233 -0.019114816561341286
v 0.023638807237148285 0.005702863913029432 -0.020811984315514565
f 4972 4973 4974
v 0.02384825423359871 0.006544123869389296 -0.018707210198044777
v 0.023638807237148285 0.005702863913029432 -0.020811984315514565
v 0.02328171581029892 0.005794580560177565 -0.020766565576195717
f 4975 4976 4977
v 0.02328171581029892 0.005794580560177565 -0.020766565576195717
v 0.023638807237148285 0.005702863913029432 -0.020811984315514565
v 0.023333925753831863 0.005074608605355024 -0.022541144862771034
f 4978 4979 4980
v 0.02328171581029892 0.005794580560177565 -0.020766565576195717
v 0.023333925753831863 0.005074608605355024 -0.022541144862771034
v 0.022971170023083687 0.005155521910637617 -0.022522369399666786
f 4981 4982 4983
v 0.02874213270843029 0.008604678325355053 -0.01168715301901102
v 0.029856251552700996 0.009039576165378094 -0.010524206794798374
v 0.02991369180381298 0.008917580358684063 -0.010517173446714878
f 4984 4985 4986
v 0.029396014288067818 0.009266550652682781 -0.010704838670790195
v 0.02970530465245247 0.00916337501257658 -0.01057519856840372
v 0.02874213270843029 0.008604678325355053 -0.01168715301901102
f 4987 4988 4989
v 0.02874213270843029 0.008604678325355053 -0.01168715301901102
v 0.02970530465245247 0.00916337501257658 -0.01057519856840372
v 0.029832562431693077 0.009067627601325512 -0.010530763305723667
f 4990 4991 4992
v 0.02874213270843029 0.008604678325355053 -0.01168715301901102
v 0.029832562431693077 0.009067627601325512 -0.010530763305723667
v 0.029856251552700996 0.009039576165378094 -0.010524206794798374
f 4993 4994 4995
v 0.02876957319676876 0.009309354238212109 -0.01099043432623148
v 0.02914566360414028 0.00930109154433012 -0.010816358961164951
v 0.028570881113409996 0.008886593393981457 -0.01163750234991312
f 4996 4997 4998
v 0.02991369180381298 0.008917580358684063 -0.010517173446714878
v 0.02991502732038498 0.0087806461378932 -0.010539316572248936
v 0.02874213270843029 0.008604678325355053 -0.01168715301901102
f 4999 5000 5001
v 0.02874213270843029 0.008604678325355053 -0.01168715301901102
v 0.02991502732038498 0.0087806461378932 -0.010539316572248936
v 0.02884140983223915 0.008286851458251476 -0.011659734882414341
f 5002 5003 5004
v 0.02874213270843029 0.008604678325355053 -0.01168715301901102
v 0.02884140983223915 0.008286851458251476 -0.011659734882414341
v 0.027665259316563606 0.008105400018393993 -0.013016008771955967
f 5005 5006 5007
v 0.027665259316563606 0.008105400018393993 -0.013016008771955967
v 0.02884140983223915 0.008286851458251476 -0.011659734882414341
v 0.027767760679125786 0.007783960085362196 -0.01297562662512064
f 5008 5009 5010
v 0.027665259316563606 0.008105400018393993 -0.013016008771955967
v 0.027767760679125786 0.007783960085362196 -0.01297562662512064
v 0.026705564931035042 0.007573563139885664 -0.014431321062147617
f 5011 5012 5013
v 0.026705564931035042 0.007573563139885664 -0.014431321062147617
v 0.027767760679125786 0.007783960085362196 -0.01297562662512064
v 0.02680967003107071 0.007248144131153822 -0.014377676881849766
f 5014 5015 5016
v 0.026705564931035042 0.007573563139885664 -0.014431321062147617
v 0.02680967003107071 0.007248144131153822 -0.014377676881849766
v 0.02587081491947174 0.00701282499358058 -0.01592319644987583
f 5017 5018 5019
v 0.02587081491947174 0.00701282499358058 -0.01592319644987583
v 0.02680967003107071 0.007248144131153822 -0.014377676881849766
v 0.025974856689572334 0.006683069746941328 -0.015856260433793068
f 5020 5021 5022
v 0.02587081491947174 0.00701282499358058 -0.01592319644987583
v 0.025974856689572334 0.006683069746941328 -0.015856260433793068
v 0.025166219100356102 0.0064273434691131115 -0.017480531707406044
f 5023 5024 5025
v 0.025166219100356102 0.0064273434691131115 -0.017480531707406044
v 0.025974856689572334 0.006683069746941328 -0.015856260433793068
v 0.02526858262717724 0.006092901807278395 -0.017400527372956276
f 5026 5027 5028
v 0.025166219100356102 0.0064273434691131115 -0.017480531707406044
v 0.02526858262717724 0.006092901807278395 -0.017400527372956276
v 0.024595845490694046 0.005821514409035444 -0.01909160055220127
f 5029 5030 5031
v 0.024595845490694046 0.005821514409035444 -0.01909160055220127
v 0.02526858262717724 0.006092901807278395 -0.017400527372956276
v 0.02469499222934246 0.005482043605297804 -0.018998930230736732
f 5032 5033 5034
v 0.024595845490694046 0.005821514409035444 -0.01909160055220127
v 0.02469499222934246 0.005482043605297804 -0.018998930230736732
v 0.024163754656910896 0.005199718754738569 -0.02074466086924076
f 5035 5036 5037
v 0.024163754656910896 0.005199718754738569 -0.02074466086924076
v 0.02469499222934246 0.005482043605297804 -0.018998930230736732
v 0.02425823174417019 0.004854883532971144 -0.02063998021185398
f 5038 5039 5040
v 0.024163754656910896 0.005199718754738569 -0.02074466086924076
v 0.02425823174417019 0.004854883532971144 -0.02063998021185398
v 0.023871993646025658 0.004567507188767195 -0.022428134456276894
f 5041 5042 5043
v 0.023871993646025658 0.004567507188767195 -0.022428134456276894
v 0.02425823174417019 0.004854883532971144 -0.02063998021185398
v 0.023962443694472313 0.004215832334011793 -0.022312158718705177
f 5044 5045 5046
v 0.023871993646025658 0.004567507188767195 -0.022428134456276894
v 0.023652896285057068 0.004868912976235151 -0.022508705034852028
v 0.024163754656910896 0.005199718754738569 -0.02074466086924076
f 5047 5048 5049
v 0.024163754656910896 0.005199718754738569 -0.02074466086924076
v 0.023652896285057068 0.004868912976235151 -0.022508705034852028
v 0.023947710171341896 0.005495938938111067 -0.02080480195581913
f 5050 5051 5052
v 0.024163754656910896 0.005199718754738569 -0.02074466086924076
v 0.023947710171341896 0.005495938938111067 -0.02080480195581913
v 0.024595845490694046 0.005821514409035444 -0.01909160055220127
f 5053 5054 5055
v 0.024595845490694046 0.005821514409035444 -0.01909160055220127
v 0.023947710171341896 0.005495938938111067 -0.02080480195581913
v 0.02438310720026493 0.006114895921200514 -0.01913207210600376
f 5056 5057 5058
v 0.024595845490694046 0.005821514409035444 -0.01909160055220127
v 0.02438310720026493 0.006114895921200514 -0.01913207210600376
v 0.025166219100356102 0.0064273434691131115 -0.017480531707406044
f 5059 5060 5061
v 0.025166219100356102 0.0064273434691131115 -0.017480531707406044
v 0.02438310720026493 0.006114895921200514 -0.01913207210600376
v 0.024958495050668716 0.006718072574585676 -0.017501676455140114
f 5062 5063 5064
v 0.025166219100356102 0.0064273434691131115 -0.017480531707406044
v 0.024958495050668716 0.006718072574585676 -0.017501676455140114
v 0.02587081491947174 0.00701282499358058 -0.01592319644987583
f 5065 5066 5067
v 0.02587081491947174 0.00701282499358058 -0.01592319644987583
v 0.024958495050668716 0.006718072574585676 -0.017501676455140114
v 0.025669783353805542 0.007301080506294966 -0.015925491228699684
f 5068 5069 5070
v 0.02587081491947174 0.00701282499358058 -0.01592319644987583
v 0.025669783353805542 0.007301080506294966 -0.015925491228699684
v 0.026705564931035042 0.007573563139885664 -0.014431321062147617
f 5071 5072 5073
v 0.026705564931035042 0.007573563139885664 -0.014431321062147617
v 0.025669783353805542 0.007301080506294966 -0.015925491228699684
v 0.026512883603572845 0.007859530858695507 -0.014415436424314976
f 5074 5075 5076
v 0.026705564931035042 0.007573563139885664 -0.014431321062147617
v 0.026512883603572845 0.007859530858695507 -0.014415436424314976
v 0.027665259316563606 0.008105400018393993 -0.013016008771955967
f 5077 5078 5079
v 0.027665259316563606 0.008105400018393993 -0.013016008771955967
v 0.026512883603572845 0.007859530858695507 -0.014415436424314976
v 0.02748253382742405 0.008389259688556194 -0.012982779182493687
f 5080 5081 5082
v 0.027665259316563606 0.008105400018393993 -0.013016008771955967
v 0.02748253382742405 0.008389259688556194 -0.012982779182493687
v 0.02874213270843029 0.008604678325355053 -0.01168715301901102
f 5083 5084 5085
v 0.02874213270843029 0.008604678325355053 -0.01168715301901102
v 0.02748253382742405 0.008389259688556194 -0.012982779182493687
v 0.028570881113409996 0.008886593393981457 -0.01163750234991312
f 5086 5087 5088
v 0.02874213270843029 0.008604678325355053 -0.01168715301901102
v 0.028570881113409996 0.008886593393981457 -0.01163750234991312
v 0.029396014288067818 0.009266550652682781 -0.010704838670790195
f 5089 5090 5091
v 0.029396014288067818 0.009266550652682781 -0.010704838670790195
v 0.028570881113409996 0.008886593393981457 -0.01163750234991312
v 0.02914566360414028 0.00930109154433012 -0.010816358961164951
f 5092 5093 5094
v 0.023652896285057068 0.004868912976235151 -0.022508705034852028
v 0.023333925753831863 0.005074608605355024 -0.022541144862771034
v 0.023947710171341896 0.005495938938111067 -0.02080480195581913
f 5095 5096 5097
v 0.023947710171341896 0.005495938938111067 -0.02080480195581913
v 0.023333925753831863 0.005074608605355024 -0.022541144862771034
v 0.023638807237148285 0.005702863913029432 -0.020811984315514565
f 5098 5099 5100
v 0.023947710171341896 0.005495938938111067 -0.02080480195581913
v 0.023638807237148285 0.005702863913029432 -0.020811984315514565
v 0.02438310720026493 0.006114895921200514 -0.01913207210600376
f 5101 5102 5103
v 0.02438310720026493 0.006114895921200514 -0.01913207210600376
v 0.023638807237148285 0.005702863913029432 -0.020811984315514565
v 0.024084050208330154 0.006323385518044233 -0.019114816561341286
f 5104 5105 5106
v 0.02438310720026493 0.006114895921200514 -0.01913207210600376
v 0.024084050208330154 0.006323385518044233 -0.019114816561341286
v 0.024958495050668716 0.006718072574585676 -0.017501676455140114
f 5107 5108 5109
v 0.024958495050668716 0.006718072574585676 -0.017501676455140114
v 0.024084050208330154 0.006323385518044233 -0.019114816561341286
v 0.024671118706464767 0.006928037386387587 -0.017461011186242104
f 5110 5111 5112
v 0.024958495050668716 0.006718072574585676 -0.017501676455140114
v 0.024671118706464767 0.006928037386387587 -0.017461011186242104
v 0.025669783353805542 0.007301080506294966 -0.015925491228699684
f 5113 5114 5115
v 0.025669783353805542 0.007301080506294966 -0.015925491228699684
v 0.024671118706464767 0.006928037386387587 -0.017461011186242104
v 0.02539580501616001 0.007512423675507307 -0.015862608328461647
f 5116 5117 5118
v 0.025669783353805542 0.007301080506294966 -0.015925491228699684
v 0.02539580501616001 0.007512423675507307 -0.015862608328461647
v 0.026512883603572845 0.007859530858695507 -0.014415436424314976
f 5119 5120 5121
v 0.026512883603572845 0.007859530858695507 -0.014415436424314976
v 0.02539580501616001 0.007512423675507307 -0.015862608328461647
v 0.026253901422023773 0.008072133176028728 -0.014331572689116001
f 5122 5123 5124
v 0.026512883603572845 0.007859530858695507 -0.014415436424314976
v 0.026253901422023773 0.008072133176028728 -0.014331572689116001
v 0.02748253382742405 0.008389259688556194 -0.012982779182493687
f 5125 5126 5127
v 0.02748253382742405 0.008389259688556194 -0.012982779182493687
v 0.026253901422023773 0.008072133176028728 -0.014331572689116001
v 0.027240030467510223 0.008603009395301342 -0.012879335321485996
f 5128 5129 5130
v 0.02748253382742405 0.008389259688556194 -0.012982779182493687
v 0.027240030467510223 0.008603009395301342 -0.012879335321485996
v 0.028570881113409996 0.008886593393981457 -0.01163750234991312
f 5131 5132 5133
v 0.028570881113409996 0.008886593393981457 -0.01163750234991312
v 0.027240030467510223 0.008603009395301342 -0.012879335321485996
v 0.028346216306090355 0.009101363830268383 -0.011515908874571323
f 5134 5135 5136
v 0.028570881113409996 0.008886593393981457 -0.01163750234991312
v 0.028346216306090355 0.009101363830268383 -0.011515908874571323
v 0.02876957319676876 0.009309354238212109 -0.01099043432623148
f 5137 5138 5139
v 0.02876957319676876 0.009309354238212109 -0.01099043432623148
v 0.028346216306090355 0.009101363830268383 -0.011515908874571323
v 0.028133492916822433 0.009238178841769695 -0.011305266059935093
f 5140 5141 5142
v 0.030271245166659355 -0.002497006906196475 -0.01020743791013956
v 0.02994769997894764 -0.001985070062801242 -0.010510855354368687
v 0.030500972643494606 0.010342027060687542 -0.010000013746321201
f 5143 5144 5145
v 0.030500972643494606 0.010342027060687542 -0.010000013746321201
v 0.02994769997894764 -0.001985070062801242 -0.010510855354368687
v 0.029895031824707985 -0.0019342571031302214 -0.010561519302427769
f 5146 5147 5148
v 0.030500972643494606 0.010342027060687542 -0.010000013746321201
v 0.029895031824707985 -0.0019342571031302214 -0.010561519302427769
v 0.030433187261223793 0.00971906166523695 -0.010060661472380161
f 5149 5150 5151
v 0.030444251373410225 -0.003085826290771365 -0.010050528682768345
v 0.030500972643494606 0.010342027060687542 -0.010000013746321201
v 0.030459970235824585 -0.0031795024406164885 -0.010036432184278965
f 5152 5153 5154
v 0.030459970235824585 -0.0031795024406164885 -0.010036432184278965
v 0.030500972643494606 0.010342027060687542 -0.010000013746321201
v 0.030500933527946472 -0.0037294819485396147 -0.010000013746321201
f 5155 5156 5157
v 0.030444251373410225 -0.003085826290771365 -0.010050528682768345
v 0.030435459688305855 -0.003039677394554019 -0.010058396495878696
v 0.030500972643494606 0.010342027060687542 -0.010000013746321201
f 5158 5159 5160
v 0.030500972643494606 0.010342027060687542 -0.010000013746321201
v 0.030435459688305855 -0.003039677394554019 -0.010058396495878696
v 0.030300872400403023 -0.0025694563519209623 -0.010180377401411533
f 5161 5162 5163
v 0.030500972643494606 0.010342027060687542 -0.010000013746321201
v 0.030300872400403023 -0.0025694563519209623 -0.010180377401411533
v 0.030271245166659355 -0.002497006906196475 -0.01020743791013956
f 5164 5165 5166
v 0.029895033687353134 0.008706550113856792 -0.010561519302427769
v 0.029901696369051933 0.008713151328265667 -0.010555082000792027
v 0.029895031824707985 -0.0019342571031302214 -0.010561519302427769
f 5167 5168 5169
v 0.029895031824707985 -0.0019342571031302214 -0.010561519302427769
v 0.029901696369051933 0.008713151328265667 -0.010555082000792027
v 0.02994736284017563 0.008760320954024792 -0.010511242784559727
f 5170 5171 5172
v 0.029895031824707985 -0.0019342571031302214 -0.010561519302427769
v 0.02994736284017563 0.008760320954024792 -0.010511242784559727
v 0.03021855279803276 0.009139697067439556 -0.01025619450956583
f 5173 5174 5175
v 0.03021855279803276 0.009139697067439556 -0.01025619450956583
v 0.03032464161515236 0.009367684833705425 -0.010158651508390903
v 0.029895031824707985 -0.0019342571031302214 -0.010561519302427769
f 5176 5177 5178
v 0.029895031824707985 -0.0019342571031302214 -0.010561519302427769
v 0.03032464161515236 0.009367684833705425 -0.010158651508390903
v 0.030343789607286453 0.009417752735316753 -0.010141187347471714
f 5179 5180 5181
v 0.029895031824707985 -0.0019342571031302214 -0.010561519302427769
v 0.030343789607286453 0.009417752735316753 -0.010141187347471714
v 0.030433187261223793 0.00971906166523695 -0.010060661472380161
f 5182 5183 5184
v 0.029895033687353134 0.008706550113856792 -0.010561519302427769
v 0.029895031824707985 -0.0019342571031302214 -0.010561519302427769
v 0.02884140983223915 0.008286851458251476 -0.011659734882414341
f 5185 5186 5187
v 0.02884140983223915 0.008286851458251476 -0.011659734882414341
v 0.029895031824707985 -0.0019342571031302214 -0.010561519302427769
v 0.02970690280199051 -0.0019582032691687346 -0.010745667852461338
f 5188 5189 5190
v 0.02884140983223915 0.008286851458251476 -0.011659734882414341
v 0.02970690280199051 -0.0019582032691687346 -0.010745667852461338
v 0.027767760679125786 0.007783960085362196 -0.01297562662512064
f 5191 5192 5193
v 0.027767760679125786 0.007783960085362196 -0.01297562662512064
v 0.02970690280199051 -0.0019582032691687346 -0.010745667852461338
v 0.02829858474433422 -0.0021599053870886564 -0.01229661051183939
f 5194 5195 5196
v 0.027767760679125786 0.007783960085362196 -0.01297562662512064
v 0.02829858474433422 -0.0021599053870886564 -0.01229661051183939
v 0.02680967003107071 0.007248144131153822 -0.014377676881849766
f 5197 5198 5199
v 0.02680967003107071 0.007248144131153822 -0.014377676881849766
v 0.02829858474433422 -0.0021599053870886564 -0.01229661051183939
v 0.02700011059641838 -0.002391551388427615 -0.014077776111662388
f 5200 5201 5202
v 0.02680967003107071 0.007248144131153822 -0.014377676881849766
v 0.02700011059641838 -0.002391551388427615 -0.014077776111662388
v 0.025974856689572334 0.006683069746941328 -0.015856260433793068
f 5203 5204 5205
v 0.025974856689572334 0.006683069746941328 -0.015856260433793068
v 0.02700011059641838 -0.002391551388427615 -0.014077776111662388
v 0.026144612580537796 -0.0025804981123656034 -0.015530579723417759
f 5206 5207 5208
v 0.025974856689572334 0.006683069746941328 -0.015856260433793068
v 0.026144612580537796 -0.0025804981123656034 -0.015530579723417759
v 0.02526858262717724 0.006092901807278395 -0.017400527372956276
f 5209 5210 5211
v 0.02526858262717724 0.006092901807278395 -0.017400527372956276
v 0.026144612580537796 -0.0025804981123656034 -0.015530579723417759
v 0.025900864973664284 -0.0026419281493872404 -0.016002917662262917
f 5212 5213 5214
v 0.02526858262717724 0.006092901807278395 -0.017400527372956276
v 0.025900864973664284 -0.0026419281493872404 -0.016002917662262917
v 0.02469499222934246 0.005482043605297804 -0.018998930230736732
f 5215 5216 5217
v 0.024098914116621017 -0.0005869462620466948 -0.02143525518476963
v 0.024760153144598007 -0.0030048980843275785 -0.018793875351548195
v 0.024043003097176552 -0.0008062392007559538 -0.021764451637864113
f 5218 5219 5220
v 0.024043003097176552 -0.0008062392007559538 -0.021764451637864113
v 0.024760153144598007 -0.0030048980843275785 -0.018793875351548195
v 0.02437329851090908 -0.0031811713706701994 -0.020149284973740578
f 5221 5222 5223
v 0.024043003097176552 -0.0008062392007559538 -0.021764451637864113
v 0.02437329851090908 -0.0031811713706701994 -0.020149284973740578
v 0.024007301777601242 -0.0008879646193236113 -0.021994346752762794
f 5224 5225 5226
v 0.024007301777601242 -0.0008879646193236113 -0.021994346752762794
v 0.02437329851090908 -0.0031811713706701994 -0.020149284973740578
v 0.023962443694472313 -0.0034624605905264616 -0.022312158718705177
f 5227 5228 5229
v 0.024007301777601242 -0.0008879646193236113 -0.021994346752762794
v 0.023962443694472313 -0.0034624605905264616 -0.022312158718705177
v 0.023962443694472313 -0.0009271993767470121 -0.022312158718705177
f 5230 5231 5232
v 0.024098914116621017 -0.0005869462620466948 -0.02143525518476963
v 0.024120263755321503 -0.0004646151792258024 -0.02131764031946659
v 0.024760153144598007 -0.0030048980843275785 -0.018793875351548195
f 5233 5234 5235
v 0.024760153144598007 -0.0030048980843275785 -0.018793875351548195
v 0.024120263755321503 -0.0004646151792258024 -0.02131764031946659
v 0.024164607748389244 -5.685980067937635e-05 -0.02108515240252018
f 5236 5237 5238
v 0.024760153144598007 -0.0030048980843275785 -0.018793875351548195
v 0.024164607748389244 -5.685980067937635e-05 -0.02108515240252018
v 0.024170013144612312 3.0691971915075555e-05 -0.021057793870568275
f 5239 5240 5241
v 0.024170013144612312 3.0691971915075555e-05 -0.021057793870568275
v 0.024179117754101753 0.00037280027754604816 -0.02101215161383152
v 0.024760153144598007 -0.0030048980843275785 -0.018793875351548195
f 5242 5243 5244
v 0.024760153144598007 -0.0030048980843275785 -0.018793875351548195
v 0.024179117754101753 0.00037280027754604816 -0.02101215161383152
v 0.02469499222934246 0.005482043605297804 -0.018998930230736732
f 5245 5246 5247
v 0.024760153144598007 -0.0030048980843275785 -0.018793875351548195
v 0.02469499222934246 0.005482043605297804 -0.018998930230736732
v 0.025020914152264595 -0.0029068037401884794 -0.018039653077721596
f 5248 5249 5250
v 0.025020914152264595 -0.0029068037401884794 -0.018039653077721596
v 0.02469499222934246 0.005482043605297804 -0.018998930230736732
v 0.025900864973664284 -0.0026419281493872404 -0.016002917662262917
f 5251 5252 5253
v 0.024179117754101753 0.00037280027754604816 -0.02101215161383152
v 0.02415931597352028 0.0008727193344384432 -0.021112123504281044
v 0.02469499222934246 0.005482043605297804 -0.018998930230736732
f 5254 5255 5256
v 0.02469499222934246 0.005482043605297804 -0.018998930230736732
v 0.02415931597352028 0.0008727193344384432 -0.021112123504281044
v 0.02410614676773548 0.0012940645683556795 -0.021394947543740273
f 5257 5258 5259
v 0.02469499222934246 0.005482043605297804 -0.018998930230736732
v 0.02410614676773548 0.0012940645683556795 -0.021394947543740273
v 0.02425823174417019 0.004854883532971144 -0.02063998021185398
f 5260 5261 5262
v 0.023962443694472313 0.0016727999318391085 -0.022312158718705177
v 0.023962443694472313 0.004215832334011793 -0.022312158718705177
v 0.024007298052310944 0.0016335726249963045 -0.021994376555085182
f 5263 5264 5265
v 0.024007298052310944 0.0016335726249963045 -0.021994376555085182
v 0.023962443694472313 0.004215832334011793 -0.022312158718705177
v 0.02425823174417019 0.004854883532971144 -0.02063998021185398
f 5266 5267 5268
v 0.024007298052310944 0.0016335726249963045 -0.021994376555085182
v 0.02425823174417019 0.004854883532971144 -0.02063998021185398
v 0.02403472550213337 0.0015744820702821016 -0.02181621827185154
f 5269 5270 5271
v 0.02403472550213337 0.0015744820702821016 -0.02181621827185154
v 0.02425823174417019 0.004854883532971144 -0.02063998021185398
v 0.02410614676773548 0.0012940645683556795 -0.021394947543740273
f 5272 5273 5274
v 0.022535573691129684 -0.004389409441500902 -0.02962000109255314
v 0.021990960463881493 -0.0046625700779259205 -0.03152842074632645
v 0.02198953554034233 0.0009232193697243929 -0.03152724355459213
f 5275 5276 5277
v 0.015526406466960907 -0.006897774059325457 -0.04377647489309311
v 0.015525677241384983 -0.003398445202037692 -0.04377550631761551
v 0.016944993287324905 -0.006523225922137499 -0.042051978409290314
f 5278 5279 5280
v 0.016944993287324905 -0.006523225922137499 -0.042051978409290314
v 0.015525677241384983 -0.003398445202037692 -0.04377550631761551
v 0.016965556889772415 -0.0027850016485899687 -0.04201812297105789
f 5281 5282 5283
v 0.016944993287324905 -0.006523225922137499 -0.042051978409290314
v 0.016965556889772415 -0.0027850016485899687 -0.04201812297105789
v 0.01792741008102894 -0.006228674668818712 -0.04062122851610184
f 5284 5285 5286
v 0.01792741008102894 -0.006228674668818712 -0.04062122851610184
v 0.016965556889772415 -0.0027850016485899687 -0.04201812297105789
v 0.017926057800650597 -0.0022941872011870146 -0.04061882942914963
f 5287 5288 5289
v 0.01792741008102894 -0.006228674668818712 -0.04062122851610184
v 0.017926057800650597 -0.0022941872011870146 -0.04061882942914963
v 0.018209310248494148 -0.006138746161013842 -0.040169887244701385
f 5290 5291 5292
v 0.018209310248494148 -0.006138746161013842 -0.040169887244701385
v 0.017926057800650597 -0.0022941872011870146 -0.04061882942914963
v 0.01942174881696701 -0.005724799353629351 -0.03799264878034592
f 5293 5294 5295
v 0.01942174881696701 -0.005724799353629351 -0.03799264878034592
v 0.017926057800650597 -0.0022941872011870146 -0.04061882942914963
v 0.018357736989855766 -0.0020492493640631437 -0.039921365678310394
f 5296 5297 5298
v 0.01942174881696701 -0.005724799353629351 -0.03799264878034592
v 0.018357736989855766 -0.0020492493640631437 -0.039921365678310394
v 0.0201193168759346 -0.005464468616992235 -0.03653312474489212
f 5299 5300 5301
v 0.018357736989855766 -0.0020492493640631437 -0.039921365678310394
v 0.01967245526611805 -0.0011923580896109343 -0.03748490661382675
v 0.0201193168759346 -0.005464468616992235 -0.03653312474489212
f 5302 5303 5304
v 0.0201193168759346 -0.005464468616992235 -0.03653312474489212
v 0.01967245526611805 -0.0011923580896109343 -0.03748490661382675
v 0.020119216293096542 -0.0008558749686926603 -0.03653041273355484
f 5305 5306 5307
v 0.0201193168759346 -0.005464468616992235 -0.03653312474489212
v 0.020119216293096542 -0.0008558749686926603 -0.03653041273355484
v 0.020570803433656693 -0.005285960156470537 -0.03548885136842728
f 5308 5309 5310
v 0.020570803433656693 -0.005285960156470537 -0.03548885136842728
v 0.020119216293096542 -0.0008558749686926603 -0.03653041273355484
v 0.021610045805573463 -0.004840504843741655 -0.03271222859621048
f 5311 5312 5313
v 0.021610045805573463 -0.004840504843741655 -0.03271222859621048
v 0.020119216293096542 -0.0008558749686926603 -0.03653041273355484
v 0.020882805809378624 -0.00021291221491992474 -0.034712545573711395
f 5314 5315 5316
v 0.021610045805573463 -0.004840504843741655 -0.03271222859621048
v 0.020882805809378624 -0.00021291221491992474 -0.034712545573711395
v 0.021990960463881493 -0.0046625700779259205 -0.03152842074632645
f 5317 5318 5319
v 0.021990960463881493 -0.0046625700779259205 -0.03152842074632645
v 0.020882805809378624 -0.00021291221491992474 -0.034712545573711395
v 0.021932151168584824 0.0008567750919610262 -0.03171288222074509
f 5320 5321 5322
v 0.021990960463881493 -0.0046625700779259205 -0.03152842074632645
v 0.021932151168584824 0.0008567750919610262 -0.03171288222074509
v 0.02198953554034233 0.0009232193697243929 -0.03152724355459213
f 5323 5324 5325
v 0.022535573691129684 -0.004389409441500902 -0.02962000109255314
v 0.02198953554034233 0.0009232193697243929 -0.03152724355459213
v 0.02330598421394825 -0.0039480519481003284 -0.026279786601662636
f 5326 5327 5328
v 0.02330598421394825 -0.0039480519481003284 -0.026279786601662636
v 0.02198953554034233 0.0009232193697243929 -0.03152724355459213
v 0.022823315113782883 0.00201548938639462 -0.02847338654100895
f 5329 5330 5331
v 0.02330598421394825 -0.0039480519481003284 -0.026279786601662636
v 0.022823315113782883 0.00201548938639462 -0.02847338654100895
v 0.023418886587023735 0.0030060589779168367 -0.025697672739624977
f 5332 5333 5334
v 0.023962443694472313 0.004215832334011793 -0.022312158718705177
v 0.023962443694472313 0.0016727999318391085 -0.022312158718705177
v 0.02391941472887993 0.0016334087122231722 -0.022629747167229652
f 5335 5336 5337
v 0.023962443694472313 0.004215832334011793 -0.022312158718705177
v 0.02391941472887993 0.0016334087122231722 -0.022629747167229652
v 0.023545745760202408 0.003253217088058591 -0.025004977360367775
f 5338 5339 5340
v 0.023815112188458443 0.001148852752521634 -0.02335510589182377
v 0.023418886587023735 0.0030060589779168367 -0.025697672739624977
v 0.02383974753320217 0.0013325840700417757 -0.023188987746834755
f 5341 5342 5343
v 0.02383974753320217 0.0013325840700417757 -0.023188987746834755
v 0.023418886587023735 0.0030060589779168367 -0.025697672739624977
v 0.023545745760202408 0.003253217088058591 -0.025004977360367775
f 5344 5345 5346
v 0.02383974753320217 0.0013325840700417757 -0.023188987746834755
v 0.023545745760202408 0.003253217088058591 -0.025004977360367775
v 0.023885639384388924 0.0015464827883988619 -0.022871145978569984
f 5347 5348 5349
v 0.023885639384388924 0.0015464827883988619 -0.022871145978569984
v 0.023545745760202408 0.003253217088058591 -0.025004977360367775
v 0.02391941472887993 0.0016334087122231722 -0.022629747167229652
f 5350 5351 5352
v 0.023776110261678696 0.00037280027754604816 -0.02361215092241764
v 0.02330598421394825 -0.0039480519481003284 -0.026279786601662636
v 0.023778116330504417 0.0005565688479691744 -0.02359909750521183
f 5353 5354 5355
v 0.023778116330504417 0.0005565688479691744 -0.02359909750521183
v 0.02330598421394825 -0.0039480519481003284 -0.026279786601662636
v 0.023418886587023735 0.0030060589779168367 -0.025697672739624977
f 5356 5357 5358
v 0.023778116330504417 0.0005565688479691744 -0.02359909750521183
v 0.023418886587023735 0.0030060589779168367 -0.025697672739624977
v 0.023787304759025574 0.0008024529088288546 -0.0235391054302454
f 5359 5360 5361
v 0.023787304759025574 0.0008024529088288546 -0.0235391054302454
v 0.023418886587023735 0.0030060589779168367 -0.025697672739624977
v 0.023815112188458443 0.001148852752521634 -0.02335510589182377
f 5362 5363 5364
v 0.023776110261678696 0.00037280027754604816 -0.02361215092241764
v 0.023795023560523987 -0.00018080021254718304 -0.023488396778702736
v 0.02330598421394825 -0.0039480519481003284 -0.026279786601662636
f 5365 5366 5367
v 0.02330598421394825 -0.0039480519481003284 -0.026279786601662636
v 0.023795023560523987 -0.00018080021254718304 -0.023488396778702736
v 0.023839734494686127 -0.0005869015585631132 -0.023189062252640724
f 5368 5369 5370
v 0.02330598421394825 -0.0039480519481003284 -0.026279786601662636
v 0.023839734494686127 -0.0005869015585631132 -0.023189062252640724
v 0.023492325097322464 -0.0038269280921667814 -0.025302240625023842
f 5371 5372 5373
v 0.023839734494686127 -0.0005869015585631132 -0.023189062252640724
v 0.023853261023759842 -0.0006638884078711271 -0.023096555843949318
v 0.023492325097322464 -0.0038269280921667814 -0.025302240625023842
f 5374 5375 5376
v 0.023492325097322464 -0.0038269280921667814 -0.025302240625023842
v 0.023853261023759842 -0.0006638884078711271 -0.023096555843949318
v 0.023919420316815376 -0.0008878156077116728 -0.022629717364907265
f 5377 5378 5379
v 0.023492325097322464 -0.0038269280921667814 -0.025302240625023842
v 0.023919420316815376 -0.0008878156077116728 -0.022629717364907265
v 0.023962443694472313 -0.0034624605905264616 -0.022312158718705177
f 5380 5381 5382
v 0.023962443694472313 -0.0034624605905264616 -0.022312158718705177
v 0.023919420316815376 -0.0008878156077116728 -0.022629717364907265
v 0.023935329169034958 -0.0009114861022680998 -0.02251366712152958
f 5383 5384 5385
v 0.023962443694472313 -0.0034624605905264616 -0.022312158718705177
v 0.023935329169034958 -0.0009114861022680998 -0.02251366712152958
v 0.023962443694472313 -0.0009271993767470121 -0.022312158718705177
f 5386 5387 5388
v 0.014372844249010086 -0.008095246739685535 -0.04413644224405289
v 0.014000999741256237 -0.00805519986897707 -0.0436718687415123
v 0.014000999741256237 -0.0087272422388196 -0.04627121239900589
f 5389 5390 5391
v 0.014949299395084381 -0.007664401549845934 -0.04494544118642807
v 0.014918459579348564 -0.007734556216746569 -0.044894151389598846
v 0.01475001685321331 -0.008662072010338306 -0.04729510098695755
f 5392 5393 5394
v 0.01475001685321331 -0.008662072010338306 -0.04729510098695755
v 0.014918459579348564 -0.007734556216746569 -0.044894151389598846
v 0.014758981764316559 -0.007940416224300861 -0.04465792328119278
f 5395 5396 5397
v 0.01475001685321331 -0.008662072010338306 -0.04729510098695755
v 0.014758981764316559 -0.007940416224300861 -0.04465792328119278
v 0.014564345590770245 -0.008820821531116962 -0.04724960774183273
f 5398 5399 5400
v 0.014564345590770245 -0.008820821531116962 -0.04724960774183273
v 0.014758981764316559 -0.007940416224300861 -0.04465792328119278
v 0.014691819436848164 -0.007990469224750996 -0.04456309229135513
f 5401 5402 5403
v 0.014564345590770245 -0.008820821531116962 -0.04724960774183273
v 0.014691819436848164 -0.007990469224750996 -0.04456309229135513
v 0.01441107876598835 -0.008090686984360218 -0.0441850945353508
f 5404 5405 5406
v 0.01475001685321331 -0.008662072010338306 -0.04729510098695755
v 0.014936811290681362 -0.008360457606613636 -0.04738151282072067
v 0.014949299395084381 -0.007664401549845934 -0.04494544118642807
f 5407 5408 5409
v 0.014949299395084381 -0.007664401549845934 -0.04494544118642807
v 0.014936811290681362 -0.008360457606613636 -0.04738151282072067
v 0.01500099990516901 -0.00802652258425951 -0.04747719317674637
f 5410 5411 5412
v 0.014949299395084381 -0.007664401549845934 -0.04494544118642807
v 0.01500099990516901 -0.00802652258425951 -0.04747719317674637
v 0.01500099990516901 -0.007373828906565905 -0.045069240033626556
f 5413 5414 5415
v 0.014000999741256237 -0.0087272422388196 -0.04627121239900589
v 0.014000999741256237 -0.010073442943394184 -0.05067794770002365
v 0.014239362441003323 -0.00895973015576601 -0.047209806740283966
f 5416 5417 5418
v 0.014239362441003323 -0.00895973015576601 -0.047209806740283966
v 0.014000999741256237 -0.010073442943394184 -0.05067794770002365
v 0.014239362441003323 -0.010045734234154224 -0.05068736523389816
f 5419 5420 5421
v 0.014372844249010086 -0.008095246739685535 -0.04413644224405289
v 0.014000999741256237 -0.0087272422388196 -0.04627121239900589
v 0.01441107876598835 -0.008090686984360218 -0.0441850945353508
f 5422 5423 5424
v 0.01441107876598835 -0.008090686984360218 -0.0441850945353508
v 0.014000999741256237 -0.0087272422388196 -0.04627121239900589
v 0.014239362441003323 -0.00895973015576601 -0.047209806740283966
f 5425 5426 5427
v 0.01441107876598835 -0.008090686984360218 -0.0441850945353508
v 0.014239362441003323 -0.00895973015576601 -0.047209806740283966
v 0.014564345590770245 -0.008820821531116962 -0.04724960774183273
f 5428 5429 5430
v 0.014564345590770245 -0.008820821531116962 -0.04724960774183273
v 0.014239362441003323 -0.00895973015576601 -0.047209806740283966
v 0.014239362441003323 -0.010045734234154224 -0.05068736523389816
f 5431 5432 5433
v 0.014564345590770245 -0.008820821531116962 -0.04724960774183273
v 0.014239362441003323 -0.010045734234154224 -0.05068736523389816
v 0.014383594505488873 -0.010000993497669697 -0.05070257931947708
f 5434 5435 5436
v 0.014383594505488873 -0.010000993497669697 -0.05070257931947708
v 0.014564345590770245 -0.009908934123814106 -0.05073390156030655
v 0.014564345590770245 -0.008820821531116962 -0.04724960774183273
f 5437 5438 5439
v 0.014564345590770245 -0.008820821531116962 -0.04724960774183273
v 0.014564345590770245 -0.009908934123814106 -0.05073390156030655
v 0.01475001685321331 -0.00975260604172945 -0.05078708380460739
f 5440 5441 5442
v 0.014564345590770245 -0.008820821531116962 -0.04724960774183273
v 0.01475001685321331 -0.00975260604172945 -0.05078708380460739
v 0.01475001685321331 -0.008662072010338306 -0.04729510098695755
f 5443 5444 5445
v 0.01475001685321331 -0.008662072010338306 -0.04729510098695755
v 0.01475001685321331 -0.00975260604172945 -0.05078708380460739
v 0.014936811290681362 -0.009455573745071888 -0.05088812857866287
f 5446 5447 5448
v 0.01475001685321331 -0.008662072010338306 -0.04729510098695755
v 0.014936811290681362 -0.009455573745071888 -0.05088812857866287
v 0.014936811290681362 -0.008360457606613636 -0.04738151282072067
f 5449 5450 5451
v 0.014936811290681362 -0.008360457606613636 -0.04738151282072067
v 0.014936811290681362 -0.009455573745071888 -0.05088812857866287
v 0.01500099990516901 -0.009126720018684864 -0.05099999159574509
f 5452 5453 5454
v 0.014936811290681362 -0.008360457606613636 -0.04738151282072067
v 0.01500099990516901 -0.009126720018684864 -0.05099999159574509
v 0.01500099990516901 -0.00802652258425951 -0.04747719317674637
f 5455 5456 5457
v 0.022971170023083687 -0.004454877693206072 -0.02205742336809635
v 0.023184973746538162 -0.004434582311660051 -0.02208835817873478
v 0.023233408108353615 -0.004376296419650316 -0.02157309092581272
f 5458 5459 5460
v 0.027002641931176186 -0.003237460507079959 -0.01222937647253275
v 0.026972979307174683 -0.003239591373130679 -0.012245737947523594
v 0.02697034925222397 -0.0032400235068053007 -0.012249254621565342
f 5461 5462 5463
v 0.02712751179933548 -0.0032347410451620817 -0.01236748043447733
v 0.027447357773780823 -0.003182989312335849 -0.011978053487837315
v 0.027002641931176186 -0.003237460507079959 -0.01222937647253275
f 5464 5465 5466
v 0.028726326301693916 -0.0028289600741118193 -0.011244320310652256
v 0.02865743078291416 -0.002855588449165225 -0.011284791864454746
v 0.028612183406949043 -0.0028166070114821196 -0.01142608467489481
f 5467 5468 5469
v 0.028612183406949043 -0.0028166070114821196 -0.01142608467489481
v 0.02865743078291416 -0.002855588449165225 -0.011284791864454746
v 0.028540870174765587 -0.00289822812192142 -0.011353516019880772
f 5470 5471 5472
v 0.028612183406949043 -0.0028166070114821196 -0.01142608467489481
v 0.028540870174765587 -0.00289822812192142 -0.011353516019880772
v 0.027555614709854126 -0.0029796480666846037 -0.012719118036329746
f 5473 5474 5475
v 0.029421668499708176 -0.0024768158327788115 -0.010845118202269077
v 0.028770828619599342 -0.002482455922290683 -0.011607729829847813
v 0.029503831639885902 -0.0024198784958571196 -0.010798328556120396
f 5476 5477 5478
v 0.029503831639885902 -0.0024198784958571196 -0.010798328556120396
v 0.028770828619599342 -0.002482455922290683 -0.011607729829847813
v 0.02829858474433422 -0.0021599053870886564 -0.01229661051183939
f 5479 5480 5481
v 0.029503831639885902 -0.0024198784958571196 -0.010798328556120396
v 0.02829858474433422 -0.0021599053870886564 -0.01229661051183939
v 0.029775118455290794 -0.002173070563003421 -0.010640555061399937
f 5482 5483 5484
v 0.029775118455290794 -0.002173070563003421 -0.010640555061399937
v 0.02829858474433422 -0.0021599053870886564 -0.01229661051183939
v 0.02970690280199051 -0.0019582032691687346 -0.010745667852461338
f 5485 5486 5487
v 0.029775118455290794 -0.002173070563003421 -0.010640555061399937
v 0.02970690280199051 -0.0019582032691687346 -0.010745667852461338
v 0.029825277626514435 -0.00210448051802814 -0.010609709657728672
f 5488 5489 5490
v 0.029825277626514435 -0.00210448051802814 -0.010609709657728672
v 0.02970690280199051 -0.0019582032691687346 -0.010745667852461338
v 0.029895031824707985 -0.0019342571031302214 -0.010561519302427769
f 5491 5492 5493
v 0.028770828619599342 -0.002482455922290683 -0.011607729829847813
v 0.02772580273449421 -0.002646577311679721 -0.012887471355497837
v 0.02829858474433422 -0.0021599053870886564 -0.01229661051183939
f 5494 5495 5496
v 0.02829858474433422 -0.0021599053870886564 -0.01229661051183939
v 0.02772580273449421 -0.002646577311679721 -0.012887471355497837
v 0.026788687333464622 -0.0028212934266775846 -0.014250003732740879
f 5497 5498 5499
v 0.02829858474433422 -0.0021599053870886564 -0.01229661051183939
v 0.026788687333464622 -0.0028212934266775846 -0.014250003732740879
v 0.02700011059641838 -0.002391551388427615 -0.014077776111662388
f 5500 5501 5502
v 0.02700011059641838 -0.002391551388427615 -0.014077776111662388
v 0.026788687333464622 -0.0028212934266775846 -0.014250003732740879
v 0.026144612580537796 -0.0025804981123656034 -0.015530579723417759
f 5503 5504 5505
v 0.026144612580537796 -0.0025804981123656034 -0.015530579723417759
v 0.026788687333464622 -0.0028212934266775846 -0.014250003732740879
v 0.025967564433813095 -0.0030053674709051847 -0.015685612335801125
f 5506 5507 5508
v 0.026144612580537796 -0.0025804981123656034 -0.015530579723417759
v 0.025967564433813095 -0.0030053674709051847 -0.015685612335801125
v 0.025900864973664284 -0.0026419281493872404 -0.016002917662262917
f 5509 5510 5511
v 0.027002641931176186 -0.003237460507079959 -0.01222937647253275
v 0.02697034925222397 -0.0032400235068053007 -0.012249254621565342
v 0.02712751179933548 -0.0032347410451620817 -0.01236748043447733
f 5512 5513 5514
v 0.02712751179933548 -0.0032347410451620817 -0.01236748043447733
v 0.02697034925222397 -0.0032400235068053007 -0.012249254621565342
v 0.025991693139076233 -0.0034168853890150785 -0.0136771434918046
f 5515 5516 5517
v 0.02712751179933548 -0.0032347410451620817 -0.01236748043447733
v 0.025991693139076233 -0.0034168853890150785 -0.0136771434918046
v 0.026156853884458542 -0.003410090459510684 -0.013781481422483921
f 5518 5519 5520
v 0.026156853884458542 -0.003410090459510684 -0.013781481422483921
v 0.025991693139076233 -0.0034168853890150785 -0.0136771434918046
v 0.025134675204753876 -0.003603157354518771 -0.01518102828413248
f 5521 5522 5523
v 0.026156853884458542 -0.003410090459510684 -0.013781481422483921
v 0.025134675204753876 -0.003603157354518771 -0.01518102828413248
v 0.02530672401189804 -0.0035948127042502165 -0.01527103129774332
f 5524 5525 5526
v 0.02530672401189804 -0.0035948127042502165 -0.01527103129774332
v 0.025134675204753876 -0.003603157354518771 -0.01518102828413248
v 0.024933869019150734 -0.0036526217591017485 -0.01558034960180521
f 5527 5528 5529
v 0.02530672401189804 -0.0035948127042502165 -0.01527103129774332
v 0.024933869019150734 -0.0036526217591017485 -0.01558034960180521
v 0.024584537371993065 -0.0037869408261030912 -0.016820335760712624
f 5530 5531 5532
v 0.024584537371993065 -0.0037869408261030912 -0.016820335760712624
v 0.024933869019150734 -0.0036526217591017485 -0.01558034960180521
v 0.02380894124507904 -0.003997315187007189 -0.018363291397690773
f 5533 5534 5535
v 0.024584537371993065 -0.0037869408261030912 -0.016820335760712624
v 0.02380894124507904 -0.003997315187007189 -0.018363291397690773
v 0.02399110049009323 -0.00398575933650136 -0.018423626199364662
f 5536 5537 5538
v 0.02399110049009323 -0.00398575933650136 -0.018423626199364662
v 0.02380894124507904 -0.003997315187007189 -0.018363291397690773
v 0.02354239486157894 -0.0041074869222939014 -0.01925274170935154
f 5539 5540 5541
v 0.02399110049009323 -0.00398575933650136 -0.018423626199364662
v 0.02354239486157894 -0.0041074869222939014 -0.01925274170935154
v 0.023233408108353615 -0.004376296419650316 -0.02157309092581272
f 5542 5543 5544
v 0.023233408108353615 -0.004376296419650316 -0.02157309092581272
v 0.02354239486157894 -0.0041074869222939014 -0.01925274170935154
v 0.02309577539563179 -0.0043541607446968555 -0.02124428190290928
f 5545 5546 5547
v 0.023233408108353615 -0.004376296419650316 -0.02157309092581272
v 0.02309577539563179 -0.0043541607446968555 -0.02124428190290928
v 0.022971170023083687 -0.004454877693206072 -0.02205742336809635
f 5548 5549 5550
v 0.023904692381620407 -0.003806237829849124 -0.02226189710199833
v 0.023962443694472313 -0.0034624605905264616 -0.022312158718705177
v 0.023961683735251427 -0.003784221364185214 -0.02176176942884922
f 5551 5552 5553
v 0.023961683735251427 -0.003784221364185214 -0.02176176942884922
v 0.023962443694472313 -0.0034624605905264616 -0.022312158718705177
v 0.02437329851090908 -0.0031811713706701994 -0.020149284973740578
f 5554 5555 5556
v 0.023961683735251427 -0.003784221364185214 -0.02176176942884922
v 0.02437329851090908 -0.0031811713706701994 -0.020149284973740578
v 0.024695709347724915 -0.0033949806820601225 -0.01872480846941471
f 5557 5558 5559
v 0.024695709347724915 -0.0033949806820601225 -0.01872480846941471
v 0.02437329851090908 -0.0031811713706701994 -0.020149284973740578
v 0.024760153144598007 -0.0030048980843275785 -0.018793875351548195
f 5560 5561 5562
v 0.024695709347724915 -0.0033949806820601225 -0.01872480846941471
v 0.024760153144598007 -0.0030048980843275785 -0.018793875351548195
v 0.025020914152264595 -0.0029068037401884794 -0.018039653077721596
f 5563 5564 5565
v 0.025900864973664284 -0.0026419281493872404 -0.016002917662262917
v 0.025967564433813095 -0.0030053674709051847 -0.015685612335801125
v 0.025020914152264595 -0.0029068037401884794 -0.018039653077721596
f 5566 5567 5568
v 0.025020914152264595 -0.0029068037401884794 -0.018039653077721596
v 0.025967564433813095 -0.0030053674709051847 -0.015685612335801125
v 0.025269631296396255 -0.0031968324910849333 -0.017179081216454506
f 5569 5570 5571
v 0.025020914152264595 -0.0029068037401884794 -0.018039653077721596
v 0.025269631296396255 -0.0031968324910849333 -0.017179081216454506
v 0.024695709347724915 -0.0033949806820601225 -0.01872480846941471
f 5572 5573 5574
v 0.023184973746538162 -0.004434582311660051 -0.02208835817873478
v 0.023511366918683052 -0.004303355235606432 -0.022148022428154945
v 0.023233408108353615 -0.004376296419650316 -0.02157309092581272
f 5575 5576 5577
v 0.023233408108353615 -0.004376296419650316 -0.02157309092581272
v 0.023511366918683052 -0.004303355235606432 -0.022148022428154945
v 0.02342258393764496 -0.00432300241664052 -0.021609628573060036
f 5578 5579 5580
v 0.023233408108353615 -0.004376296419650316 -0.02157309092581272
v 0.02342258393764496 -0.00432300241664052 -0.021609628573060036
v 0.02399110049009323 -0.00398575933650136 -0.018423626199364662
f 5581 5582 5583
v 0.02399110049009323 -0.00398575933650136 -0.018423626199364662
v 0.02342258393764496 -0.00432300241664052 -0.021609628573060036
v 0.024175360798835754 -0.003934752661734819 -0.018489548936486244
f 5584 5585 5586
v 0.02399110049009323 -0.00398575933650136 -0.018423626199364662
v 0.024175360798835754 -0.003934752661734819 -0.018489548936486244
v 0.024584537371993065 -0.0037869408261030912 -0.016820335760712624
f 5587 5588 5589
v 0.024584537371993065 -0.0037869408261030912 -0.016820335760712624
v 0.024175360798835754 -0.003934752661734819 -0.018489548936486244
v 0.02476431615650654 -0.0037371262442320585 -0.016901487484574318
f 5590 5591 5592
v 0.024584537371993065 -0.0037869408261030912 -0.016820335760712624
v 0.02476431615650654 -0.0037371262442320585 -0.016901487484574318
v 0.02530672401189804 -0.0035948127042502165 -0.01527103129774332
f 5593 5594 5595
v 0.02530672401189804 -0.0035948127042502165 -0.01527103129774332
v 0.02476431615650654 -0.0037371262442320585 -0.016901487484574318
v 0.02548072673380375 -0.003546160412952304 -0.015367024578154087
f 5596 5597 5598
v 0.02530672401189804 -0.0035948127042502165 -0.01527103129774332
v 0.02548072673380375 -0.003546160412952304 -0.015367024578154087
v 0.026156853884458542 -0.003410090459510684 -0.013781481422483921
f 5599 5600 5601
v 0.026156853884458542 -0.003410090459510684 -0.013781481422483921
v 0.02548072673380375 -0.003546160412952304 -0.015367024578154087
v 0.026323769241571426 -0.0033625781070441008 -0.013891958631575108
f 5602 5603 5604
v 0.026156853884458542 -0.003410090459510684 -0.013781481422483921
v 0.026323769241571426 -0.0033625781070441008 -0.013891958631575108
v 0.02712751179933548 -0.0032347410451620817 -0.01236748043447733
f 5605 5606 5607
v 0.02712751179933548 -0.0032347410451620817 -0.01236748043447733
v 0.026323769241571426 -0.0033625781070441008 -0.013891958631575108
v 0.027286069467663765 -0.0031883239280432463 -0.012491815723478794
f 5608 5609 5610
v 0.02712751179933548 -0.0032347410451620817 -0.01236748043447733
v 0.027286069467663765 -0.0031883239280432463 -0.012491815723478794
v 0.027447357773780823 -0.003182989312335849 -0.011978053487837315
f 5611 5612 5613
v 0.027447357773780823 -0.003182989312335849 -0.011978053487837315
v 0.027286069467663765 -0.0031883239280432463 -0.012491815723478794
v 0.02789628505706787 -0.0030907585751265287 -0.01172529999166727
f 5614 5615 5616
v 0.023511366918683052 -0.004303355235606432 -0.022148022428154945
v 0.023725470528006554 -0.004117098171263933 -0.022199565544724464
v 0.02342258393764496 -0.00432300241664052 -0.021609628573060036
f 5617 5618 5619
v 0.02342258393764496 -0.00432300241664052 -0.021609628573060036
v 0.023725470528006554 -0.004117098171263933 -0.022199565544724464
v 0.023747848346829414 -0.0041101542301476 -0.021687516942620277
f 5620 5621 5622
v 0.02342258393764496 -0.00432300241664052 -0.021609628573060036
v 0.023747848346829414 -0.0041101542301476 -0.021687516942620277
v 0.024175360798835754 -0.003934752661734819 -0.018489548936486244
f 5623 5624 5625
v 0.024175360798835754 -0.003934752661734819 -0.018489548936486244
v 0.023747848346829414 -0.0041101542301476 -0.021687516942620277
v 0.024490974843502045 -0.003723283065482974 -0.01861787773668766
f 5626 5627 5628
v 0.024175360798835754 -0.003934752661734819 -0.018489548936486244
v 0.024490974843502045 -0.003723283065482974 -0.01861787773668766
v 0.02476431615650654 -0.0037371262442320585 -0.016901487484574318
f 5629 5630 5631
v 0.02476431615650654 -0.0037371262442320585 -0.016901487484574318
v 0.024490974843502045 -0.003723283065482974 -0.01861787773668766
v 0.025071652606129646 -0.003526371670886874 -0.017055729404091835
f 5632 5633 5634
v 0.02476431615650654 -0.0037371262442320585 -0.016901487484574318
v 0.025071652606129646 -0.003526371670886874 -0.017055729404091835
v 0.02548072673380375 -0.003546160412952304 -0.015367024578154087
f 5635 5636 5637
v 0.02548072673380375 -0.003546160412952304 -0.015367024578154087
v 0.025071652606129646 -0.003526371670886874 -0.017055729404091835
v 0.02577761933207512 -0.0033361210953444242 -0.015546494163572788
f 5638 5639 5640
v 0.02548072673380375 -0.003546160412952304 -0.015367024578154087
v 0.02577761933207512 -0.0033361210953444242 -0.015546494163572788
v 0.026323769241571426 -0.0033625781070441008 -0.013891958631575108
f 5641 5642 5643
v 0.026323769241571426 -0.0033625781070441008 -0.013891958631575108
v 0.02577761933207512 -0.0033361210953444242 -0.015546494163572788
v 0.02660803496837616 -0.003153231693431735 -0.014095866121351719
f 5644 5645 5646
v 0.026323769241571426 -0.0033625781070441008 -0.013891958631575108
v 0.02660803496837616 -0.003153231693431735 -0.014095866121351719
v 0.027286069467663765 -0.0031883239280432463 -0.012491815723478794
f 5647 5648 5649
v 0.027286069467663765 -0.0031883239280432463 -0.012491815723478794
v 0.02660803496837616 -0.003153231693431735 -0.014095866121351719
v 0.027555614709854126 -0.0029796480666846037 -0.012719118036329746
f 5650 5651 5652
v 0.027286069467663765 -0.0031883239280432463 -0.012491815723478794
v 0.027555614709854126 -0.0029796480666846037 -0.012719118036329746
v 0.02789628505706787 -0.0030907585751265287 -0.01172529999166727
f 5653 5654 5655
v 0.02789628505706787 -0.0030907585751265287 -0.01172529999166727
v 0.027555614709854126 -0.0029796480666846037 -0.012719118036329746
v 0.028540870174765587 -0.00289822812192142 -0.011353516019880772
f 5656 5657 5658
v 0.023725470528006554 -0.004117098171263933 -0.022199565544724464
v 0.023904692381620407 -0.003806237829849124 -0.02226189710199833
v 0.023747848346829414 -0.0041101542301476 -0.021687516942620277
f 5659 5660 5661
v 0.023747848346829414 -0.0041101542301476 -0.021687516942620277
v 0.023904692381620407 -0.003806237829849124 -0.02226189710199833
v 0.023961683735251427 -0.003784221364185214 -0.02176176942884922
f 5662 5663 5664
v 0.023747848346829414 -0.0041101542301476 -0.021687516942620277
v 0.023961683735251427 -0.003784221364185214 -0.02176176942884922
v 0.024490974843502045 -0.003723283065482974 -0.01861787773668766
f 5665 5666 5667
v 0.024490974843502045 -0.003723283065482974 -0.01861787773668766
v 0.023961683735251427 -0.003784221364185214 -0.02176176942884922
v 0.024695709347724915 -0.0033949806820601225 -0.01872480846941471
f 5668 5669 5670
v 0.024490974843502045 -0.003723283065482974 -0.01861787773668766
v 0.024695709347724915 -0.0033949806820601225 -0.01872480846941471
v 0.025071652606129646 -0.003526371670886874 -0.017055729404091835
f 5671 5672 5673
v 0.025071652606129646 -0.003526371670886874 -0.017055729404091835
v 0.024695709347724915 -0.0033949806820601225 -0.01872480846941471
v 0.025269631296396255 -0.0031968324910849333 -0.017179081216454506
f 5674 5675 5676
v 0.025071652606129646 -0.003526371670886874 -0.017055729404091835
v 0.025269631296396255 -0.0031968324910849333 -0.017179081216454506
v 0.02577761933207512 -0.0033361210953444242 -0.015546494163572788
f 5677 5678 5679
v 0.02577761933207512 -0.0033361210953444242 -0.015546494163572788
v 0.025269631296396255 -0.0031968324910849333 -0.017179081216454506
v 0.025967564433813095 -0.0030053674709051847 -0.015685612335801125
f 5680 5681 5682
v 0.02577761933207512 -0.0033361210953444242 -0.015546494163572788
v 0.025967564433813095 -0.0030053674709051847 -0.015685612335801125
v 0.02660803496837616 -0.003153231693431735 -0.014095866121351719
f 5683 5684 5685
v 0.02660803496837616 -0.003153231693431735 -0.014095866121351719
v 0.025967564433813095 -0.0030053674709051847 -0.015685612335801125
v 0.026788687333464622 -0.0028212934266775846 -0.014250003732740879
f 5686 5687 5688
v 0.02660803496837616 -0.003153231693431735 -0.014095866121351719
v 0.026788687333464622 -0.0028212934266775846 -0.014250003732740879
v 0.027555614709854126 -0.0029796480666846037 -0.012719118036329746
f 5689 5690 5691
v 0.027555614709854126 -0.0029796480666846037 -0.012719118036329746
v 0.026788687333464622 -0.0028212934266775846 -0.014250003732740879
v 0.02772580273449421 -0.002646577311679721 -0.012887471355497837
f 5692 5693 5694
v 0.027555614709854126 -0.0029796480666846037 -0.012719118036329746
v 0.02772580273449421 -0.002646577311679721 -0.012887471355497837
v 0.028612183406949043 -0.0028166070114821196 -0.01142608467489481
f 5695 5696 5697
v 0.028612183406949043 -0.0028166070114821196 -0.01142608467489481
v 0.02772580273449421 -0.002646577311679721 -0.012887471355497837
v 0.028770828619599342 -0.002482455922290683 -0.011607729829847813
f 5698 5699 5700
v 0.028612183406949043 -0.0028166070114821196 -0.01142608467489481
v 0.028770828619599342 -0.002482455922290683 -0.011607729829847813
v 0.028726326301693916 -0.0028289600741118193 -0.011244320310652256
f 5701 5702 5703
v 0.028726326301693916 -0.0028289600741118193 -0.011244320310652256
v 0.028770828619599342 -0.002482455922290683 -0.011607729829847813
v 0.029421668499708176 -0.0024768158327788115 -0.010845118202269077
f 5704 5705 5706
v 0.022971170023083687 -0.004454877693206072 -0.02205742336809635
v 0.0225085336714983 -0.004819345194846392 -0.02500000037252903
v 0.022721517831087112 -0.004800137598067522 -0.02504120208323002
f 5707 5708 5709
v 0.022971170023083687 -0.004454877693206072 -0.02205742336809635
v 0.022721517831087112 -0.004800137598067522 -0.02504120208323002
v 0.023184973746538162 -0.004434582311660051 -0.02208835817873478
f 5710 5711 5712
v 0.023184973746538162 -0.004434582311660051 -0.02208835817873478
v 0.022721517831087112 -0.004800137598067522 -0.02504120208323002
v 0.022890007123351097 -0.004749756772071123 -0.02507815696299076
f 5713 5714 5715
v 0.023184973746538162 -0.004434582311660051 -0.02208835817873478
v 0.022890007123351097 -0.004749756772071123 -0.02507815696299076
v 0.023511366918683052 -0.004303355235606432 -0.022148022428154945
f 5716 5717 5718
v 0.022890007123351097 -0.004749756772071123 -0.02507815696299076
v 0.02304646745324135 -0.004669871646910906 -0.0251165721565485
v 0.023511366918683052 -0.004303355235606432 -0.022148022428154945
f 5719 5720 5721
v 0.023511366918683052 -0.004303355235606432 -0.022148022428154945
v 0.02304646745324135 -0.004669871646910906 -0.0251165721565485
v 0.023259237408638 -0.00448360713198781 -0.02517842687666416
f 5722 5723 5724
v 0.023511366918683052 -0.004303355235606432 -0.022148022428154945
v 0.023259237408638 -0.00448360713198781 -0.02517842687666416
v 0.023725470528006554 -0.004117098171263933 -0.022199565544724464
f 5725 5726 5727
v 0.023725470528006554 -0.004117098171263933 -0.022199565544724464
v 0.023259237408638 -0.00448360713198781 -0.02517842687666416
v 0.02343655563890934 -0.0041719418950378895 -0.025249341502785683
f 5728 5729 5730
v 0.023725470528006554 -0.004117098171263933 -0.022199565544724464
v 0.02343655563890934 -0.0041719418950378895 -0.025249341502785683
v 0.023904692381620407 -0.003806237829849124 -0.02226189710199833
f 5731 5732 5733
v 0.023904692381620407 -0.003806237829849124 -0.02226189710199833
v 0.02343655563890934 -0.0041719418950378895 -0.025249341502785683
v 0.023492325097322464 -0.0038269280921667814 -0.025302240625023842
f 5734 5735 5736
v 0.023904692381620407 -0.003806237829849124 -0.02226189710199833
v 0.023492325097322464 -0.0038269280921667814 -0.025302240625023842
v 0.023962443694472313 -0.0034624605905264616 -0.022312158718705177
f 5737 5738 5739
v 0.02304646745324135 -0.004669871646910906 -0.0251165721565485
v 0.022890007123351097 -0.004749756772071123 -0.02507815696299076
v 0.021706081926822662 -0.005438182968646288 -0.030211234465241432
f 5740 5741 5742
v 0.022721517831087112 -0.004800137598067522 -0.02504120208323002
v 0.0225085336714983 -0.004819345194846392 -0.02500000037252903
v 0.021329032257199287 -0.005502831656485796 -0.030094945803284645
f 5743 5744 5745
v 0.021610045805573463 -0.004840504843741655 -0.03271222859621048
v 0.02143215946853161 -0.005281959194689989 -0.03298293799161911
v 0.020484574139118195 -0.005688701290637255 -0.03548120707273483
f 5746 5747 5748
v 0.014583473093807697 -0.007970464415848255 -0.04362601786851883
v 0.014749138616025448 -0.007917326875030994 -0.04362349957227707
v 0.016073832288384438 -0.007574130315333605 -0.042020611464977264
f 5749 5750 5751
v 0.015068878419697285 -0.007759560365229845 -0.04363342374563217
v 0.015220155008137226 -0.00764428498223424 -0.043649084866046906
v 0.016343655064702034 -0.007373530883342028 -0.04227782040834427
f 5752 5753 5754
v 0.015395376831293106 -0.007439334411174059 -0.04368674010038376
v 0.015449879691004753 -0.007338371593505144 -0.04370739310979843
v 0.016505995765328407 -0.007038962561637163 -0.04248065501451492
f 5755 5756 5757
v 0.015511535108089447 -0.007054467219859362 -0.043773286044597626
v 0.015526406466960907 -0.006897774059325457 -0.04377647489309311
v 0.016944993287324905 -0.006523225922137499 -0.042051978409290314
f 5758 5759 5760
v 0.02143215946853161 -0.005281959194689989 -0.03298293799161911
v 0.021610045805573463 -0.004840504843741655 -0.03271222859621048
v 0.022229129448533058 -0.004900966305285692 -0.030437642708420753
f 5761 5762 5763
v 0.021610045805573463 -0.004840504843741655 -0.03271222859621048
v 0.021990960463881493 -0.0046625700779259205 -0.03152842074632645
v 0.022229129448533058 -0.004900966305285692 -0.030437642708420753
f 5764 5765 5766
v 0.022229129448533058 -0.004900966305285692 -0.030437642708420753
v 0.021990960463881493 -0.0046625700779259205 -0.03152842074632645
v 0.022535573691129684 -0.004389409441500902 -0.02962000109255314
f 5767 5768 5769
v 0.022229129448533058 -0.004900966305285692 -0.030437642708420753
v 0.022535573691129684 -0.004389409441500902 -0.02962000109255314
v 0.02343655563890934 -0.0041719418950378895 -0.025249341502785683
f 5770 5771 5772
v 0.02343655563890934 -0.0041719418950378895 -0.025249341502785683
v 0.022535573691129684 -0.004389409441500902 -0.02962000109255314
v 0.02330598421394825 -0.0039480519481003284 -0.026279786601662636
f 5773 5774 5775
v 0.02343655563890934 -0.0041719418950378895 -0.025249341502785683
v 0.02330598421394825 -0.0039480519481003284 -0.026279786601662636
v 0.023492325097322464 -0.0038269280921667814 -0.025302240625023842
f 5776 5777 5778
v 0.01942174881696701 -0.005724799353629351 -0.03799264878034592
v 0.0201193168759346 -0.005464468616992235 -0.03653312474489212
v 0.020484574139118195 -0.005688701290637255 -0.03548120707273483
f 5779 5780 5781
v 0.020484574139118195 -0.005688701290637255 -0.03548120707273483
v 0.0201193168759346 -0.005464468616992235 -0.03653312474489212
v 0.020570803433656693 -0.005285960156470537 -0.03548885136842728
f 5782 5783 5784
v 0.020484574139118195 -0.005688701290637255 -0.03548120707273483
v 0.020570803433656693 -0.005285960156470537 -0.03548885136842728
v 0.021610045805573463 -0.004840504843741655 -0.03271222859621048
f 5785 5786 5787
v 0.020484574139118195 -0.005688701290637255 -0.03548120707273483
v 0.01936633326113224 -0.006120067555457354 -0.037915222346782684
v 0.01942174881696701 -0.005724799353629351 -0.03799264878034592
f 5788 5789 5790
v 0.01942174881696701 -0.005724799353629351 -0.03799264878034592
v 0.01936633326113224 -0.006120067555457354 -0.037915222346782684
v 0.018051618710160255 -0.006573033053427935 -0.0402609184384346
f 5791 5792 5793
v 0.01942174881696701 -0.005724799353629351 -0.03799264878034592
v 0.018051618710160255 -0.006573033053427935 -0.0402609184384346
v 0.018209310248494148 -0.006138746161013842 -0.040169887244701385
f 5794 5795 5796
v 0.015449879691004753 -0.007338371593505144 -0.04370739310979843
v 0.015511535108089447 -0.007054467219859362 -0.043773286044597626
v 0.016505995765328407 -0.007038962561637163 -0.04248065501451492
f 5797 5798 5799
v 0.016505995765328407 -0.007038962561637163 -0.04248065501451492
v 0.015511535108089447 -0.007054467219859362 -0.043773286044597626
v 0.016944993287324905 -0.006523225922137499 -0.042051978409290314
f 5800 5801 5802
v 0.016505995765328407 -0.007038962561637163 -0.04248065501451492
v 0.016944993287324905 -0.006523225922137499 -0.042051978409290314
v 0.018051618710160255 -0.006573033053427935 -0.0402609184384346
f 5803 5804 5805
v 0.018051618710160255 -0.006573033053427935 -0.0402609184384346
v 0.016944993287324905 -0.006523225922137499 -0.042051978409290314
v 0.01792741008102894 -0.006228674668818712 -0.04062122851610184
f 5806 5807 5808
v 0.018051618710160255 -0.006573033053427935 -0.0402609184384346
v 0.01792741008102894 -0.006228674668818712 -0.04062122851610184
v 0.018209310248494148 -0.006138746161013842 -0.040169887244701385
f 5809 5810 5811
v 0.01887919194996357 -0.00665604742243886 -0.03756701201200485
v 0.018519621342420578 -0.006706621963530779 -0.037375010550022125
v 0.017586849629878998 -0.0071085733361542225 -0.03986062854528427
f 5812 5813 5814
v 0.017586849629878998 -0.0071085733361542225 -0.03986062854528427
v 0.018519621342420578 -0.006706621963530779 -0.037375010550022125
v 0.01723937876522541 -0.007151578087359667 -0.03963496536016464
f 5815 5816 5817
v 0.017586849629878998 -0.0071085733361542225 -0.03986062854528427
v 0.01723937876522541 -0.007151578087359667 -0.03963496536016464
v 0.016073832288384438 -0.007574130315333605 -0.042020611464977264
f 5818 5819 5820
v 0.016073832288384438 -0.007574130315333605 -0.042020611464977264
v 0.01723937876522541 -0.007151578087359667 -0.03963496536016464
v 0.015745405107736588 -0.007607382256537676 -0.04175496846437454
f 5821 5822 5823
v 0.016073832288384438 -0.007574130315333605 -0.042020611464977264
v 0.015745405107736588 -0.007607382256537676 -0.04175496846437454
v 0.014583473093807697 -0.007970464415848255 -0.04362601786851883
f 5824 5825 5826
v 0.014583473093807697 -0.007970464415848255 -0.04362601786851883
v 0.015745405107736588 -0.007607382256537676 -0.04175496846437454
v 0.014000999741256237 -0.00805519986897707 -0.0436718687415123
f 5827 5828 5829
v 0.022890007123351097 -0.004749756772071123 -0.02507815696299076
v 0.022721517831087112 -0.004800137598067522 -0.02504120208323002
v 0.021706081926822662 -0.005438182968646288 -0.030211234465241432
f 5830 5831 5832
v 0.021706081926822662 -0.005438182968646288 -0.030211234465241432
v 0.022721517831087112 -0.004800137598067522 -0.02504120208323002
v 0.021329032257199287 -0.005502831656485796 -0.030094945803284645
f 5833 5834 5835
v 0.021706081926822662 -0.005438182968646288 -0.030211234465241432
v 0.021329032257199287 -0.005502831656485796 -0.030094945803284645
v 0.020917600020766258 -0.005818803329020739 -0.03272046893835068
f 5836 5837 5838
v 0.020917600020766258 -0.005818803329020739 -0.03272046893835068
v 0.021329032257199287 -0.005502831656485796 -0.030094945803284645
v 0.02054438553750515 -0.005879823584109545 -0.03258202224969864
f 5839 5840 5841
v 0.020917600020766258 -0.005818803329020739 -0.03272046893835068
v 0.02054438553750515 -0.005879823584109545 -0.03258202224969864
v 0.019981514662504196 -0.0062251281924545765 -0.03517848998308182
f 5842 5843 5844
v 0.019981514662504196 -0.0062251281924545765 -0.03517848998308182
v 0.02054438553750515 -0.005879823584109545 -0.03258202224969864
v 0.01961381547152996 -0.006281558889895678 -0.035015128552913666
f 5845 5846 5847
v 0.019981514662504196 -0.0062251281924545765 -0.03517848998308182
v 0.01961381547152996 -0.006281558889895678 -0.035015128552913666
v 0.01887919194996357 -0.00665604742243886 -0.03756701201200485
f 5848 5849 5850
v 0.01887919194996357 -0.00665604742243886 -0.03756701201200485
v 0.01961381547152996 -0.006281558889895678 -0.035015128552913666
v 0.018629053607583046 -0.006666128057986498 -0.037158988416194916
f 5851 5852 5853
v 0.01887919194996357 -0.00665604742243886 -0.03756701201200485
v 0.018629053607583046 -0.006666128057986498 -0.037158988416194916
v 0.018519621342420578 -0.006706621963530779 -0.037375010550022125
f 5854 5855 5856
v 0.023259237408638 -0.00448360713198781 -0.02517842687666416
v 0.02304646745324135 -0.004669871646910906 -0.0251165721565485
v 0.02202315255999565 -0.005226981360465288 -0.030331844463944435
f 5857 5858 5859
v 0.02202315255999565 -0.005226981360465288 -0.030331844463944435
v 0.02304646745324135 -0.004669871646910906 -0.0251165721565485
v 0.021706081926822662 -0.005438182968646288 -0.030211234465241432
f 5860 5861 5862
v 0.02202315255999565 -0.005226981360465288 -0.030331844463944435
v 0.021706081926822662 -0.005438182968646288 -0.030211234465241432
v 0.02123059146106243 -0.00560888322070241 -0.03286168724298477
f 5863 5864 5865
v 0.02123059146106243 -0.00560888322070241 -0.03286168724298477
v 0.021706081926822662 -0.005438182968646288 -0.030211234465241432
v 0.020917600020766258 -0.005818803329020739 -0.03272046893835068
f 5866 5867 5868
v 0.02123059146106243 -0.00560888322070241 -0.03286168724298477
v 0.020917600020766258 -0.005818803329020739 -0.03272046893835068
v 0.020288825035095215 -0.0060167876072227955 -0.03534283488988876
f 5869 5870 5871
v 0.020288825035095215 -0.0060167876072227955 -0.03534283488988876
v 0.020917600020766258 -0.005818803329020739 -0.03272046893835068
v 0.019981514662504196 -0.0062251281924545765 -0.03517848998308182
f 5872 5873 5874
v 0.020288825035095215 -0.0060167876072227955 -0.03534283488988876
v 0.019981514662504196 -0.0062251281924545765 -0.03517848998308182
v 0.01917840912938118 -0.006449696142226458 -0.0377577468752861
f 5875 5876 5877
v 0.01917840912938118 -0.006449696142226458 -0.0377577468752861
v 0.019981514662504196 -0.0062251281924545765 -0.03517848998308182
v 0.01887919194996357 -0.00665604742243886 -0.03756701201200485
f 5878 5879 5880
v 0.01917840912938118 -0.006449696142226458 -0.0377577468752861
v 0.01887919194996357 -0.00665604742243886 -0.03756701201200485
v 0.017874371260404587 -0.006904755253344774 -0.040082015097141266
f 5881 5882 5883
v 0.017874371260404587 -0.006904755253344774 -0.040082015097141266
v 0.01887919194996357 -0.00665604742243886 -0.03756701201200485
v 0.017586849629878998 -0.0071085733361542225 -0.03986062854528427
f 5884 5885 5886
v 0.017874371260404587 -0.006904755253344774 -0.040082015097141266
v 0.017586849629878998 -0.0071085733361542225 -0.03986062854528427
v 0.016343655064702034 -0.007373530883342028 -0.04227782040834427
f 5887 5888 5889
v 0.016343655064702034 -0.007373530883342028 -0.04227782040834427
v 0.017586849629878998 -0.0071085733361542225 -0.03986062854528427
v 0.016073832288384438 -0.007574130315333605 -0.042020611464977264
f 5890 5891 5892
v 0.016343655064702034 -0.007373530883342028 -0.04227782040834427
v 0.016073832288384438 -0.007574130315333605 -0.042020611464977264
v 0.015068878419697285 -0.007759560365229845 -0.04363342374563217
f 5893 5894 5895
v 0.015068878419697285 -0.007759560365229845 -0.04363342374563217
v 0.016073832288384438 -0.007574130315333605 -0.042020611464977264
v 0.014749138616025448 -0.007917326875030994 -0.04362349957227707
f 5896 5897 5898
v 0.02343655563890934 -0.0041719418950378895 -0.025249341502785683
v 0.023259237408638 -0.00448360713198781 -0.02517842687666416
v 0.022229129448533058 -0.004900966305285692 -0.030437642708420753
f 5899 5900 5901
v 0.022229129448533058 -0.004900966305285692 -0.030437642708420753
v 0.023259237408638 -0.00448360713198781 -0.02517842687666416
v 0.02202315255999565 -0.005226981360465288 -0.030331844463944435
f 5902 5903 5904
v 0.022229129448533058 -0.004900966305285692 -0.030437642708420753
v 0.02202315255999565 -0.005226981360465288 -0.030331844463944435
v 0.02143215946853161 -0.005281959194689989 -0.03298293799161911
f 5905 5906 5907
v 0.02143215946853161 -0.005281959194689989 -0.03298293799161911
v 0.02202315255999565 -0.005226981360465288 -0.030331844463944435
v 0.02123059146106243 -0.00560888322070241 -0.03286168724298477
f 5908 5909 5910
v 0.02143215946853161 -0.005281959194689989 -0.03298293799161911
v 0.02123059146106243 -0.00560888322070241 -0.03286168724298477
v 0.020484574139118195 -0.005688701290637255 -0.03548120707273483
f 5911 5912 5913
v 0.020484574139118195 -0.005688701290637255 -0.03548120707273483
v 0.02123059146106243 -0.00560888322070241 -0.03286168724298477
v 0.020288825035095215 -0.0060167876072227955 -0.03534283488988876
f 5914 5915 5916
v 0.020484574139118195 -0.005688701290637255 -0.03548120707273483
v 0.020288825035095215 -0.0060167876072227955 -0.03534283488988876
v 0.01936633326113224 -0.006120067555457354 -0.037915222346782684
f 5917 5918 5919
v 0.01936633326113224 -0.006120067555457354 -0.037915222346782684
v 0.020288825035095215 -0.0060167876072227955 -0.03534283488988876
v 0.01917840912938118 -0.006449696142226458 -0.0377577468752861
f 5920 5921 5922
v 0.01936633326113224 -0.006120067555457354 -0.037915222346782684
v 0.01917840912938118 -0.006449696142226458 -0.0377577468752861
v 0.018051618710160255 -0.006573033053427935 -0.0402609184384346
f 5923 5924 5925
v 0.018051618710160255 -0.006573033053427935 -0.0402609184384346
v 0.01917840912938118 -0.006449696142226458 -0.0377577468752861
v 0.017874371260404587 -0.006904755253344774 -0.040082015097141266
f 5926 5927 5928
v 0.018051618710160255 -0.006573033053427935 -0.0402609184384346
v 0.017874371260404587 -0.006904755253344774 -0.040082015097141266
v 0.016505995765328407 -0.007038962561637163 -0.04248065501451492
f 5929 5930 5931
v 0.016505995765328407 -0.007038962561637163 -0.04248065501451492
v 0.017874371260404587 -0.006904755253344774 -0.040082015097141266
v 0.016343655064702034 -0.007373530883342028 -0.04227782040834427
f 5932 5933 5934
v 0.016505995765328407 -0.007038962561637163 -0.04248065501451492
v 0.016343655064702034 -0.007373530883342028 -0.04227782040834427
v 0.015395376831293106 -0.007439334411174059 -0.04368674010038376
f 5935 5936 5937
v 0.015395376831293106 -0.007439334411174059 -0.04368674010038376
v 0.016343655064702034 -0.007373530883342028 -0.04227782040834427
v 0.015220155008137226 -0.00764428498223424 -0.043649084866046906
f 5938 5939 5940
v 0.01361769251525402 -0.014104378409683704 -0.06007654219865799
v 0.012658555991947651 -0.01662810519337654 -0.06454967707395554
v 0.012988124042749405 -0.016446534544229507 -0.06473692506551743
f 5941 5942 5943
v 0.01396218128502369 -0.010827955789864063 -0.05277950316667557
v 0.013950223103165627 -0.0109431566670537 -0.05308116227388382
v 0.014335794374346733 -0.010875445790588856 -0.05312325805425644
f 5944 5945 5946
v 0.013950124382972717 -0.012928609736263752 -0.0578131303191185
v 0.014189846813678741 -0.011848916299641132 -0.055497266352176666
v 0.013800948858261108 -0.011910517700016499 -0.05543806403875351
f 5947 5948 5949
v 0.01187520008534193 -0.017376814037561417 -0.06582411378622055
v 0.01158631220459938 -0.017796378582715988 -0.06680754572153091
v 0.01197634357959032 -0.017756830900907516 -0.06695056706666946
f 5950 5951 5952
v 0.011178688146173954 -0.018199551850557327 -0.06812500208616257
v 0.010715662501752377 -0.01836143061518669 -0.06954286247491837
v 0.011069991625845432 -0.018284600228071213 -0.06968682259321213
f 5953 5954 5955
v 0.01158631220459938 -0.017796378582715988 -0.06680754572153091
v 0.011178688146173954 -0.018199551850557327 -0.06812500208616257
v 0.011554994620382786 -0.0181463323533535 -0.0682738795876503
f 5956 5957 5958
v 0.012258585542440414 -0.01666152849793434 -0.06442459672689438
v 0.012658555991947651 -0.01662810519337654 -0.06454967707395554
v 0.013221216388046741 -0.014150586910545826 -0.059984274208545685
f 5959 5960 5961
v 0.013221216388046741 -0.014150586910545826 -0.059984274208545685
v 0.012658555991947651 -0.01662810519337654 -0.06454967707395554
v 0.01361769251525402 -0.014104378409683704 -0.06007654219865799
f 5962 5963 5964
v 0.013221216388046741 -0.014150586910545826 -0.059984274208545685
v 0.01361769251525402 -0.014104378409683704 -0.06007654219865799
v 0.013557469472289085 -0.012982849963009357 -0.05773719400167465
f 5965 5966 5967
v 0.013800948858261108 -0.011910517700016499 -0.05543806403875351
v 0.014189846813678741 -0.011848916299641132 -0.055497266352176666
v 0.013950223103165627 -0.0109431566670537 -0.05308116227388382
f 5968 5969 5970
v 0.014000999741256237 -0.010073442943394184 -0.05067794770002365
v 0.01396218128502369 -0.010827955789864063 -0.05277950316667557
v 0.014239362441003323 -0.010045734234154224 -0.05068736523389816
f 5971 5972 5973
v 0.014239362441003323 -0.010045734234154224 -0.05068736523389816
v 0.01396218128502369 -0.010827955789864063 -0.05277950316667557
v 0.014335794374346733 -0.010875445790588856 -0.05312325805425644
f 5974 5975 5976
v 0.014239362441003323 -0.010045734234154224 -0.05068736523389816
v 0.014335794374346733 -0.010875445790588856 -0.05312325805425644
v 0.014383594505488873 -0.010000993497669697 -0.05070257931947708
f 5977 5978 5979
v 0.012496829964220524 -0.01724569872021675 -0.06731659919023514
v 0.012988124042749405 -0.016446534544229507 -0.06473692506551743
v 0.012298720888793468 -0.017562638968229294 -0.06713063269853592
f 5980 5981 5982
v 0.012298720888793468 -0.017562638968229294 -0.06713063269853592
v 0.012988124042749405 -0.016446534544229507 -0.06473692506551743
v 0.012658555991947651 -0.01662810519337654 -0.06454967707395554
f 5983 5984 5985
v 0.012298720888793468 -0.017562638968229294 -0.06713063269853592
v 0.012658555991947651 -0.01662810519337654 -0.06454967707395554
v 0.01197634357959032 -0.017756830900907516 -0.06695056706666946
f 5986 5987 5988
v 0.01197634357959032 -0.017756830900907516 -0.06695056706666946
v 0.012658555991947651 -0.01662810519337654 -0.06454967707395554
v 0.012258585542440414 -0.01666152849793434 -0.06442459672689438
f 5989 5990 5991
v 0.01197634357959032 -0.017756830900907516 -0.06695056706666946
v 0.012258585542440414 -0.01666152849793434 -0.06442459672689438
v 0.01187520008534193 -0.017376814037561417 -0.06582411378622055
f 5992 5993 5994
v 0.014517376199364662 -0.011652876622974873 -0.05561012774705887
v 0.014189846813678741 -0.011848916299641132 -0.055497266352176666
v 0.01427911315113306 -0.012738262303173542 -0.05794835835695267
f 5995 5996 5997
v 0.01427911315113306 -0.012738262303173542 -0.05794835835695267
v 0.014189846813678741 -0.011848916299641132 -0.055497266352176666
v 0.013950124382972717 -0.012928609736263752 -0.0578131303191185
f 5998 5999 6000
v 0.01427911315113306 -0.012738262303173542 -0.05794835835695267
v 0.013950124382972717 -0.012928609736263752 -0.0578131303191185
v 0.013947920873761177 -0.01391970831900835 -0.06023328751325607
f 6001 6002 6003
v 0.01473116036504507 -0.011351731605827808 -0.055759407579898834
v 0.014517376199364662 -0.011652876622974873 -0.05561012774705887
v 0.014490372501313686 -0.012441013939678669 -0.058121539652347565
f 6004 6005 6006
v 0.014490372501313686 -0.012441013939678669 -0.058121539652347565
v 0.014517376199364662 -0.011652876622974873 -0.05561012774705887
v 0.01427911315113306 -0.012738262303173542 -0.05794835835695267
f 6007 6008 6009
v 0.014490372501313686 -0.012441013939678669 -0.058121539652347565
v 0.01427911315113306 -0.012738262303173542 -0.05794835835695267
v 0.014155985787510872 -0.01362572330981493 -0.06042888015508652
f 6010 6011 6012
v 0.014155985787510872 -0.01362572330981493 -0.06042888015508652
v 0.01427911315113306 -0.012738262303173542 -0.05794835835695267
v 0.013947920873761177 -0.01391970831900835 -0.06023328751325607
f 6013 6014 6015
v 0.014155985787510872 -0.01362572330981493 -0.06042888015508652
v 0.013947920873761177 -0.01391970831900835 -0.06023328751325607
v 0.013188541866838932 -0.01614699885249138 -0.0649537667632103
f 6016 6017 6018
v 0.011178688146173954 -0.018199551850557327 -0.06812500208616257
v 0.011069991625845432 -0.018284600228071213 -0.06968682259321213
v 0.011554994620382786 -0.0181463323533535 -0.0682738795876503
f 6019 6020 6021
v 0.011554994620382786 -0.0181463323533535 -0.0682738795876503
v 0.011069991625845432 -0.018284600228071213 -0.06968682259321213
v 0.011370643973350525 -0.01806836947798729 -0.06980898231267929
f 6022 6023 6024
v 0.011554994620382786 -0.0181463323533535 -0.0682738795876503
v 0.011370643973350525 -0.01806836947798729 -0.06980898231267929
v 0.011868856847286224 -0.017940443009138107 -0.06843391805887222
f 6025 6026 6027
v 0.011868856847286224 -0.017940443009138107 -0.06843391805887222
v 0.011370643973350525 -0.01806836947798729 -0.06980898231267929
v 0.011571481823921204 -0.017743896692991257 -0.0698905810713768
f 6028 6029 6030
v 0.011868856847286224 -0.017940443009138107 -0.06843391805887222
v 0.011571481823921204 -0.017743896692991257 -0.0698905810713768
v 0.012067544274032116 -0.01761433109641075 -0.06857848912477493
f 6031 6032 6033
v 0.012067544274032116 -0.01761433109641075 -0.06857848912477493
v 0.011571481823921204 -0.017743896692991257 -0.0698905810713768
v 0.011642112396657467 -0.01736142858862877 -0.06991928070783615
f 6034 6035 6036
v 0.012067544274032116 -0.01761433109641075 -0.06857848912477493
v 0.011642112396657467 -0.01736142858862877 -0.06991928070783615
v 0.01211811788380146 -0.017223265022039413 -0.0686834380030632
f 6037 6038 6039
v 0.01158631220459938 -0.017796378582715988 -0.06680754572153091
v 0.011554994620382786 -0.0181463323533535 -0.0682738795876503
v 0.01197634357959032 -0.017756830900907516 -0.06695056706666946
f 6040 6041 6042
v 0.01197634357959032 -0.017756830900907516 -0.06695056706666946
v 0.011554994620382786 -0.0181463323533535 -0.0682738795876503
v 0.011868856847286224 -0.017940443009138107 -0.06843391805887222
f 6043 6044 6045
v 0.01197634357959032 -0.017756830900907516 -0.06695056706666946
v 0.011868856847286224 -0.017940443009138107 -0.06843391805887222
v 0.012298720888793468 -0.017562638968229294 -0.06713063269853592
f 6046 6047 6048
v 0.012298720888793468 -0.017562638968229294 -0.06713063269853592
v 0.011868856847286224 -0.017940443009138107 -0.06843391805887222
v 0.012067544274032116 -0.01761433109641075 -0.06857848912477493
f 6049 6050 6051
v 0.012298720888793468 -0.017562638968229294 -0.06713063269853592
v 0.012067544274032116 -0.01761433109641075 -0.06857848912477493
v 0.012496829964220524 -0.01724569872021675 -0.06731659919023514
f 6052 6053 6054
v 0.012496829964220524 -0.01724569872021675 -0.06731659919023514
v 0.012067544274032116 -0.01761433109641075 -0.06857848912477493
v 0.01211811788380146 -0.017223265022039413 -0.0686834380030632
f 6055 6056 6057
v 0.012496829964220524 -0.01724569872021675 -0.06731659919023514
v 0.01211811788380146 -0.017223265022039413 -0.0686834380030632
v 0.012430783361196518 -0.016974981874227524 -0.0677928701043129
f 6058 6059 6060
v 0.012430783361196518 -0.016974981874227524 -0.0677928701043129
v 0.012536336667835712 -0.016862180083990097 -0.06747592240571976
v 0.012496829964220524 -0.01724569872021675 -0.06731659919023514
f 6061 6062 6063
v 0.012496829964220524 -0.01724569872021675 -0.06731659919023514
v 0.012536336667835712 -0.016862180083990097 -0.06747592240571976
v 0.013188541866838932 -0.01614699885249138 -0.0649537667632103
f 6064 6065 6066
v 0.012496829964220524 -0.01724569872021675 -0.06731659919023514
v 0.013188541866838932 -0.01614699885249138 -0.0649537667632103
v 0.012988124042749405 -0.016446534544229507 -0.06473692506551743
f 6067 6068 6069
v 0.012988124042749405 -0.016446534544229507 -0.06473692506551743
v 0.013188541866838932 -0.01614699885249138 -0.0649537667632103
v 0.013947920873761177 -0.01391970831900835 -0.06023328751325607
f 6070 6071 6072
v 0.012988124042749405 -0.016446534544229507 -0.06473692506551743
v 0.013947920873761177 -0.01391970831900835 -0.06023328751325607
v 0.01361769251525402 -0.014104378409683704 -0.06007654219865799
f 6073 6074 6075
v 0.01361769251525402 -0.014104378409683704 -0.06007654219865799
v 0.013947920873761177 -0.01391970831900835 -0.06023328751325607
v 0.013950124382972717 -0.012928609736263752 -0.0578131303191185
f 6076 6077 6078
v 0.01361769251525402 -0.014104378409683704 -0.06007654219865799
v 0.013950124382972717 -0.012928609736263752 -0.0578131303191185
v 0.013557469472289085 -0.012982849963009357 -0.05773719400167465
f 6079 6080 6081
v 0.013557469472289085 -0.012982849963009357 -0.05773719400167465
v 0.013950124382972717 -0.012928609736263752 -0.0578131303191185
v 0.013800948858261108 -0.011910517700016499 -0.05543806403875351
f 6082 6083 6084
v 0.012536336667835712 -0.016862180083990097 -0.06747592240571976
v 0.013224565424025059 -0.0157834030687809 -0.0651615634560585
v 0.013188541866838932 -0.01614699885249138 -0.0649537667632103
f 6085 6086 6087
v 0.013188541866838932 -0.01614699885249138 -0.0649537667632103
v 0.013224565424025059 -0.0157834030687809 -0.0651615634560585
v 0.013839698396623135 -0.014339861460030079 -0.06257329136133194
f 6088 6089 6090
v 0.013188541866838932 -0.01614699885249138 -0.0649537667632103
v 0.013839698396623135 -0.014339861460030079 -0.06257329136133194
v 0.014155985787510872 -0.01362572330981493 -0.06042888015508652
f 6091 6092 6093
v 0.014155985787510872 -0.01362572330981493 -0.06042888015508652
v 0.013839698396623135 -0.014339861460030079 -0.06257329136133194
v 0.014207161031663418 -0.013272699899971485 -0.060630135238170624
f 6094 6095 6096
v 0.014155985787510872 -0.01362572330981493 -0.06042888015508652
v 0.014207161031663418 -0.013272699899971485 -0.060630135238170624
v 0.014490372501313686 -0.012441013939678669 -0.058121539652347565
f 6097 6098 6099
v 0.014490372501313686 -0.012441013939678669 -0.058121539652347565
v 0.014207161031663418 -0.013272699899971485 -0.060630135238170624
v 0.014549690298736095 -0.012086180038750172 -0.058304108679294586
f 6100 6101 6102
v 0.014490372501313686 -0.012441013939678669 -0.058121539652347565
v 0.014549690298736095 -0.012086180038750172 -0.058304108679294586
v 0.01473116036504507 -0.011351731605827808 -0.055759407579898834
f 6103 6104 6105
v 0.01473116036504507 -0.011351731605827808 -0.055759407579898834
v 0.014549690298736095 -0.012086180038750172 -0.058304108679294586
v 0.014718275517225266 -0.011378963477909565 -0.056795038282871246
f 6106 6107 6108
v 0.01473116036504507 -0.011351731605827808 -0.055759407579898834
v 0.014718275517225266 -0.011378963477909565 -0.056795038282871246
v 0.01479750033468008 -0.01099408883601427 -0.05592111498117447
f 6109 6110 6111
v 0.013950223103165627 -0.0109431566670537 -0.05308116227388382
v 0.014189846813678741 -0.011848916299641132 -0.055497266352176666
v 0.014335794374346733 -0.010875445790588856 -0.05312325805425644
f 6112 6113 6114
v 0.014335794374346733 -0.010875445790588856 -0.05312325805425644
v 0.014189846813678741 -0.011848916299641132 -0.055497266352176666
v 0.014517376199364662 -0.011652876622974873 -0.05561012774705887
f 6115 6116 6117
v 0.014335794374346733 -0.010875445790588856 -0.05312325805425644
v 0.014517376199364662 -0.011652876622974873 -0.05561012774705887
v 0.014661869034171104 -0.010674630291759968 -0.05321419984102249
f 6118 6119 6120
v 0.014661869034171104 -0.010674630291759968 -0.05321419984102249
v 0.014517376199364662 -0.011652876622974873 -0.05561012774705887
v 0.01473116036504507 -0.011351731605827808 -0.055759407579898834
f 6121 6122 6123
v 0.014661869034171104 -0.010674630291759968 -0.05321419984102249
v 0.01473116036504507 -0.011351731605827808 -0.055759407579898834
v 0.014877469278872013 -0.010370147414505482 -0.05334048718214035
f 6124 6125 6126
v 0.014877469278872013 -0.010370147414505482 -0.05334048718214035
v 0.01473116036504507 -0.011351731605827808 -0.055759407579898834
v 0.01479750033468008 -0.01099408883601427 -0.05592111498117447
f 6127 6128 6129
v 0.014877469278872013 -0.010370147414505482 -0.05334048718214035
v 0.01479750033468008 -0.01099408883601427 -0.05592111498117447
v 0.01494936179369688 -0.010010038502514362 -0.05348225682973862
f 6130 6131 6132
v 0.014383594505488873 -0.010000993497669697 -0.05070257931947708
v 0.014335794374346733 -0.010875445790588856 -0.05312325805425644
v 0.014564345590770245 -0.009908934123814106 -0.05073390156030655
f 6133 6134 6135
v 0.014564345590770245 -0.009908934123814106 -0.05073390156030655
v 0.014335794374346733 -0.010875445790588856 -0.05312325805425644
v 0.014661869034171104 -0.010674630291759968 -0.05321419984102249
f 6136 6137 6138
v 0.014564345590770245 -0.009908934123814106 -0.05073390156030655
v 0.014661869034171104 -0.010674630291759968 -0.05321419984102249
v 0.01475001685321331 -0.00975260604172945 -0.05078708380460739
f 6139 6140 6141
v 0.01475001685321331 -0.00975260604172945 -0.05078708380460739
v 0.014661869034171104 -0.010674630291759968 -0.05321419984102249
v 0.014877469278872013 -0.010370147414505482 -0.05334048718214035
f 6142 6143 6144
v 0.01475001685321331 -0.00975260604172945 -0.05078708380460739
v 0.014877469278872013 -0.010370147414505482 -0.05334048718214035
v 0.014936811290681362 -0.009455573745071888 -0.05088812857866287
f 6145 6146 6147
v 0.014936811290681362 -0.009455573745071888 -0.05088812857866287
v 0.014877469278872013 -0.010370147414505482 -0.05334048718214035
v 0.01494936179369688 -0.010010038502514362 -0.05348225682973862
f 6148 6149 6150
v 0.014936811290681362 -0.009455573745071888 -0.05088812857866287
v 0.01494936179369688 -0.010010038502514362 -0.05348225682973862
v 0.01500099990516901 -0.009126720018684864 -0.05099999159574509
f 6151 6152 6153
v 0.005962694529443979 -0.01770627871155739 -0.07844386249780655
v 0.004229780752211809 -0.01770627871155739 -0.07970952242612839
v 0.004262003116309643 -0.01736142858862877 -0.07976415008306503
f 6154 6155 6156
v 0.002717693103477359 -0.01836143061518669 -0.07942811399698257
v 0.0020146891474723816 -0.018336083739995956 -0.07991810888051987
v 0.003865039674565196 -0.018336083739995956 -0.0790943130850792
f 6157 6158 6159
v 0.0020146891474723816 -0.018336083739995956 -0.07991810888051987
v 0.002717693103477359 -0.01836143061518669 -0.07942811399698257
v 0.001020283903926611 -0.018336083739995956 -0.08014412969350815
f 6160 6161 6162
v -0.010713641531765461 -0.01836143061518669 -0.06954286247491837
v -0.010113945230841637 -0.018336083739995956 -0.0714479461312294
v -0.009642270393669605 -0.01836143061518669 -0.07190195471048355
f 6163 6164 6165
v -0.009642270393669605 -0.01836143061518669 -0.07190195471048355
v -0.010113945230841637 -0.018336083739995956 -0.0714479461312294
v -0.009187757037580013 -0.018336083739995956 -0.07321269065141678
f 6166 6167 6168
v -0.009642270393669605 -0.01836143061518669 -0.07190195471048355
v -0.009187757037580013 -0.018336083739995956 -0.07321269065141678
v -0.008995311334729195 -0.01836143061518669 -0.07310222834348679
f 6169 6170 6171
v -0.008995311334729195 -0.01836143061518669 -0.07310222834348679
v -0.009187757037580013 -0.018336083739995956 -0.07321269065141678
v -0.007575695868581533 -0.01836143061518669 -0.07528821378946304
f 6172 6173 6174
v -0.007575695868581533 -0.01836143061518669 -0.07528821378946304
v -0.009187757037580013 -0.018336083739995956 -0.07321269065141678
v -0.00812652986496687 -0.018336083739995956 -0.07490060478448868
f 6175 6176 6177
v -0.007575695868581533 -0.01836143061518669 -0.07528821378946304
v -0.00812652986496687 -0.018336083739995956 -0.07490060478448868
v -0.00690400181338191 -0.018336083739995956 -0.07647918909788132
f 6178 6179 6180
v 0.0006688549183309078 -0.01836143061518669 -0.07996589690446854
v -0.0009826140012592077 -0.01836143061518669 -0.07992494851350784
v -0.001015717163681984 -0.018336083739995956 -0.08014426380395889
f 6181 6182 6183
v -0.001015717163681984 -0.018336083739995956 -0.08014426380395889
v -0.0009826140012592077 -0.01836143061518669 -0.07992494851350784
v -0.0020116553641855717 -0.018336083739995956 -0.0799192562699318
f 6184 6185 6186
v -0.011569461785256863 -0.017743896692991257 -0.0698905810713768
v -0.011640090495347977 -0.01736142858862877 -0.06991928070783615
v -0.010758278891444206 -0.01770627871155739 -0.07175783067941666
f 6187 6188 6189
v -0.010758278891444206 -0.01770627871155739 -0.07175783067941666
v -0.011640090495347977 -0.01736142858862877 -0.06991928070783615
v -0.010815325193107128 -0.01736142858862877 -0.07178526371717453
f 6190 6191 6192
v -0.010758278891444206 -0.01770627871155739 -0.07175783067941666
v -0.010815325193107128 -0.01736142858862877 -0.07178526371717453
v -0.009808067232370377 -0.01770627871155739 -0.07356851547956467
f 6193 6194 6195
v -0.009808067232370377 -0.01770627871155739 -0.07356851547956467
v -0.010815325193107128 -0.01736142858862877 -0.07178526371717453
v -0.009854799136519432 -0.01736142858862877 -0.07361530512571335
f 6196 6197 6198
v -0.009808067232370377 -0.01770627871155739 -0.07356851547956467
v -0.009854799136519432 -0.01736142858862877 -0.07361530512571335
v -0.008714350871741772 -0.01770627871155739 -0.0753079429268837
f 6199 6200 6201
v -0.008714350871741772 -0.01770627871155739 -0.0753079429268837
v -0.009854799136519432 -0.01736142858862877 -0.07361530512571335
v -0.008765315636992455 -0.01736142858862877 -0.07534349709749222
f 6202 6203 6204
v -0.008714350871741772 -0.01770627871155739 -0.0753079429268837
v -0.008765315636992455 -0.01736142858862877 -0.07534349709749222
v -0.007444656454026699 -0.01770627871155739 -0.07694638520479202
f 6205 6206 6207
v -0.007444656454026699 -0.01770627871155739 -0.07694638520479202
v -0.008765315636992455 -0.01736142858862877 -0.07534349709749222
v -0.0077200401574373245 -0.01736142858862877 -0.07672043889760971
f 6208 6209 6210
v -0.007444656454026699 -0.01770627871155739 -0.07694638520479202
v -0.0077200401574373245 -0.01736142858862877 -0.07672043889760971
v -0.0059577482752501965 -0.01770627871155739 -0.07844675332307816
f 6211 6212 6213
v -0.005487431772053242 -0.018336083739995956 -0.07790753990411758
v -0.005422045011073351 -0.01836143061518669 -0.07766934484243393
v -0.00690400181338191 -0.018336083739995956 -0.07647918909788132
f 6214 6215 6216
v -0.00690400181338191 -0.018336083739995956 -0.07647918909788132
v -0.005422045011073351 -0.01836143061518669 -0.07766934484243393
v -0.006736377719789743 -0.01836143061518669 -0.07633418589830399
f 6217 6218 6219
v -0.00690400181338191 -0.018336083739995956 -0.07647918909788132
v -0.006736377719789743 -0.01836143061518669 -0.07633418589830399
v -0.007575695868581533 -0.01836143061518669 -0.07528821378946304
f 6220 6221 6222
v -0.011067971587181091 -0.018284600228071213 -0.06968682259321213
v -0.011368624866008759 -0.01806836947798729 -0.06980898231267929
v -0.010410139337182045 -0.018196236342191696 -0.07159040123224258
f 6223 6224 6225
v -0.010410139337182045 -0.018196236342191696 -0.07159040123224258
v -0.011368624866008759 -0.01806836947798729 -0.06980898231267929
v -0.01059214398264885 -0.01801856979727745 -0.07167793065309525
f 6226 6227 6228
v -0.010410139337182045 -0.018196236342191696 -0.07159040123224258
v -0.01059214398264885 -0.01801856979727745 -0.07167793065309525
v -0.00947284884750843 -0.018196236342191696 -0.07337627559900284
f 6229 6230 6231
v -0.00947284884750843 -0.018196236342191696 -0.07337627559900284
v -0.01059214398264885 -0.01801856979727745 -0.07167793065309525
v -0.009648091159760952 -0.01801856979727745 -0.07347678393125534
f 6232 6233 6234
v -0.00947284884750843 -0.018196236342191696 -0.07337627559900284
v -0.009648091159760952 -0.01801856979727745 -0.07347678393125534
v -0.008396640419960022 -0.018196236342191696 -0.07508788257837296
f 6235 6236 6237
v -0.008396640419960022 -0.018196236342191696 -0.07508788257837296
v -0.009648091159760952 -0.01801856979727745 -0.07347678393125534
v -0.008562724106013775 -0.01801856979727745 -0.07520293444395065
f 6238 6239 6240
v -0.008396640419960022 -0.018196236342191696 -0.07508788257837296
v -0.008562724106013775 -0.01801856979727745 -0.07520293444395065
v -0.00715239904820919 -0.018196236342191696 -0.07669395953416824
f 6241 6242 6243
v -0.00715239904820919 -0.018196236342191696 -0.07669395953416824
v -0.008562724106013775 -0.01801856979727745 -0.07520293444395065
v -0.007305172272026539 -0.01801856979727745 -0.07682592421770096
f 6244 6245 6246
v -0.00715239904820919 -0.018196236342191696 -0.07669395953416824
v -0.007305172272026539 -0.01801856979727745 -0.07682592421770096
v -0.005703456234186888 -0.018196236342191696 -0.07815539091825485
f 6247 6248 6249
v -0.005703456234186888 -0.018196236342191696 -0.07815539091825485
v -0.007305172272026539 -0.01801856979727745 -0.07682592421770096
v -0.005836376454681158 -0.01801856979727745 -0.07830771058797836
f 6250 6251 6252
v -0.005703456234186888 -0.018196236342191696 -0.07815539091825485
v -0.005836376454681158 -0.01801856979727745 -0.07830771058797836
v -0.004024999216198921 -0.018196236342191696 -0.0793842300772667
f 6253 6254 6255
v -0.0009826140012592077 -0.01836143061518669 -0.07992494851350784
v -0.0014881440438330173 -0.01836143061518669 -0.07982834428548813
v -0.0020116553641855717 -0.018336083739995956 -0.0799192562699318
f 6256 6257 6258
v -0.0020116553641855717 -0.018336083739995956 -0.0799192562699318
v -0.0014881440438330173 -0.01836143061518669 -0.07982834428548813
v -0.0019475577864795923 -0.01836143061518669 -0.07970691472291946
f 6259 6260 6261
v -0.0020116553641855717 -0.018336083739995956 -0.0799192562699318
v -0.0019475577864795923 -0.01836143061518669 -0.07970691472291946
v -0.0038575767539441586 -0.018336083739995956 -0.07910042256116867
f 6262 6263 6264
v -0.0038575767539441586 -0.018336083739995956 -0.07910042256116867
v -0.0019475577864795923 -0.01836143061518669 -0.07970691472291946
v -0.0035118781961500645 -0.01836143061518669 -0.07904220372438431
f 6265 6266 6267
v -0.0038575767539441586 -0.018336083739995956 -0.07910042256116867
v -0.0035118781961500645 -0.01836143061518669 -0.07904220372438431
v -0.005487431772053242 -0.018336083739995956 -0.07790753990411758
f 6268 6269 6270
v -0.005487431772053242 -0.018336083739995956 -0.07790753990411758
v -0.0035118781961500645 -0.01836143061518669 -0.07904220372438431
v -0.005341687705367804 -0.01836143061518669 -0.07774022966623306
f 6271 6272 6273
v -0.005487431772053242 -0.018336083739995956 -0.07790753990411758
v -0.005341687705367804 -0.01836143061518669 -0.07774022966623306
v -0.005422045011073351 -0.01836143061518669 -0.07766934484243393
f 6274 6275 6276
v -0.0077200401574373245 -0.01736142858862877 -0.07672043889760971
v -0.0059995208866894245 -0.01736142858862877 -0.07849498838186264
v -0.0059577482752501965 -0.01770627871155739 -0.07844675332307816
f 6277 6278 6279
v -0.0059577482752501965 -0.01770627871155739 -0.07844675332307816
v -0.0059995208866894245 -0.01736142858862877 -0.07849498838186264
v -0.0055204047821462154 -0.01736142858862877 -0.07889365404844284
f 6280 6281 6282
v -0.0059577482752501965 -0.01770627871155739 -0.07844675332307816
v -0.0055204047821462154 -0.01736142858862877 -0.07889365404844284
v -0.0042222291231155396 -0.01770627871155739 -0.07971791177988052
f 6283 6284 6285
v -0.0042222291231155396 -0.01770627871155739 -0.07971791177988052
v -0.0055204047821462154 -0.01736142858862877 -0.07889365404844284
v -0.004251887556165457 -0.01736142858862877 -0.07976893335580826
f 6286 6287 6288
v -0.0042222291231155396 -0.01770627871155739 -0.07971791177988052
v -0.004251887556165457 -0.01736142858862877 -0.07976893335580826
v -0.003255127929151058 -0.01770627871155739 -0.08021902292966843
f 6289 6290 6291
v -0.003255127929151058 -0.01770627871155739 -0.08021902292966843
v -0.004251887556165457 -0.01736142858862877 -0.07976893335580826
v -0.0030997651629149914 -0.01736142858862877 -0.08035201579332352
f 6292 6293 6294
v -0.003255127929151058 -0.01770627871155739 -0.08021902292966843
v -0.0030997651629149914 -0.01736142858862877 -0.08035201579332352
v -0.002218815730884671 -0.01770627871155739 -0.08060381561517715
f 6295 6296 6297
v 0.002717693103477359 -0.01836143061518669 -0.07942811399698257
v 0.0009870887733995914 -0.01836143061518669 -0.07992475479841232
v 0.001020283903926611 -0.018336083739995956 -0.08014412969350815
f 6298 6299 6300
v 0.001020283903926611 -0.018336083739995956 -0.08014412969350815
v 0.0009870887733995914 -0.01836143061518669 -0.07992475479841232
v 0.0006688549183309078 -0.01836143061518669 -0.07996589690446854
f 6301 6302 6303
v 0.001020283903926611 -0.018336083739995956 -0.08014412969350815
v 0.0006688549183309078 -0.01836143061518669 -0.07996589690446854
v 2.9484858714567963e-06 -0.018336083739995956 -0.08022310584783554
f 6304 6305 6306
v 2.9484858714567963e-06 -0.018336083739995956 -0.08022310584783554
v 0.0006688549183309078 -0.01836143061518669 -0.07996589690446854
v -0.001015717163681984 -0.018336083739995956 -0.08014426380395889
f 6307 6308 6309
v -0.005836376454681158 -0.01801856979727745 -0.07830771058797836
v -0.004128084052354097 -0.01801856979727745 -0.07955866307020187
v -0.004024999216198921 -0.018196236342191696 -0.0793842300772667
f 6310 6311 6312
v -0.004024999216198921 -0.018196236342191696 -0.0793842300772667
v -0.004128084052354097 -0.01801856979727745 -0.07955866307020187
v -0.0031793557573109865 -0.01801856979727745 -0.08005046099424362
f 6313 6314 6315
v -0.004024999216198921 -0.018196236342191696 -0.0793842300772667
v -0.0031793557573109865 -0.01801856979727745 -0.08005046099424362
v -0.0021067303605377674 -0.018196236342191696 -0.0802338495850563
f 6316 6317 6318
v -0.0021067303605377674 -0.018196236342191696 -0.0802338495850563
v -0.0031793557573109865 -0.01801856979727745 -0.08005046099424362
v -0.0021653086878359318 -0.01801856979727745 -0.08042725175619125
f 6319 6320 6321
v -0.0021067303605377674 -0.018196236342191696 -0.0802338495850563
v -0.0021653086878359318 -0.01801856979727745 -0.08042725175619125
v -0.0010648268507793546 -0.018196236342191696 -0.08046919852495193
f 6322 6323 6324
v -0.0010648268507793546 -0.018196236342191696 -0.08046919852495193
v -0.0021653086878359318 -0.01801856979727745 -0.08042725175619125
v -0.0010950937867164612 -0.01801856979727745 -0.08066896349191666
f 6325 6326 6327
v -0.0010648268507793546 -0.018196236342191696 -0.08046919852495193
v -0.0010950937867164612 -0.01801856979727745 -0.08066896349191666
v 3.04164427689102e-06 -0.018196236342191696 -0.08055207878351212
f 6328 6329 6330
v 3.04164427689102e-06 -0.018196236342191696 -0.08055207878351212
v -0.0010950937867164612 -0.01801856979727745 -0.08066896349191666
v 3.07862319459673e-06 -0.01801856979727745 -0.0807543471455574
f 6331 6332 6333
v 3.04164427689102e-06 -0.018196236342191696 -0.08055207878351212
v 3.07862319459673e-06 -0.01801856979727745 -0.0807543471455574
v 0.0010694797383621335 -0.018196236342191696 -0.08046913892030716
f 6334 6335 6336
v 0.0010694797383621335 -0.018196236342191696 -0.08046913892030716
v 3.07862319459673e-06 -0.01801856979727745 -0.0807543471455574
v 0.0010997424833476543 -0.01801856979727745 -0.08066897839307785
f 6337 6338 6339
v 0.0010694797383621335 -0.018196236342191696 -0.08046913892030716
v 0.0010997424833476543 -0.01801856979727745 -0.08066897839307785
v 0.0021097096614539623 -0.018196236342191696 -0.08023267239332199
f 6340 6341 6342
v 0.0021097096614539623 -0.018196236342191696 -0.08023267239332199
v 0.0010997424833476543 -0.01801856979727745 -0.08066897839307785
v 0.0021681685466319323 -0.01801856979727745 -0.08042605966329575
f 6343 6344 6345
v 0.0021097096614539623 -0.018196236342191696 -0.08023267239332199
v 0.0021681685466319323 -0.01801856979727745 -0.08042605966329575
v 0.004032587166875601 -0.018196236342191696 -0.07937706261873245
f 6346 6347 6348
v -0.002218815730884671 -0.01770627871155739 -0.08060381561517715
v -0.0030997651629149914 -0.01736142858862877 -0.08035201579332352
v -0.0011227426584810019 -0.01770627871155739 -0.08085135370492935
f 6349 6350 6351
v -0.0011227426584810019 -0.01770627871155739 -0.08085135370492935
v -0.0030997651629149914 -0.01736142858862877 -0.08035201579332352
v -0.0011321636848151684 -0.01736142858862877 -0.08091426640748978
f 6352 6353 6354
v -0.0011227426584810019 -0.01770627871155739 -0.08085135370492935
v -0.0011321636848151684 -0.01736142858862877 -0.08091426640748978
v 3.107644488409278e-06 -0.01770627871155739 -0.08093901723623276
f 6355 6356 6357
v 3.107644488409278e-06 -0.01770627871155739 -0.08093901723623276
v -0.0011321636848151684 -0.01736142858862877 -0.08091426640748978
v -0.000778659712523222 -0.01736142858862877 -0.08095944672822952
f 6358 6359 6360
v 3.107644488409278e-06 -0.01770627871155739 -0.08093901723623276
v -0.000778659712523222 -0.01736142858862877 -0.08095944672822952
v 0.0011273741256445646 -0.01770627871155739 -0.08085141330957413
f 6361 6362 6363
v 0.0011273741256445646 -0.01770627871155739 -0.08085141330957413
v -0.000778659712523222 -0.01736142858862877 -0.08095944672822952
v 0.0011367732658982277 -0.01736142858862877 -0.08091387897729874
f 6364 6365 6366
v 0.0011273741256445646 -0.01770627871155739 -0.08085141330957413
v 0.0011367732658982277 -0.01736142858862877 -0.08091387897729874
v 0.002221546834334731 -0.01770627871155739 -0.08060260862112045
f 6367 6368 6369
v 0.002221546834334731 -0.01770627871155739 -0.08060260862112045
v 0.0011367732658982277 -0.01736142858862877 -0.08091387897729874
v 0.0015696377959102392 -0.01736142858862877 -0.08083551377058029
f 6370 6371 6372
v 0.002221546834334731 -0.01770627871155739 -0.08060260862112045
v 0.0015696377959102392 -0.01736142858862877 -0.08083551377058029
v 0.003259373130276799 -0.01770627871155739 -0.08021420985460281
f 6373 6374 6375
v 0.003259373130276799 -0.01770627871155739 -0.08021420985460281
v 0.0015696377959102392 -0.01736142858862877 -0.08083551377058029
v 0.0032852059230208397 -0.01736142858862877 -0.0802721157670021
f 6376 6377 6378
v 0.003259373130276799 -0.01770627871155739 -0.08021420985460281
v 0.0032852059230208397 -0.01736142858862877 -0.0802721157670021
v 0.004229780752211809 -0.01770627871155739 -0.07970952242612839
f 6379 6380 6381
v 0.004229780752211809 -0.01770627871155739 -0.07970952242612839
v 0.0032852059230208397 -0.01736142858862877 -0.0802721157670021
v 0.003964938223361969 -0.01736142858862877 -0.0799335315823555
f 6382 6383 6384
v 0.004229780752211809 -0.01770627871155739 -0.07970952242612839
v 0.003964938223361969 -0.01736142858862877 -0.0799335315823555
v 0.004262003116309643 -0.01736142858862877 -0.07976415008306503
f 6385 6386 6387
v 0.005492207128554583 -0.018336083739995956 -0.07790546864271164
v 0.0047324164770543575 -0.01836143061518669 -0.07824046164751053
v 0.003865039674565196 -0.018336083739995956 -0.0790943130850792
f 6388 6389 6390
v 0.003865039674565196 -0.018336083739995956 -0.0790943130850792
v 0.0047324164770543575 -0.01836143061518669 -0.07824046164751053
v 0.0037519915495067835 -0.01836143061518669 -0.07890345901250839
f 6391 6392 6393
v 0.003865039674565196 -0.018336083739995956 -0.0790943130850792
v 0.0037519915495067835 -0.01836143061518669 -0.07890345901250839
v 0.002717693103477359 -0.01836143061518669 -0.07942811399698257
f 6394 6395 6396
v 0.011069991625845432 -0.018284600228071213 -0.06968682259321213
v 0.010715662501752377 -0.01836143061518669 -0.06954286247491837
v 0.01011732779443264 -0.018336083739995956 -0.07144629210233688
f 6397 6398 6399
v 0.01011732779443264 -0.018336083739995956 -0.07144629210233688
v 0.010715662501752377 -0.01836143061518669 -0.06954286247491837
v 0.009917320683598518 -0.01836143061518669 -0.07135023921728134
f 6400 6401 6402
v 0.01011732779443264 -0.018336083739995956 -0.07144629210233688
v 0.009917320683598518 -0.01836143061518669 -0.07135023921728134
v 0.009192490950226784 -0.018336083739995956 -0.07320938259363174
f 6403 6404 6405
v 0.009192490950226784 -0.018336083739995956 -0.07320938259363174
v 0.009917320683598518 -0.01836143061518669 -0.07135023921728134
v 0.008650646544992924 -0.01836143061518669 -0.07369010895490646
f 6406 6407 6408
v 0.009192490950226784 -0.018336083739995956 -0.07320938259363174
v 0.008650646544992924 -0.01836143061518669 -0.07369010895490646
v 0.008129197172820568 -0.018336083739995956 -0.07489980012178421
f 6409 6410 6411
v 0.008129197172820568 -0.018336083739995956 -0.07489980012178421
v 0.008650646544992924 -0.01836143061518669 -0.07369010895490646
v 0.007946884259581566 -0.01836143061518669 -0.07477324455976486
f 6412 6413 6414
v 0.008129197172820568 -0.018336083739995956 -0.07489980012178421
v 0.007946884259581566 -0.01836143061518669 -0.07477324455976486
v 0.006904471665620804 -0.018336083739995956 -0.07648134976625443
f 6415 6416 6417
v 0.006904471665620804 -0.018336083739995956 -0.07648134976625443
v 0.007946884259581566 -0.01836143061518669 -0.07477324455976486
v 0.00673688156530261 -0.01836143061518669 -0.07633595913648605
f 6418 6419 6420
v 0.006904471665620804 -0.018336083739995956 -0.07648134976625443
v 0.00673688156530261 -0.01836143061518669 -0.07633595913648605
v 0.005492207128554583 -0.018336083739995956 -0.07790546864271164
f 6421 6422 6423
v 0.005492207128554583 -0.018336083739995956 -0.07790546864271164
v 0.00673688156530261 -0.01836143061518669 -0.07633595913648605
v 0.0053463769145309925 -0.01836143061518669 -0.07773838192224503
f 6424 6425 6426
v 0.005492207128554583 -0.018336083739995956 -0.07790546864271164
v 0.0053463769145309925 -0.01836143061518669 -0.07773838192224503
v 0.0047324164770543575 -0.01836143061518669 -0.07824046164751053
f 6427 6428 6429
v -0.010713641531765461 -0.01836143061518669 -0.06954286247491837
v -0.011067971587181091 -0.018284600228071213 -0.06968682259321213
v -0.010113945230841637 -0.018336083739995956 -0.0714479461312294
f 6430 6431 6432
v -0.010113945230841637 -0.018336083739995956 -0.0714479461312294
v -0.011067971587181091 -0.018284600228071213 -0.06968682259321213
v -0.010410139337182045 -0.018196236342191696 -0.07159040123224258
f 6433 6434 6435
v -0.010113945230841637 -0.018336083739995956 -0.0714479461312294
v -0.010410139337182045 -0.018196236342191696 -0.07159040123224258
v -0.009187757037580013 -0.018336083739995956 -0.07321269065141678
f 6436 6437 6438
v -0.009187757037580013 -0.018336083739995956 -0.07321269065141678
v -0.010410139337182045 -0.018196236342191696 -0.07159040123224258
v -0.00947284884750843 -0.018196236342191696 -0.07337627559900284
f 6439 6440 6441
v -0.009187757037580013 -0.018336083739995956 -0.07321269065141678
v -0.00947284884750843 -0.018196236342191696 -0.07337627559900284
v -0.00812652986496687 -0.018336083739995956 -0.07490060478448868
f 6442 6443 6444
v -0.00812652986496687 -0.018336083739995956 -0.07490060478448868
v -0.00947284884750843 -0.018196236342191696 -0.07337627559900284
v -0.008396640419960022 -0.018196236342191696 -0.07508788257837296
f 6445 6446 6447
v -0.00812652986496687 -0.018336083739995956 -0.07490060478448868
v -0.008396640419960022 -0.018196236342191696 -0.07508788257837296
v -0.00690400181338191 -0.018336083739995956 -0.07647918909788132
f 6448 6449 6450
v -0.00690400181338191 -0.018336083739995956 -0.07647918909788132
v -0.008396640419960022 -0.018196236342191696 -0.07508788257837296
v -0.00715239904820919 -0.018196236342191696 -0.07669395953416824
f 6451 6452 6453
v -0.00690400181338191 -0.018336083739995956 -0.07647918909788132
v -0.00715239904820919 -0.018196236342191696 -0.07669395953416824
v -0.005487431772053242 -0.018336083739995956 -0.07790753990411758
f 6454 6455 6456
v -0.005487431772053242 -0.018336083739995956 -0.07790753990411758
v -0.00715239904820919 -0.018196236342191696 -0.07669395953416824
v -0.005703456234186888 -0.018196236342191696 -0.07815539091825485
f 6457 6458 6459
v -0.005487431772053242 -0.018336083739995956 -0.07790753990411758
v -0.005703456234186888 -0.018196236342191696 -0.07815539091825485
v -0.0038575767539441586 -0.018336083739995956 -0.07910042256116867
f 6460 6461 6462
v -0.0038575767539441586 -0.018336083739995956 -0.07910042256116867
v -0.005703456234186888 -0.018196236342191696 -0.07815539091825485
v -0.004024999216198921 -0.018196236342191696 -0.0793842300772667
f 6463 6464 6465
v -0.0038575767539441586 -0.018336083739995956 -0.07910042256116867
v -0.004024999216198921 -0.018196236342191696 -0.0793842300772667
v -0.0020116553641855717 -0.018336083739995956 -0.0799192562699318
f 6466 6467 6468
v -0.0020116553641855717 -0.018336083739995956 -0.0799192562699318
v -0.004024999216198921 -0.018196236342191696 -0.0793842300772667
v -0.0021067303605377674 -0.018196236342191696 -0.0802338495850563
f 6469 6470 6471
v -0.0020116553641855717 -0.018336083739995956 -0.0799192562699318
v -0.0021067303605377674 -0.018196236342191696 -0.0802338495850563
v -0.001015717163681984 -0.018336083739995956 -0.08014426380395889
f 6472 6473 6474
v -0.001015717163681984 -0.018336083739995956 -0.08014426380395889
v -0.0021067303605377674 -0.018196236342191696 -0.0802338495850563
v -0.0010648268507793546 -0.018196236342191696 -0.08046919852495193
f 6475 6476 6477
v -0.001015717163681984 -0.018336083739995956 -0.08014426380395889
v -0.0010648268507793546 -0.018196236342191696 -0.08046919852495193
v 2.9484858714567963e-06 -0.018336083739995956 -0.08022310584783554
f 6478 6479 6480
v 2.9484858714567963e-06 -0.018336083739995956 -0.08022310584783554
v -0.0010648268507793546 -0.018196236342191696 -0.08046919852495193
v 3.04164427689102e-06 -0.018196236342191696 -0.08055207878351212
f 6481 6482 6483
v 2.9484858714567963e-06 -0.018336083739995956 -0.08022310584783554
v 3.04164427689102e-06 -0.018196236342191696 -0.08055207878351212
v 0.001020283903926611 -0.018336083739995956 -0.08014412969350815
f 6484 6485 6486
v 0.001020283903926611 -0.018336083739995956 -0.08014412969350815
v 3.04164427689102e-06 -0.018196236342191696 -0.08055207878351212
v 0.0010694797383621335 -0.018196236342191696 -0.08046913892030716
f 6487 6488 6489
v 0.001020283903926611 -0.018336083739995956 -0.08014412969350815
v 0.0010694797383621335 -0.018196236342191696 -0.08046913892030716
v 0.0020146891474723816 -0.018336083739995956 -0.07991810888051987
f 6490 6491 6492
v 0.0020146891474723816 -0.018336083739995956 -0.07991810888051987
v 0.0010694797383621335 -0.018196236342191696 -0.08046913892030716
v 0.0021097096614539623 -0.018196236342191696 -0.08023267239332199
f 6493 6494 6495
v 0.0020146891474723816 -0.018336083739995956 -0.07991810888051987
v 0.0021097096614539623 -0.018196236342191696 -0.08023267239332199
v 0.003865039674565196 -0.018336083739995956 -0.0790943130850792
f 6496 6497 6498
v 0.003865039674565196 -0.018336083739995956 -0.0790943130850792
v 0.0021097096614539623 -0.018196236342191696 -0.08023267239332199
v 0.004032587166875601 -0.018196236342191696 -0.07937706261873245
f 6499 6500 6501
v 0.003865039674565196 -0.018336083739995956 -0.0790943130850792
v 0.004032587166875601 -0.018196236342191696 -0.07937706261873245
v 0.005492207128554583 -0.018336083739995956 -0.07790546864271164
f 6502 6503 6504
v 0.005492207128554583 -0.018336083739995956 -0.07790546864271164
v 0.004032587166875601 -0.018196236342191696 -0.07937706261873245
v 0.0057083358988165855 -0.018196236342191696 -0.07815294712781906
f 6505 6506 6507
v 0.005492207128554583 -0.018336083739995956 -0.07790546864271164
v 0.0057083358988165855 -0.018196236342191696 -0.07815294712781906
v 0.006904471665620804 -0.018336083739995956 -0.07648134976625443
f 6508 6509 6510
v 0.006904471665620804 -0.018336083739995956 -0.07648134976625443
v 0.0057083358988165855 -0.018196236342191696 -0.07815294712781906
v 0.00715282978489995 -0.018196236342191696 -0.07669667154550552
f 6511 6512 6513
v 0.006904471665620804 -0.018336083739995956 -0.07648134976625443
v 0.00715282978489995 -0.018196236342191696 -0.07669667154550552
v 0.008129197172820568 -0.018336083739995956 -0.07489980012178421
f 6514 6515 6516
v 0.008129197172820568 -0.018336083739995956 -0.07489980012178421
v 0.00715282978489995 -0.018196236342191696 -0.07669667154550552
v 0.008399332873523235 -0.018196236342191696 -0.07508721202611923
f 6517 6518 6519
v 0.008129197172820568 -0.018336083739995956 -0.07489980012178421
v 0.008399332873523235 -0.018196236342191696 -0.07508721202611923
v 0.009192490950226784 -0.018336083739995956 -0.07320938259363174
f 6520 6521 6522
v 0.009192490950226784 -0.018336083739995956 -0.07320938259363174
v 0.008399332873523235 -0.018196236342191696 -0.07508721202611923
v 0.00947767123579979 -0.018196236342191696 -0.07337265461683273
f 6523 6524 6525
v 0.009192490950226784 -0.018336083739995956 -0.07320938259363174
v 0.00947767123579979 -0.018196236342191696 -0.07337265461683273
v 0.01011732779443264 -0.018336083739995956 -0.07144629210233688
f 6526 6527 6528
v 0.01011732779443264 -0.018336083739995956 -0.07144629210233688
v 0.00947767123579979 -0.018196236342191696 -0.07337265461683273
v 0.010413565672934055 -0.018196236342191696 -0.07158855348825455
f 6529 6530 6531
v 0.01011732779443264 -0.018336083739995956 -0.07144629210233688
v 0.010413565672934055 -0.018196236342191696 -0.07158855348825455
v 0.011069991625845432 -0.018284600228071213 -0.06968682259321213
f 6532 6533 6534
v 0.0021681685466319323 -0.01801856979727745 -0.08042605966329575
v 0.0031837252900004387 -0.01801856979727745 -0.08004593104124069
v 0.004032587166875601 -0.018196236342191696 -0.07937706261873245
f 6535 6536 6537
v 0.004032587166875601 -0.018196236342191696 -0.07937706261873245
v 0.0031837252900004387 -0.01801856979727745 -0.08004593104124069
v 0.0041356636211276054 -0.01801856979727745 -0.0795508548617363
f 6538 6539 6540
v 0.004032587166875601 -0.018196236342191696 -0.07937706261873245
v 0.0041356636211276054 -0.01801856979727745 -0.0795508548617363
v 0.0057083358988165855 -0.018196236342191696 -0.07815294712781906
f 6541 6542 6543
v 0.0057083358988165855 -0.018196236342191696 -0.07815294712781906
v 0.0041356636211276054 -0.01801856979727745 -0.0795508548617363
v 0.005841294303536415 -0.01801856979727745 -0.07830502837896347
f 6544 6545 6546
v 0.0057083358988165855 -0.018196236342191696 -0.07815294712781906
v 0.005841294303536415 -0.01801856979727745 -0.07830502837896347
v 0.00715282978489995 -0.018196236342191696 -0.07669667154550552
f 6547 6548 6549
v 0.00715282978489995 -0.018196236342191696 -0.07669667154550552
v 0.005841294303536415 -0.01801856979727745 -0.07830502837896347
v 0.007305592764168978 -0.01801856979727745 -0.07682894915342331
f 6550 6551 6552
v 0.00715282978489995 -0.018196236342191696 -0.07669667154550552
v 0.007305592764168978 -0.01801856979727745 -0.07682894915342331
v 0.008399332873523235 -0.018196236342191696 -0.07508721202611923
f 6553 6554 6555
v 0.008399332873523235 -0.018196236342191696 -0.07508721202611923
v 0.007305592764168978 -0.01801856979727745 -0.07682894915342331
v 0.008565446361899376 -0.01801856979727745 -0.0752023383975029
f 6556 6557 6558
v 0.008399332873523235 -0.018196236342191696 -0.07508721202611923
v 0.008565446361899376 -0.01801856979727745 -0.0752023383975029
v 0.00947767123579979 -0.018196236342191696 -0.07337265461683273
f 6559 6560 6561
v 0.00947767123579979 -0.018196236342191696 -0.07337265461683273
v 0.008565446361899376 -0.01801856979727745 -0.0752023383975029
v 0.009652970358729362 -0.01801856979727745 -0.07347293943166733
f 6562 6563 6564
v 0.00947767123579979 -0.018196236342191696 -0.07337265461683273
v 0.009652970358729362 -0.01801856979727745 -0.07347293943166733
v 0.010413565672934055 -0.018196236342191696 -0.07158855348825455
f 6565 6566 6567
v 0.010413565672934055 -0.018196236342191696 -0.07158855348825455
v 0.009652970358729362 -0.01801856979727745 -0.07347293943166733
v 0.010595596395432949 -0.01801856979727745 -0.07167596369981766
f 6568 6569 6570
v 0.010413565672934055 -0.018196236342191696 -0.07158855348825455
v 0.010595596395432949 -0.01801856979727745 -0.07167596369981766
v 0.011069991625845432 -0.018284600228071213 -0.06968682259321213
f 6571 6572 6573
v 0.011069991625845432 -0.018284600228071213 -0.06968682259321213
v 0.010595596395432949 -0.01801856979727745 -0.07167596369981766
v 0.011370643973350525 -0.01806836947798729 -0.06980898231267929
f 6574 6575 6576
v -0.011368624866008759 -0.01806836947798729 -0.06980898231267929
v -0.011569461785256863 -0.017743896692991257 -0.0698905810713768
v -0.01059214398264885 -0.01801856979727745 -0.07167793065309525
f 6577 6578 6579
v -0.01059214398264885 -0.01801856979727745 -0.07167793065309525
v -0.011569461785256863 -0.017743896692991257 -0.0698905810713768
v -0.010758278891444206 -0.01770627871155739 -0.07175783067941666
f 6580 6581 6582
v -0.01059214398264885 -0.01801856979727745 -0.07167793065309525
v -0.010758278891444206 -0.01770627871155739 -0.07175783067941666
v -0.009648091159760952 -0.01801856979727745 -0.07347678393125534
f 6583 6584 6585
v -0.009648091159760952 -0.01801856979727745 -0.07347678393125534
v -0.010758278891444206 -0.01770627871155739 -0.07175783067941666
v -0.009808067232370377 -0.01770627871155739 -0.07356851547956467
f 6586 6587 6588
v -0.009648091159760952 -0.01801856979727745 -0.07347678393125534
v -0.009808067232370377 -0.01770627871155739 -0.07356851547956467
v -0.008562724106013775 -0.01801856979727745 -0.07520293444395065
f 6589 6590 6591
v -0.008562724106013775 -0.01801856979727745 -0.07520293444395065
v -0.009808067232370377 -0.01770627871155739 -0.07356851547956467
v -0.008714350871741772 -0.01770627871155739 -0.0753079429268837
f 6592 6593 6594
v -0.008562724106013775 -0.01801856979727745 -0.07520293444395065
v -0.008714350871741772 -0.01770627871155739 -0.0753079429268837
v -0.007305172272026539 -0.01801856979727745 -0.07682592421770096
f 6595 6596 6597
v -0.007305172272026539 -0.01801856979727745 -0.07682592421770096
v -0.008714350871741772 -0.01770627871155739 -0.0753079429268837
v -0.007444656454026699 -0.01770627871155739 -0.07694638520479202
f 6598 6599 6600
v -0.007305172272026539 -0.01801856979727745 -0.07682592421770096
v -0.007444656454026699 -0.01770627871155739 -0.07694638520479202
v -0.005836376454681158 -0.01801856979727745 -0.07830771058797836
f 6601 6602 6603
v -0.005836376454681158 -0.01801856979727745 -0.07830771058797836
v -0.007444656454026699 -0.01770627871155739 -0.07694638520479202
v -0.0059577482752501965 -0.01770627871155739 -0.07844675332307816
f 6604 6605 6606
v -0.005836376454681158 -0.01801856979727745 -0.07830771058797836
v -0.0059577482752501965 -0.01770627871155739 -0.07844675332307816
v -0.004128084052354097 -0.01801856979727745 -0.07955866307020187
f 6607 6608 6609
v -0.004128084052354097 -0.01801856979727745 -0.07955866307020187
v -0.0059577482752501965 -0.01770627871155739 -0.07844675332307816
v -0.0042222291231155396 -0.01770627871155739 -0.07971791177988052
f 6610 6611 6612
v -0.004128084052354097 -0.01801856979727745 -0.07955866307020187
v -0.0042222291231155396 -0.01770627871155739 -0.07971791177988052
v -0.0031793557573109865 -0.01801856979727745 -0.08005046099424362
f 6613 6614 6615
v -0.0031793557573109865 -0.01801856979727745 -0.08005046099424362
v -0.0042222291231155396 -0.01770627871155739 -0.07971791177988052
v -0.003255127929151058 -0.01770627871155739 -0.08021902292966843
f 6616 6617 6618
v -0.0031793557573109865 -0.01801856979727745 -0.08005046099424362
v -0.003255127929151058 -0.01770627871155739 -0.08021902292966843
v -0.0021653086878359318 -0.01801856979727745 -0.08042725175619125
f 6619 6620 6621
v -0.0021653086878359318 -0.01801856979727745 -0.08042725175619125
v -0.003255127929151058 -0.01770627871155739 -0.08021902292966843
v -0.002218815730884671 -0.01770627871155739 -0.08060381561517715
f 6622 6623 6624
v -0.0021653086878359318 -0.01801856979727745 -0.08042725175619125
v -0.002218815730884671 -0.01770627871155739 -0.08060381561517715
v -0.0010950937867164612 -0.01801856979727745 -0.08066896349191666
f 6625 6626 6627
v -0.0010950937867164612 -0.01801856979727745 -0.08066896349191666
v -0.002218815730884671 -0.01770627871155739 -0.08060381561517715
v -0.0011227426584810019 -0.01770627871155739 -0.08085135370492935
f 6628 6629 6630
v -0.0010950937867164612 -0.01801856979727745 -0.08066896349191666
v -0.0011227426584810019 -0.01770627871155739 -0.08085135370492935
v 3.07862319459673e-06 -0.01801856979727745 -0.0807543471455574
f 6631 6632 6633
v 3.07862319459673e-06 -0.01801856979727745 -0.0807543471455574
v -0.0011227426584810019 -0.01770627871155739 -0.08085135370492935
v 3.107644488409278e-06 -0.01770627871155739 -0.08093901723623276
f 6634 6635 6636
v 3.07862319459673e-06 -0.01801856979727745 -0.0807543471455574
v 3.107644488409278e-06 -0.01770627871155739 -0.08093901723623276
v 0.0010997424833476543 -0.01801856979727745 -0.08066897839307785
f 6637 6638 6639
v 0.0010997424833476543 -0.01801856979727745 -0.08066897839307785
v 3.107644488409278e-06 -0.01770627871155739 -0.08093901723623276
v 0.0011273741256445646 -0.01770627871155739 -0.08085141330957413
f 6640 6641 6642
v 0.0010997424833476543 -0.01801856979727745 -0.08066897839307785
v 0.0011273741256445646 -0.01770627871155739 -0.08085141330957413
v 0.0021681685466319323 -0.01801856979727745 -0.08042605966329575
f 6643 6644 6645
v 0.0021681685466319323 -0.01801856979727745 -0.08042605966329575
v 0.0011273741256445646 -0.01770627871155739 -0.08085141330957413
v 0.002221546834334731 -0.01770627871155739 -0.08060260862112045
f 6646 6647 6648
v 0.0021681685466319323 -0.01801856979727745 -0.08042605966329575
v 0.002221546834334731 -0.01770627871155739 -0.08060260862112045
v 0.0031837252900004387 -0.01801856979727745 -0.08004593104124069
f 6649 6650 6651
v 0.0031837252900004387 -0.01801856979727745 -0.08004593104124069
v 0.002221546834334731 -0.01770627871155739 -0.08060260862112045
v 0.003259373130276799 -0.01770627871155739 -0.08021420985460281
f 6652 6653 6654
v 0.0031837252900004387 -0.01801856979727745 -0.08004593104124069
v 0.003259373130276799 -0.01770627871155739 -0.08021420985460281
v 0.0041356636211276054 -0.01801856979727745 -0.0795508548617363
f 6655 6656 6657
v 0.0041356636211276054 -0.01801856979727745 -0.0795508548617363
v 0.003259373130276799 -0.01770627871155739 -0.08021420985460281
v 0.004229780752211809 -0.01770627871155739 -0.07970952242612839
f 6658 6659 6660
v 0.0041356636211276054 -0.01801856979727745 -0.0795508548617363
v 0.004229780752211809 -0.01770627871155739 -0.07970952242612839
v 0.005841294303536415 -0.01801856979727745 -0.07830502837896347
f 6661 6662 6663
v 0.005841294303536415 -0.01801856979727745 -0.07830502837896347
v 0.004229780752211809 -0.01770627871155739 -0.07970952242612839
v 0.005962694529443979 -0.01770627871155739 -0.07844386249780655
f 6664 6665 6666
v 0.005841294303536415 -0.01801856979727745 -0.07830502837896347
v 0.005962694529443979 -0.01770627871155739 -0.07844386249780655
v 0.007305592764168978 -0.01801856979727745 -0.07682894915342331
f 6667 6668 6669
v 0.007305592764168978 -0.01801856979727745 -0.07682894915342331
v 0.005962694529443979 -0.01770627871155739 -0.07844386249780655
v 0.007445070892572403 -0.01770627871155739 -0.07694969326257706
f 6670 6671 6672
v 0.007305592764168978 -0.01801856979727745 -0.07682894915342331
v 0.007445070892572403 -0.01770627871155739 -0.07694969326257706
v 0.008565446361899376 -0.01801856979727745 -0.0752023383975029
f 6673 6674 6675
v 0.008565446361899376 -0.01801856979727745 -0.0752023383975029
v 0.007445070892572403 -0.01770627871155739 -0.07694969326257706
v 0.008717101998627186 -0.01770627871155739 -0.07530740648508072
f 6676 6677 6678
v 0.008565446361899376 -0.01801856979727745 -0.0752023383975029
v 0.008717101998627186 -0.01770627871155739 -0.07530740648508072
v 0.009652970358729362 -0.01801856979727745 -0.07347293943166733
f 6679 6680 6681
v 0.009652970358729362 -0.01801856979727745 -0.07347293943166733
v 0.008717101998627186 -0.01770627871155739 -0.07530740648508072
v 0.009812997654080391 -0.01770627871155739 -0.07356447726488113
f 6682 6683 6684
v 0.009652970358729362 -0.01801856979727745 -0.07347293943166733
v 0.009812997654080391 -0.01770627871155739 -0.07356447726488113
v 0.010595596395432949 -0.01801856979727745 -0.07167596369981766
f 6685 6686 6687
v 0.010595596395432949 -0.01801856979727745 -0.07167596369981766
v 0.009812997654080391 -0.01770627871155739 -0.07356447726488113
v 0.010761754587292671 -0.01770627871155739 -0.07175575941801071
f 6688 6689 6690
v 0.010595596395432949 -0.01801856979727745 -0.07167596369981766
v 0.010761754587292671 -0.01770627871155739 -0.07175575941801071
v 0.011370643973350525 -0.01806836947798729 -0.06980898231267929
f 6691 6692 6693
v 0.011370643973350525 -0.01806836947798729 -0.06980898231267929
v 0.010761754587292671 -0.01770627871155739 -0.07175575941801071
v 0.011571481823921204 -0.017743896692991257 -0.0698905810713768
f 6694 6695 6696
v 0.004262003116309643 -0.01736142858862877 -0.07976415008306503
v 0.006004582159221172 -0.01736142858862877 -0.07849233597517014
v 0.005962694529443979 -0.01770627871155739 -0.07844386249780655
f 6697 6698 6699
v 0.005962694529443979 -0.01770627871155739 -0.07844386249780655
v 0.006004582159221172 -0.01736142858862877 -0.07849233597517014
v 0.006316672544926405 -0.01736142858862877 -0.078211210668087
f 6700 6701 6702
v 0.005962694529443979 -0.01770627871155739 -0.07844386249780655
v 0.006316672544926405 -0.01736142858862877 -0.078211210668087
v 0.007445070892572403 -0.01770627871155739 -0.07694969326257706
f 6703 6704 6705
v 0.007445070892572403 -0.01770627871155739 -0.07694969326257706
v 0.006316672544926405 -0.01736142858862877 -0.078211210668087
v 0.007492213509976864 -0.01736142858862877 -0.07699090987443924
f 6706 6707 6708
v 0.007445070892572403 -0.01770627871155739 -0.07694969326257706
v 0.007492213509976864 -0.01736142858862877 -0.07699090987443924
v 0.008717101998627186 -0.01770627871155739 -0.07530740648508072
f 6709 6710 6711
v 0.008717101998627186 -0.01770627871155739 -0.07530740648508072
v 0.007492213509976864 -0.01736142858862877 -0.07699090987443924
v 0.008559138514101505 -0.01736142858862877 -0.0756380632519722
f 6712 6713 6714
v 0.008717101998627186 -0.01770627871155739 -0.07530740648508072
v 0.008559138514101505 -0.01736142858862877 -0.0756380632519722
v 0.009812997654080391 -0.01770627871155739 -0.07356447726488113
f 6715 6716 6717
v 0.009812997654080391 -0.01770627871155739 -0.07356447726488113
v 0.008559138514101505 -0.01736142858862877 -0.0756380632519722
v 0.009867860935628414 -0.01736142858862877 -0.0735960379242897
f 6718 6719 6720
v 0.009812997654080391 -0.01770627871155739 -0.07356447726488113
v 0.009867860935628414 -0.01736142858862877 -0.0735960379242897
v 0.010761754587292671 -0.01770627871155739 -0.07175575941801071
f 6721 6722 6723
v 0.010761754587292671 -0.01770627871155739 -0.07175575941801071
v 0.009867860935628414 -0.01736142858862877 -0.0735960379242897
v 0.010607613250613213 -0.01736142858862877 -0.07221319526433945
f 6724 6725 6726
v 0.010761754587292671 -0.01770627871155739 -0.07175575941801071
v 0.010607613250613213 -0.01736142858862877 -0.07221319526433945
v 0.011571481823921204 -0.017743896692991257 -0.0698905810713768
f 6727 6728 6729
v 0.011571481823921204 -0.017743896692991257 -0.0698905810713768
v 0.010607613250613213 -0.01736142858862877 -0.07221319526433945
v 0.011642112396657467 -0.01736142858862877 -0.06991928070783615
f 6730 6731 6732
v -0.01265668123960495 -0.016629967838525772 -0.06454954296350479
v -0.013615540228784084 -0.014106069691479206 -0.06007767468690872
v -0.01394579280167818 -0.013921399600803852 -0.060234494507312775
f 6733 6734 6735
v -0.011873146519064903 -0.017376665025949478 -0.06582415848970413
v -0.012256644666194916 -0.016663286834955215 -0.06442434340715408
v -0.01265668123960495 -0.016629967838525772 -0.06454954296350479
f 6736 6737 6738
v -0.013960219919681549 -0.010828112252056599 -0.052779458463191986
v -0.013999000191688538 -0.010073442943394184 -0.05067793279886246
v -0.014381459914147854 -0.010000710375607014 -0.05070268362760544
f 6739 6740 6741
v -0.014333856292068958 -0.010875632055103779 -0.053123123943805695
v -0.013948274776339531 -0.010943328030407429 -0.05308101326227188
v -0.013960219919681549 -0.010828112252056599 -0.052779458463191986
f 6742 6743 6744
v -0.013948274776339531 -0.010943328030407429 -0.05308101326227188
v -0.014333856292068958 -0.010875632055103779 -0.053123123943805695
v -0.013799038715660572 -0.011911031790077686 -0.05543779581785202
f 6745 6746 6747
v -0.013555437326431274 -0.012983796186745167 -0.05773752182722092
v -0.013799038715660572 -0.011911031790077686 -0.05543779581785202
v -0.014187962748110294 -0.011849475093185902 -0.05549704283475876
f 6748 6749 6750
v -0.01265668123960495 -0.016629967838525772 -0.06454954296350479
v -0.012256644666194916 -0.016663286834955215 -0.06442434340715408
v -0.013615540228784084 -0.014106069691479206 -0.06007767468690872
f 6751 6752 6753
v -0.013615540228784084 -0.014106069691479206 -0.06007767468690872
v -0.012256644666194916 -0.016663286834955215 -0.06442434340715408
v -0.013219024054706097 -0.014152218587696552 -0.05998534709215164
f 6754 6755 6756
v -0.013615540228784084 -0.014106069691479206 -0.06007767468690872
v -0.013219024054706097 -0.014152218587696552 -0.05998534709215164
v -0.013333555310964584 -0.013779831118881702 -0.05929117649793625
f 6757 6758 6759
v -0.01117667555809021 -0.01819927617907524 -0.06812498718500137
v -0.011584339663386345 -0.01779555156826973 -0.0668073371052742
v -0.011974344961345196 -0.017755966633558273 -0.06695034354925156
f 6760 6761 6762
v -0.014488378539681435 -0.012441960163414478 -0.058122046291828156
v -0.01394579280167818 -0.013921399600803852 -0.060234494507312775
v -0.01427712943404913 -0.01273926068097353 -0.05794879049062729
f 6763 6764 6765
v -0.01427712943404913 -0.01273926068097353 -0.05794879049062729
v -0.01394579280167818 -0.013921399600803852 -0.060234494507312775
v -0.013615540228784084 -0.014106069691479206 -0.06007767468690872
f 6766 6767 6768
v -0.01427712943404913 -0.01273926068097353 -0.05794879049062729
v -0.013615540228784084 -0.014106069691479206 -0.06007767468690872
v -0.013948122039437294 -0.012929600663483143 -0.057813502848148346
f 6769 6770 6771
v -0.013948122039437294 -0.012929600663483143 -0.057813502848148346
v -0.013615540228784084 -0.014106069691479206 -0.06007767468690872
v -0.013333555310964584 -0.013779831118881702 -0.05929117649793625
f 6772 6773 6774
v -0.013948122039437294 -0.012929600663483143 -0.057813502848148346
v -0.013333555310964584 -0.013779831118881702 -0.05929117649793625
v -0.013555437326431274 -0.012983796186745167 -0.05773752182722092
f 6775 6776 6777
v -0.012296710163354874 -0.017561789602041245 -0.06713034957647324
v -0.011866833083331585 -0.017940159887075424 -0.06843388825654984
v -0.01155297365039587 -0.01814604178071022 -0.0682738646864891
f 6778 6779 6780
v -0.012065521441400051 -0.017614062875509262 -0.06857842952013016
v -0.011866833083331585 -0.017940159887075424 -0.06843388825654984
v -0.012494824826717377 -0.017244894057512283 -0.06731625646352768
f 6781 6782 6783
v -0.012494824826717377 -0.017244894057512283 -0.06731625646352768
v -0.011866833083331585 -0.017940159887075424 -0.06843388825654984
v -0.012296710163354874 -0.017561789602041245 -0.06713034957647324
f 6784 6785 6786
v -0.012494824826717377 -0.017244894057512283 -0.06731625646352768
v -0.012296710163354874 -0.017561789602041245 -0.06713034957647324
v -0.013186688534915447 -0.016148734837770462 -0.06495393067598343
f 6787 6788 6789
v -0.013960219919681549 -0.010828112252056599 -0.052779458463191986
v -0.014381459914147854 -0.010000710375607014 -0.05070268362760544
v -0.014333856292068958 -0.010875632055103779 -0.053123123943805695
f 6790 6791 6792
v -0.014333856292068958 -0.010875632055103779 -0.053123123943805695
v -0.014381459914147854 -0.010000710375607014 -0.05070268362760544
v -0.014705982990562916 -0.009795998223125935 -0.05077231675386429
f 6793 6794 6795
v -0.014333856292068958 -0.010875632055103779 -0.053123123943805695
v -0.014705982990562916 -0.009795998223125935 -0.05077231675386429
v -0.014659938402473927 -0.010674816556274891 -0.05321408063173294
f 6796 6797 6798
v -0.014659938402473927 -0.010674816556274891 -0.05321408063173294
v -0.014705982990562916 -0.009795998223125935 -0.05077231675386429
v -0.014922764152288437 -0.009488810785114765 -0.05087681859731674
f 6799 6800 6801
v -0.014659938402473927 -0.010674816556274891 -0.05321408063173294
v -0.014922764152288437 -0.009488810785114765 -0.05087681859731674
v -0.014875534921884537 -0.010370311327278614 -0.05334039777517319
f 6802 6803 6804
v -0.014875534921884537 -0.010370311327278614 -0.05334039777517319
v -0.014922764152288437 -0.009488810785114765 -0.05087681859731674
v -0.01499900035560131 -0.009126720018684864 -0.05099999159574509
f 6805 6806 6807
v -0.014875534921884537 -0.010370311327278614 -0.05334039777517319
v -0.01499900035560131 -0.009126720018684864 -0.05099999159574509
v -0.01494741439819336 -0.010010180063545704 -0.05348218232393265
f 6808 6809 6810
v -0.013799038715660572 -0.011911031790077686 -0.05543779581785202
v -0.014333856292068958 -0.010875632055103779 -0.053123123943805695
v -0.014187962748110294 -0.011849475093185902 -0.05549704283475876
f 6811 6812 6813
v -0.014187962748110294 -0.011849475093185902 -0.05549704283475876
v -0.014333856292068958 -0.010875632055103779 -0.053123123943805695
v -0.014659938402473927 -0.010674816556274891 -0.05321408063173294
f 6814 6815 6816
v -0.014187962748110294 -0.011849475093185902 -0.05549704283475876
v -0.014659938402473927 -0.010674816556274891 -0.05321408063173294
v -0.014515508897602558 -0.011653435416519642 -0.05560994893312454
f 6817 6818 6819
v -0.014515508897602558 -0.011653435416519642 -0.05560994893312454
v -0.014659938402473927 -0.010674816556274891 -0.05321408063173294
v -0.014875534921884537 -0.010370311327278614 -0.05334039777517319
f 6820 6821 6822
v -0.014515508897602558 -0.011653435416519642 -0.05560994893312454
v -0.014875534921884537 -0.010370311327278614 -0.05334039777517319
v -0.014729284681379795 -0.011352245695888996 -0.05575928837060928
f 6823 6824 6825
v -0.014729284681379795 -0.011352245695888996 -0.05575928837060928
v -0.014875534921884537 -0.010370311327278614 -0.05334039777517319
v -0.01494741439819336 -0.010010180063545704 -0.05348218232393265
f 6826 6827 6828
v -0.014729284681379795 -0.011352245695888996 -0.05575928837060928
v -0.01494741439819336 -0.010010180063545704 -0.05348218232393265
v -0.014795594848692417 -0.010994535870850086 -0.055921055376529694
f 6829 6830 6831
v -0.013555437326431274 -0.012983796186745167 -0.05773752182722092
v -0.014187962748110294 -0.011849475093185902 -0.05549704283475876
v -0.013948122039437294 -0.012929600663483143 -0.057813502848148346
f 6832 6833 6834
v -0.013948122039437294 -0.012929600663483143 -0.057813502848148346
v -0.014187962748110294 -0.011849475093185902 -0.05549704283475876
v -0.014515508897602558 -0.011653435416519642 -0.05560994893312454
f 6835 6836 6837
v -0.013948122039437294 -0.012929600663483143 -0.057813502848148346
v -0.014515508897602558 -0.011653435416519642 -0.05560994893312454
v -0.01427712943404913 -0.01273926068097353 -0.05794879049062729
f 6838 6839 6840
v -0.01427712943404913 -0.01273926068097353 -0.05794879049062729
v -0.014515508897602558 -0.011653435416519642 -0.05560994893312454
v -0.014729284681379795 -0.011352245695888996 -0.05575928837060928
f 6841 6842 6843
v -0.01427712943404913 -0.01273926068097353 -0.05794879049062729
v -0.014729284681379795 -0.011352245695888996 -0.05575928837060928
v -0.014488378539681435 -0.012441960163414478 -0.058122046291828156
f 6844 6845 6846
v -0.014488378539681435 -0.012441960163414478 -0.058122046291828156
v -0.014729284681379795 -0.011352245695888996 -0.05575928837060928
v -0.014795594848692417 -0.010994535870850086 -0.055921055376529694
f 6847 6848 6849
v -0.014488378539681435 -0.012441960163414478 -0.058122046291828156
v -0.014795594848692417 -0.010994535870850086 -0.055921055376529694
v -0.014547659084200859 -0.012087051756680012 -0.058304689824581146
f 6850 6851 6852
v -0.014547659084200859 -0.012087051756680012 -0.058304689824581146
v -0.014512156136333942 -0.012222697027027607 -0.058582134544849396
v -0.014488378539681435 -0.012441960163414478 -0.058122046291828156
f 6853 6854 6855
v -0.014488378539681435 -0.012441960163414478 -0.058122046291828156
v -0.014512156136333942 -0.012222697027027607 -0.058582134544849396
v -0.014153843745589256 -0.013627354986965656 -0.060430191457271576
f 6856 6857 6858
v -0.014488378539681435 -0.012441960163414478 -0.058122046291828156
v -0.014153843745589256 -0.013627354986965656 -0.060430191457271576
v -0.01394579280167818 -0.013921399600803852 -0.060234494507312775
f 6859 6860 6861
v -0.01394579280167818 -0.013921399600803852 -0.060234494507312775
v -0.014153843745589256 -0.013627354986965656 -0.060430191457271576
v -0.012986291199922562 -0.01644839718937874 -0.06473692506551743
f 6862 6863 6864
v -0.01394579280167818 -0.013921399600803852 -0.060234494507312775
v -0.012986291199922562 -0.01644839718937874 -0.06473692506551743
v -0.01265668123960495 -0.016629967838525772 -0.06454954296350479
f 6865 6866 6867
v -0.01265668123960495 -0.016629967838525772 -0.06454954296350479
v -0.012986291199922562 -0.01644839718937874 -0.06473692506551743
v -0.011974344961345196 -0.017755966633558273 -0.06695034354925156
f 6868 6869 6870
v -0.01265668123960495 -0.016629967838525772 -0.06454954296350479
v -0.011974344961345196 -0.017755966633558273 -0.06695034354925156
v -0.011873146519064903 -0.017376665025949478 -0.06582415848970413
f 6871 6872 6873
v -0.011873146519064903 -0.017376665025949478 -0.06582415848970413
v -0.011974344961345196 -0.017755966633558273 -0.06695034354925156
v -0.011584339663386345 -0.01779555156826973 -0.0668073371052742
f 6874 6875 6876
v -0.014512156136333942 -0.012222697027027607 -0.058582134544849396
v -0.014204967767000198 -0.013274227268993855 -0.06063155084848404
v -0.014153843745589256 -0.013627354986965656 -0.060430191457271576
f 6877 6878 6879
v -0.014153843745589256 -0.013627354986965656 -0.060430191457271576
v -0.014204967767000198 -0.013274227268993855 -0.06063155084848404
v -0.013186688534915447 -0.016148734837770462 -0.06495393067598343
f 6880 6881 6882
v -0.014153843745589256 -0.013627354986965656 -0.060430191457271576
v -0.013186688534915447 -0.016148734837770462 -0.06495393067598343
v -0.012986291199922562 -0.01644839718937874 -0.06473692506551743
f 6883 6884 6885
v -0.012986291199922562 -0.01644839718937874 -0.06473692506551743
v -0.013186688534915447 -0.016148734837770462 -0.06495393067598343
v -0.012296710163354874 -0.017561789602041245 -0.06713034957647324
f 6886 6887 6888
v -0.012986291199922562 -0.01644839718937874 -0.06473692506551743
v -0.012296710163354874 -0.017561789602041245 -0.06713034957647324
v -0.011974344961345196 -0.017755966633558273 -0.06695034354925156
f 6889 6890 6891
v -0.011974344961345196 -0.017755966633558273 -0.06695034354925156
v -0.012296710163354874 -0.017561789602041245 -0.06713034957647324
v -0.01155297365039587 -0.01814604178071022 -0.0682738646864891
f 6892 6893 6894
v -0.011974344961345196 -0.017755966633558273 -0.06695034354925156
v -0.01155297365039587 -0.01814604178071022 -0.0682738646864891
v -0.01117667555809021 -0.01819927617907524 -0.06812498718500137
f 6895 6896 6897
v -0.01117667555809021 -0.01819927617907524 -0.06812498718500137
v -0.01155297365039587 -0.01814604178071022 -0.0682738646864891
v -0.010713641531765461 -0.01836143061518669 -0.06954286247491837
f 6898 6899 6900
v -0.014204967767000198 -0.013274227268993855 -0.06063155084848404
v -0.013460219837725163 -0.015277867205440998 -0.06423570960760117
v -0.013186688534915447 -0.016148734837770462 -0.06495393067598343
f 6901 6902 6903
v -0.013186688534915447 -0.016148734837770462 -0.06495393067598343
v -0.013460219837725163 -0.015277867205440998 -0.06423570960760117
v -0.013222631998360157 -0.015784960240125656 -0.06516189128160477
f 6904 6905 6906
v -0.013186688534915447 -0.016148734837770462 -0.06495393067598343
v -0.013222631998360157 -0.015784960240125656 -0.06516189128160477
v -0.012494824826717377 -0.017244894057512283 -0.06731625646352768
f 6907 6908 6909
v -0.012494824826717377 -0.017244894057512283 -0.06731625646352768
v -0.013222631998360157 -0.015784960240125656 -0.06516189128160477
v -0.012534362263977528 -0.016861435025930405 -0.06747552007436752
f 6910 6911 6912
v -0.012494824826717377 -0.017244894057512283 -0.06731625646352768
v -0.012534362263977528 -0.016861435025930405 -0.06747552007436752
v -0.012065521441400051 -0.017614062875509262 -0.06857842952013016
f 6913 6914 6915
v -0.012065521441400051 -0.017614062875509262 -0.06857842952013016
v -0.012534362263977528 -0.016861435025930405 -0.06747552007436752
v -0.012116104364395142 -0.017223026603460312 -0.06868334859609604
f 6916 6917 6918
v -0.012065521441400051 -0.017614062875509262 -0.06857842952013016
v -0.012116104364395142 -0.017223026603460312 -0.06868334859609604
v -0.011910983361303806 -0.017317060381174088 -0.0692322626709938
f 6919 6920 6921
v -0.010713641531765461 -0.01836143061518669 -0.06954286247491837
v -0.01155297365039587 -0.01814604178071022 -0.0682738646864891
v -0.011067971587181091 -0.018284600228071213 -0.06968682259321213
f 6922 6923 6924
v -0.011067971587181091 -0.018284600228071213 -0.06968682259321213
v -0.01155297365039587 -0.01814604178071022 -0.0682738646864891
v -0.011866833083331585 -0.017940159887075424 -0.06843388825654984
f 6925 6926 6927
v -0.011067971587181091 -0.018284600228071213 -0.06968682259321213
v -0.011866833083331585 -0.017940159887075424 -0.06843388825654984
v -0.011368624866008759 -0.01806836947798729 -0.06980898231267929
f 6928 6929 6930
v -0.011368624866008759 -0.01806836947798729 -0.06980898231267929
v -0.011866833083331585 -0.017940159887075424 -0.06843388825654984
v -0.012065521441400051 -0.017614062875509262 -0.06857842952013016
f 6931 6932 6933
v -0.011368624866008759 -0.01806836947798729 -0.06980898231267929
v -0.012065521441400051 -0.017614062875509262 -0.06857842952013016
v -0.011569461785256863 -0.017743896692991257 -0.0698905810713768
f 6934 6935 6936
v -0.011569461785256863 -0.017743896692991257 -0.0698905810713768
v -0.012065521441400051 -0.017614062875509262 -0.06857842952013016
v -0.011910983361303806 -0.017317060381174088 -0.0692322626709938
f 6937 6938 6939
v -0.011569461785256863 -0.017743896692991257 -0.0698905810713768
v -0.011910983361303806 -0.017317060381174088 -0.0692322626709938
v -0.011640090495347977 -0.01736142858862877 -0.06991928070783615
f 6940 6941 6942
v -0.01499900035560131 -0.008359198458492756 -0.04860701411962509
v -0.01499900035560131 -0.009126720018684864 -0.05099999159574509
v -0.014922764152288437 -0.009488810785114765 -0.05087681859731674
f 6943 6944 6945
v -0.013999000191688538 -0.0087272422388196 -0.04627121239900589
v -0.013999000191688538 -0.008634393103420734 -0.0459299311041832
v -0.014382005669176579 -0.008560356684029102 -0.04594991356134415
f 6946 6947 6948
v -0.014921111986041069 -0.008037676103413105 -0.04609096795320511
v -0.014705982990562916 -0.009795998223125935 -0.05077231675386429
v -0.014705673791468143 -0.008351323194801807 -0.046006329357624054
f 6949 6950 6951
v -0.014705673791468143 -0.008351323194801807 -0.046006329357624054
v -0.014705982990562916 -0.009795998223125935 -0.05077231675386429
v -0.014381459914147854 -0.010000710375607014 -0.05070268362760544
f 6952 6953 6954
v -0.014705673791468143 -0.008351323194801807 -0.046006329357624054
v -0.014381459914147854 -0.010000710375607014 -0.05070268362760544
v -0.014382005669176579 -0.008560356684029102 -0.04594991356134415
f 6955 6956 6957
v -0.014382005669176579 -0.008560356684029102 -0.04594991356134415
v -0.014381459914147854 -0.010000710375607014 -0.05070268362760544
v -0.013999000191688538 -0.010073442943394184 -0.05067793279886246
f 6958 6959 6960
v -0.014382005669176579 -0.008560356684029102 -0.04594991356134415
v -0.013999000191688538 -0.010073442943394184 -0.05067793279886246
v -0.013999000191688538 -0.0087272422388196 -0.04627121239900589
f 6961 6962 6963
v -0.01499900035560131 -0.0076689389534294605 -0.04619049280881882
v -0.01499900035560131 -0.008359198458492756 -0.04860701411962509
v -0.014921111986041069 -0.008037676103413105 -0.04609096795320511
f 6964 6965 6966
v -0.014921111986041069 -0.008037676103413105 -0.04609096795320511
v -0.01499900035560131 -0.008359198458492756 -0.04860701411962509
v -0.014922764152288437 -0.009488810785114765 -0.05087681859731674
f 6967 6968 6969
v -0.014921111986041069 -0.008037676103413105 -0.04609096795320511
v -0.014922764152288437 -0.009488810785114765 -0.05087681859731674
v -0.014705982990562916 -0.009795998223125935 -0.05077231675386429
f 6970 6971 6972
v -0.016157912090420723 -0.005830709356814623 -0.03279375284910202
v -0.0169381070882082 -0.005436730105429888 -0.03021111525595188
v -0.01725083403289318 -0.0052255732007324696 -0.030344823375344276
f 6973 6974 6975
v -0.01656409353017807 -0.005499471444636583 -0.030078688636422157
v -0.0169381070882082 -0.005436730105429888 -0.03021111525595188
v -0.015778791159391403 -0.005894531030207872 -0.03268077224493027
f 6976 6977 6978
v -0.015778791159391403 -0.005894531030207872 -0.03268077224493027
v -0.0169381070882082 -0.005436730105429888 -0.03021111525595188
v -0.016157912090420723 -0.005830709356814623 -0.03279375284910202
f 6979 6980 6981
v -0.015778791159391403 -0.005894531030207872 -0.03268077224493027
v -0.016157912090420723 -0.005830709356814623 -0.03279375284910202
v -0.015135611407458782 -0.00633263261988759 -0.03531230241060257
f 6982 6983 6984
v -0.015518478117883205 -0.006267499644309282 -0.035405851900577545
v -0.015021520666778088 -0.006751869339495897 -0.03803824633359909
v -0.014773335307836533 -0.006664943415671587 -0.03715326637029648
f 6985 6986 6987
v -0.014382005669176579 -0.008560356684029102 -0.04594991356134415
v -0.013999000191688538 -0.008634393103420734 -0.0459299311041832
v -0.014454676769673824 -0.007890206761658192 -0.043321751058101654
f 6988 6989 6990
v -0.014454676769673824 -0.007890206761658192 -0.043321751058101654
v -0.013999000191688538 -0.008634393103420734 -0.0459299311041832
v -0.01406935416162014 -0.007961352355778217 -0.043284498155117035
f 6991 6992 6993
v -0.014454676769673824 -0.007890206761658192 -0.043321751058101654
v -0.01406935416162014 -0.007961352355778217 -0.043284498155117035
v -0.014667367562651634 -0.007290091831237078 -0.04068069905042648
f 6994 6995 6996
v -0.014667367562651634 -0.007290091831237078 -0.04068069905042648
v -0.01406935416162014 -0.007961352355778217 -0.043284498155117035
v -0.014281338080763817 -0.007358830887824297 -0.04062522202730179
f 6997 6998 6999
v -0.014667367562651634 -0.007290091831237078 -0.04068069905042648
v -0.014281338080763817 -0.007358830887824297 -0.04062522202730179
v -0.015021520666778088 -0.006751869339495897 -0.03803824633359909
f 7000 7001 7002
v -0.015021520666778088 -0.006751869339495897 -0.03803824633359909
v -0.014281338080763817 -0.007358830887824297 -0.04062522202730179
v -0.014636330306529999 -0.006818626541644335 -0.03796391934156418
f 7003 7004 7005
v -0.015021520666778088 -0.006751869339495897 -0.03803824633359909
v -0.014636330306529999 -0.006818626541644335 -0.03796391934156418
v -0.014773335307836533 -0.006664943415671587 -0.03715326637029648
f 7006 7007 7008
v -0.018361829221248627 -0.004541401285678148 -0.02793603576719761
v -0.01725083403289318 -0.0052255732007324696 -0.030344823375344276
v -0.018164431676268578 -0.0048695397563278675 -0.02781517244875431
f 7009 7010 7011
v -0.018164431676268578 -0.0048695397563278675 -0.02781517244875431
v -0.01725083403289318 -0.0052255732007324696 -0.030344823375344276
v -0.0169381070882082 -0.005436730105429888 -0.03021111525595188
f 7012 7013 7014
v -0.018164431676268578 -0.0048695397563278675 -0.02781517244875431
v -0.0169381070882082 -0.005436730105429888 -0.03021111525595188
v -0.017857307568192482 -0.005080793518573046 -0.027667099609971046
f 7015 7016 7017
v -0.017857307568192482 -0.005080793518573046 -0.027667099609971046
v -0.0169381070882082 -0.005436730105429888 -0.03021111525595188
v -0.01656409353017807 -0.005499471444636583 -0.030078688636422157
f 7018 7019 7020
v -0.017857307568192482 -0.005080793518573046 -0.027667099609971046
v -0.01656409353017807 -0.005499471444636583 -0.030078688636422157
v -0.01748969964683056 -0.005142678041011095 -0.027515331283211708
f 7021 7022 7023
v -0.014705673791468143 -0.008351323194801807 -0.046006329357624054
v -0.014382005669176579 -0.008560356684029102 -0.04594991356134415
v -0.014779401011765003 -0.007680450100451708 -0.04338908940553665
f 7024 7025 7026
v -0.014779401011765003 -0.007680450100451708 -0.04338908940553665
v -0.014382005669176579 -0.008560356684029102 -0.04594991356134415
v -0.014454676769673824 -0.007890206761658192 -0.043321751058101654
f 7027 7028 7029
v -0.014779401011765003 -0.007680450100451708 -0.04338908940553665
v -0.014454676769673824 -0.007890206761658192 -0.043321751058101654
v -0.014991945587098598 -0.007079836446791887 -0.04076003283262253
f 7030 7031 7032
v -0.014991945587098598 -0.007079836446791887 -0.04076003283262253
v -0.014454676769673824 -0.007890206761658192 -0.043321751058101654
v -0.014667367562651634 -0.007290091831237078 -0.04068069905042648
f 7033 7034 7035
v -0.014991945587098598 -0.007079836446791887 -0.04076003283262253
v -0.014667367562651634 -0.007290091831237078 -0.04068069905042648
v -0.015344788320362568 -0.006541271228343248 -0.03813041001558304
f 7036 7037 7038
v -0.015344788320362568 -0.006541271228343248 -0.03813041001558304
v -0.014667367562651634 -0.007290091831237078 -0.04068069905042648
v -0.015021520666778088 -0.006751869339495897 -0.03803824633359909
f 7039 7040 7041
v -0.015344788320362568 -0.006541271228343248 -0.03813041001558304
v -0.015021520666778088 -0.006751869339495897 -0.03803824633359909
v -0.015839310362935066 -0.006056655663996935 -0.03551148623228073
f 7042 7043 7044
v -0.015839310362935066 -0.006056655663996935 -0.03551148623228073
v -0.015021520666778088 -0.006751869339495897 -0.03803824633359909
v -0.015518478117883205 -0.006267499644309282 -0.035405851900577545
f 7045 7046 7047
v -0.015839310362935066 -0.006056655663996935 -0.03551148623228073
v -0.015518478117883205 -0.006267499644309282 -0.035405851900577545
v -0.016475219279527664 -0.005619694013148546 -0.03291326016187668
f 7048 7049 7050
v -0.014921111986041069 -0.008037676103413105 -0.04609096795320511
v -0.014705673791468143 -0.008351323194801807 -0.046006329357624054
v -0.014993707649409771 -0.007363047916442156 -0.043476469814777374
f 7051 7052 7053
v -0.014993707649409771 -0.007363047916442156 -0.043476469814777374
v -0.014705673791468143 -0.008351323194801807 -0.046006329357624054
v -0.014779401011765003 -0.007680450100451708 -0.04338908940553665
f 7054 7055 7056
v -0.014993707649409771 -0.007363047916442156 -0.043476469814777374
v -0.014779401011765003 -0.007680450100451708 -0.04338908940553665
v -0.015204663388431072 -0.00675946893170476 -0.0408511683344841
f 7057 7058 7059
v -0.015204663388431072 -0.00675946893170476 -0.0408511683344841
v -0.014779401011765003 -0.007680450100451708 -0.04338908940553665
v -0.014991945587098598 -0.007079836446791887 -0.04076003283262253
f 7060 7061 7062
v -0.015204663388431072 -0.00675946893170476 -0.0408511683344841
v -0.014991945587098598 -0.007079836446791887 -0.04076003283262253
v -0.015555444173514843 -0.0062185716815292835 -0.03822622448205948
f 7063 7064 7065
v -0.015555444173514843 -0.0062185716815292835 -0.03822622448205948
v -0.014991945587098598 -0.007079836446791887 -0.04076003283262253
v -0.015344788320362568 -0.006541271228343248 -0.03813041001558304
f 7066 7067 7068
v -0.015555444173514843 -0.0062185716815292835 -0.03822622448205948
v -0.015344788320362568 -0.006541271228343248 -0.03813041001558304
v -0.016047414392232895 -0.005732100922614336 -0.03561272472143173
f 7069 7070 7071
v -0.016047414392232895 -0.005732100922614336 -0.03561272472143173
v -0.015344788320362568 -0.006541271228343248 -0.03813041001558304
v -0.015839310362935066 -0.006056655663996935 -0.03551148623228073
f 7072 7073 7074
v -0.016047414392232895 -0.005732100922614336 -0.03561272472143173
v -0.015839310362935066 -0.006056655663996935 -0.03551148623228073
v -0.016680270433425903 -0.005293649155646563 -0.033020563423633575
f 7075 7076 7077
v -0.016680270433425903 -0.005293649155646563 -0.033020563423633575
v -0.015839310362935066 -0.006056655663996935 -0.03551148623228073
v -0.016475219279527664 -0.005619694013148546 -0.03291326016187668
f 7078 7079 7080
v -0.016680270433425903 -0.005293649155646563 -0.033020563423633575
v -0.016475219279527664 -0.005619694013148546 -0.03291326016187668
v -0.017452320083975792 -0.004898358602076769 -0.030458683148026466
f 7081 7082 7083
v -0.019464481621980667 -0.0038269280921667814 -0.025536010041832924
v -0.018361829221248627 -0.004541401285678148 -0.02793603576719761
v -0.01940706931054592 -0.004217956680804491 -0.025461534038186073
f 7084 7085 7086
v -0.01940706931054592 -0.004217956680804491 -0.025461534038186073
v -0.018361829221248627 -0.004541401285678148 -0.02793603576719761
v -0.018164431676268578 -0.0048695397563278675 -0.02781517244875431
f 7087 7088 7089
v -0.01940706931054592 -0.004217956680804491 -0.025461534038186073
v -0.018164431676268578 -0.0048695397563278675 -0.02781517244875431
v -0.019214291125535965 -0.004546840209513903 -0.025333354249596596
f 7090 7091 7092
v -0.019214291125535965 -0.004546840209513903 -0.025333354249596596
v -0.018164431676268578 -0.0048695397563278675 -0.02781517244875431
v -0.017857307568192482 -0.005080793518573046 -0.027667099609971046
f 7093 7094 7095
v -0.019214291125535965 -0.004546840209513903 -0.025333354249596596
v -0.017857307568192482 -0.005080793518573046 -0.027667099609971046
v -0.0189137551933527 -0.00475816847756505 -0.025170857086777687
f 7096 7097 7098
v -0.0189137551933527 -0.00475816847756505 -0.025170857086777687
v -0.017857307568192482 -0.005080793518573046 -0.027667099609971046
v -0.01748969964683056 -0.005142678041011095 -0.027515331283211708
f 7099 7100 7101
v -0.0189137551933527 -0.00475816847756505 -0.025170857086777687
v -0.01748969964683056 -0.005142678041011095 -0.027515331283211708
v -0.01855379156768322 -0.004819345194846392 -0.02500000037252903
f 7102 7103 7104
v -0.019464481621980667 -0.0038269280921667814 -0.025536010041832924
v -0.01842125505208969 -0.004151490051299334 -0.028011465445160866
v -0.018361829221248627 -0.004541401285678148 -0.02793603576719761
f 7105 7106 7107
v -0.018361829221248627 -0.004541401285678148 -0.02793603576719761
v -0.01842125505208969 -0.004151490051299334 -0.028011465445160866
v -0.017452320083975792 -0.004898358602076769 -0.030458683148026466
f 7108 7109 7110
v -0.018361829221248627 -0.004541401285678148 -0.02793603576719761
v -0.017452320083975792 -0.004898358602076769 -0.030458683148026466
v -0.01725083403289318 -0.0052255732007324696 -0.030344823375344276
f 7111 7112 7113
v -0.01725083403289318 -0.0052255732007324696 -0.030344823375344276
v -0.017452320083975792 -0.004898358602076769 -0.030458683148026466
v -0.016475219279527664 -0.005619694013148546 -0.03291326016187668
f 7114 7115 7116
v -0.01725083403289318 -0.0052255732007324696 -0.030344823375344276
v -0.016475219279527664 -0.005619694013148546 -0.03291326016187668
v -0.016157912090420723 -0.005830709356814623 -0.03279375284910202
f 7117 7118 7119
v -0.016157912090420723 -0.005830709356814623 -0.03279375284910202
v -0.016475219279527664 -0.005619694013148546 -0.03291326016187668
v -0.015518478117883205 -0.006267499644309282 -0.035405851900577545
f 7120 7121 7122
v -0.016157912090420723 -0.005830709356814623 -0.03279375284910202
v -0.015518478117883205 -0.006267499644309282 -0.035405851900577545
v -0.015135611407458782 -0.00633263261988759 -0.03531230241060257
f 7123 7124 7125
v -0.015135611407458782 -0.00633263261988759 -0.03531230241060257
v -0.015518478117883205 -0.006267499644309282 -0.035405851900577545
v -0.014773335307836533 -0.006664943415671587 -0.03715326637029648
f 7126 7127 7128
v -0.01499900035560131 -0.0076689389534294605 -0.04619049280881882
v -0.014921111986041069 -0.008037676103413105 -0.04609096795320511
v -0.015067975036799908 -0.006988864857703447 -0.04356998950242996
f 7129 7130 7131
v -0.015067975036799908 -0.006988864857703447 -0.04356998950242996
v -0.014921111986041069 -0.008037676103413105 -0.04609096795320511
v -0.014993707649409771 -0.007363047916442156 -0.043476469814777374
f 7132 7133 7134
v -0.015067975036799908 -0.006988864857703447 -0.04356998950242996
v -0.014993707649409771 -0.007363047916442156 -0.043476469814777374
v -0.015275801531970501 -0.006380964536219835 -0.04093969613313675
f 7135 7136 7137
v -0.015275801531970501 -0.006380964536219835 -0.04093969613313675
v -0.014993707649409771 -0.007363047916442156 -0.043476469814777374
v -0.015204663388431072 -0.00675946893170476 -0.0408511683344841
f 7138 7139 7140
v -0.015275801531970501 -0.006380964536219835 -0.04093969613313675
v -0.015204663388431072 -0.00675946893170476 -0.0408511683344841
v -0.015623833052814007 -0.005836662370711565 -0.03831066936254501
f 7141 7142 7143
v -0.015623833052814007 -0.005836662370711565 -0.03831066936254501
v -0.015204663388431072 -0.00675946893170476 -0.0408511683344841
v -0.015555444173514843 -0.0062185716815292835 -0.03822622448205948
f 7144 7145 7146
v -0.015623833052814007 -0.005836662370711565 -0.03831066936254501
v -0.015555444173514843 -0.0062185716815292835 -0.03822622448205948
v -0.016113324090838432 -0.00534747214987874 -0.03569389134645462
f 7147 7148 7149
v -0.016113324090838432 -0.00534747214987874 -0.03569389134645462
v -0.015555444173514843 -0.0062185716815292835 -0.03822622448205948
v -0.016047414392232895 -0.005732100922614336 -0.03561272472143173
f 7150 7151 7152
v -0.016113324090838432 -0.00534747214987874 -0.03569389134645462
v -0.016047414392232895 -0.005732100922614336 -0.03561272472143173
v -0.016743892803788185 -0.004906844813376665 -0.0330992117524147
f 7153 7154 7155
v -0.016743892803788185 -0.004906844813376665 -0.0330992117524147
v -0.016047414392232895 -0.005732100922614336 -0.03561272472143173
v -0.016680270433425903 -0.005293649155646563 -0.033020563423633575
f 7156 7157 7158
v -0.016743892803788185 -0.004906844813376665 -0.0330992117524147
v -0.016680270433425903 -0.005293649155646563 -0.033020563423633575
v -0.01751379854977131 -0.004509825725108385 -0.030535468831658363
f 7159 7160 7161
v -0.01751379854977131 -0.004509825725108385 -0.030535468831658363
v -0.016680270433425903 -0.005293649155646563 -0.033020563423633575
v -0.017452320083975792 -0.004898358602076769 -0.030458683148026466
f 7162 7163 7164
v -0.01751379854977131 -0.004509825725108385 -0.030535468831658363
v -0.017452320083975792 -0.004898358602076769 -0.030458683148026466
v -0.017879437655210495 -0.004354428965598345 -0.029466772451996803
f 7165 7166 7167
v -0.017879437655210495 -0.004354428965598345 -0.029466772451996803
v -0.017452320083975792 -0.004898358602076769 -0.030458683148026466
v -0.01842125505208969 -0.004151490051299334 -0.028011465445160866
f 7168 7169 7170
v -0.019915733486413956 -0.0037047683726996183 -0.024569058790802956
v -0.019464481621980667 -0.0038269280921667814 -0.025536010041832924
v -0.01940706931054592 -0.004217956680804491 -0.025461534038186073
f 7171 7172 7173
v -0.029607340693473816 -0.002363410545513034 -0.010752999223768711
v -0.029787231236696243 -0.0021832853090018034 -0.010651552118360996
v -0.027513185515999794 -0.0022563680540770292 -0.013104581274092197
f 7174 7175 7176
v -0.027513185515999794 -0.0022563680540770292 -0.013104581274092197
v -0.029787231236696243 -0.0021832853090018034 -0.010651552118360996
v -0.029866898432374 -0.002058495534583926 -0.010603182949125767
f 7177 7178 7179
v -0.027513185515999794 -0.0022563680540770292 -0.013104581274092197
v -0.029866898432374 -0.002058495534583926 -0.010603182949125767
v -0.02990519069135189 -0.0019368722569197416 -0.010575645603239536
f 7180 7181 7182
v -0.02804502844810486 -0.0030466660391539335 -0.01160233560949564
v -0.028715353459119797 -0.0028421476017683744 -0.01123794261366129
v -0.02785474993288517 -0.0029136582743376493 -0.012239151634275913
f 7183 7184 7185
v -0.027288105338811874 -0.0031927197705954313 -0.012001448310911655
v -0.027775494381785393 -0.0031084686052054167 -0.011744939722120762
v -0.027607353404164314 -0.003122416092082858 -0.011987828649580479
f 7186 7187 7188
v -0.027288105338811874 -0.0031927197705954313 -0.012001448310911655
v -0.027607353404164314 -0.003122416092082858 -0.011987828649580479
v -0.026828981935977936 -0.003239598823711276 -0.01224579755216837
f 7189 7190 7191
v -0.026828981935977936 -0.003239598823711276 -0.01224579755216837
v -0.027607353404164314 -0.003122416092082858 -0.011987828649580479
v -0.02587258443236351 -0.0033714070450514555 -0.013993971981108189
f 7192 7193 7194
v -0.020065808668732643 -0.0044643026776611805 -0.022799784317612648
v -0.0197143591940403 -0.004523370880633593 -0.022610435262322426
v -0.02140330709517002 -0.004151273984462023 -0.019606271758675575
f 7195 7196 7197
v -0.0189137551933527 -0.00475816847756505 -0.025170857086777687
v -0.01855379156768322 -0.004819345194846392 -0.02500000037252903
v -0.0197143591940403 -0.004523370880633593 -0.022610435262322426
f 7198 7199 7200
v -0.0197143591940403 -0.004523370880633593 -0.022610435262322426
v -0.020065808668732643 -0.0044643026776611805 -0.022799784317612648
v -0.0189137551933527 -0.00475816847756505 -0.025170857086777687
f 7201 7202 7203
v -0.0189137551933527 -0.00475816847756505 -0.025170857086777687
v -0.020065808668732643 -0.0044643026776611805 -0.022799784317612648
v -0.020359912887215614 -0.004253525752574205 -0.022978270426392555
f 7204 7205 7206
v -0.0189137551933527 -0.00475816847756505 -0.025170857086777687
v -0.020359912887215614 -0.004253525752574205 -0.022978270426392555
v -0.019214291125535965 -0.004546840209513903 -0.025333354249596596
f 7207 7208 7209
v -0.019214291125535965 -0.004546840209513903 -0.025333354249596596
v -0.020359912887215614 -0.004253525752574205 -0.022978270426392555
v -0.020547769963741302 -0.003923718351870775 -0.023116478696465492
f 7210 7211 7212
v -0.019214291125535965 -0.004546840209513903 -0.025333354249596596
v -0.020547769963741302 -0.003923718351870775 -0.023116478696465492
v -0.01940706931054592 -0.004217956680804491 -0.025461534038186073
f 7213 7214 7215
v -0.01940706931054592 -0.004217956680804491 -0.025461534038186073
v -0.020547769963741302 -0.003923718351870775 -0.023116478696465492
v -0.02038116380572319 -0.003585484577342868 -0.023624906316399574
f 7216 7217 7218
v -0.01940706931054592 -0.004217956680804491 -0.025461534038186073
v -0.02038116380572319 -0.003585484577342868 -0.023624906316399574
v -0.019915733486413956 -0.0037047683726996183 -0.024569058790802956
f 7219 7220 7221
v -0.027775494381785393 -0.0031084686052054167 -0.011744939722120762
v -0.02804502844810486 -0.0030466660391539335 -0.01160233560949564
v -0.027607353404164314 -0.003122416092082858 -0.011987828649580479
f 7222 7223 7224
v -0.027607353404164314 -0.003122416092082858 -0.011987828649580479
v -0.02804502844810486 -0.0030466660391539335 -0.01160233560949564
v -0.02785474993288517 -0.0029136582743376493 -0.012239151634275913
f 7225 7226 7227
v -0.027607353404164314 -0.003122416092082858 -0.011987828649580479
v -0.02785474993288517 -0.0029136582743376493 -0.012239151634275913
v -0.02587258443236351 -0.0033714070450514555 -0.013993971981108189
f 7228 7229 7230
v -0.02587258443236351 -0.0033714070450514555 -0.013993971981108189
v -0.02785474993288517 -0.0029136582743376493 -0.012239151634275913
v -0.02613093890249729 -0.0031622617971152067 -0.014231645502150059
f 7231 7232 7233
v -0.02587258443236351 -0.0033714070450514555 -0.013993971981108189
v -0.02613093890249729 -0.0031622617971152067 -0.014231645502150059
v -0.024244818836450577 -0.0036313056480139494 -0.016088003292679787
f 7234 7235 7236
v -0.024244818836450577 -0.0036313056480139494 -0.016088003292679787
v -0.02613093890249729 -0.0031622617971152067 -0.014231645502150059
v -0.024513354524970055 -0.0034217655193060637 -0.0163115207105875
f 7237 7238 7239
v -0.024244818836450577 -0.0036313056480139494 -0.016088003292679787
v -0.024513354524970055 -0.0034217655193060637 -0.0163115207105875
v -0.02273576706647873 -0.0038999661337584257 -0.018252694979310036
f 7240 7241 7242
v -0.02273576706647873 -0.0038999661337584257 -0.018252694979310036
v -0.024513354524970055 -0.0034217655193060637 -0.0163115207105875
v -0.02301364205777645 -0.003690023673698306 -0.018461639061570168
f 7243 7244 7245
v -0.02273576706647873 -0.0038999661337584257 -0.018252694979310036
v -0.02301364205777645 -0.003690023673698306 -0.018461639061570168
v -0.02134094201028347 -0.004177984315901995 -0.020492741838097572
f 7246 7247 7248
v -0.02134094201028347 -0.004177984315901995 -0.020492741838097572
v -0.02301364205777645 -0.003690023673698306 -0.018461639061570168
v -0.02162734791636467 -0.003967624623328447 -0.020686650648713112
f 7249 7250 7251
v -0.02785474993288517 -0.0029136582743376493 -0.012239151634275913
v -0.028009574860334396 -0.002580259693786502 -0.01242151204496622
v -0.02613093890249729 -0.0031622617971152067 -0.014231645502150059
f 7252 7253 7254
v -0.02613093890249729 -0.0031622617971152067 -0.014231645502150059
v -0.028009574860334396 -0.002580259693786502 -0.01242151204496622
v -0.026293259114027023 -0.0028295412193983793 -0.014405869878828526
f 7255 7256 7257
v -0.02613093890249729 -0.0031622617971152067 -0.014231645502150059
v -0.026293259114027023 -0.0028295412193983793 -0.014405869878828526
v -0.024513354524970055 -0.0034217655193060637 -0.0163115207105875
f 7258 7259 7260
v -0.024513354524970055 -0.0034217655193060637 -0.0163115207105875
v -0.026293259114027023 -0.0028295412193983793 -0.014405869878828526
v -0.024682747200131416 -0.003089745296165347 -0.016477251425385475
f 7261 7262 7263
v -0.024513354524970055 -0.0034217655193060637 -0.0163115207105875
v -0.024682747200131416 -0.003089745296165347 -0.016477251425385475
v -0.02301364205777645 -0.003690023673698306 -0.018461639061570168
f 7264 7265 7266
v -0.02301364205777645 -0.003690023673698306 -0.018461639061570168
v -0.024682747200131416 -0.003089745296165347 -0.016477251425385475
v -0.023189641535282135 -0.003358726156875491 -0.018618548288941383
f 7267 7268 7269
v -0.02301364205777645 -0.003690023673698306 -0.018461639061570168
v -0.023189641535282135 -0.003358726156875491 -0.018618548288941383
v -0.02162734791636467 -0.003967624623328447 -0.020686650648713112
f 7270 7271 7272
v -0.02162734791636467 -0.003967624623328447 -0.020686650648713112
v -0.023189641535282135 -0.003358726156875491 -0.018618548288941383
v -0.02180950716137886 -0.0036370649468153715 -0.020834380760788918
f 7273 7274 7275
v -0.028715353459119797 -0.0028421476017683744 -0.01123794261366129
v -0.028998658061027527 -0.002726849867030978 -0.011082702316343784
v -0.02785474993288517 -0.0029136582743376493 -0.012239151634275913
f 7276 7277 7278
v -0.02785474993288517 -0.0029136582743376493 -0.012239151634275913
v -0.028998658061027527 -0.002726849867030978 -0.011082702316343784
v -0.029607340693473816 -0.002363410545513034 -0.010752999223768711
f 7279 7280 7281
v -0.02785474993288517 -0.0029136582743376493 -0.012239151634275913
v -0.029607340693473816 -0.002363410545513034 -0.010752999223768711
v -0.028009574860334396 -0.002580259693786502 -0.01242151204496622
f 7282 7283 7284
v -0.028009574860334396 -0.002580259693786502 -0.01242151204496622
v -0.029607340693473816 -0.002363410545513034 -0.010752999223768711
v -0.027513185515999794 -0.0022563680540770292 -0.013104581274092197
f 7285 7286 7287
v -0.028009574860334396 -0.002580259693786502 -0.01242151204496622
v -0.027513185515999794 -0.0022563680540770292 -0.013104581274092197
v -0.026293259114027023 -0.0028295412193983793 -0.014405869878828526
f 7288 7289 7290
v -0.026293259114027023 -0.0028295412193983793 -0.014405869878828526
v -0.027513185515999794 -0.0022563680540770292 -0.013104581274092197
v -0.025300024077296257 -0.002596598817035556 -0.015797579661011696
f 7291 7292 7293
v -0.026293259114027023 -0.0028295412193983793 -0.014405869878828526
v -0.025300024077296257 -0.002596598817035556 -0.015797579661011696
v -0.024682747200131416 -0.003089745296165347 -0.016477251425385475
f 7294 7295 7296
v -0.024682747200131416 -0.003089745296165347 -0.016477251425385475
v -0.025300024077296257 -0.002596598817035556 -0.015797579661011696
v -0.023605454713106155 -0.002893727971240878 -0.01814942993223667
f 7297 7298 7299
v -0.024682747200131416 -0.003089745296165347 -0.016477251425385475
v -0.023605454713106155 -0.002893727971240878 -0.01814942993223667
v -0.023189641535282135 -0.003358726156875491 -0.018618548288941383
f 7300 7301 7302
v -0.023189641535282135 -0.003358726156875491 -0.018618548288941383
v -0.023605454713106155 -0.002893727971240878 -0.01814942993223667
v -0.023271294310688972 -0.002956834388896823 -0.01864897646009922
f 7303 7304 7305
v -0.023189641535282135 -0.003358726156875491 -0.018618548288941383
v -0.023271294310688972 -0.002956834388896823 -0.01864897646009922
v -0.02180950716137886 -0.0036370649468153715 -0.020834380760788918
f 7306 7307 7308
v -0.02180950716137886 -0.0036370649468153715 -0.020834380760788918
v -0.023271294310688972 -0.002956834388896823 -0.01864897646009922
v -0.021860994398593903 -0.0032429068814963102 -0.020913297310471535
f 7309 7310 7311
v -0.02180950716137886 -0.0036370649468153715 -0.020834380760788918
v -0.021860994398593903 -0.0032429068814963102 -0.020913297310471535
v -0.021443337202072144 -0.0033346160780638456 -0.021639207378029823
f 7312 7313 7314
v -0.026828981935977936 -0.003239598823711276 -0.01224579755216837
v -0.02587258443236351 -0.0033714070450514555 -0.013993971981108189
v -0.0248879361897707 -0.0035279213916510344 -0.014573627151548862
f 7315 7316 7317
v -0.0248879361897707 -0.0035279213916510344 -0.014573627151548862
v -0.02587258443236351 -0.0033714070450514555 -0.013993971981108189
v -0.024244818836450577 -0.0036313056480139494 -0.016088003292679787
f 7318 7319 7320
v -0.0248879361897707 -0.0035279213916510344 -0.014573627151548862
v -0.024244818836450577 -0.0036313056480139494 -0.016088003292679787
v -0.023922627791762352 -0.0036853000055998564 -0.01584422029554844
f 7321 7322 7323
v -0.023922627791762352 -0.0036853000055998564 -0.01584422029554844
v -0.024244818836450577 -0.0036313056480139494 -0.016088003292679787
v -0.02273576706647873 -0.0038999661337584257 -0.018252694979310036
f 7324 7325 7326
v -0.023922627791762352 -0.0036853000055998564 -0.01584422029554844
v -0.02273576706647873 -0.0038999661337584257 -0.018252694979310036
v -0.02140330709517002 -0.004151273984462023 -0.019606271758675575
f 7327 7328 7329
v -0.02140330709517002 -0.004151273984462023 -0.019606271758675575
v -0.02273576706647873 -0.0038999661337584257 -0.018252694979310036
v -0.02134094201028347 -0.004177984315901995 -0.020492741838097572
f 7330 7331 7332
v -0.02140330709517002 -0.004151273984462023 -0.019606271758675575
v -0.02134094201028347 -0.004177984315901995 -0.020492741838097572
v -0.020065808668732643 -0.0044643026776611805 -0.022799784317612648
f 7333 7334 7335
v -0.020065808668732643 -0.0044643026776611805 -0.022799784317612648
v -0.02134094201028347 -0.004177984315901995 -0.020492741838097572
v -0.02162734791636467 -0.003967624623328447 -0.020686650648713112
f 7336 7337 7338
v -0.020065808668732643 -0.0044643026776611805 -0.022799784317612648
v -0.02162734791636467 -0.003967624623328447 -0.020686650648713112
v -0.020359912887215614 -0.004253525752574205 -0.022978270426392555
f 7339 7340 7341
v -0.020359912887215614 -0.004253525752574205 -0.022978270426392555
v -0.02162734791636467 -0.003967624623328447 -0.020686650648713112
v -0.02180950716137886 -0.0036370649468153715 -0.020834380760788918
f 7342 7343 7344
v -0.020359912887215614 -0.004253525752574205 -0.022978270426392555
v -0.02180950716137886 -0.0036370649468153715 -0.020834380760788918
v -0.020547769963741302 -0.003923718351870775 -0.023116478696465492
f 7345 7346 7347
v -0.020547769963741302 -0.003923718351870775 -0.023116478696465492
v -0.02180950716137886 -0.0036370649468153715 -0.020834380760788918
v -0.021443337202072144 -0.0033346160780638456 -0.021639207378029823
f 7348 7349 7350
v -0.020547769963741302 -0.003923718351870775 -0.023116478696465492
v -0.021443337202072144 -0.0033346160780638456 -0.021639207378029823
v -0.02038116380572319 -0.003585484577342868 -0.023624906316399574
f 7351 7352 7353
v 0.013456325978040695 -0.0051795137114822865 -0.05944228917360306
v 0.013078943826258183 -0.006520156282931566 -0.061764366924762726
v 0.0090725002810359 -0.006520156282931566 -0.061764366924762726
f 7354 7355 7356
v 0.009778372943401337 -0.0038068934809416533 -0.057064853608608246
v 0.013736157678067684 -0.0038068934809416533 -0.057064853608608246
v 0.009630506858229637 -0.004573327023535967 -0.05839235335588455
f 7357 7358 7359
v 0.009630506858229637 -0.004573327023535967 -0.05839235335588455
v 0.013736157678067684 -0.0038068934809416533 -0.057064853608608246
v 0.013456325978040695 -0.0051795137114822865 -0.05944228917360306
f 7360 7361 7362
v 0.009630506858229637 -0.004573327023535967 -0.05839235335588455
v 0.013456325978040695 -0.0051795137114822865 -0.05944228917360306
v 0.009488795883953571 -0.005167689640074968 -0.05942181497812271
f 7363 7364 7365
v 0.009488795883953571 -0.005167689640074968 -0.05942181497812271
v 0.013456325978040695 -0.0051795137114822865 -0.05944228917360306
v 0.0090725002810359 -0.006520156282931566 -0.061764366924762726
f 7366 7367 7368
v 0.010001000016927719 0.003710094140842557 -0.03818885236978531
v 0.010001000016927719 -0.001089376164600253 -0.03755699843168259
v 0.010026199743151665 0.004287961404770613 -0.03660085052251816
f 7369 7370 7371
v 0.010026199743151665 0.004287961404770613 -0.03660085052251816
v 0.010001000016927719 -0.001089376164600253 -0.03755699843168259
v 0.010159862227737904 -0.0005492984782904387 -0.03345467895269394
f 7372 7373 7374
v 0.010026199743151665 0.004287961404770613 -0.03660085052251816
v 0.010159862227737904 -0.0005492984782904387 -0.03345467895269394
v 0.010227001272141933 0.005438018124550581 -0.03344038873910904
f 7375 7376 7377
v 0.010227001272141933 0.005438018124550581 -0.03344038873910904
v 0.010159862227737904 -0.0005492984782904387 -0.03345467895269394
v 0.010635735467076302 -1.2394733857945539e-05 -0.029376531019806862
f 7378 7379 7380
v 0.010227001272141933 0.005438018124550581 -0.03344038873910904
v 0.010635735467076302 -1.2394733857945539e-05 -0.029376531019806862
v 0.010635735467076302 0.006600636523216963 -0.0302471611648798
f 7381 7382 7383
v -0.01855379156768322 -0.004819345194846392 -0.02500000037252903
v -0.01748969964683056 -0.005142678041011095 -0.027515331283211708
v 0.0225085336714983 -0.004819345194846392 -0.02500000037252903
f 7384 7385 7386
v 0.0225085336714983 -0.004819345194846392 -0.02500000037252903
v -0.01748969964683056 -0.005142678041011095 -0.027515331283211708
v -0.01656409353017807 -0.005499471444636583 -0.030078688636422157
f 7387 7388 7389
v 0.02054438553750515 -0.005879823584109545 -0.03258202224969864
v -0.015135611407458782 -0.00633263261988759 -0.03531230241060257
v 0.01961381547152996 -0.006281558889895678 -0.035015128552913666
f 7390 7391 7392
v 0.01961381547152996 -0.006281558889895678 -0.035015128552913666
v -0.015135611407458782 -0.00633263261988759 -0.03531230241060257
v -0.014773335307836533 -0.006664943415671587 -0.03715326637029648
f 7393 7394 7395
v -0.01656409353017807 -0.005499471444636583 -0.030078688636422157
v -0.015778791159391403 -0.005894531030207872 -0.03268077224493027
v 0.0225085336714983 -0.004819345194846392 -0.02500000037252903
f 7396 7397 7398
v 0.0225085336714983 -0.004819345194846392 -0.02500000037252903
v -0.015778791159391403 -0.005894531030207872 -0.03268077224493027
v -0.015135611407458782 -0.00633263261988759 -0.03531230241060257
f 7399 7400 7401
v 0.0225085336714983 -0.004819345194846392 -0.02500000037252903
v -0.015135611407458782 -0.00633263261988759 -0.03531230241060257
v 0.021329032257199287 -0.005502831656485796 -0.030094945803284645
f 7402 7403 7404
v 0.021329032257199287 -0.005502831656485796 -0.030094945803284645
v -0.015135611407458782 -0.00633263261988759 -0.03531230241060257
v 0.02054438553750515 -0.005879823584109545 -0.03258202224969864
f 7405 7406 7407
v -0.014636330306529999 -0.006818626541644335 -0.03796391934156418
v -0.014281338080763817 -0.007358830887824297 -0.04062522202730179
v 0.014000999741256237 -0.00805519986897707 -0.0436718687415123
f 7408 7409 7410
v 0.014000999741256237 -0.00805519986897707 -0.0436718687415123
v -0.014281338080763817 -0.007358830887824297 -0.04062522202730179
v -0.01406935416162014 -0.007961352355778217 -0.043284498155117035
f 7411 7412 7413
v 0.014000999741256237 -0.00805519986897707 -0.0436718687415123
v -0.01406935416162014 -0.007961352355778217 -0.043284498155117035
v 0.014000999741256237 -0.0087272422388196 -0.04627121239900589
f 7414 7415 7416
v 0.01723937876522541 -0.007151578087359667 -0.03963496536016464
v 0.018519621342420578 -0.006706621963530779 -0.037375010550022125
v -0.014773335307836533 -0.006664943415671587 -0.03715326637029648
f 7417 7418 7419
v -0.014773335307836533 -0.006664943415671587 -0.03715326637029648
v 0.018519621342420578 -0.006706621963530779 -0.037375010550022125
v 0.018629053607583046 -0.006666128057986498 -0.037158988416194916
f 7420 7421 7422
v -0.014773335307836533 -0.006664943415671587 -0.03715326637029648
v 0.018629053607583046 -0.006666128057986498 -0.037158988416194916
v 0.01961381547152996 -0.006281558889895678 -0.035015128552913666
f 7423 7424 7425
v -0.014636330306529999 -0.006818626541644335 -0.03796391934156418
v 0.014000999741256237 -0.00805519986897707 -0.0436718687415123
v -0.014773335307836533 -0.006664943415671587 -0.03715326637029648
f 7426 7427 7428
v -0.014773335307836533 -0.006664943415671587 -0.03715326637029648
v 0.014000999741256237 -0.00805519986897707 -0.0436718687415123
v 0.015745405107736588 -0.007607382256537676 -0.04175496846437454
f 7429 7430 7431
v -0.014773335307836533 -0.006664943415671587 -0.03715326637029648
v 0.015745405107736588 -0.007607382256537676 -0.04175496846437454
v 0.01723937876522541 -0.007151578087359667 -0.03963496536016464
f 7432 7433 7434
v -0.01406935416162014 -0.007961352355778217 -0.043284498155117035
v -0.013999000191688538 -0.008634393103420734 -0.0459299311041832
v 0.014000999741256237 -0.0087272422388196 -0.04627121239900589
f 7435 7436 7437
v 0.014000999741256237 -0.0087272422388196 -0.04627121239900589
v -0.013999000191688538 -0.008634393103420734 -0.0459299311041832
v -0.013999000191688538 -0.0087272422388196 -0.04627121239900589
f 7438 7439 7440
v 0.014000999741256237 -0.0087272422388196 -0.04627121239900589
v -0.013999000191688538 -0.0087272422388196 -0.04627121239900589
v 0.014000999741256237 -0.010073442943394184 -0.05067794770002365
f 7441 7442 7443
v 0.014000999741256237 -0.010073442943394184 -0.05067794770002365
v -0.013999000191688538 -0.0087272422388196 -0.04627121239900589
v -0.013999000191688538 -0.010073442943394184 -0.05067793279886246
f 7444 7445 7446
v 0.014000999741256237 -0.010073442943394184 -0.05067794770002365
v -0.013999000191688538 -0.010073442943394184 -0.05067793279886246
v 0.01396218128502369 -0.010827955789864063 -0.05277950316667557
f 7447 7448 7449
v 0.01396218128502369 -0.010827955789864063 -0.05277950316667557
v -0.013999000191688538 -0.010073442943394184 -0.05067793279886246
v -0.013960219919681549 -0.010828112252056599 -0.052779458463191986
f 7450 7451 7452
v 0.01396218128502369 -0.010827955789864063 -0.05277950316667557
v -0.013960219919681549 -0.010828112252056599 -0.052779458463191986
v 0.013950223103165627 -0.0109431566670537 -0.05308116227388382
f 7453 7454 7455
v 0.013950223103165627 -0.0109431566670537 -0.05308116227388382
v -0.013960219919681549 -0.010828112252056599 -0.052779458463191986
v -0.013948274776339531 -0.010943328030407429 -0.05308101326227188
f 7456 7457 7458
v 0.013950223103165627 -0.0109431566670537 -0.05308116227388382
v -0.013948274776339531 -0.010943328030407429 -0.05308101326227188
v 0.013800948858261108 -0.011910517700016499 -0.05543806403875351
f 7459 7460 7461
v 0.013800948858261108 -0.011910517700016499 -0.05543806403875351
v -0.013948274776339531 -0.010943328030407429 -0.05308101326227188
v -0.013799038715660572 -0.011911031790077686 -0.05543779581785202
f 7462 7463 7464
v 0.013800948858261108 -0.011910517700016499 -0.05543806403875351
v -0.013799038715660572 -0.011911031790077686 -0.05543779581785202
v 0.013557469472289085 -0.012982849963009357 -0.05773719400167465
f 7465 7466 7467
v -0.013799038715660572 -0.011911031790077686 -0.05543779581785202
v -0.013555437326431274 -0.012983796186745167 -0.05773752182722092
v 0.013557469472289085 -0.012982849963009357 -0.05773719400167465
f 7468 7469 7470
v 0.013557469472289085 -0.012982849963009357 -0.05773719400167465
v -0.013555437326431274 -0.012983796186745167 -0.05773752182722092
v -0.013333555310964584 -0.013779831118881702 -0.05929117649793625
f 7471 7472 7473
v 0.013557469472289085 -0.012982849963009357 -0.05773719400167465
v -0.013333555310964584 -0.013779831118881702 -0.05929117649793625
v 0.013221216388046741 -0.014150586910545826 -0.059984274208545685
f 7474 7475 7476
v 0.013221216388046741 -0.014150586910545826 -0.059984274208545685
v -0.013333555310964584 -0.013779831118881702 -0.05929117649793625
v -0.013219024054706097 -0.014152218587696552 -0.05998534709215164
f 7477 7478 7479
v 0.013221216388046741 -0.014150586910545826 -0.059984274208545685
v -0.013219024054706097 -0.014152218587696552 -0.05998534709215164
v 0.012258585542440414 -0.01666152849793434 -0.06442459672689438
f 7480 7481 7482
v 0.012258585542440414 -0.01666152849793434 -0.06442459672689438
v -0.013219024054706097 -0.014152218587696552 -0.05998534709215164
v -0.012256644666194916 -0.016663286834955215 -0.06442434340715408
f 7483 7484 7485
v 0.012258585542440414 -0.01666152849793434 -0.06442459672689438
v -0.012256644666194916 -0.016663286834955215 -0.06442434340715408
v 0.01187520008534193 -0.017376814037561417 -0.06582411378622055
f 7486 7487 7488
v -0.01117667555809021 -0.01819927617907524 -0.06812498718500137
v -0.010713641531765461 -0.01836143061518669 -0.06954286247491837
v 1.0107164598593954e-06 -0.01836143061518669 -0.06954286247491837
f 7489 7490 7491
v -0.012256644666194916 -0.016663286834955215 -0.06442434340715408
v -0.011873146519064903 -0.017376665025949478 -0.06582415848970413
v 0.01187520008534193 -0.017376814037561417 -0.06582411378622055
f 7492 7493 7494
v 0.01187520008534193 -0.017376814037561417 -0.06582411378622055
v -0.011873146519064903 -0.017376665025949478 -0.06582415848970413
v -0.011584339663386345 -0.01779555156826973 -0.0668073371052742
f 7495 7496 7497
v 0.01187520008534193 -0.017376814037561417 -0.06582411378622055
v -0.011584339663386345 -0.01779555156826973 -0.0668073371052742
v 0.01158631220459938 -0.017796378582715988 -0.06680754572153091
f 7498 7499 7500
v 0.01158631220459938 -0.017796378582715988 -0.06680754572153091
v -0.011584339663386345 -0.01779555156826973 -0.0668073371052742
v -0.01117667555809021 -0.01819927617907524 -0.06812498718500137
f 7501 7502 7503
v 0.01158631220459938 -0.017796378582715988 -0.06680754572153091
v -0.01117667555809021 -0.01819927617907524 -0.06812498718500137
v 0.011178688146173954 -0.018199551850557327 -0.06812500208616257
f 7504 7505 7506
v 0.011178688146173954 -0.018199551850557327 -0.06812500208616257
v -0.01117667555809021 -0.01819927617907524 -0.06812498718500137
v 1.0107164598593954e-06 -0.01836143061518669 -0.06954286247491837
f 7507 7508 7509
v 0.011178688146173954 -0.018199551850557327 -0.06812500208616257
v 1.0107164598593954e-06 -0.01836143061518669 -0.06954286247491837
v 0.010715662501752377 -0.01836143061518669 -0.06954286247491837
f 7510 7511 7512
v 0.016201192513108253 0.0020806968677788973 -0.013477885164320469
v 0.01380064059048891 0.0014340237248688936 -0.018389875069260597
v -0.02074037306010723 0.0020806968677788973 -0.013477885164320469
f 7513 7514 7515
v -0.02074037306010723 0.0020806968677788973 -0.013477885164320469
v 0.01380064059048891 0.0014340237248688936 -0.018389875069260597
v 0.011738192290067673 0.00065031205303967 -0.024342769756913185
f 7516 7517 7518
v -0.02074037306010723 0.0020806968677788973 -0.013477885164320469
v 0.011738192290067673 0.00065031205303967 -0.024342769756913185
v -0.017526675015687943 0.0014493570197373629 -0.01827339269220829
f 7519 7520 7521
v -0.017526675015687943 0.0014493570197373629 -0.01827339269220829
v 0.011738192290067673 0.00065031205303967 -0.024342769756913185
v -0.014462190680205822 0.0006634995806962252 -0.024242574349045753
f 7522 7523 7524
v -0.014462190680205822 0.0006634995806962252 -0.024242574349045753
v 0.011738192290067673 0.00065031205303967 -0.024342769756913185
v -0.01252546813338995 -1.2394733857945539e-05 -0.029376531019806862
f 7525 7526 7527
v -0.01252546813338995 -1.2394733857945539e-05 -0.029376531019806862
v 0.011738192290067673 0.00065031205303967 -0.024342769756913185
v 0.010635735467076302 -1.2394733857945539e-05 -0.029376531019806862
f 7528 7529 7530
v -0.01252546813338995 -1.2394733857945539e-05 -0.029376531019806862
v 0.010635735467076302 -1.2394733857945539e-05 -0.029376531019806862
v -0.01133981253951788 -0.000610303832218051 -0.03391809016466141
f 7531 7532 7533
v -0.01133981253951788 -0.000610303832218051 -0.03391809016466141
v 0.010635735467076302 -1.2394733857945539e-05 -0.029376531019806862
v 0.010159862227737904 -0.0005492984782904387 -0.03345467895269394
f 7534 7535 7536
v -0.01133981253951788 -0.000610303832218051 -0.03391809016466141
v 0.010159862227737904 -0.0005492984782904387 -0.03345467895269394
v -0.010501201264560223 -0.001241382909938693 -0.038711585104465485
f 7537 7538 7539
v -0.010501201264560223 -0.001241382909938693 -0.038711585104465485
v 0.010159862227737904 -0.0005492984782904387 -0.03345467895269394
v 0.010001000016927719 -0.001089376164600253 -0.03755699843168259
f 7540 7541 7542
v -0.010501201264560223 -0.001241382909938693 -0.038711585104465485
v 0.010001000016927719 -0.001089376164600253 -0.03755699843168259
v 0.010001000016927719 -0.001241382909938693 -0.038711585104465485
f 7543 7544 7545
v -0.02471909672021866 0.013647454790771008 -0.010000013746321201
v -0.02471909672021866 0.014320100657641888 -0.010000013746321201
v -0.009849026799201965 0.010799999348819256 -0.010000013746321201
f 7546 7547 7548
v -0.007499027065932751 0.013150001876056194 -0.010000013746321201
v -0.008674027398228645 0.012835162691771984 -0.010000013746321201
v -0.02749902755022049 0.014800000004470348 -0.010000013746321201
f 7549 7550 7551
v 0.009536132216453552 0.011975000612437725 -0.010000013746321201
v 0.019368816167116165 0.014800000004470348 -0.010000013746321201
v 0.009850973263382912 0.010799999348819256 -0.010000013746321201
f 7552 7553 7554
v 0.009850973263382912 0.010799999348819256 -0.010000013746321201
v 0.019368816167116165 0.014800000004470348 -0.010000013746321201
v 0.019368816167116165 0.013810398988425732 -0.010000013746321201
f 7555 7556 7557
v 0.009850973263382912 0.010799999348819256 -0.010000013746321201
v 0.019368816167116165 0.013810398988425732 -0.010000013746321201
v 0.009536132216453552 0.009624998085200787 -0.010000013746321201
f 7558 7559 7560
v 0.009536132216453552 0.009624998085200787 -0.010000013746321201
v 0.019368816167116165 0.013810398988425732 -0.010000013746321201
v 0.018654948100447655 0.006046477239578962 -0.010000013746321201
f 7561 7562 7563
v 0.009536132216453552 0.011975000612437725 -0.010000013746321201
v 0.008675972931087017 0.012835162691771984 -0.010000013746321201
v 0.019368816167116165 0.014800000004470348 -0.010000013746321201
f 7564 7565 7566
v 0.019368816167116165 0.014800000004470348 -0.010000013746321201
v 0.008675972931087017 0.012835162691771984 -0.010000013746321201
v 0.00750097306445241 0.013150001876056194 -0.010000013746321201
f 7567 7568 7569
v 0.019368816167116165 0.014800000004470348 -0.010000013746321201
v 0.00750097306445241 0.013150001876056194 -0.010000013746321201
v -0.02749902755022049 0.014800000004470348 -0.010000013746321201
f 7570 7571 7572
v -0.009849026799201965 0.010799999348819256 -0.010000013746321201
v -0.02471909672021866 0.014320100657641888 -0.010000013746321201
v -0.00953418668359518 0.011975000612437725 -0.010000013746321201
f 7573 7574 7575
v -0.008674027398228645 0.012835162691771984 -0.010000013746321201
v -0.00953418668359518 0.011975000612437725 -0.010000013746321201
v -0.02749902755022049 0.014800000004470348 -0.010000013746321201
f 7576 7577 7578
v -0.02749902755022049 0.014800000004470348 -0.010000013746321201
v -0.00953418668359518 0.011975000612437725 -0.010000013746321201
v -0.02471909672021866 0.014320100657641888 -0.010000013746321201
f 7579 7580 7581
v -0.02749902755022049 0.014800000004470348 -0.010000013746321201
v -0.02471909672021866 0.014320100657641888 -0.010000013746321201
v -0.02853737771511078 0.014614577405154705 -0.010000013746321201
f 7582 7583 7584
v -0.02853737771511078 0.014614577405154705 -0.010000013746321201
v -0.02471909672021866 0.014320100657641888 -0.010000013746321201
v -0.028512340039014816 0.014320100657641888 -0.010000013746321201
f 7585 7586 7587
v -0.02853737771511078 0.014614577405154705 -0.010000013746321201
v -0.028512340039014816 0.014320100657641888 -0.010000013746321201
v -0.029620347544550896 0.013921323232352734 -0.010000013746321201
f 7588 7589 7590
v -0.029620347544550896 0.013921323232352734 -0.010000013746321201
v -0.028512340039014816 0.014320100657641888 -0.010000013746321201
v -0.029354514554142952 0.013937684707343578 -0.010000013746321201
f 7591 7592 7593
v -0.029620347544550896 0.013921323232352734 -0.010000013746321201
v -0.029354514554142952 0.013937684707343578 -0.010000013746321201
v -0.03007189929485321 0.01334283035248518 -0.010000013746321201
f 7594 7595 7596
v -0.023991592228412628 0.006046477239578962 -0.010000013746321201
v -0.024908462539315224 0.013647454790771008 -0.010000013746321201
v -0.02471909672021866 0.013647454790771008 -0.010000013746321201
f 7597 7598 7599
v -0.005661723203957081 0.009334797970950603 -0.010000013746321201
v -0.00520794652402401 0.01027707289904356 -0.010000013746321201
v 0.00566366920247674 0.009334797970950603 -0.010000013746321201
f 7600 7601 7602
v 0.00566366920247674 0.009334797970950603 -0.010000013746321201
v -0.00520794652402401 0.01027707289904356 -0.010000013746321201
v 0.005209892522543669 0.01027707289904356 -0.010000013746321201
f 7603 7604 7605
v 0.00566366920247674 0.009334797970950603 -0.010000013746321201
v 0.00648134620860219 0.00868272315710783 -0.010000013746321201
v -0.023991592228412628 0.006046477239578962 -0.010000013746321201
f 7606 7607 7608
v -0.023991592228412628 0.006046477239578962 -0.010000013746321201
v 0.00648134620860219 0.00868272315710783 -0.010000013746321201
v 0.00750097306445241 0.008449996821582317 -0.010000013746321201
f 7609 7610 7611
v -0.023991592228412628 0.006046477239578962 -0.010000013746321201
v 0.00750097306445241 0.008449996821582317 -0.010000013746321201
v 0.018654948100447655 0.006046477239578962 -0.010000013746321201
f 7612 7613 7614
v 0.018654948100447655 0.006046477239578962 -0.010000013746321201
v 0.00750097306445241 0.008449996821582317 -0.010000013746321201
v 0.008675972931087017 0.008764843456447124 -0.010000013746321201
f 7615 7616 7617
v 0.018654948100447655 0.006046477239578962 -0.010000013746321201
v 0.008675972931087017 0.008764843456447124 -0.010000013746321201
v 0.009536132216453552 0.009624998085200787 -0.010000013746321201
f 7618 7619 7620
v 0.00750097306445241 0.013150001876056194 -0.010000013746321201
v 0.00648134620860219 0.012917275540530682 -0.010000013746321201
v -0.02749902755022049 0.014800000004470348 -0.010000013746321201
f 7621 7622 7623
v -0.02749902755022049 0.014800000004470348 -0.010000013746321201
v 0.00648134620860219 0.012917275540530682 -0.010000013746321201
v 0.00566366920247674 0.012265200726687908 -0.010000013746321201
f 7624 7625 7626
v -0.02749902755022049 0.014800000004470348 -0.010000013746321201
v 0.00566366920247674 0.012265200726687908 -0.010000013746321201
v -0.007499027065932751 0.013150001876056194 -0.010000013746321201
f 7627 7628 7629
v -0.007499027065932751 0.013150001876056194 -0.010000013746321201
v 0.00566366920247674 0.012265200726687908 -0.010000013746321201
v 0.005209892522543669 0.011322925798594952 -0.010000013746321201
f 7630 7631 7632
v -0.007499027065932751 0.013150001876056194 -0.010000013746321201
v 0.005209892522543669 0.011322925798594952 -0.010000013746321201
v -0.006479400210082531 0.012917275540530682 -0.010000013746321201
f 7633 7634 7635
v -0.006479400210082531 0.012917275540530682 -0.010000013746321201
v 0.005209892522543669 0.011322925798594952 -0.010000013746321201
v -0.005661723203957081 0.012265200726687908 -0.010000013746321201
f 7636 7637 7638
v -0.009849026799201965 0.010799999348819256 -0.010000013746321201
v -0.00953418668359518 0.009624998085200787 -0.010000013746321201
v -0.02471909672021866 0.013647454790771008 -0.010000013746321201
f 7639 7640 7641
v -0.02471909672021866 0.013647454790771008 -0.010000013746321201
v -0.00953418668359518 0.009624998085200787 -0.010000013746321201
v -0.008674027398228645 0.008764843456447124 -0.010000013746321201
f 7642 7643 7644
v -0.02471909672021866 0.013647454790771008 -0.010000013746321201
v -0.008674027398228645 0.008764843456447124 -0.010000013746321201
v -0.023991592228412628 0.006046477239578962 -0.010000013746321201
f 7645 7646 7647
v -0.023991592228412628 0.006046477239578962 -0.010000013746321201
v -0.008674027398228645 0.008764843456447124 -0.010000013746321201
v -0.007499027065932751 0.008449996821582317 -0.010000013746321201
f 7648 7649 7650
v -0.023991592228412628 0.006046477239578962 -0.010000013746321201
v -0.007499027065932751 0.008449996821582317 -0.010000013746321201
v 0.00566366920247674 0.009334797970950603 -0.010000013746321201
f 7651 7652 7653
v 0.00566366920247674 0.009334797970950603 -0.010000013746321201
v -0.007499027065932751 0.008449996821582317 -0.010000013746321201
v -0.006479400210082531 0.00868272315710783 -0.010000013746321201
f 7654 7655 7656
v 0.00566366920247674 0.009334797970950603 -0.010000013746321201
v -0.006479400210082531 0.00868272315710783 -0.010000013746321201
v -0.005661723203957081 0.009334797970950603 -0.010000013746321201
f 7657 7658 7659
v 0.005209892522543669 0.01027707289904356 -0.010000013746321201
v -0.00520794652402401 0.01027707289904356 -0.010000013746321201
v 0.005209892522543669 0.011322925798594952 -0.010000013746321201
f 7660 7661 7662
v 0.005209892522543669 0.011322925798594952 -0.010000013746321201
v -0.00520794652402401 0.01027707289904356 -0.010000013746321201
v -0.00520794652402401 0.011322925798594952 -0.010000013746321201
f 7663 7664 7665
v 0.005209892522543669 0.011322925798594952 -0.010000013746321201
v -0.00520794652402401 0.011322925798594952 -0.010000013746321201
v -0.005661723203957081 0.012265200726687908 -0.010000013746321201
f 7666 7667 7668
v 0.005150972865521908 -0.010800001211464405 -0.010000013746321201
v -0.007499027065932751 -0.013150003738701344 -0.010000013746321201
v -0.006324027199298143 -0.012835157103836536 -0.010000013746321201
f 7669 7670 7671
v -0.028999026864767075 -0.014398072846233845 -0.010000013746321201
v -0.030097102746367455 -0.013299998827278614 -0.010000013746321201
v -0.02749902755022049 -0.014800001867115498 -0.010000013746321201
f 7672 7673 7674
v -0.02749902755022049 -0.014800001867115498 -0.010000013746321201
v -0.030097102746367455 -0.013299998827278614 -0.010000013746321201
v -0.03049902617931366 -0.011800003238022327 -0.010000013746321201
f 7675 7676 7677
v -0.03049902617931366 -0.011800003238022327 -0.010000013746321201
v -0.03049902617931366 -0.0037557899486273527 -0.010000013746321201
v -0.03023984283208847 -0.004004557151347399 -0.010000013746321201
f 7678 7679 7680
v -0.03023984283208847 -0.004004557151347399 -0.010000013746321201
v -0.029710441827774048 -0.004400697071105242 -0.010000013746321201
v -0.03049902617931366 -0.011800003238022327 -0.010000013746321201
f 7681 7682 7683
v -0.03049902617931366 -0.011800003238022327 -0.010000013746321201
v -0.029710441827774048 -0.004400697071105242 -0.010000013746321201
v -0.02855684421956539 -0.004943524021655321 -0.010000013746321201
f 7684 7685 7686
v -0.03049902617931366 -0.011800003238022327 -0.010000013746321201
v -0.02855684421956539 -0.004943524021655321 -0.010000013746321201
v -0.028309237211942673 -0.005018953699618578 -0.010000013746321201
f 7687 7688 7689
v -0.028309237211942673 -0.005018953699618578 -0.010000013746321201
v -0.009849026799201965 -0.010800001211464405 -0.010000013746321201
v -0.03049902617931366 -0.011800003238022327 -0.010000013746321201
f 7690 7691 7692
v -0.03049902617931366 -0.011800003238022327 -0.010000013746321201
v -0.009849026799201965 -0.010800001211464405 -0.010000013746321201
v -0.00953418668359518 -0.011975002475082874 -0.010000013746321201
f 7693 7694 7695
v -0.03049902617931366 -0.011800003238022327 -0.010000013746321201
v -0.00953418668359518 -0.011975002475082874 -0.010000013746321201
v -0.02749902755022049 -0.014800001867115498 -0.010000013746321201
f 7696 7697 7698
v -0.02749902755022049 -0.014800001867115498 -0.010000013746321201
v -0.00953418668359518 -0.011975002475082874 -0.010000013746321201
v -0.008674027398228645 -0.012835157103836536 -0.010000013746321201
f 7699 7700 7701
v -0.02749902755022049 -0.014800001867115498 -0.010000013746321201
v -0.008674027398228645 -0.012835157103836536 -0.010000013746321201
v -0.007499027065932751 -0.013150003738701344 -0.010000013746321201
f 7702 7703 7704
v -0.006324027199298143 -0.012835157103836536 -0.010000013746321201
v -0.005463867448270321 -0.011975002475082874 -0.010000013746321201
v 0.005150972865521908 -0.010800001211464405 -0.010000013746321201
f 7705 7706 7707
v 0.005150972865521908 -0.010800001211464405 -0.010000013746321201
v -0.005463867448270321 -0.011975002475082874 -0.010000013746321201
v -0.005149026867002249 -0.010800001211464405 -0.010000013746321201
f 7708 7709 7710
v 0.005150972865521908 -0.010800001211464405 -0.010000013746321201
v -0.005149026867002249 -0.010800001211464405 -0.010000013746321201
v 0.00546581344678998 -0.009624999947845936 -0.010000013746321201
f 7711 7712 7713
v 0.00546581344678998 -0.009624999947845936 -0.010000013746321201
v -0.005149026867002249 -0.010800001211464405 -0.010000013746321201
v -0.005463867448270321 -0.009624999947845936 -0.010000013746321201
f 7714 7715 7716
v 0.00546581344678998 -0.009624999947845936 -0.010000013746321201
v -0.005463867448270321 -0.009624999947845936 -0.010000013746321201
v -0.006324027199298143 -0.008764837868511677 -0.010000013746321201
f 7717 7718 7719
v -0.026827141642570496 -0.00522443326190114 -0.010000013746321201
v -0.008674027398228645 -0.008764837868511677 -0.010000013746321201
v -0.028309237211942673 -0.005018953699618578 -0.010000013746321201
f 7720 7721 7722
v -0.028309237211942673 -0.005018953699618578 -0.010000013746321201
v -0.008674027398228645 -0.008764837868511677 -0.010000013746321201
v -0.00953418668359518 -0.009624999947845936 -0.010000013746321201
f 7723 7724 7725
v -0.028309237211942673 -0.005018953699618578 -0.010000013746321201
v -0.00953418668359518 -0.009624999947845936 -0.010000013746321201
v -0.009849026799201965 -0.010800001211464405 -0.010000013746321201
f 7726 7727 7728
v -0.007499027065932751 -0.008449998684227467 -0.010000013746321201
v 0.00750097306445241 -0.008449998684227467 -0.010000013746321201
v -0.006324027199298143 -0.008764837868511677 -0.010000013746321201
f 7729 7730 7731
v -0.006324027199298143 -0.008764837868511677 -0.010000013746321201
v 0.00750097306445241 -0.008449998684227467 -0.010000013746321201
v 0.006325973197817802 -0.008764837868511677 -0.010000013746321201
f 7732 7733 7734
v -0.006324027199298143 -0.008764837868511677 -0.010000013746321201
v 0.006325973197817802 -0.008764837868511677 -0.010000013746321201
v 0.00546581344678998 -0.009624999947845936 -0.010000013746321201
f 7735 7736 7737
v 0.009338277392089367 -0.012265202589333057 -0.010000013746321201
v 0.009792053140699863 -0.0113229276612401 -0.010000013746321201
v 0.027500972151756287 -0.014800001867115498 -0.010000013746321201
f 7738 7739 7740
v 0.029772290959954262 -0.004356977064162493 -0.010000013746321201
v 0.030500933527946472 -0.0037294819485396147 -0.010000013746321201
v 0.030500972643494606 -0.011800003238022327 -0.010000013746321201
f 7741 7742 7743
v 0.029772290959954262 -0.004356977064162493 -0.010000013746321201
v 0.030500972643494606 -0.011800003238022327 -0.010000013746321201
v 0.029104864224791527 -0.004738297779113054 -0.010000013746321201
f 7744 7745 7746
v 0.030500972643494606 -0.011800003238022327 -0.010000013746321201
v 0.03027261234819889 -0.012948048301041126 -0.010000013746321201
v 0.029622294008731842 -0.013921317644417286 -0.010000013746321201
f 7747 7748 7749
v 0.005150972865521908 -0.010800001211464405 -0.010000013746321201
v 0.00546581344678998 -0.011975002475082874 -0.010000013746321201
v -0.007499027065932751 -0.013150003738701344 -0.010000013746321201
f 7750 7751 7752
v -0.007499027065932751 -0.013150003738701344 -0.010000013746321201
v 0.00546581344678998 -0.011975002475082874 -0.010000013746321201
v 0.006325973197817802 -0.012835157103836536 -0.010000013746321201
f 7753 7754 7755
v -0.007499027065932751 -0.013150003738701344 -0.010000013746321201
v 0.006325973197817802 -0.012835157103836536 -0.010000013746321201
v -0.02749902755022049 -0.014800001867115498 -0.010000013746321201
f 7756 7757 7758
v -0.02749902755022049 -0.014800001867115498 -0.010000013746321201
v 0.006325973197817802 -0.012835157103836536 -0.010000013746321201
v 0.00750097306445241 -0.013150003738701344 -0.010000013746321201
f 7759 7760 7761
v -0.02749902755022049 -0.014800001867115498 -0.010000013746321201
v 0.00750097306445241 -0.013150003738701344 -0.010000013746321201
v 0.027500972151756287 -0.014800001867115498 -0.010000013746321201
f 7762 7763 7764
v 0.027500972151756287 -0.014800001867115498 -0.010000013746321201
v 0.00750097306445241 -0.013150003738701344 -0.010000013746321201
v 0.008520599454641342 -0.01291727740317583 -0.010000013746321201
f 7765 7766 7767
v 0.027500972151756287 -0.014800001867115498 -0.010000013746321201
v 0.008520599454641342 -0.01291727740317583 -0.010000013746321201
v 0.009338277392089367 -0.012265202589333057 -0.010000013746321201
f 7768 7769 7770
v 0.009792053140699863 -0.0113229276612401 -0.010000013746321201
v 0.009792053140699863 -0.01027707476168871 -0.010000013746321201
v 0.027500972151756287 -0.014800001867115498 -0.010000013746321201
f 7771 7772 7773
v 0.027500972151756287 -0.014800001867115498 -0.010000013746321201
v 0.009792053140699863 -0.01027707476168871 -0.010000013746321201
v 0.030500972643494606 -0.011800003238022327 -0.010000013746321201
f 7774 7775 7776
v 0.027500972151756287 -0.014800001867115498 -0.010000013746321201
v 0.030500972643494606 -0.011800003238022327 -0.010000013746321201
v 0.028649022802710533 -0.014571641571819782 -0.010000013746321201
f 7777 7778 7779
v 0.028649022802710533 -0.014571641571819782 -0.010000013746321201
v 0.030500972643494606 -0.011800003238022327 -0.010000013746321201
v 0.029622294008731842 -0.013921317644417286 -0.010000013746321201
f 7780 7781 7782
v 0.02697300910949707 -0.00522443326190114 -0.010000013746321201
v 0.027290569618344307 -0.00521351071074605 -0.010000013746321201
v 0.030500972643494606 -0.011800003238022327 -0.010000013746321201
f 7783 7784 7785
v 0.030500972643494606 -0.011800003238022327 -0.010000013746321201
v 0.027290569618344307 -0.00521351071074605 -0.010000013746321201
v 0.028421517461538315 -0.005002331454306841 -0.010000013746321201
f 7786 7787 7788
v 0.030500972643494606 -0.011800003238022327 -0.010000013746321201
v 0.028421517461538315 -0.005002331454306841 -0.010000013746321201
v 0.029104864224791527 -0.004738297779113054 -0.010000013746321201
f 7789 7790 7791
v 0.009792053140699863 -0.01027707476168871 -0.010000013746321201
v 0.009338277392089367 -0.009334799833595753 -0.010000013746321201
v 0.030500972643494606 -0.011800003238022327 -0.010000013746321201
f 7792 7793 7794
v 0.030500972643494606 -0.011800003238022327 -0.010000013746321201
v 0.009338277392089367 -0.009334799833595753 -0.010000013746321201
v 0.008520599454641342 -0.00868272501975298 -0.010000013746321201
f 7795 7796 7797
v 0.030500972643494606 -0.011800003238022327 -0.010000013746321201
v 0.008520599454641342 -0.00868272501975298 -0.010000013746321201
v 0.02697300910949707 -0.00522443326190114 -0.010000013746321201
f 7798 7799 7800
v 0.02697300910949707 -0.00522443326190114 -0.010000013746321201
v 0.008520599454641342 -0.00868272501975298 -0.010000013746321201
v 0.00750097306445241 -0.008449998684227467 -0.010000013746321201
f 7801 7802 7803
v 0.02697300910949707 -0.00522443326190114 -0.010000013746321201
v 0.00750097306445241 -0.008449998684227467 -0.010000013746321201
v -0.026827141642570496 -0.00522443326190114 -0.010000013746321201
f 7804 7805 7806
v -0.026827141642570496 -0.00522443326190114 -0.010000013746321201
v 0.00750097306445241 -0.008449998684227467 -0.010000013746321201
v -0.007499027065932751 -0.008449998684227467 -0.010000013746321201
f 7807 7808 7809
v -0.026827141642570496 -0.00522443326190114 -0.010000013746321201
v -0.007499027065932751 -0.008449998684227467 -0.010000013746321201
v -0.008674027398228645 -0.008764837868511677 -0.010000013746321201
f 7810 7811 7812
v 0.014000999741256237 0.0037802562583237886 -0.037996090948581696
v 0.014000999741256237 -0.00086021120660007 -0.050745658576488495
v 0.010001000016927719 -0.00086021120660007 -0.050745658576488495
f 7813 7814 7815
v 0.022636214271187782 0.013525071553885937 -0.011222445406019688
v 0.0225286353379488 0.013490970246493816 -0.011316143907606602
v 0.018494199961423874 0.013525071553885937 -0.011222445406019688
f 7816 7817 7818
v 0.018494199961423874 0.013525071553885937 -0.011222445406019688
v 0.0225286353379488 0.013490970246493816 -0.011316143907606602
v 0.021171653643250465 0.012756775133311749 -0.013333284296095371
f 7819 7820 7821
v 0.018494199961423874 0.013525071553885937 -0.011222445406019688
v 0.021171653643250465 0.012756775133311749 -0.013333284296095371
v 0.016632918268442154 0.012485417537391186 -0.01407813373953104
f 7822 7823 7824
v 0.016632918268442154 0.012485417537391186 -0.01407813373953104
v 0.021171653643250465 0.012756775133311749 -0.013333284296095371
v 0.01972786709666252 0.011870327405631542 -0.01576882041990757
f 7825 7826 7827
v 0.016632918268442154 0.012485417537391186 -0.01407813373953104
v 0.01972786709666252 0.011870327405631542 -0.01576882041990757
v 0.01930665597319603 0.011586192063987255 -0.01654946245253086
f 7828 7829 7830
v 0.010001000016927719 -0.00086021120660007 -0.050745658576488495
v 0.010001000016927719 0.003710094140842557 -0.03818885236978531
v 0.014000999741256237 0.0037802562583237886 -0.037996090948581696
f 7831 7832 7833
v 0.014000999741256237 0.0037802562583237886 -0.037996090948581696
v 0.010001000016927719 0.003710094140842557 -0.03818885236978531
v 0.010026199743151665 0.004287961404770613 -0.03660085052251816
f 7834 7835 7836
v 0.014000999741256237 0.0037802562583237886 -0.037996090948581696
v 0.010026199743151665 0.004287961404770613 -0.03660085052251816
v 0.014152418822050095 0.005132171791046858 -0.03428172320127487
f 7837 7838 7839
v 0.014152418822050095 0.005132171791046858 -0.03428172320127487
v 0.010026199743151665 0.004287961404770613 -0.03660085052251816
v 0.010227001272141933 0.005438018124550581 -0.03344038873910904
f 7840 7841 7842
v 0.014152418822050095 0.005132171791046858 -0.03428172320127487
v 0.010227001272141933 0.005438018124550581 -0.03344038873910904
v 0.014367672614753246 0.005883786361664534 -0.032216690480709076
f 7843 7844 7845
v 0.014367672614753246 0.005883786361664534 -0.032216690480709076
v 0.010227001272141933 0.005438018124550581 -0.03344038873910904
v 0.010635735467076302 0.006600636523216963 -0.0302471611648798
f 7846 7847 7848
v 0.014367672614753246 0.005883786361664534 -0.032216690480709076
v 0.010635735467076302 0.006600636523216963 -0.0302471611648798
v 0.014603529125452042 0.006475243251770735 -0.030591676011681557
f 7849 7850 7851
v 0.014603529125452042 0.006475243251770735 -0.030591676011681557
v 0.010635735467076302 0.006600636523216963 -0.0302471611648798
v 0.010832183994352818 0.006995055358856916 -0.029163384810090065
f 7852 7853 7854
v 0.014603529125452042 0.006475243251770735 -0.030591676011681557
v 0.010832183994352818 0.006995055358856916 -0.029163384810090065
v 0.015464123338460922 0.007965962402522564 -0.026495957747101784
f 7855 7856 7857
v 0.015464123338460922 0.007965962402522564 -0.026495957747101784
v 0.010832183994352818 0.006995055358856916 -0.029163384810090065
v 0.01153363287448883 0.008107836358249187 -0.026105264201760292
f 7858 7859 7860
v 0.015464123338460922 0.007965962402522564 -0.026495957747101784
v 0.01153363287448883 0.008107836358249187 -0.026105264201760292
v 0.016385767608880997 0.009100186638534069 -0.02337970770895481
f 7861 7862 7863
v 0.016385767608880997 0.009100186638534069 -0.02337970770895481
v 0.01153363287448883 0.008107836358249187 -0.026105264201760292
v 0.012447931803762913 0.009207668714225292 -0.023083696141839027
f 7864 7865 7866
v 0.016385767608880997 0.009100186638534069 -0.02337970770895481
v 0.012447931803762913 0.009207668714225292 -0.023083696141839027
v 0.017259256914258003 0.00996949803084135 -0.02099127508699894
f 7867 7868 7869
v 0.017259256914258003 0.00996949803084135 -0.02099127508699894
v 0.012447931803762913 0.009207668714225292 -0.023083696141839027
v 0.013475355692207813 0.010202745907008648 -0.02035048045217991
f 7870 7871 7872
v 0.017259256914258003 0.00996949803084135 -0.02099127508699894
v 0.013475355692207813 0.010202745907008648 -0.02035048045217991
v 0.01930665597319603 0.011586192063987255 -0.01654946245253086
f 7873 7874 7875
v 0.01930665597319603 0.011586192063987255 -0.01654946245253086
v 0.013475355692207813 0.010202745907008648 -0.02035048045217991
v 0.014931232668459415 0.011362004093825817 -0.017164820805191994
f 7876 7877 7878
v 0.01930665597319603 0.011586192063987255 -0.01654946245253086
v 0.014931232668459415 0.011362004093825817 -0.017164820805191994
v 0.016632918268442154 0.012485417537391186 -0.01407813373953104
f 7879 7880 7881
v -0.0248879361897707 -0.0035279213916510344 -0.014573627151548862
v -0.023922627791762352 -0.0036853000055998564 -0.01584422029554844
v 0.02380894124507904 -0.003997315187007189 -0.018363291397690773
f 7882 7883 7884
v 0.02380894124507904 -0.003997315187007189 -0.018363291397690773
v -0.023922627791762352 -0.0036853000055998564 -0.01584422029554844
v -0.02140330709517002 -0.004151273984462023 -0.019606271758675575
f 7885 7886 7887
v 0.02380894124507904 -0.003997315187007189 -0.018363291397690773
v -0.02140330709517002 -0.004151273984462023 -0.019606271758675575
v 0.02354239486157894 -0.0041074869222939014 -0.01925274170935154
f 7888 7889 7890
v 0.025134675204753876 -0.003603157354518771 -0.01518102828413248
v 0.025991693139076233 -0.0034168853890150785 -0.0136771434918046
v -0.026828981935977936 -0.003239598823711276 -0.01224579755216837
f 7891 7892 7893
v -0.026828981935977936 -0.003239598823711276 -0.01224579755216837
v 0.025991693139076233 -0.0034168853890150785 -0.0136771434918046
v 0.02697034925222397 -0.0032400235068053007 -0.012249254621565342
f 7894 7895 7896
v -0.026828981935977936 -0.003239598823711276 -0.01224579755216837
v 0.02697034925222397 -0.0032400235068053007 -0.012249254621565342
v 0.026972979307174683 -0.003239591373130679 -0.012245737947523594
f 7897 7898 7899
v -0.0248879361897707 -0.0035279213916510344 -0.014573627151548862
v 0.02380894124507904 -0.003997315187007189 -0.018363291397690773
v -0.026828981935977936 -0.003239598823711276 -0.01224579755216837
f 7900 7901 7902
v -0.026828981935977936 -0.003239598823711276 -0.01224579755216837
v 0.02380894124507904 -0.003997315187007189 -0.018363291397690773
v 0.024933869019150734 -0.0036526217591017485 -0.01558034960180521
f 7903 7904 7905
v -0.026828981935977936 -0.003239598823711276 -0.01224579755216837
v 0.024933869019150734 -0.0036526217591017485 -0.01558034960180521
v 0.025134675204753876 -0.003603157354518771 -0.01518102828413248
f 7906 7907 7908
v 0.02354239486157894 -0.0041074869222939014 -0.01925274170935154
v -0.02140330709517002 -0.004151273984462023 -0.019606271758675575
v 0.02309577539563179 -0.0043541607446968555 -0.02124428190290928
f 7909 7910 7911
v 0.02309577539563179 -0.0043541607446968555 -0.02124428190290928
v -0.02140330709517002 -0.004151273984462023 -0.019606271758675575
v -0.0197143591940403 -0.004523370880633593 -0.022610435262322426
f 7912 7913 7914
v 0.02309577539563179 -0.0043541607446968555 -0.02124428190290928
v -0.0197143591940403 -0.004523370880633593 -0.022610435262322426
v 0.022971170023083687 -0.004454877693206072 -0.02205742336809635
f 7915 7916 7917
v 0.022971170023083687 -0.004454877693206072 -0.02205742336809635
v -0.0197143591940403 -0.004523370880633593 -0.022610435262322426
v -0.01855379156768322 -0.004819345194846392 -0.02500000037252903
f 7918 7919 7920
v 0.022971170023083687 -0.004454877693206072 -0.02205742336809635
v -0.01855379156768322 -0.004819345194846392 -0.02500000037252903
v 0.0225085336714983 -0.004819345194846392 -0.02500000037252903
f 7921 7922 7923
v 0.018030600622296333 -0.0007785900961607695 -0.03882620483636856
v 0.01700030453503132 -0.0014086260925978422 -0.04055721312761307
v 0.017000999301671982 -0.00010300124267814681 -0.03697004169225693
f 7924 7925 7926
v 0.02811281569302082 0.009234401397407055 -0.011315726675093174
v 0.0280857402831316 0.009223314933478832 -0.011346184648573399
v 0.025492040440440178 0.009234319441020489 -0.011315965093672276
f 7927 7928 7929
v 0.025492040440440178 0.009234319441020489 -0.011315965093672276
v 0.0280857402831316 0.009223314933478832 -0.011346184648573399
v 0.02696659415960312 0.008723686449229717 -0.012718909420073032
f 7930 7931 7932
v 0.025492040440440178 0.009234319441020489 -0.011315965093672276
v 0.02696659415960312 0.008723686449229717 -0.012718909420073032
v 0.023554427549242973 0.008201907388865948 -0.01415249053388834
f 7933 7934 7935
v 0.02696659415960312 0.008723686449229717 -0.012718909420073032
v 0.025909291580319405 0.008157695643603802 -0.014273964799940586
v 0.023554427549242973 0.008201907388865948 -0.01415249053388834
f 7936 7937 7938
v 0.023554427549242973 0.008201907388865948 -0.01415249053388834
v 0.025909291580319405 0.008157695643603802 -0.014273964799940586
v 0.025084085762500763 0.007622781675308943 -0.015743637457489967
f 7939 7940 7941
v 0.023554427549242973 0.008201907388865948 -0.01415249053388834
v 0.025084085762500763 0.007622781675308943 -0.015743637457489967
v 0.022471975535154343 0.007536645513027906 -0.015980267897248268
f 7942 7943 7944
v 0.022471975535154343 0.007536645513027906 -0.015980267897248268
v 0.025084085762500763 0.007622781675308943 -0.015743637457489967
v 0.024256866425275803 0.006954829674214125 -0.01757880486547947
f 7945 7946 7947
v 0.022471975535154343 0.007536645513027906 -0.015980267897248268
v 0.024256866425275803 0.006954829674214125 -0.01757880486547947
v 0.020387766882777214 0.005985047202557325 -0.02024325169622898
f 7948 7949 7950
v 0.024256866425275803 0.006954829674214125 -0.01757880486547947
v 0.02384825423359871 0.006544123869389296 -0.018707210198044777
v 0.020387766882777214 0.005985047202557325 -0.02024325169622898
f 7951 7952 7953
v 0.020387766882777214 0.005985047202557325 -0.02024325169622898
v 0.02384825423359871 0.006544123869389296 -0.018707210198044777
v 0.02328171581029892 0.005794580560177565 -0.020766565576195717
f 7954 7955 7956
v 0.020387766882777214 0.005985047202557325 -0.02024325169622898
v 0.02328171581029892 0.005794580560177565 -0.020766565576195717
v 0.02007150650024414 0.005704920273274183 -0.021012911573052406
f 7957 7958 7959
v 0.02007150650024414 0.005704920273274183 -0.021012911573052406
v 0.02328171581029892 0.005794580560177565 -0.020766565576195717
v 0.022971170023083687 0.005155521910637617 -0.022522369399666786
f 7960 7961 7962
v 0.02007150650024414 0.005704920273274183 -0.021012911573052406
v 0.022971170023083687 0.005155521910637617 -0.022522369399666786
v 0.01917891576886177 0.004814739804714918 -0.023458654060959816
f 7963 7964 7965
v 0.01917891576886177 0.004814739804714918 -0.023458654060959816
v 0.022971170023083687 0.005155521910637617 -0.022522369399666786
v 0.018338026478886604 0.0037693113554269075 -0.026330942288041115
f 7966 7967 7968
v 0.018030600622296333 -0.0007785900961607695 -0.03882620483636856
v 0.017000999301671982 -0.00010300124267814681 -0.03697004169225693
v 0.01911875046789646 1.1216156053706072e-05 -0.036656223237514496
f 7969 7970 7971
v 0.01911875046789646 1.1216156053706072e-05 -0.036656223237514496
v 0.017000999301671982 -0.00010300124267814681 -0.03697004169225693
v 0.017006371170282364 0.00014414195902645588 -0.036291010677814484
f 7972 7973 7974
v 0.01911875046789646 1.1216156053706072e-05 -0.036656223237514496
v 0.017006371170282364 0.00014414195902645588 -0.036291010677814484
v 0.020764559507369995 0.0015510201919823885 -0.0324256494641304
f 7975 7976 7977
v 0.022971170023083687 0.005155521910637617 -0.022522369399666786
v 0.022143246605992317 0.0034164891112595797 -0.027300307527184486
v 0.018338026478886604 0.0037693113554269075 -0.026330942288041115
f 7978 7979 7980
v 0.018338026478886604 0.0037693113554269075 -0.026330942288041115
v 0.022143246605992317 0.0034164891112595797 -0.027300307527184486
v 0.0219600647687912 0.003118734108284116 -0.028118396177887917
f 7981 7982 7983
v 0.018338026478886604 0.0037693113554269075 -0.026330942288041115
v 0.0219600647687912 0.003118734108284116 -0.028118396177887917
v 0.017419541254639626 0.0020752951968461275 -0.030985215678811073
f 7984 7985 7986
v 0.017419541254639626 0.0020752951968461275 -0.030985215678811073
v 0.0219600647687912 0.003118734108284116 -0.028118396177887917
v 0.020764559507369995 0.0015510201919823885 -0.0324256494641304
f 7987 7988 7989
v 0.017419541254639626 0.0020752951968461275 -0.030985215678811073
v 0.020764559507369995 0.0015510201919823885 -0.0324256494641304
v 0.0171382836997509 0.0011462897527962923 -0.03353763371706009
f 7990 7991 7992
v 0.0171382836997509 0.0011462897527962923 -0.03353763371706009
v 0.020764559507369995 0.0015510201919823885 -0.0324256494641304
v 0.017006371170282364 0.00014414195902645588 -0.036291010677814484
f 7993 7994 7995
v 0.01350099965929985 0.0008021623361855745 -0.021085107699036598
v 0.01350099965929985 0.00037280027754604816 -0.02101215161383152
v 0.01350099965929985 0.0008021623361855745 -0.023539209738373756
f 7996 7997 7998
v 0.01350099965929985 0.0008021623361855745 -0.023539209738373756
v 0.01350099965929985 0.00037280027754604816 -0.02101215161383152
v 0.01350099965929985 0.00037280027754604816 -0.02361215092241764
f 7999 8000 8001
v 0.01350099965929985 0.00037280027754604816 -0.02361215092241764
v 0.01350099965929985 0.00037280027754604816 -0.02101215161383152
v 0.01350099965929985 -5.6561777455499396e-05 -0.023539209738373756
f 8002 8003 8004
v 0.01350099965929985 -5.6561777455499396e-05 -0.023539209738373756
v 0.01350099965929985 0.00037280027754604816 -0.02101215161383152
v 0.01350099965929985 -5.6561777455499396e-05 -0.021085107699036598
f 8005 8006 8007
v 0.01350099965929985 -5.6561777455499396e-05 -0.023539209738373756
v 0.01350099965929985 -5.6561777455499396e-05 -0.021085107699036598
v 0.01350099965929985 -0.0005867525469511747 -0.021435091271996498
f 8008 8009 8010
v 0.01350099965929985 0.0016333938110619783 -0.021994510665535927
v 0.01350099965929985 0.001332353102043271 -0.021435091271996498
v 0.01350099965929985 0.0016333938110619783 -0.022629806771874428
f 8011 8012 8013
v 0.01350099965929985 0.0016333938110619783 -0.022629806771874428
v 0.01350099965929985 0.001332353102043271 -0.021435091271996498
v 0.01350099965929985 0.0008021623361855745 -0.021085107699036598
f 8014 8015 8016
v 0.01350099965929985 0.0016333938110619783 -0.022629806771874428
v 0.01350099965929985 0.0008021623361855745 -0.021085107699036598
v 0.01350099965929985 0.001332353102043271 -0.023189226165413857
f 8017 8018 8019
v 0.01350099965929985 0.001332353102043271 -0.023189226165413857
v 0.01350099965929985 0.0008021623361855745 -0.021085107699036598
v 0.01350099965929985 0.0008021623361855745 -0.023539209738373756
f 8020 8021 8022
v 0.01350099965929985 -0.0005867525469511747 -0.021435091271996498
v 0.01350099965929985 -0.000887793255969882 -0.021994510665535927
v 0.01350099965929985 -5.6561777455499396e-05 -0.023539209738373756
f 8023 8024 8025
v 0.01350099965929985 -5.6561777455499396e-05 -0.023539209738373756
v 0.01350099965929985 -0.000887793255969882 -0.021994510665535927
v 0.01350099965929985 -0.000887793255969882 -0.022629806771874428
f 8026 8027 8028
v 0.01350099965929985 -5.6561777455499396e-05 -0.023539209738373756
v 0.01350099965929985 -0.000887793255969882 -0.022629806771874428
v 0.01350099965929985 -0.0005867525469511747 -0.023189226165413857
f 8029 8030 8031
v -0.016498999670147896 -0.000887793255969882 -0.021994510665535927
v -0.016498999670147896 -0.0005867525469511747 -0.021435091271996498
v -0.016498999670147896 -5.6561777455499396e-05 -0.021085107699036598
f 8032 8033 8034
v -0.016498999670147896 0.00037280027754604816 -0.02361215092241764
v -0.016498999670147896 0.0008021623361855745 -0.021085107699036598
v -0.016498999670147896 0.0008021623361855745 -0.023539209738373756
f 8035 8036 8037
v -0.016498999670147896 0.0008021623361855745 -0.023539209738373756
v -0.016498999670147896 0.0008021623361855745 -0.021085107699036598
v -0.016498999670147896 0.001332353102043271 -0.021435091271996498
f 8038 8039 8040
v -0.016498999670147896 -5.6561777455499396e-05 -0.023539209738373756
v -0.016498999670147896 -0.0005867525469511747 -0.023189226165413857
v -0.016498999670147896 -0.000887793255969882 -0.022629806771874428
f 8041 8042 8043
v -0.016498999670147896 -0.000887793255969882 -0.022629806771874428
v -0.016498999670147896 -0.000887793255969882 -0.021994510665535927
v -0.016498999670147896 -5.6561777455499396e-05 -0.023539209738373756
f 8044 8045 8046
v -0.016498999670147896 -5.6561777455499396e-05 -0.023539209738373756
v -0.016498999670147896 -0.000887793255969882 -0.021994510665535927
v -0.016498999670147896 -5.6561777455499396e-05 -0.021085107699036598
f 8047 8048 8049
v -0.016498999670147896 -5.6561777455499396e-05 -0.023539209738373756
v -0.016498999670147896 -5.6561777455499396e-05 -0.021085107699036598
v -0.016498999670147896 0.00037280027754604816 -0.02361215092241764
f 8050 8051 8052
v -0.016498999670147896 0.00037280027754604816 -0.02361215092241764
v -0.016498999670147896 -5.6561777455499396e-05 -0.021085107699036598
v -0.016498999670147896 0.00037280027754604816 -0.02101215161383152
f 8053 8054 8055
v -0.016498999670147896 0.00037280027754604816 -0.02361215092241764
v -0.016498999670147896 0.00037280027754604816 -0.02101215161383152
v -0.016498999670147896 0.0008021623361855745 -0.021085107699036598
f 8056 8057 8058
v -0.016498999670147896 0.001332353102043271 -0.021435091271996498
v -0.016498999670147896 0.0016333938110619783 -0.021994510665535927
v -0.016498999670147896 0.0008021623361855745 -0.023539209738373756
f 8059 8060 8061
v -0.016498999670147896 0.0008021623361855745 -0.023539209738373756
v -0.016498999670147896 0.0016333938110619783 -0.021994510665535927
v -0.016498999670147896 0.0016333938110619783 -0.022629806771874428
f 8062 8063 8064
v -0.016498999670147896 0.0008021623361855745 -0.023539209738373756
v -0.016498999670147896 0.0016333938110619783 -0.022629806771874428
v -0.016498999670147896 0.001332353102043271 -0.023189226165413857
f 8065 8066 8067
v 0.011001000180840492 -0.004315149504691362 -0.04861215502023697
v 0.011001000180840492 -0.0036651536356657743 -0.04618632048368454
v 0.011001000180840492 -0.004879195708781481 -0.048483408987522125
f 8068 8069 8070
v 0.011001000180840492 -0.004879195708781481 -0.048483408987522125
v 0.011001000180840492 -0.0036651536356657743 -0.04618632048368454
v 0.011001000180840492 -0.004315149504691362 -0.04601215571165085
f 8071 8072 8073
v 0.011001000180840492 -0.005331527907401323 -0.04650161415338516
v 0.011001000180840492 -0.005582552868872881 -0.04702287167310715
v 0.011001000180840492 -0.005582552868872881 -0.04760143905878067
f 8074 8075 8076
v 0.011001000180840492 -0.004315149504691362 -0.04601215571165085
v 0.011001000180840492 -0.004879195708781481 -0.04614090174436569
v 0.011001000180840492 -0.004879195708781481 -0.048483408987522125
f 8077 8078 8079
v 0.011001000180840492 -0.004879195708781481 -0.048483408987522125
v 0.011001000180840492 -0.004879195708781481 -0.04614090174436569
v 0.011001000180840492 -0.005331527907401323 -0.04650161415338516
f 8080 8081 8082
v 0.011001000180840492 -0.004879195708781481 -0.048483408987522125
v 0.011001000180840492 -0.005331527907401323 -0.04650161415338516
v 0.011001000180840492 -0.005331527907401323 -0.048122696578502655
f 8083 8084 8085
v 0.011001000180840492 -0.005331527907401323 -0.048122696578502655
v 0.011001000180840492 -0.005331527907401323 -0.04650161415338516
v 0.011001000180840492 -0.005582552868872881 -0.04760143905878067
f 8086 8087 8088
v 0.011001000180840492 -0.0030151500832289457 -0.047312162816524506
v 0.011001000180840492 -0.003189314855262637 -0.04666215926408768
v 0.011001000180840492 -0.003189314855262637 -0.04796215146780014
f 8089 8090 8091
v 0.011001000180840492 -0.003189314855262637 -0.04796215146780014
v 0.011001000180840492 -0.003189314855262637 -0.04666215926408768
v 0.011001000180840492 -0.0036651536356657743 -0.04618632048368454
f 8092 8093 8094
v 0.011001000180840492 -0.003189314855262637 -0.04796215146780014
v 0.011001000180840492 -0.0036651536356657743 -0.04618632048368454
v 0.011001000180840492 -0.0036651536356657743 -0.04843799024820328
f 8095 8096 8097
v 0.011001000180840492 -0.0036651536356657743 -0.04843799024820328
v 0.011001000180840492 -0.0036651536356657743 -0.04618632048368454
v 0.011001000180840492 -0.004315149504691362 -0.04861215502023697
f 8098 8099 8100
v -0.01499900035560131 -0.004972320515662432 -0.04619049280881882
v -0.01499900035560131 -0.0036579787265509367 -0.04619049280881882
v -0.01499900035560131 -0.004879195708781481 -0.04614090174436569
f 8101 8102 8103
v -0.01499900035560131 -0.004879195708781481 -0.04614090174436569
v -0.01499900035560131 -0.0036579787265509367 -0.04619049280881882
v -0.01499900035560131 -0.0037511035334318876 -0.04614090174436569
f 8104 8105 8106
v -0.01499900035560131 -0.004879195708781481 -0.04614090174436569
v -0.01499900035560131 -0.0037511035334318876 -0.04614090174436569
v -0.01499900035560131 -0.004315149504691362 -0.04601215571165085
f 8107 8108 8109
v -0.010998999699950218 -0.004879195708781481 -0.04614090174436569
v -0.010998999699950218 -0.004315149504691362 -0.04601215571165085
v -0.010998999699950218 -0.004315149504691362 -0.04861215502023697
f 8110 8111 8112
v -0.010998999699950218 -0.004315149504691362 -0.04601215571165085
v -0.010998999699950218 -0.0037511035334318876 -0.04614090174436569
v -0.010998999699950218 -0.004315149504691362 -0.04861215502023697
f 8113 8114 8115
v -0.010998999699950218 -0.004315149504691362 -0.04861215502023697
v -0.010998999699950218 -0.0037511035334318876 -0.04614090174436569
v -0.010998999699950218 -0.003298771334812045 -0.04650161415338516
f 8116 8117 8118
v -0.010998999699950218 -0.004315149504691362 -0.04861215502023697
v -0.010998999699950218 -0.003298771334812045 -0.04650161415338516
v -0.010998999699950218 -0.0030477463733404875 -0.04702287167310715
f 8119 8120 8121
v -0.010998999699950218 -0.004315149504691362 -0.04861215502023697
v -0.010998999699950218 -0.004879195708781481 -0.048483408987522125
v -0.010998999699950218 -0.005331527907401323 -0.048122696578502655
f 8122 8123 8124
v -0.010998999699950218 -0.0030477463733404875 -0.04702287167310715
v -0.010998999699950218 -0.0030477463733404875 -0.04760143905878067
v -0.010998999699950218 -0.004315149504691362 -0.04861215502023697
f 8125 8126 8127
v -0.010998999699950218 -0.004315149504691362 -0.04861215502023697
v -0.010998999699950218 -0.0030477463733404875 -0.04760143905878067
v -0.010998999699950218 -0.003298771334812045 -0.048122696578502655
f 8128 8129 8130
v -0.010998999699950218 -0.004315149504691362 -0.04861215502023697
v -0.010998999699950218 -0.003298771334812045 -0.048122696578502655
v -0.010998999699950218 -0.0037511035334318876 -0.048483408987522125
f 8131 8132 8133
v -0.010998999699950218 -0.005331527907401323 -0.04650161415338516
v -0.010998999699950218 -0.004879195708781481 -0.04614090174436569
v -0.010998999699950218 -0.005582552868872881 -0.04702287167310715
f 8134 8135 8136
v -0.010998999699950218 -0.005582552868872881 -0.04702287167310715
v -0.010998999699950218 -0.004879195708781481 -0.04614090174436569
v -0.010998999699950218 -0.004315149504691362 -0.04861215502023697
f 8137 8138 8139
v -0.010998999699950218 -0.005582552868872881 -0.04702287167310715
v -0.010998999699950218 -0.004315149504691362 -0.04861215502023697
v -0.010998999699950218 -0.005582552868872881 -0.04760143905878067
f 8140 8141 8142
v -0.010998999699950218 -0.005582552868872881 -0.04760143905878067
v -0.010998999699950218 -0.004315149504691362 -0.04861215502023697
v -0.010998999699950218 -0.005331527907401323 -0.048122696578502655
f 8143 8144 8145
v -0.009998999536037445 0.0002997994888573885 -0.04755856841802597
v -0.010095048695802689 0.0014823407400399446 -0.044309549033641815
v -0.009998999536037445 -0.0034589737188071012 -0.04619049280881882
f 8146 8147 8148
v -0.009998999536037445 -0.0034589737188071012 -0.04619049280881882
v -0.010095048695802689 0.0014823407400399446 -0.044309549033641815
v -0.010095048695802689 -0.002276425017043948 -0.04294147342443466
f 8149 8150 8151
v 0.0048281666822731495 -0.010896977968513966 -0.07299088686704636
v 0.004528504330664873 -0.010996167548000813 -0.07344561070203781
v 0.004528642166405916 -0.013100211508572102 -0.07267958670854568
f 8152 8153 8154
v 0.0034748902544379234 -0.011271451599895954 -0.0748184397816658
v 0.002674130955711007 -0.011418459005653858 -0.07564517110586166
v 0.002673418028280139 -0.01385683286935091 -0.0747583732008934
f 8155 8156 8157
v 0.010001000016927719 -0.0014857545029371977 -0.0523553267121315
v 0.009985578246414661 -0.002030049217864871 -0.05360991507768631
v 0.010001000016927719 -0.005209494847804308 -0.05100000649690628
f 8158 8159 8160
v 0.010001000016927719 -0.005209494847804308 -0.05100000649690628
v 0.009985578246414661 -0.002030049217864871 -0.05360991507768631
v 0.009944519959390163 -0.0025700002443045378 -0.05475030094385147
f 8161 8162 8163
v 0.010001000016927719 -0.005209494847804308 -0.05100000649690628
v 0.009944519959390163 -0.0025700002443045378 -0.05475030094385147
v 0.009630529209971428 -0.007510859984904528 -0.057322971522808075
f 8164 8165 8166
v 0.009630529209971428 -0.007510859984904528 -0.057322971522808075
v 0.009944519959390163 -0.0025700002443045378 -0.05475030094385147
v 0.009778372943401337 -0.0038068934809416533 -0.057064853608608246
f 8167 8168 8169
v 0.009630529209971428 -0.007510859984904528 -0.057322971522808075
v 0.009778372943401337 -0.0038068934809416533 -0.057064853608608246
v 0.009630506858229637 -0.004573327023535967 -0.05839235335588455
f 8170 8171 8172
v -0.009998999536037445 -0.0014857545029371977 -0.0523553267121315
v -0.009998999536037445 -0.005209487397223711 -0.05099999159574509
v -0.009942974895238876 -0.0025700225960463285 -0.054750360548496246
f 8173 8174 8175
v -0.009942974895238876 -0.0025700225960463285 -0.054750360548496246
v -0.009998999536037445 -0.005209487397223711 -0.05099999159574509
v -0.009854447096586227 -0.006648000795394182 -0.054952286183834076
f 8176 8177 8178
v -0.009942974895238876 -0.0025700225960463285 -0.054750360548496246
v -0.009854447096586227 -0.006648000795394182 -0.054952286183834076
v -0.009876544587314129 -0.0031451701652258635 -0.05587219446897507
f 8179 8180 8181
v -0.009876544587314129 -0.0031451701652258635 -0.05587219446897507
v -0.009854447096586227 -0.006648000795394182 -0.054952286183834076
v -0.009775874204933643 -0.0038068934809416533 -0.057064853608608246
f 8182 8183 8184
v -0.008815377950668335 -0.007138770539313555 -0.06287645548582077
v -0.009089154191315174 -0.008772042579948902 -0.06078804284334183
v -0.008189371787011623 -0.008305591531097889 -0.06523821502923965
f 8185 8186 8187
v -0.008189371787011623 -0.008305591531097889 -0.06523821502923965
v -0.009089154191315174 -0.008772042579948902 -0.06078804284334183
v -0.007775166071951389 -0.010638025589287281 -0.06591477245092392
f 8188 8189 8190
v -0.008189371787011623 -0.008305591531097889 -0.06523821502923965
v -0.007775166071951389 -0.010638025589287281 -0.06591477245092392
v -0.0077754175290465355 -0.008874868042767048 -0.06655564159154892
f 8191 8192 8193
v -0.008815377950668335 -0.007138770539313555 -0.06287645548582077
v -0.0090623265132308 -0.006520156282931566 -0.061764366924762726
v -0.009089154191315174 -0.008772042579948902 -0.06078804284334183
f 8194 8195 8196
v -0.009089154191315174 -0.008772042579948902 -0.06078804284334183
v -0.0090623265132308 -0.006520156282931566 -0.061764366924762726
v -0.009089167229831219 -0.006445359904319048 -0.06163480132818222
f 8197 8198 8199
v -0.009089154191315174 -0.008772042579948902 -0.06078804284334183
v -0.009089167229831219 -0.006445359904319048 -0.06163480132818222
v -0.009854447096586227 -0.006648000795394182 -0.054952286183834076
f 8200 8201 8202
v -0.009854447096586227 -0.006648000795394182 -0.054952286183834076
v -0.009089167229831219 -0.006445359904319048 -0.06163480132818222
v -0.009482949040830135 -0.005167726892977953 -0.05942187458276749
f 8203 8204 8205
v -0.009854447096586227 -0.006648000795394182 -0.054952286183834076
v -0.009482949040830135 -0.005167726892977953 -0.05942187458276749
v -0.009775874204933643 -0.0038068934809416533 -0.057064853608608246
f 8206 8207 8208
v -0.005575512070208788 -0.010597017593681812 -0.07172062247991562
v -0.006105210166424513 -0.010316235013306141 -0.07069363445043564
v -0.006105458829551935 -0.012136098928749561 -0.07003069669008255
f 8209 8210 8211
v -0.006105458829551935 -0.012136098928749561 -0.07003069669008255
v -0.006105210166424513 -0.010316235013306141 -0.07069363445043564
v -0.006589090451598167 -0.009999957866966724 -0.06964830309152603
f 8212 8213 8214
v -0.006105458829551935 -0.012136098928749561 -0.07003069669008255
v -0.006589090451598167 -0.009999957866966724 -0.06964830309152603
v -0.007775166071951389 -0.010638025589287281 -0.06591477245092392
f 8215 8216 8217
v -0.007775166071951389 -0.010638025589287281 -0.06591477245092392
v -0.006589090451598167 -0.009999957866966724 -0.06964830309152603
v -0.007440380286425352 -0.009256322868168354 -0.06751874834299088
f 8218 8219 8220
v -0.007775166071951389 -0.010638025589287281 -0.06591477245092392
v -0.007440380286425352 -0.009256322868168354 -0.06751874834299088
v -0.0077754175290465355 -0.008874868042767048 -0.06655564159154892
f 8221 8222 8223
v -0.005575512070208788 -0.010597017593681812 -0.07172062247991562
v -0.006105458829551935 -0.012136098928749561 -0.07003069669008255
v -0.004526423290371895 -0.011003349907696247 -0.07343975454568863
f 8224 8225 8226
v -0.004526423290371895 -0.011003349907696247 -0.07343975454568863
v -0.006105458829551935 -0.012136098928749561 -0.07003069669008255
v -0.004473303444683552 -0.013125908561050892 -0.07275017350912094
f 8227 8228 8229
v -0.004526423290371895 -0.011003349907696247 -0.07343975454568863
v -0.004473303444683552 -0.013125908561050892 -0.07275017350912094
v -0.003466862952336669 -0.011271451599895954 -0.0748184397816658
f 8230 8231 8232
v -0.003466862952336669 -0.011271451599895954 -0.0748184397816658
v -0.004473303444683552 -0.013125908561050892 -0.07275017350912094
v -0.002980421995744109 -0.013754536397755146 -0.07447730749845505
f 8233 8234 8235
v -0.003466862952336669 -0.011271451599895954 -0.0748184397816658
v -0.002980421995744109 -0.013754536397755146 -0.07447730749845505
v -0.0029006581753492355 -0.011379380710422993 -0.0754270926117897
f 8236 8237 8238
v -0.0029006581753492355 -0.011379380710422993 -0.0754270926117897
v -0.002980421995744109 -0.013754536397755146 -0.07447730749845505
v -0.0018486246699467301 -0.011534680612385273 -0.07630719989538193
f 8239 8240 8241
v -0.0018486246699467301 -0.011534680612385273 -0.07630719989538193
v -0.002980421995744109 -0.013754536397755146 -0.07447730749845505
v -0.0015080779558047652 -0.014155772514641285 -0.07557971030473709
f 8242 8243 8244
v -0.0018486246699467301 -0.011534680612385273 -0.07630719989538193
v -0.0015080779558047652 -0.014155772514641285 -0.07557971030473709
v -0.0015086971689015627 -0.01157157588750124 -0.0765199139714241
f 8245 8246 8247
v -0.0015086971689015627 -0.01157157588750124 -0.0765199139714241
v -0.0015080779558047652 -0.014155772514641285 -0.07557971030473709
v -0.0009568438399583101 -0.011618492193520069 -0.07678396254777908
f 8248 8249 8250
v -0.0009568438399583101 -0.011618492193520069 -0.07678396254777908
v -0.0015080779558047652 -0.014155772514641285 -0.07557971030473709
v -0.000248834490776062 -0.014304284937679768 -0.07598773390054703
f 8251 8252 8253
v -0.0009568438399583101 -0.011618492193520069 -0.07678396254777908
v -0.000248834490776062 -0.014304284937679768 -0.07598773390054703
v -0.00024897107505239546 -0.011648227460682392 -0.0769544467329979
f 8254 8255 8256
v 0.0010261953575536609 -0.01423684973269701 -0.07580246776342392
v 0.0006554266437888145 -0.01163607556372881 -0.07688508182764053
v -0.000248834490776062 -0.014304284937679768 -0.07598773390054703
f 8257 8258 8259
v -0.000248834490776062 -0.014304284937679768 -0.07598773390054703
v 0.0006554266437888145 -0.01163607556372881 -0.07688508182764053
v -0.00011589020141400397 -0.011649985797703266 -0.07696514576673508
f 8260 8261 8262
v -0.000248834490776062 -0.014304284937679768 -0.07598773390054703
v -0.00011589020141400397 -0.011649985797703266 -0.07696514576673508
v -0.00024897107505239546 -0.011648227460682392 -0.0769544467329979
f 8263 8264 8265
v 0.002674130955711007 -0.011418459005653858 -0.07564517110586166
v 0.0023732557892799377 -0.011465487070381641 -0.07590854912996292
v 0.002673418028280139 -0.01385683286935091 -0.0747583732008934
f 8266 8267 8268
v 0.002673418028280139 -0.01385683286935091 -0.0747583732008934
v 0.0023732557892799377 -0.011465487070381641 -0.07590854912996292
v 0.0013930181739851832 -0.011584092862904072 -0.07658224552869797
f 8269 8270 8271
v 0.002673418028280139 -0.01385683286935091 -0.0747583732008934
v 0.0013930181739851832 -0.011584092862904072 -0.07658224552869797
v 0.0010261953575536609 -0.01423684973269701 -0.07580246776342392
f 8272 8273 8274
v 0.0010261953575536609 -0.01423684973269701 -0.07580246776342392
v 0.0013930181739851832 -0.011584092862904072 -0.07658224552869797
v 0.0010265287710353732 -0.011614394374191761 -0.07675681263208389
f 8275 8276 8277
v 0.0010261953575536609 -0.01423684973269701 -0.07580246776342392
v 0.0010265287710353732 -0.011614394374191761 -0.07675681263208389
v 0.0006554266437888145 -0.01163607556372881 -0.07688508182764053
f 8278 8279 8280
v 0.004528642166405916 -0.013100211508572102 -0.07267958670854568
v 0.004528504330664873 -0.010996167548000813 -0.07344561070203781
v 0.002673418028280139 -0.01385683286935091 -0.0747583732008934
f 8281 8282 8283
v 0.002673418028280139 -0.01385683286935091 -0.0747583732008934
v 0.004528504330664873 -0.010996167548000813 -0.07344561070203781
v 0.0038295823615044355 -0.011192006058990955 -0.07439330965280533
f 8284 8285 8286
v 0.002673418028280139 -0.01385683286935091 -0.0747583732008934
v 0.0038295823615044355 -0.011192006058990955 -0.07439330965280533
v 0.0034748902544379234 -0.011271451599895954 -0.0748184397816658
f 8287 8288 8289
v 0.0048281666822731495 -0.010896977968513966 -0.07299088686704636
v 0.004528642166405916 -0.013100211508572102 -0.07267958670854568
v 0.0058434102684259415 -0.010458436794579029 -0.07121620327234268
f 8290 8291 8292
v 0.0058434102684259415 -0.010458436794579029 -0.07121620327234268
v 0.004528642166405916 -0.013100211508572102 -0.07267958670854568
v 0.006124029867351055 -0.012122471816837788 -0.06999325007200241
f 8293 8294 8295
v 0.0058434102684259415 -0.010458436794579029 -0.07121620327234268
v 0.006124029867351055 -0.012122471816837788 -0.06999325007200241
v 0.0068719820119440556 -0.009785053320229053 -0.06899429112672806
f 8296 8297 8298
v 0.0068719820119440556 -0.009785053320229053 -0.06899429112672806
v 0.006124029867351055 -0.012122471816837788 -0.06999325007200241
v 0.007247887551784515 -0.01118819136172533 -0.06742634624242783
f 8299 8300 8301
v 0.0068719820119440556 -0.009785053320229053 -0.06899429112672806
v 0.007247887551784515 -0.01118819136172533 -0.06742634624242783
v 0.007247932255268097 -0.009456981904804707 -0.06805632263422012
f 8302 8303 8304
v 0.008639302104711533 -0.009546992368996143 -0.06291718035936356
v 0.008502084761857986 -0.007802892941981554 -0.06417446583509445
v 0.007247887551784515 -0.01118819136172533 -0.06742634624242783
f 8305 8306 8307
v 0.007247887551784515 -0.01118819136172533 -0.06742634624242783
v 0.008502084761857986 -0.007802892941981554 -0.06417446583509445
v 0.007757365237921476 -0.008910384960472584 -0.0666433647274971
f 8308 8309 8310
v 0.007247887551784515 -0.01118819136172533 -0.06742634624242783
v 0.007757365237921476 -0.008910384960472584 -0.0666433647274971
v 0.007247932255268097 -0.009456981904804707 -0.06805632263422012
f 8311 8312 8313
v 0.009630506858229637 -0.004573327023535967 -0.05839235335588455
v 0.009488795883953571 -0.005167689640074968 -0.05942181497812271
v 0.009630529209971428 -0.007510859984904528 -0.057322971522808075
f 8314 8315 8316
v 0.009630529209971428 -0.007510859984904528 -0.057322971522808075
v 0.009488795883953571 -0.005167689640074968 -0.05942181497812271
v 0.0090725002810359 -0.006520156282931566 -0.061764366924762726
f 8317 8318 8319
v 0.009630529209971428 -0.007510859984904528 -0.057322971522808075
v 0.0090725002810359 -0.006520156282931566 -0.061764366924762726
v 0.008639302104711533 -0.009546992368996143 -0.06291718035936356
f 8320 8321 8322
v 0.008639302104711533 -0.009546992368996143 -0.06291718035936356
v 0.0090725002810359 -0.006520156282931566 -0.061764366924762726
v 0.00863979198038578 -0.00753931375220418 -0.0636456236243248
f 8323 8324 8325
v 0.008639302104711533 -0.009546992368996143 -0.06291718035936356
v 0.00863979198038578 -0.00753931375220418 -0.0636456236243248
v 0.008502084761857986 -0.007802892941981554 -0.06417446583509445
f 8326 8327 8328
v -0.010095048695802689 0.0014823407400399446 -0.044309549033641815
v -0.01005207747220993 0.0014823407400399446 -0.044309549033641815
v -0.010089156217873096 -0.0018201216589659452 -0.043107546865940094
f 8329 8330 8331
v -0.010085472837090492 -0.0018201216589659452 -0.043107546865940094
v -0.010090198367834091 -0.0020482807885855436 -0.04302450269460678
v -0.010089156217873096 -0.0018201216589659452 -0.043107546865940094
f 8332 8333 8334
v -0.010089156217873096 -0.0018201216589659452 -0.043107546865940094
v -0.010090198367834091 -0.0020482807885855436 -0.04302450269460678
v -0.010095048695802689 -0.002276425017043948 -0.04294147342443466
f 8335 8336 8337
v -0.010089156217873096 -0.0018201216589659452 -0.043107546865940094
v -0.010095048695802689 -0.002276425017043948 -0.04294147342443466
v -0.010095048695802689 0.0014823407400399446 -0.044309549033641815
f 8338 8339 8340
v 0.010001000016927719 -0.002276425017043948 -0.04294147342443466
v 0.010001000016927719 -0.0016434385906904936 -0.040854789316654205
v 0.010001000016927719 0.003710094140842557 -0.03818885236978531
f 8341 8342 8343
v 0.010001000016927719 0.003710094140842557 -0.03818885236978531
v 0.010001000016927719 -0.0016434385906904936 -0.040854789316654205
v 0.010001000016927719 -0.001241382909938693 -0.038711585104465485
f 8344 8345 8346
v 0.010001000016927719 0.003710094140842557 -0.03818885236978531
v 0.010001000016927719 -0.001241382909938693 -0.038711585104465485
v 0.010001000016927719 -0.001089376164600253 -0.03755699843168259
f 8347 8348 8349
v 0.010001000016927719 -0.002276425017043948 -0.04294147342443466
v 0.010001000016927719 0.003710094140842557 -0.03818885236978531
v 0.010001000016927719 -0.005209494847804308 -0.05100000649690628
f 8350 8351 8352
v 0.010001000016927719 -0.005209494847804308 -0.05100000649690628
v 0.010001000016927719 0.003710094140842557 -0.03818885236978531
v 0.010001000016927719 -0.00086021120660007 -0.050745658576488495
f 8353 8354 8355
v 0.010001000016927719 -0.005209494847804308 -0.05100000649690628
v 0.010001000016927719 -0.00086021120660007 -0.050745658576488495
v 0.010001000016927719 -0.0014857545029371977 -0.0523553267121315
f 8356 8357 8358
v -0.009998999536037445 0.0002997994888573885 -0.04755856841802597
v -0.009998999536037445 -0.0034589737188071012 -0.04619049280881882
v -0.009998999536037445 -0.00086021120660007 -0.050745658576488495
f 8359 8360 8361
v -0.009998999536037445 -0.00086021120660007 -0.050745658576488495
v -0.009998999536037445 -0.0034589737188071012 -0.04619049280881882
v -0.009998999536037445 -0.005209487397223711 -0.05099999159574509
f 8362 8363 8364
v -0.009998999536037445 -0.00086021120660007 -0.050745658576488495
v -0.009998999536037445 -0.005209487397223711 -0.05099999159574509
v -0.009998999536037445 -0.0014857545029371977 -0.0523553267121315
f 8365 8366 8367
v -0.010255664587020874 -0.001527284039184451 -0.04088320583105087
v -0.010095048695802689 -0.002276425017043948 -0.04294147342443466
v -0.01015928853303194 -0.0016735910903662443 -0.04199453443288803
f 8368 8369 8370
v -0.01015928853303194 -0.0016735910903662443 -0.04199453443288803
v -0.010095048695802689 -0.002276425017043948 -0.04294147342443466
v -0.010090198367834091 -0.0020482807885855436 -0.04302450269460678
f 8371 8372 8373
v -0.01015928853303194 -0.0016735910903662443 -0.04199453443288803
v -0.010090198367834091 -0.0020482807885855436 -0.04302450269460678
v -0.010085472837090492 -0.0018201216589659452 -0.043107546865940094
f 8374 8375 8376
v -0.024853739887475967 0.014011758379638195 -0.010106259025633335
v -0.024908462539315224 0.014086688868701458 -0.01005783025175333
v -0.024908462539315224 0.013647454790771008 -0.010000013746321201
f 8377 8378 8379
v -0.02346566691994667 0.00435711769387126 -0.010373675264418125
v -0.023000044748187065 0.003619234310463071 -0.010819786228239536
v -0.02070743776857853 0.012203077785670757 -0.01485373917967081
f 8380 8381 8382
v -0.02070743776857853 0.012203077785670757 -0.01485373917967081
v -0.023000044748187065 0.003619234310463071 -0.010819786228239536
v -0.022828761488199234 0.0034056634176522493 -0.010995172895491123
f 8383 8384 8385
v -0.02070743776857853 0.012203077785670757 -0.01485373917967081
v -0.022828761488199234 0.0034056634176522493 -0.010995172895491123
v -0.022397350519895554 0.0029572502244263887 -0.011457734741270542
f 8386 8387 8388
v -0.02346566691994667 0.00435711769387126 -0.010373675264418125
v -0.02070743776857853 0.012203077785670757 -0.01485373917967081
v -0.023808959871530533 0.005190062802284956 -0.01009183470159769
f 8389 8390 8391
v -0.023808959871530533 0.005190062802284956 -0.01009183470159769
v -0.02070743776857853 0.012203077785670757 -0.01485373917967081
v -0.022904377430677414 0.013172375969588757 -0.012190901674330235
f 8392 8393 8394
v -0.023808959871530533 0.005190062802284956 -0.01009183470159769
v -0.022904377430677414 0.013172375969588757 -0.012190901674330235
v -0.023991592228412628 0.006046477239578962 -0.010000013746321201
f 8395 8396 8397
v -0.023991592228412628 0.006046477239578962 -0.010000013746321201
v -0.022904377430677414 0.013172375969588757 -0.012190901674330235
v -0.024626681581139565 0.013850259594619274 -0.01032900158315897
f 8398 8399 8400
v -0.023991592228412628 0.006046477239578962 -0.010000013746321201
v -0.024626681581139565 0.013850259594619274 -0.01032900158315897
v -0.024908462539315224 0.013647454790771008 -0.010000013746321201
f 8401 8402 8403
v -0.024908462539315224 0.013647454790771008 -0.010000013746321201
v -0.024626681581139565 0.013850259594619274 -0.01032900158315897
v -0.02478879503905773 0.013946945779025555 -0.010167145170271397
f 8404 8405 8406
v -0.024908462539315224 0.013647454790771008 -0.010000013746321201
v -0.02478879503905773 0.013946945779025555 -0.010167145170271397
v -0.024853739887475967 0.014011758379638195 -0.010106259025633335
f 8407 8408 8409
v -0.022397350519895554 0.0029572502244263887 -0.011457734741270542
v -0.021784085780382156 0.0024938166607171297 -0.01216148678213358
v -0.02070743776857853 0.012203077785670757 -0.01485373917967081
f 8410 8411 8412
v -0.02070743776857853 0.012203077785670757 -0.01485373917967081
v -0.021784085780382156 0.0024938166607171297 -0.01216148678213358
v -0.02106156386435032 0.0021591142285615206 -0.013055765070021152
f 8413 8414 8415
v -0.02070743776857853 0.012203077785670757 -0.01485373917967081
v -0.02106156386435032 0.0021591142285615206 -0.013055765070021152
v -0.018586372956633568 0.011127266101539135 -0.017810041084885597
f 8416 8417 8418
v -0.018586372956633568 0.011127266101539135 -0.017810041084885597
v -0.02106156386435032 0.0021591142285615206 -0.013055765070021152
v -0.02074037306010723 0.0020806968677788973 -0.013477885164320469
f 8419 8420 8421
v -0.018586372956633568 0.011127266101539135 -0.017810041084885597
v -0.02074037306010723 0.0020806968677788973 -0.013477885164320469
v -0.017526330426335335 0.010523694567382336 -0.0194686446338892
f 8422 8423 8424
v -0.017526330426335335 0.010523694567382336 -0.0194686446338892
v -0.02074037306010723 0.0020806968677788973 -0.013477885164320469
v -0.017526675015687943 0.0014493570197373629 -0.01827339269220829
f 8425 8426 8427
v -0.017526330426335335 0.010523694567382336 -0.0194686446338892
v -0.017526675015687943 0.0014493570197373629 -0.01827339269220829
v -0.016672519966959953 0.009997653774917126 -0.0209138635545969
f 8428 8429 8430
v -0.016672519966959953 0.009997653774917126 -0.0209138635545969
v -0.017526675015687943 0.0014493570197373629 -0.01827339269220829
v -0.014462190680205822 0.0006634995806962252 -0.024242574349045753
f 8431 8432 8433
v -0.016672519966959953 0.009997653774917126 -0.0209138635545969
v -0.014462190680205822 0.0006634995806962252 -0.024242574349045753
v -0.015103230252861977 0.008913273923099041 -0.023892635479569435
f 8434 8435 8436
v -0.015103230252861977 0.008913273923099041 -0.023892635479569435
v -0.014462190680205822 0.0006634995806962252 -0.024242574349045753
v -0.013729277998209 0.00779179809615016 -0.02697407640516758
f 8437 8438 8439
v -0.013729277998209 0.00779179809615016 -0.02697407640516758
v -0.014462190680205822 0.0006634995806962252 -0.024242574349045753
v -0.01252546813338995 -1.2394733857945539e-05 -0.029376531019806862
f 8440 8441 8442
v -0.013729277998209 0.00779179809615016 -0.02697407640516758
v -0.01252546813338995 -1.2394733857945539e-05 -0.029376531019806862
v -0.01252546813338995 0.006600636523216963 -0.0302471611648798
f 8443 8444 8445
v -0.02471909672021866 0.013647454790771008 -0.010000013746321201
v -0.024908462539315224 0.013647454790771008 -0.010000013746321201
v -0.024693146347999573 0.013867001049220562 -0.010028892196714878
f 8446 8447 8448
v -0.024693146347999573 0.013867001049220562 -0.010028892196714878
v -0.024908462539315224 0.013647454790771008 -0.010000013746321201
v -0.024908462539315224 0.014086688868701458 -0.01005783025175333
f 8449 8450 8451
v -0.024693146347999573 0.013867001049220562 -0.010028892196714878
v -0.024908462539315224 0.014086688868701458 -0.01005783025175333
v -0.02466721646487713 0.014086688868701458 -0.01005783025175333
f 8452 8453 8454
v -0.02471909672021866 0.014320100657641888 -0.010000013746321201
v -0.02471909672021866 0.013647454790771008 -0.010000013746321201
v -0.024717293679714203 0.014275814406573772 -0.010002010501921177
f 8455 8456 8457
v -0.024717293679714203 0.014275814406573772 -0.010002010501921177
v -0.02471909672021866 0.013647454790771008 -0.010000013746321201
v -0.024693146347999573 0.013867001049220562 -0.010028892196714878
f 8458 8459 8460
v -0.024717293679714203 0.014275814406573772 -0.010002010501921177
v -0.024693146347999573 0.013867001049220562 -0.010028892196714878
v -0.024685418233275414 0.014130103401839733 -0.010037505067884922
f 8461 8462 8463
v -0.024685418233275414 0.014130103401839733 -0.010037505067884922
v -0.024693146347999573 0.013867001049220562 -0.010028892196714878
v -0.02466721646487713 0.014086688868701458 -0.01005783025175333
f 8464 8465 8466
v 0.018204066902399063 0.004231523256748915 -0.010434829629957676
v 0.018497731536626816 0.005114841740578413 -0.010109149850904942
v 0.017380718141794205 0.0040674093179404736 -0.011709892190992832
f 8467 8468 8469
v 0.017380718141794205 0.0040674093179404736 -0.011709892190992832
v 0.018497731536626816 0.005114841740578413 -0.010109149850904942
v 0.018651671707630157 0.006014290731400251 -0.009999924339354038
f 8470 8471 8472
v 0.017380718141794205 0.0040674093179404736 -0.011709892190992832
v 0.018651671707630157 0.006014290731400251 -0.009999924339354038
v 0.018654948100447655 0.006046477239578962 -0.010000013746321201
f 8473 8474 8475
v 0.017380718141794205 0.0040674093179404736 -0.011709892190992832
v 0.016201192513108253 0.0020806968677788973 -0.013477885164320469
v 0.016758466139435768 0.002328570233657956 -0.012523435987532139
f 8476 8477 8478
v 0.016758466139435768 0.002328570233657956 -0.012523435987532139
v 0.017316484823822975 0.0028092965949326754 -0.011649244464933872
v 0.017380718141794205 0.0040674093179404736 -0.011709892190992832
f 8479 8480 8481
v 0.017380718141794205 0.0040674093179404736 -0.011709892190992832
v 0.017316484823822975 0.0028092965949326754 -0.011649244464933872
v 0.017820267006754875 0.0034821287263184786 -0.010929637588560581
f 8482 8483 8484
v 0.017380718141794205 0.0040674093179404736 -0.011709892190992832
v 0.017820267006754875 0.0034821287263184786 -0.010929637588560581
v 0.018204066902399063 0.004231523256748915 -0.010434829629957676
f 8485 8486 8487
v 0.018654948100447655 0.006046477239578962 -0.010000013746321201
v 0.019368816167116165 0.013810398988425732 -0.010000013746321201
v 0.019245490431785583 0.013881268911063671 -0.010182076133787632
f 8488 8489 8490
v 0.019245490431785583 0.013881268911063671 -0.010182076133787632
v 0.019245490431785583 0.014302375726401806 -0.010237508453428745
v 0.019060524180531502 0.014020654372870922 -0.010462158359587193
f 8491 8492 8493
v 0.019060524180531502 0.014020654372870922 -0.010462158359587193
v 0.018878836184740067 0.013812634162604809 -0.010695510543882847
v 0.019245490431785583 0.013881268911063671 -0.010182076133787632
f 8494 8495 8496
v 0.019245490431785583 0.013881268911063671 -0.010182076133787632
v 0.018878836184740067 0.013812634162604809 -0.010695510543882847
v 0.018494199961423874 0.013525071553885937 -0.011222445406019688
f 8497 8498 8499
v 0.019245490431785583 0.013881268911063671 -0.010182076133787632
v 0.018494199961423874 0.013525071553885937 -0.011222445406019688
v 0.016632918268442154 0.012485417537391186 -0.01407813373953104
f 8500 8501 8502
v 0.018654948100447655 0.006046477239578962 -0.010000013746321201
v 0.019245490431785583 0.013881268911063671 -0.010182076133787632
v 0.017380718141794205 0.0040674093179404736 -0.011709892190992832
f 8503 8504 8505
v 0.017380718141794205 0.0040674093179404736 -0.011709892190992832
v 0.019245490431785583 0.013881268911063671 -0.010182076133787632
v 0.016632918268442154 0.012485417537391186 -0.01407813373953104
f 8506 8507 8508
v 0.017380718141794205 0.0040674093179404736 -0.011709892190992832
v 0.016632918268442154 0.012485417537391186 -0.01407813373953104
v 0.016201192513108253 0.0020806968677788973 -0.013477885164320469
f 8509 8510 8511
v 0.016201192513108253 0.0020806968677788973 -0.013477885164320469
v 0.016632918268442154 0.012485417537391186 -0.01407813373953104
v 0.014931232668459415 0.011362004093825817 -0.017164820805191994
f 8512 8513 8514
v 0.016201192513108253 0.0020806968677788973 -0.013477885164320469
v 0.014931232668459415 0.011362004093825817 -0.017164820805191994
v 0.01380064059048891 0.0014340237248688936 -0.018389875069260597
f 8515 8516 8517
v 0.010635735467076302 0.006600636523216963 -0.0302471611648798
v 0.010635735467076302 -1.2394733857945539e-05 -0.029376531019806862
v 0.010832183994352818 0.006995055358856916 -0.029163384810090065
f 8518 8519 8520
v 0.010832183994352818 0.006995055358856916 -0.029163384810090065
v 0.010635735467076302 -1.2394733857945539e-05 -0.029376531019806862
v 0.011738192290067673 0.00065031205303967 -0.024342769756913185
f 8521 8522 8523
v 0.014931232668459415 0.011362004093825817 -0.017164820805191994
v 0.013475355692207813 0.010202745907008648 -0.02035048045217991
v 0.01380064059048891 0.0014340237248688936 -0.018389875069260597
f 8524 8525 8526
v 0.01380064059048891 0.0014340237248688936 -0.018389875069260597
v 0.013475355692207813 0.010202745907008648 -0.02035048045217991
v 0.012447931803762913 0.009207668714225292 -0.023083696141839027
f 8527 8528 8529
v 0.01380064059048891 0.0014340237248688936 -0.018389875069260597
v 0.012447931803762913 0.009207668714225292 -0.023083696141839027
v 0.011738192290067673 0.00065031205303967 -0.024342769756913185
f 8530 8531 8532
v 0.011738192290067673 0.00065031205303967 -0.024342769756913185
v 0.012447931803762913 0.009207668714225292 -0.023083696141839027
v 0.01153363287448883 0.008107836358249187 -0.026105264201760292
f 8533 8534 8535
v 0.011738192290067673 0.00065031205303967 -0.024342769756913185
v 0.01153363287448883 0.008107836358249187 -0.026105264201760292
v 0.010832183994352818 0.006995055358856916 -0.029163384810090065
f 8536 8537 8538
v 0.019368816167116165 0.014800000004470348 -0.010000013746321201
v 0.01920817419886589 0.014302375726401806 -0.010237508453428745
v 0.019368816167116165 0.013810398988425732 -0.010000013746321201
f 8539 8540 8541
v 0.019368816167116165 0.013810398988425732 -0.010000013746321201
v 0.01920817419886589 0.014302375726401806 -0.010237508453428745
v 0.01922682300209999 0.01409177016466856 -0.010209792293608189
f 8542 8543 8544
v 0.019368816167116165 0.013810398988425732 -0.010000013746321201
v 0.01922682300209999 0.01409177016466856 -0.010209792293608189
v 0.019245490431785583 0.013881268911063671 -0.010182076133787632
f 8545 8546 8547
v 0.01920817419886589 0.014302375726401806 -0.010237508453428745
v 0.019245490431785583 0.014302375726401806 -0.010237508453428745
v 0.01922682300209999 0.01409177016466856 -0.010209792293608189
f 8548 8549 8550
v 0.01922682300209999 0.01409177016466856 -0.010209792293608189
v 0.019245490431785583 0.014302375726401806 -0.010237508453428745
v 0.019245490431785583 0.013881268911063671 -0.010182076133787632
f 8551 8552 8553
v -0.010085472837090492 -0.0018201216589659452 -0.043107546865940094
v -0.010089156217873096 -0.0018201216589659452 -0.043107546865940094
v -0.01015928853303194 -0.0016735910903662443 -0.04199453443288803
f 8554 8555 8556
v -0.01015928853303194 -0.0016735910903662443 -0.04199453443288803
v -0.010089156217873096 -0.0018201216589659452 -0.043107546865940094
v -0.010255664587020874 -0.001527284039184451 -0.04088320583105087
f 8557 8558 8559
v -0.010095048695802689 -0.002276425017043948 -0.04294147342443466
v -0.010255664587020874 -0.001527284039184451 -0.04088320583105087
v -0.010254154913127422 -0.0016508146654814482 -0.040884830057621
f 8560 8561 8562
v -0.010254154913127422 -0.0016508146654814482 -0.040884830057621
v -0.010255664587020874 -0.001527284039184451 -0.04088320583105087
v -0.010501201264560223 -0.001241382909938693 -0.038711585104465485
f 8563 8564 8565
v -0.010089156217873096 -0.0018201216589659452 -0.043107546865940094
v -0.01005207747220993 0.0014823407400399446 -0.044309549033641815
v -0.010255664587020874 -0.001527284039184451 -0.04088320583105087
f 8566 8567 8568
v -0.010255664587020874 -0.001527284039184451 -0.04088320583105087
v -0.01005207747220993 0.0014823407400399446 -0.044309549033641815
v -0.010319460183382034 0.0027616650331765413 -0.040794260799884796
f 8569 8570 8571
v -0.010255664587020874 -0.001527284039184451 -0.04088320583105087
v -0.010319460183382034 0.0027616650331765413 -0.040794260799884796
v -0.010501201264560223 -0.001241382909938693 -0.038711585104465485
f 8572 8573 8574
v -0.010501201264560223 -0.001241382909938693 -0.038711585104465485
v -0.010319460183382034 0.0027616650331765413 -0.040794260799884796
v -0.010824085213243961 0.0040575298480689526 -0.03723428398370743
f 8575 8576 8577
v -0.010501201264560223 -0.001241382909938693 -0.038711585104465485
v -0.010824085213243961 0.0040575298480689526 -0.03723428398370743
v -0.01133981253951788 -0.000610303832218051 -0.03391809016466141
f 8578 8579 8580
v -0.010824085213243961 0.0040575298480689526 -0.03723428398370743
v -0.011537791229784489 0.005304689984768629 -0.033807627856731415
v -0.01133981253951788 -0.000610303832218051 -0.03391809016466141
f 8581 8582 8583
v -0.01133981253951788 -0.000610303832218051 -0.03391809016466141
v -0.011537791229784489 0.005304689984768629 -0.033807627856731415
v -0.01252546813338995 0.006600636523216963 -0.0302471611648798
f 8584 8585 8586
v -0.01133981253951788 -0.000610303832218051 -0.03391809016466141
v -0.01252546813338995 0.006600636523216963 -0.0302471611648798
v -0.01252546813338995 -1.2394733857945539e-05 -0.029376531019806862
f 8587 8588 8589
v -0.02844027429819107 0.013850259594619274 -0.01032900158315897
v -0.024626681581139565 0.013850259594619274 -0.01032900158315897
v -0.02845516987144947 0.013823951594531536 -0.010401212610304356
f 8590 8591 8592
v -0.02845516987144947 0.013823951594531536 -0.010401212610304356
v -0.024626681581139565 0.013850259594619274 -0.01032900158315897
v -0.022904377430677414 0.013172375969588757 -0.012190901674330235
f 8593 8594 8595
v -0.02845516987144947 0.013823951594531536 -0.010401212610304356
v -0.022904377430677414 0.013172375969588757 -0.012190901674330235
v -0.0285280030220747 0.013788017444312572 -0.010500007309019566
f 8596 8597 8598
v -0.009998999536037445 -0.00086021120660007 -0.050745658576488495
v -0.013999000191688538 -0.00086021120660007 -0.050745658576488495
v -0.009998999536037445 0.0002997994888573885 -0.04755856841802597
f 8599 8600 8601
v -0.009998999536037445 0.0002997994888573885 -0.04755856841802597
v -0.013999000191688538 -0.00086021120660007 -0.050745658576488495
v -0.013999000191688538 0.0006732523906975985 -0.0465325191617012
f 8602 8603 8604
v -0.009998999536037445 0.0002997994888573885 -0.04755856841802597
v -0.013999000191688538 0.0006732523906975985 -0.0465325191617012
v -0.010095048695802689 0.0014823407400399446 -0.044309549033641815
f 8605 8606 8607
v -0.024754723533988 0.012073094956576824 -0.015211694873869419
v -0.025691602379083633 0.012498895637691021 -0.014041834510862827
v -0.018586372956633568 0.011127266101539135 -0.017810041084885597
f 8608 8609 8610
v -0.018586372956633568 0.011127266101539135 -0.017810041084885597
v -0.025691602379083633 0.012498895637691021 -0.014041834510862827
v -0.028708549216389656 0.013715366832911968 -0.010699593462049961
f 8611 8612 8613
v -0.022904377430677414 0.013172375969588757 -0.012190901674330235
v -0.02070743776857853 0.012203077785670757 -0.01485373917967081
v -0.0285280030220747 0.013788017444312572 -0.010500007309019566
f 8614 8615 8616
v -0.0285280030220747 0.013788017444312572 -0.010500007309019566
v -0.02070743776857853 0.012203077785670757 -0.01485373917967081
v -0.018586372956633568 0.011127266101539135 -0.017810041084885597
f 8617 8618 8619
v -0.0285280030220747 0.013788017444312572 -0.010500007309019566
v -0.018586372956633568 0.011127266101539135 -0.017810041084885597
v -0.028618864715099335 0.013753156177699566 -0.01059576217085123
f 8620 8621 8622
v -0.028618864715099335 0.013753156177699566 -0.01059576217085123
v -0.018586372956633568 0.011127266101539135 -0.017810041084885597
v -0.028708549216389656 0.013715366832911968 -0.010699593462049961
f 8623 8624 8625
v -0.010319460183382034 0.0027616650331765413 -0.040794260799884796
v -0.01005207747220993 0.0014823407400399446 -0.044309549033641815
v -0.010095048695802689 0.0014823407400399446 -0.044309549033641815
f 8626 8627 8628
v -0.010824085213243961 0.0040575298480689526 -0.03723428398370743
v -0.010319460183382034 0.0027616650331765413 -0.040794260799884796
v -0.014353659003973007 0.002855810569599271 -0.040535978972911835
f 8629 8630 8631
v -0.014353659003973007 0.002855810569599271 -0.040535978972911835
v -0.010319460183382034 0.0027616650331765413 -0.040794260799884796
v -0.010095048695802689 0.0014823407400399446 -0.044309549033641815
f 8632 8633 8634
v -0.014353659003973007 0.002855810569599271 -0.040535978972911835
v -0.010095048695802689 0.0014823407400399446 -0.044309549033641815
v -0.01424790732562542 0.0025020495522767305 -0.04150792211294174
f 8635 8636 8637
v -0.01424790732562542 0.0025020495522767305 -0.04150792211294174
v -0.010095048695802689 0.0014823407400399446 -0.044309549033641815
v -0.013999000191688538 0.0006732523906975985 -0.0465325191617012
f 8638 8639 8640
v -0.014353659003973007 0.002855810569599271 -0.040535978972911835
v -0.01488810870796442 0.004122953396290541 -0.037054531276226044
v -0.010824085213243961 0.0040575298480689526 -0.03723428398370743
f 8641 8642 8643
v -0.010824085213243961 0.0040575298480689526 -0.03723428398370743
v -0.01488810870796442 0.004122953396290541 -0.037054531276226044
v -0.01498966570943594 0.0043131816200912 -0.036531902849674225
f 8644 8645 8646
v -0.010824085213243961 0.0040575298480689526 -0.03723428398370743
v -0.01498966570943594 0.0043131816200912 -0.036531902849674225
v -0.011537791229784489 0.005304689984768629 -0.033807627856731415
f 8647 8648 8649
v -0.011537791229784489 0.005304689984768629 -0.033807627856731415
v -0.01498966570943594 0.0043131816200912 -0.036531902849674225
v -0.016216829419136047 0.006088751833885908 -0.031653545796871185
f 8650 8651 8652
v -0.011537791229784489 0.005304689984768629 -0.033807627856731415
v -0.016216829419136047 0.006088751833885908 -0.031653545796871185
v -0.01252546813338995 0.006600636523216963 -0.0302471611648798
f 8653 8654 8655
v -0.01252546813338995 0.006600636523216963 -0.0302471611648798
v -0.016216829419136047 0.006088751833885908 -0.031653545796871185
v -0.016359807923436165 0.006256576161831617 -0.031192461028695107
f 8656 8657 8658
v -0.01252546813338995 0.006600636523216963 -0.0302471611648798
v -0.016359807923436165 0.006256576161831617 -0.031192461028695107
v -0.013729277998209 0.00779179809615016 -0.02697407640516758
f 8659 8660 8661
v -0.013729277998209 0.00779179809615016 -0.02697407640516758
v -0.016359807923436165 0.006256576161831617 -0.031192461028695107
v -0.017921386286616325 0.007810983341187239 -0.02692175842821598
f 8662 8663 8664
v -0.013729277998209 0.00779179809615016 -0.02697407640516758
v -0.017921386286616325 0.007810983341187239 -0.02692175842821598
v -0.015103230252861977 0.008913273923099041 -0.023892635479569435
f 8665 8666 8667
v -0.015103230252861977 0.008913273923099041 -0.023892635479569435
v -0.017921386286616325 0.007810983341187239 -0.02692175842821598
v -0.018528437241911888 0.008318672887980938 -0.02552689053118229
f 8668 8669 8670
v -0.015103230252861977 0.008913273923099041 -0.023892635479569435
v -0.018528437241911888 0.008318672887980938 -0.02552689053118229
v -0.016672519966959953 0.009997653774917126 -0.0209138635545969
f 8671 8672 8673
v -0.016672519966959953 0.009997653774917126 -0.0209138635545969
v -0.018528437241911888 0.008318672887980938 -0.02552689053118229
v -0.02008575201034546 0.009463521651923656 -0.02238144911825657
f 8674 8675 8676
v -0.016672519966959953 0.009997653774917126 -0.0209138635545969
v -0.02008575201034546 0.009463521651923656 -0.02238144911825657
v -0.017526330426335335 0.010523694567382336 -0.0194686446338892
f 8677 8678 8679
v -0.017526330426335335 0.010523694567382336 -0.0194686446338892
v -0.02008575201034546 0.009463521651923656 -0.02238144911825657
v -0.021368691697716713 0.010280768387019634 -0.020136067643761635
f 8680 8681 8682
v -0.017526330426335335 0.010523694567382336 -0.0194686446338892
v -0.021368691697716713 0.010280768387019634 -0.020136067643761635
v -0.018586372956633568 0.011127266101539135 -0.017810041084885597
f 8683 8684 8685
v -0.018586372956633568 0.011127266101539135 -0.017810041084885597
v -0.021368691697716713 0.010280768387019634 -0.020136067643761635
v -0.022684410214424133 0.0110311983153224 -0.018074283376336098
f 8686 8687 8688
v -0.018586372956633568 0.011127266101539135 -0.017810041084885597
v -0.022684410214424133 0.0110311983153224 -0.018074283376336098
v -0.024754723533988 0.012073094956576824 -0.015211694873869419
f 8689 8690 8691
v -0.009998999536037445 -0.0034589737188071012 -0.04619049280881882
v -0.010095048695802689 -0.002276425017043948 -0.04294147342443466
v 0.010001000016927719 -0.002276425017043948 -0.04294147342443466
f 8692 8693 8694
v -0.007775166071951389 -0.010638025589287281 -0.06591477245092392
v -0.009089154191315174 -0.008772042579948902 -0.06078804284334183
v 0.006124029867351055 -0.012122471816837788 -0.06999325007200241
f 8695 8696 8697
v -0.009998999536037445 -0.0034589737188071012 -0.04619049280881882
v 0.010001000016927719 -0.002276425017043948 -0.04294147342443466
v -0.009998999536037445 -0.005209487397223711 -0.05099999159574509
f 8698 8699 8700
v -0.009998999536037445 -0.005209487397223711 -0.05099999159574509
v 0.010001000016927719 -0.002276425017043948 -0.04294147342443466
v 0.010001000016927719 -0.005209494847804308 -0.05100000649690628
f 8701 8702 8703
v -0.009998999536037445 -0.005209487397223711 -0.05099999159574509
v 0.010001000016927719 -0.005209494847804308 -0.05100000649690628
v -0.009854447096586227 -0.006648000795394182 -0.054952286183834076
f 8704 8705 8706
v 0.010001000016927719 -0.005209494847804308 -0.05100000649690628
v 0.009630529209971428 -0.007510859984904528 -0.057322971522808075
v -0.009854447096586227 -0.006648000795394182 -0.054952286183834076
f 8707 8708 8709
v -0.009854447096586227 -0.006648000795394182 -0.054952286183834076
v 0.009630529209971428 -0.007510859984904528 -0.057322971522808075
v 0.008639302104711533 -0.009546992368996143 -0.06291718035936356
f 8710 8711 8712
v -0.009854447096586227 -0.006648000795394182 -0.054952286183834076
v 0.008639302104711533 -0.009546992368996143 -0.06291718035936356
v -0.009089154191315174 -0.008772042579948902 -0.06078804284334183
f 8713 8714 8715
v -0.009089154191315174 -0.008772042579948902 -0.06078804284334183
v 0.008639302104711533 -0.009546992368996143 -0.06291718035936356
v 0.007247887551784515 -0.01118819136172533 -0.06742634624242783
f 8716 8717 8718
v -0.009089154191315174 -0.008772042579948902 -0.06078804284334183
v 0.007247887551784515 -0.01118819136172533 -0.06742634624242783
v 0.006124029867351055 -0.012122471816837788 -0.06999325007200241
f 8719 8720 8721
v 0.002673418028280139 -0.01385683286935091 -0.0747583732008934
v 0.0010261953575536609 -0.01423684973269701 -0.07580246776342392
v -0.000248834490776062 -0.014304284937679768 -0.07598773390054703
f 8722 8723 8724
v -0.000248834490776062 -0.014304284937679768 -0.07598773390054703
v -0.0015080779558047652 -0.014155772514641285 -0.07557971030473709
v 0.002673418028280139 -0.01385683286935091 -0.0747583732008934
f 8725 8726 8727
v 0.002673418028280139 -0.01385683286935091 -0.0747583732008934
v -0.0015080779558047652 -0.014155772514641285 -0.07557971030473709
v -0.002980421995744109 -0.013754536397755146 -0.07447730749845505
f 8728 8729 8730
v 0.002673418028280139 -0.01385683286935091 -0.0747583732008934
v -0.002980421995744109 -0.013754536397755146 -0.07447730749845505
v 0.004528642166405916 -0.013100211508572102 -0.07267958670854568
f 8731 8732 8733
v 0.004528642166405916 -0.013100211508572102 -0.07267958670854568
v -0.002980421995744109 -0.013754536397755146 -0.07447730749845505
v -0.004473303444683552 -0.013125908561050892 -0.07275017350912094
f 8734 8735 8736
v 0.004528642166405916 -0.013100211508572102 -0.07267958670854568
v -0.004473303444683552 -0.013125908561050892 -0.07275017350912094
v 0.006124029867351055 -0.012122471816837788 -0.06999325007200241
f 8737 8738 8739
v 0.006124029867351055 -0.012122471816837788 -0.06999325007200241
v -0.004473303444683552 -0.013125908561050892 -0.07275017350912094
v -0.006105458829551935 -0.012136098928749561 -0.07003069669008255
f 8740 8741 8742
v 0.006124029867351055 -0.012122471816837788 -0.06999325007200241
v -0.006105458829551935 -0.012136098928749561 -0.07003069669008255
v -0.007775166071951389 -0.010638025589287281 -0.06591477245092392
f 8743 8744 8745
v -0.013734150677919388 -0.0038068934809416533 -0.057064853608608246
v -0.009775874204933643 -0.0038068934809416533 -0.057064853608608246
v -0.01345431711524725 -0.0051795137114822865 -0.05944228917360306
f 8746 8747 8748
v -0.01345431711524725 -0.0051795137114822865 -0.05944228917360306
v -0.009775874204933643 -0.0038068934809416533 -0.057064853608608246
v -0.009482949040830135 -0.005167726892977953 -0.05942187458276749
f 8749 8750 8751
v -0.01345431711524725 -0.0051795137114822865 -0.05944228917360306
v -0.009482949040830135 -0.005167726892977953 -0.05942187458276749
v -0.013076932169497013 -0.006520156282931566 -0.061764366924762726
f 8752 8753 8754
v -0.013076932169497013 -0.006520156282931566 -0.061764366924762726
v -0.009482949040830135 -0.005167726892977953 -0.05942187458276749
v -0.009089167229831219 -0.006445359904319048 -0.06163480132818222
f 8755 8756 8757
v -0.013076932169497013 -0.006520156282931566 -0.061764366924762726
v -0.009089167229831219 -0.006445359904319048 -0.06163480132818222
v -0.0090623265132308 -0.006520156282931566 -0.061764366924762726
f 8758 8759 8760
v -0.00803231168538332 -0.011271451599895954 -0.0748184397816658
v -0.003466862952336669 -0.011271451599895954 -0.0748184397816658
v -0.00649116700515151 -0.011618067510426044 -0.07678418606519699
f 8761 8762 8763
v -0.00649116700515151 -0.011618067510426044 -0.07678418606519699
v -0.003466862952336669 -0.011271451599895954 -0.0748184397816658
v -0.0029006581753492355 -0.011379380710422993 -0.0754270926117897
f 8764 8765 8766
v -0.0009568438399583101 -0.011618492193520069 -0.07678396254777908
v -0.00024897107505239546 -0.011648227460682392 -0.0769544467329979
v -6.228051461221185e-07 -0.012215127237141132 -0.08017029613256454
f 8767 8768 8769
v -6.228051461221185e-07 -0.012215127237141132 -0.08017029613256454
v -0.00024897107505239546 -0.011648227460682392 -0.0769544467329979
v -0.00011589020141400397 -0.011649985797703266 -0.07696514576673508
f 8770 8771 8772
v -6.228051461221185e-07 -0.012215127237141132 -0.08017029613256454
v -0.00011589020141400397 -0.011649985797703266 -0.07696514576673508
v 0.00041663629235699773 -0.012212810106575489 -0.08015713840723038
f 8773 8774 8775
v 0.00041663629235699773 -0.012212810106575489 -0.08015713840723038
v -0.00011589020141400397 -0.011649985797703266 -0.07696514576673508
v 0.0006554266437888145 -0.01163607556372881 -0.07688508182764053
f 8776 8777 8778
v 0.00041663629235699773 -0.012212810106575489 -0.08015713840723038
v 0.0006554266437888145 -0.01163607556372881 -0.07688508182764053
v 0.0012545669451355934 -0.012194287963211536 -0.08005210012197495
f 8779 8780 8781
v -6.228051461221185e-07 -0.012215127237141132 -0.08017029613256454
v -0.0017672633985057473 -0.01217383611947298 -0.07993609458208084
v -0.0009568438399583101 -0.011618492193520069 -0.07678396254777908
f 8782 8783 8784
v -0.0009568438399583101 -0.011618492193520069 -0.07678396254777908
v -0.0017672633985057473 -0.01217383611947298 -0.07993609458208084
v -0.002462595934048295 -0.01213355828076601 -0.07970768958330154
f 8785 8786 8787
v -0.0009568438399583101 -0.011618492193520069 -0.07678396254777908
v -0.002462595934048295 -0.01213355828076601 -0.07970768958330154
v -0.0015086971689015627 -0.01157157588750124 -0.0765199139714241
f 8788 8789 8790
v -0.0015086971689015627 -0.01157157588750124 -0.0765199139714241
v -0.002462595934048295 -0.01213355828076601 -0.07970768958330154
v -0.0037511547561734915 -0.012022499926388264 -0.0790778324007988
f 8791 8792 8793
v -0.0015086971689015627 -0.01157157588750124 -0.0765199139714241
v -0.0037511547561734915 -0.012022499926388264 -0.0790778324007988
v -0.0018486246699467301 -0.011534680612385273 -0.07630719989538193
f 8794 8795 8796
v -0.0018486246699467301 -0.011534680612385273 -0.07630719989538193
v -0.0037511547561734915 -0.012022499926388264 -0.0790778324007988
v -0.004648933187127113 -0.011916575022041798 -0.07847710698843002
f 8797 8798 8799
v -0.0018486246699467301 -0.011534680612385273 -0.07630719989538193
v -0.004648933187127113 -0.011916575022041798 -0.07847710698843002
v -0.0029006581753492355 -0.011379380710422993 -0.0754270926117897
f 8800 8801 8802
v -0.0029006581753492355 -0.011379380710422993 -0.0754270926117897
v -0.004648933187127113 -0.011916575022041798 -0.07847710698843002
v -0.0057500386610627174 -0.011752051301300526 -0.07754404097795486
f 8803 8804 8805
v -0.0029006581753492355 -0.011379380710422993 -0.0754270926117897
v -0.0057500386610627174 -0.011752051301300526 -0.07754404097795486
v -0.00649116700515151 -0.011618067510426044 -0.07678418606519699
f 8806 8807 8808
v 0.0012545669451355934 -0.012194287963211536 -0.08005210012197495
v 0.0006554266437888145 -0.01163607556372881 -0.07688508182764053
v 0.002558233682066202 -0.012126480229198933 -0.07966754585504532
f 8809 8810 8811
v 0.002558233682066202 -0.012126480229198933 -0.07966754585504532
v 0.0006554266437888145 -0.01163607556372881 -0.07688508182764053
v 0.0010265287710353732 -0.011614394374191761 -0.07675681263208389
f 8812 8813 8814
v 0.002558233682066202 -0.012126480229198933 -0.07966754585504532
v 0.0010265287710353732 -0.011614394374191761 -0.07675681263208389
v 0.0035998867824673653 -0.012037699110805988 -0.0791640356183052
f 8815 8816 8817
v 0.0035998867824673653 -0.012037699110805988 -0.0791640356183052
v 0.0010265287710353732 -0.011614394374191761 -0.07675681263208389
v 0.0013930181739851832 -0.011584092862904072 -0.07658224552869797
f 8818 8819 8820
v 0.0035998867824673653 -0.012037699110805988 -0.0791640356183052
v 0.0013930181739851832 -0.011584092862904072 -0.07658224552869797
v 0.004490835126489401 -0.011936892755329609 -0.07859230786561966
f 8821 8822 8823
v 0.004490835126489401 -0.011936892755329609 -0.07859230786561966
v 0.0013930181739851832 -0.011584092862904072 -0.07658224552869797
v 0.0023732557892799377 -0.011465487070381641 -0.07590854912996292
f 8824 8825 8826
v 0.004490835126489401 -0.011936892755329609 -0.07859230786561966
v 0.0023732557892799377 -0.011465487070381641 -0.07590854912996292
v 0.004650724120438099 -0.011916262097656727 -0.07847534865140915
f 8827 8828 8829
v 0.004650724120438099 -0.011916262097656727 -0.07847534865140915
v 0.0023732557892799377 -0.011465487070381641 -0.07590854912996292
v 0.002674130955711007 -0.011418459005653858 -0.07564517110586166
f 8830 8831 8832
v 0.004650724120438099 -0.011916262097656727 -0.07847534865140915
v 0.002674130955711007 -0.011418459005653858 -0.07564517110586166
v 0.006357042584568262 -0.011643965728580952 -0.07693106681108475
f 8833 8834 8835
v 0.006357042584568262 -0.011643965728580952 -0.07693106681108475
v 0.002674130955711007 -0.011418459005653858 -0.07564517110586166
v 0.0034748902544379234 -0.011271451599895954 -0.0748184397816658
f 8836 8837 8838
v 0.006357042584568262 -0.011643965728580952 -0.07693106681108475
v 0.0034748902544379234 -0.011271451599895954 -0.0748184397816658
v 0.008034339174628258 -0.011271451599895954 -0.0748184397816658
f 8839 8840 8841
v 0.010715662501752377 -0.01836143061518669 -0.06954286247491837
v 1.0107164598593954e-06 -0.01836143061518669 -0.06954286247491837
v 0.009917320683598518 -0.01836143061518669 -0.07135023921728134
f 8842 8843 8844
v 0.009917320683598518 -0.01836143061518669 -0.07135023921728134
v 1.0107164598593954e-06 -0.01836143061518669 -0.06954286247491837
v 0.008650646544992924 -0.01836143061518669 -0.07369010895490646
f 8845 8846 8847
v 1.0107164598593954e-06 -0.01836143061518669 -0.06954286247491837
v 0.0047324164770543575 -0.01836143061518669 -0.07824046164751053
v 0.0053463769145309925 -0.01836143061518669 -0.07773838192224503
f 8848 8849 8850
v -0.0014881440438330173 -0.01836143061518669 -0.07982834428548813
v -0.0009826140012592077 -0.01836143061518669 -0.07992494851350784
v 1.0107164598593954e-06 -0.01836143061518669 -0.06954286247491837
f 8851 8852 8853
v 1.0107164598593954e-06 -0.01836143061518669 -0.06954286247491837
v -0.0009826140012592077 -0.01836143061518669 -0.07992494851350784
v 0.0006688549183309078 -0.01836143061518669 -0.07996589690446854
f 8854 8855 8856
v 1.0107164598593954e-06 -0.01836143061518669 -0.06954286247491837
v 0.0006688549183309078 -0.01836143061518669 -0.07996589690446854
v 0.0009870887733995914 -0.01836143061518669 -0.07992475479841232
f 8857 8858 8859
v 0.0053463769145309925 -0.01836143061518669 -0.07773838192224503
v 0.00673688156530261 -0.01836143061518669 -0.07633595913648605
v 1.0107164598593954e-06 -0.01836143061518669 -0.06954286247491837
f 8860 8861 8862
v 1.0107164598593954e-06 -0.01836143061518669 -0.06954286247491837
v 0.00673688156530261 -0.01836143061518669 -0.07633595913648605
v 0.007946884259581566 -0.01836143061518669 -0.07477324455976486
f 8863 8864 8865
v 1.0107164598593954e-06 -0.01836143061518669 -0.06954286247491837
v 0.007946884259581566 -0.01836143061518669 -0.07477324455976486
v 0.008650646544992924 -0.01836143061518669 -0.07369010895490646
f 8866 8867 8868
v -0.010713641531765461 -0.01836143061518669 -0.06954286247491837
v -0.009642270393669605 -0.01836143061518669 -0.07190195471048355
v 1.0107164598593954e-06 -0.01836143061518669 -0.06954286247491837
f 8869 8870 8871
v 1.0107164598593954e-06 -0.01836143061518669 -0.06954286247491837
v -0.009642270393669605 -0.01836143061518669 -0.07190195471048355
v -0.008995311334729195 -0.01836143061518669 -0.07310222834348679
f 8872 8873 8874
v 1.0107164598593954e-06 -0.01836143061518669 -0.06954286247491837
v -0.008995311334729195 -0.01836143061518669 -0.07310222834348679
v -0.007575695868581533 -0.01836143061518669 -0.07528821378946304
f 8875 8876 8877
v 0.0009870887733995914 -0.01836143061518669 -0.07992475479841232
v 0.002717693103477359 -0.01836143061518669 -0.07942811399698257
v 1.0107164598593954e-06 -0.01836143061518669 -0.06954286247491837
f 8878 8879 8880
v 1.0107164598593954e-06 -0.01836143061518669 -0.06954286247491837
v 0.002717693103477359 -0.01836143061518669 -0.07942811399698257
v 0.0037519915495067835 -0.01836143061518669 -0.07890345901250839
f 8881 8882 8883
v 1.0107164598593954e-06 -0.01836143061518669 -0.06954286247491837
v 0.0037519915495067835 -0.01836143061518669 -0.07890345901250839
v 0.0047324164770543575 -0.01836143061518669 -0.07824046164751053
f 8884 8885 8886
v -0.007575695868581533 -0.01836143061518669 -0.07528821378946304
v -0.006736377719789743 -0.01836143061518669 -0.07633418589830399
v 1.0107164598593954e-06 -0.01836143061518669 -0.06954286247491837
f 8887 8888 8889
v 1.0107164598593954e-06 -0.01836143061518669 -0.06954286247491837
v -0.006736377719789743 -0.01836143061518669 -0.07633418589830399
v -0.005422045011073351 -0.01836143061518669 -0.07766934484243393
f 8890 8891 8892
v 1.0107164598593954e-06 -0.01836143061518669 -0.06954286247491837
v -0.005422045011073351 -0.01836143061518669 -0.07766934484243393
v -0.005341687705367804 -0.01836143061518669 -0.07774022966623306
f 8893 8894 8895
v -0.005341687705367804 -0.01836143061518669 -0.07774022966623306
v -0.0035118781961500645 -0.01836143061518669 -0.07904220372438431
v 1.0107164598593954e-06 -0.01836143061518669 -0.06954286247491837
f 8896 8897 8898
v 1.0107164598593954e-06 -0.01836143061518669 -0.06954286247491837
v -0.0035118781961500645 -0.01836143061518669 -0.07904220372438431
v -0.0019475577864795923 -0.01836143061518669 -0.07970691472291946
f 8899 8900 8901
v 1.0107164598593954e-06 -0.01836143061518669 -0.06954286247491837
v -0.0019475577864795923 -0.01836143061518669 -0.07970691472291946
v -0.0014881440438330173 -0.01836143061518669 -0.07982834428548813
f 8902 8903 8904
v 0.030500972643494606 0.010342027060687542 -0.010000013746321201
v 0.030500972643494606 0.011800001375377178 -0.010000013746321201
v 0.030500972643494606 0.011800001375377178 -0.004999988712370396
f 8905 8906 8907
v 0.030500972643494606 0.010342027060687542 -0.010000013746321201
v 0.030500972643494606 0.011800001375377178 -0.004999988712370396
v 0.030500933527946472 -0.0037294819485396147 -0.010000013746321201
f 8908 8909 8910
v 0.030500933527946472 -0.0037294819485396147 -0.010000013746321201
v 0.030500972643494606 0.011800001375377178 -0.004999988712370396
v 0.030500972643494606 -0.011800003238022327 -0.004999988712370396
f 8911 8912 8913
v 0.030500933527946472 -0.0037294819485396147 -0.010000013746321201
v 0.030500972643494606 -0.011800003238022327 -0.004999988712370396
v 0.030500972643494606 -0.011800003238022327 -0.010000013746321201
f 8914 8915 8916
v -0.03049902617931366 0.011800001375377178 -0.004999988712370396
v -0.03049902617931366 0.011800001375377178 -0.010000013746321201
v -0.03049902617931366 -0.011800003238022327 -0.004999988712370396
f 8917 8918 8919
v -0.03049902617931366 -0.011800003238022327 -0.004999988712370396
v -0.03049902617931366 0.011800001375377178 -0.010000013746321201
v -0.03049902617931366 -0.0037557899486273527 -0.010000013746321201
f 8920 8921 8922
v -0.03049902617931366 -0.011800003238022327 -0.004999988712370396
v -0.03049902617931366 -0.0037557899486273527 -0.010000013746321201
v -0.03049902617931366 -0.011800003238022327 -0.010000013746321201
f 8923 8924 8925
v 0.024561572819948196 0.014729822985827923 -0.010000013746321201
v 0.024466663599014282 0.014799992553889751 -0.010000013746321201
v 0.027500972151756287 0.014800000004470348 -0.010000013746321201
f 8926 8927 8928
v 0.024561572819948196 0.014729822985827923 -0.010000013746321201
v 0.027500972151756287 0.014800000004470348 -0.010000013746321201
v 0.025225292891263962 0.013942535035312176 -0.010000013746321201
f 8929 8930 8931
v 0.02549205906689167 0.012829202227294445 -0.010000013746321201
v 0.025481663644313812 0.013060207478702068 -0.010000013746321201
v 0.028649022802710533 0.014571639709174633 -0.010000013746321201
f 8932 8933 8934
v 0.028649022802710533 0.014571639709174633 -0.010000013746321201
v 0.025481663644313812 0.013060207478702068 -0.010000013746321201
v 0.025420639663934708 0.01342452596873045 -0.010000013746321201
f 8935 8936 8937
v 0.028649022802710533 0.014571639709174633 -0.010000013746321201
v 0.025420639663934708 0.01342452596873045 -0.010000013746321201
v 0.027500972151756287 0.014800000004470348 -0.010000013746321201
f 8938 8939 8940
v 0.027500972151756287 0.014800000004470348 -0.010000013746321201
v 0.025420639663934708 0.01342452596873045 -0.010000013746321201
v 0.02525162696838379 0.013890366069972515 -0.010000013746321201
f 8941 8942 8943
v 0.027500972151756287 0.014800000004470348 -0.010000013746321201
v 0.02525162696838379 0.013890366069972515 -0.010000013746321201
v 0.025225292891263962 0.013942535035312176 -0.010000013746321201
f 8944 8945 8946
v 0.030500972643494606 0.010342027060687542 -0.010000013746321201
v 0.030297158285975456 0.01049718540161848 -0.010000013746321201
v 0.030500972643494606 0.011800001375377178 -0.010000013746321201
f 8947 8948 8949
v 0.030500972643494606 0.011800001375377178 -0.010000013746321201
v 0.030297158285975456 0.01049718540161848 -0.010000013746321201
v 0.029945209622383118 0.010705444030463696 -0.010000013746321201
f 8950 8951 8952
v 0.030500972643494606 0.011800001375377178 -0.010000013746321201
v 0.029945209622383118 0.010705444030463696 -0.010000013746321201
v 0.03027261234819889 0.012948046438395977 -0.010000013746321201
f 8953 8954 8955
v 0.03027261234819889 0.012948046438395977 -0.010000013746321201
v 0.029945209622383118 0.010705444030463696 -0.010000013746321201
v 0.02937505580484867 0.010932530276477337 -0.010000013746321201
f 8956 8957 8958
v 0.03027261234819889 0.012948046438395977 -0.010000013746321201
v 0.02937505580484867 0.010932530276477337 -0.010000013746321201
v 0.029622294008731842 0.013921323232352734 -0.010000013746321201
f 8959 8960 8961
v 0.029622294008731842 0.013921323232352734 -0.010000013746321201
v 0.02937505580484867 0.010932530276477337 -0.010000013746321201
v 0.028112709522247314 0.011113706044852734 -0.010000013746321201
f 8962 8963 8964
v 0.029622294008731842 0.013921323232352734 -0.010000013746321201
v 0.028112709522247314 0.011113706044852734 -0.010000013746321201
v 0.028649022802710533 0.014571639709174633 -0.010000013746321201
f 8965 8966 8967
v 0.028649022802710533 0.014571639709174633 -0.010000013746321201
v 0.028112709522247314 0.011113706044852734 -0.010000013746321201
v 0.025492040440440178 0.011113706044852734 -0.010000013746321201
f 8968 8969 8970
v 0.028649022802710533 0.014571639709174633 -0.010000013746321201
v 0.025492040440440178 0.011113706044852734 -0.010000013746321201
v 0.02549205906689167 0.012829202227294445 -0.010000013746321201
f 8971 8972 8973
v -0.007499027065932751 -0.012500000186264515 -0.004999988712370396
v -0.00834902748465538 -0.01227224338799715 -0.004999988712370396
v -0.010099027305841446 -0.014800001867115498 -0.004999988712370396
f 8974 8975 8976
v 0.027500972151756287 0.014800000004470348 -0.004999988712370396
v 0.008973215706646442 0.01164999883621931 -0.004999988712370396
v 0.009200973436236382 0.010799999348819256 -0.004999988712370396
f 8977 8978 8979
v 0.00602872995659709 -0.00995000172406435 -0.004999988712370396
v 0.0066509731113910675 -0.00932775903493166 -0.004999988712370396
v -0.006026783958077431 -0.00995000172406435 -0.004999988712370396
f 8980 8981 8982
v 0.00750097306445241 -0.012500000186264515 -0.004999988712370396
v 0.0066509731113910675 -0.01227224338799715 -0.004999988712370396
v -0.0066490271128714085 -0.01227224338799715 -0.004999988712370396
f 8983 8984 8985
v -0.0066490271128714085 -0.01227224338799715 -0.004999988712370396
v 0.0066509731113910675 -0.01227224338799715 -0.004999988712370396
v 0.00602872995659709 -0.01165000069886446 -0.004999988712370396
f 8986 8987 8988
v 0.029622294008731842 0.013921323232352734 -0.004999988712370396
v 0.028649022802710533 0.014571639709174633 -0.004999988712370396
v 0.027500972151756287 0.014800000004470348 -0.004999988712370396
f 8989 8990 8991
v 0.005800973158329725 0.010799999348819256 -0.004999988712370396
v 0.0066509731113910675 -0.00932775903493166 -0.004999988712370396
v 0.00602872995659709 0.009949999861419201 -0.004999988712370396
f 8992 8993 8994
v 0.00602872995659709 0.009949999861419201 -0.004999988712370396
v 0.0066509731113910675 -0.00932775903493166 -0.004999988712370396
v 0.0066509731113910675 0.00932775717228651 -0.004999988712370396
f 8995 8996 8997
v -0.007499027065932751 -0.012500000186264515 -0.004999988712370396
v -0.010099027305841446 -0.014800001867115498 -0.004999988712370396
v -0.0066490271128714085 -0.01227224338799715 -0.004999988712370396
f 8998 8999 9000
v -0.0066490271128714085 -0.01227224338799715 -0.004999988712370396
v -0.010099027305841446 -0.014800001867115498 -0.004999988712370396
v 0.027500972151756287 -0.014800001867115498 -0.004999988712370396
f 9001 9002 9003
v -0.0066490271128714085 -0.01227224338799715 -0.004999988712370396
v 0.027500972151756287 -0.014800001867115498 -0.004999988712370396
v 0.00750097306445241 -0.012500000186264515 -0.004999988712370396
f 9004 9005 9006
v -0.00834902748465538 -0.01227224338799715 -0.004999988712370396
v -0.00897127017378807 -0.01165000069886446 -0.004999988712370396
v -0.010099027305841446 -0.014800001867115498 -0.004999988712370396
f 9007 9008 9009
v -0.010099027305841446 -0.014800001867115498 -0.004999988712370396
v -0.00897127017378807 -0.01165000069886446 -0.004999988712370396
v -0.009199026972055435 -0.010800001211464405 -0.004999988712370396
f 9010 9011 9012
v -0.010099027305841446 -0.014800001867115498 -0.004999988712370396
v -0.009199026972055435 -0.010800001211464405 -0.004999988712370396
v -0.010099027305841446 0.014800000004470348 -0.004999988712370396
f 9013 9014 9015
v -0.00897127017378807 0.01164999883621931 -0.004999988712370396
v -0.00834902748465538 0.012272241525352001 -0.004999988712370396
v -0.010099027305841446 0.014800000004470348 -0.004999988712370396
f 9016 9017 9018
v 0.030500972643494606 0.011800001375377178 -0.004999988712370396
v 0.03027261234819889 0.012948046438395977 -0.004999988712370396
v 0.029622294008731842 0.013921323232352734 -0.004999988712370396
f 9019 9020 9021
v -0.006026783958077431 -0.00995000172406435 -0.004999988712370396
v 0.0066509731113910675 -0.00932775903493166 -0.004999988712370396
v -0.0066490271128714085 -0.00932775903493166 -0.004999988712370396
f 9022 9023 9024
v -0.0066490271128714085 -0.00932775903493166 -0.004999988712370396
v 0.0066509731113910675 -0.00932775903493166 -0.004999988712370396
v 0.005800973158329725 0.010799999348819256 -0.004999988712370396
f 9025 9026 9027
v -0.0066490271128714085 -0.00932775903493166 -0.004999988712370396
v 0.005800973158329725 0.010799999348819256 -0.004999988712370396
v 0.00602872995659709 0.01164999883621931 -0.004999988712370396
f 9028 9029 9030
v 0.00915835052728653 -0.011178289540112019 -0.004999988712370396
v 0.008830086328089237 -0.011859935708343983 -0.004999988712370396
v 0.027500972151756287 -0.014800001867115498 -0.004999988712370396
f 9031 9032 9033
v 0.027500972151756287 -0.014800001867115498 -0.004999988712370396
v 0.008830086328089237 -0.011859935708343983 -0.004999988712370396
v 0.008238575421273708 -0.012331646867096424 -0.004999988712370396
f 9034 9035 9036
v 0.027500972151756287 -0.014800001867115498 -0.004999988712370396
v 0.008238575421273708 -0.012331646867096424 -0.004999988712370396
v 0.00750097306445241 -0.012500000186264515 -0.004999988712370396
f 9037 9038 9039
v 0.00602872995659709 -0.00995000172406435 -0.004999988712370396
v -0.006026783958077431 -0.00995000172406435 -0.004999988712370396
v 0.005800973158329725 -0.010800001211464405 -0.004999988712370396
f 9040 9041 9042
v 0.005800973158329725 -0.010800001211464405 -0.004999988712370396
v -0.006026783958077431 -0.00995000172406435 -0.004999988712370396
v -0.005799027159810066 -0.010800001211464405 -0.004999988712370396
f 9043 9044 9045
v 0.005800973158329725 -0.010800001211464405 -0.004999988712370396
v -0.005799027159810066 -0.010800001211464405 -0.004999988712370396
v 0.00602872995659709 -0.01165000069886446 -0.004999988712370396
f 9046 9047 9048
v 0.00602872995659709 -0.01165000069886446 -0.004999988712370396
v -0.005799027159810066 -0.010800001211464405 -0.004999988712370396
v -0.006026783958077431 -0.01165000069886446 -0.004999988712370396
f 9049 9050 9051
v 0.00602872995659709 -0.01165000069886446 -0.004999988712370396
v -0.006026783958077431 -0.01165000069886446 -0.004999988712370396
v -0.0066490271128714085 -0.01227224338799715 -0.004999988712370396
f 9052 9053 9054
v -0.00897127017378807 0.01164999883621931 -0.004999988712370396
v -0.010099027305841446 0.014800000004470348 -0.004999988712370396
v -0.009199026972055435 0.010799999348819256 -0.004999988712370396
f 9055 9056 9057
v 0.029622294008731842 0.013921323232352734 -0.004999988712370396
v 0.027500972151756287 0.014800000004470348 -0.004999988712370396
v 0.030500972643494606 0.011800001375377178 -0.004999988712370396
f 9058 9059 9060
v 0.030500972643494606 0.011800001375377178 -0.004999988712370396
v 0.027500972151756287 0.014800000004470348 -0.004999988712370396
v 0.009200973436236382 0.010799999348819256 -0.004999988712370396
f 9061 9062 9063
v 0.030500972643494606 0.011800001375377178 -0.004999988712370396
v 0.009200973436236382 0.010799999348819256 -0.004999988712370396
v 0.030500972643494606 -0.011800003238022327 -0.004999988712370396
f 9064 9065 9066
v 0.030500972643494606 -0.011800003238022327 -0.004999988712370396
v 0.009200973436236382 0.010799999348819256 -0.004999988712370396
v 0.008973215706646442 0.009949999861419201 -0.004999988712370396
f 9067 9068 9069
v 0.030500972643494606 -0.011800003238022327 -0.004999988712370396
v 0.008973215706646442 0.009949999861419201 -0.004999988712370396
v 0.008350973017513752 0.00932775717228651 -0.004999988712370396
f 9070 9071 9072
v 0.00602872995659709 0.01164999883621931 -0.004999988712370396
v 0.0066509731113910675 0.012272241525352001 -0.004999988712370396
v -0.005841649603098631 0.01117828767746687 -0.004999988712370396
f 9073 9074 9075
v -0.005841649603098631 0.01117828767746687 -0.004999988712370396
v 0.0066509731113910675 0.012272241525352001 -0.004999988712370396
v 0.00750097306445241 0.012499998323619366 -0.004999988712370396
f 9076 9077 9078
v -0.005841649603098631 0.01117828767746687 -0.004999988712370396
v 0.00750097306445241 0.012499998323619366 -0.004999988712370396
v 0.027500972151756287 0.014800000004470348 -0.004999988712370396
f 9079 9080 9081
v 0.027500972151756287 0.014800000004470348 -0.004999988712370396
v 0.00750097306445241 0.012499998323619366 -0.004999988712370396
v 0.008350973017513752 0.012272241525352001 -0.004999988712370396
f 9082 9083 9084
v 0.027500972151756287 0.014800000004470348 -0.004999988712370396
v 0.008350973017513752 0.012272241525352001 -0.004999988712370396
v 0.008973215706646442 0.01164999883621931 -0.004999988712370396
f 9085 9086 9087
v -0.009199026972055435 -0.010800001211464405 -0.004999988712370396
v -0.00897127017378807 -0.00995000172406435 -0.004999988712370396
v -0.010099027305841446 0.014800000004470348 -0.004999988712370396
f 9088 9089 9090
v -0.010099027305841446 0.014800000004470348 -0.004999988712370396
v -0.00897127017378807 -0.00995000172406435 -0.004999988712370396
v -0.00834902748465538 -0.00932775903493166 -0.004999988712370396
f 9091 9092 9093
v -0.010099027305841446 0.014800000004470348 -0.004999988712370396
v -0.00834902748465538 -0.00932775903493166 -0.004999988712370396
v -0.009199026972055435 0.010799999348819256 -0.004999988712370396
f 9094 9095 9096
v -0.009199026972055435 0.010799999348819256 -0.004999988712370396
v -0.00834902748465538 -0.00932775903493166 -0.004999988712370396
v -0.00897127017378807 0.009949999861419201 -0.004999988712370396
f 9097 9098 9099
v -0.00834902748465538 0.012272241525352001 -0.004999988712370396
v -0.007499027065932751 0.012499998323619366 -0.004999988712370396
v -0.010099027305841446 0.014800000004470348 -0.004999988712370396
f 9100 9101 9102
v -0.010099027305841446 0.014800000004470348 -0.004999988712370396
v -0.007499027065932751 0.012499998323619366 -0.004999988712370396
v -0.006761424709111452 0.012331645004451275 -0.004999988712370396
f 9103 9104 9105
v -0.010099027305841446 0.014800000004470348 -0.004999988712370396
v -0.006761424709111452 0.012331645004451275 -0.004999988712370396
v 0.027500972151756287 0.014800000004470348 -0.004999988712370396
f 9106 9107 9108
v 0.027500972151756287 0.014800000004470348 -0.004999988712370396
v -0.006761424709111452 0.012331645004451275 -0.004999988712370396
v -0.006169913336634636 0.011859933845698833 -0.004999988712370396
f 9109 9110 9111
v 0.027500972151756287 0.014800000004470348 -0.004999988712370396
v -0.006169913336634636 0.011859933845698833 -0.004999988712370396
v -0.005841649603098631 0.01117828767746687 -0.004999988712370396
f 9112 9113 9114
v 0.0066509731113910675 0.00932775717228651 -0.004999988712370396
v 0.0066509731113910675 -0.00932775903493166 -0.004999988712370396
v 0.00750097306445241 0.009100000374019146 -0.004999988712370396
f 9115 9116 9117
v 0.00750097306445241 0.009100000374019146 -0.004999988712370396
v 0.0066509731113910675 -0.00932775903493166 -0.004999988712370396
v 0.00750097306445241 -0.009100002236664295 -0.004999988712370396
f 9118 9119 9120
v 0.00750097306445241 0.009100000374019146 -0.004999988712370396
v 0.00750097306445241 -0.009100002236664295 -0.004999988712370396
v 0.008350973017513752 0.00932775717228651 -0.004999988712370396
f 9121 9122 9123
v 0.008350973017513752 0.00932775717228651 -0.004999988712370396
v 0.00750097306445241 -0.009100002236664295 -0.004999988712370396
v 0.008238575421273708 -0.009268355555832386 -0.004999988712370396
f 9124 9125 9126
v 0.008350973017513752 0.00932775717228651 -0.004999988712370396
v 0.008238575421273708 -0.009268355555832386 -0.004999988712370396
v 0.030500972643494606 -0.011800003238022327 -0.004999988712370396
f 9127 9128 9129
v 0.030500972643494606 -0.011800003238022327 -0.004999988712370396
v 0.008238575421273708 -0.009268355555832386 -0.004999988712370396
v 0.008830086328089237 -0.009740066714584827 -0.004999988712370396
f 9130 9131 9132
v 0.030500972643494606 -0.011800003238022327 -0.004999988712370396
v 0.008830086328089237 -0.009740066714584827 -0.004999988712370396
v 0.00915835052728653 -0.010421712882816792 -0.004999988712370396
f 9133 9134 9135
v 0.027500972151756287 -0.014800001867115498 -0.004999988712370396
v 0.028649022802710533 -0.014571641571819782 -0.004999988712370396
v 0.029622294008731842 -0.013921317644417286 -0.004999988712370396
f 9136 9137 9138
v -0.005841649603098631 0.01117828767746687 -0.004999988712370396
v -0.005841649603098631 0.010421711020171642 -0.004999988712370396
v 0.00602872995659709 0.01164999883621931 -0.004999988712370396
f 9139 9140 9141
v 0.00602872995659709 0.01164999883621931 -0.004999988712370396
v -0.005841649603098631 0.010421711020171642 -0.004999988712370396
v -0.006169913336634636 0.009740064851939678 -0.004999988712370396
f 9142 9143 9144
v 0.00602872995659709 0.01164999883621931 -0.004999988712370396
v -0.006169913336634636 0.009740064851939678 -0.004999988712370396
v -0.0066490271128714085 -0.00932775903493166 -0.004999988712370396
f 9145 9146 9147
v -0.0066490271128714085 -0.00932775903493166 -0.004999988712370396
v -0.006169913336634636 0.009740064851939678 -0.004999988712370396
v -0.006761424709111452 0.009268353693187237 -0.004999988712370396
f 9148 9149 9150
v -0.0066490271128714085 -0.00932775903493166 -0.004999988712370396
v -0.006761424709111452 0.009268353693187237 -0.004999988712370396
v -0.007499027065932751 -0.009100002236664295 -0.004999988712370396
f 9151 9152 9153
v -0.007499027065932751 -0.009100002236664295 -0.004999988712370396
v -0.006761424709111452 0.009268353693187237 -0.004999988712370396
v -0.007499027065932751 0.009100000374019146 -0.004999988712370396
f 9154 9155 9156
v -0.007499027065932751 -0.009100002236664295 -0.004999988712370396
v -0.007499027065932751 0.009100000374019146 -0.004999988712370396
v -0.00834902748465538 -0.00932775903493166 -0.004999988712370396
f 9157 9158 9159
v -0.00834902748465538 -0.00932775903493166 -0.004999988712370396
v -0.007499027065932751 0.009100000374019146 -0.004999988712370396
v -0.00834902748465538 0.00932775717228651 -0.004999988712370396
f 9160 9161 9162
v -0.00834902748465538 -0.00932775903493166 -0.004999988712370396
v -0.00834902748465538 0.00932775717228651 -0.004999988712370396
v -0.00897127017378807 0.009949999861419201 -0.004999988712370396
f 9163 9164 9165
v 0.00915835052728653 -0.010421712882816792 -0.004999988712370396
v 0.00915835052728653 -0.011178289540112019 -0.004999988712370396
v 0.030500972643494606 -0.011800003238022327 -0.004999988712370396
f 9166 9167 9168
v 0.030500972643494606 -0.011800003238022327 -0.004999988712370396
v 0.00915835052728653 -0.011178289540112019 -0.004999988712370396
v 0.027500972151756287 -0.014800001867115498 -0.004999988712370396
f 9169 9170 9171
v 0.030500972643494606 -0.011800003238022327 -0.004999988712370396
v 0.027500972151756287 -0.014800001867115498 -0.004999988712370396
v 0.03027261234819889 -0.012948048301041126 -0.004999988712370396
f 9172 9173 9174
v 0.03027261234819889 -0.012948048301041126 -0.004999988712370396
v 0.027500972151756287 -0.014800001867115498 -0.004999988712370396
v 0.029622294008731842 -0.013921317644417286 -0.004999988712370396
f 9175 9176 9177
v -0.02749902755022049 -0.014800001867115498 -0.004999988712370396
v -0.014099027030169964 -0.014800001867115498 -0.004999988712370396
v -0.014099027030169964 0.014800000004470348 -0.004999988712370396
f 9178 9179 9180
v -0.02853737771511078 0.014614577405154705 -0.004999988712370396
v -0.029620347544550896 0.013921323232352734 -0.004999988712370396
v -0.02749902755022049 0.014800000004470348 -0.004999988712370396
f 9181 9182 9183
v -0.02749902755022049 0.014800000004470348 -0.004999988712370396
v -0.029620347544550896 0.013921323232352734 -0.004999988712370396
v -0.030313601717352867 0.012838351540267467 -0.004999988712370396
f 9184 9185 9186
v -0.02749902755022049 0.014800000004470348 -0.004999988712370396
v -0.030313601717352867 0.012838351540267467 -0.004999988712370396
v -0.03049902617931366 0.011800001375377178 -0.004999988712370396
f 9187 9188 9189
v -0.030097102746367455 -0.013299998827278614 -0.004999988712370396
v -0.028999026864767075 -0.014398072846233845 -0.004999988712370396
v -0.03049902617931366 -0.011800003238022327 -0.004999988712370396
f 9190 9191 9192
v -0.03049902617931366 -0.011800003238022327 -0.004999988712370396
v -0.028999026864767075 -0.014398072846233845 -0.004999988712370396
v -0.02749902755022049 -0.014800001867115498 -0.004999988712370396
f 9193 9194 9195
v -0.03049902617931366 -0.011800003238022327 -0.004999988712370396
v -0.02749902755022049 -0.014800001867115498 -0.004999988712370396
v -0.03049902617931366 0.011800001375377178 -0.004999988712370396
f 9196 9197 9198
v -0.03049902617931366 0.011800001375377178 -0.004999988712370396
v -0.02749902755022049 -0.014800001867115498 -0.004999988712370396
v -0.014099027030169964 0.014800000004470348 -0.004999988712370396
f 9199 9200 9201
v -0.03049902617931366 0.011800001375377178 -0.004999988712370396
v -0.014099027030169964 0.014800000004470348 -0.004999988712370396
v -0.02749902755022049 0.014800000004470348 -0.004999988712370396
f 9202 9203 9204
v -0.007499027065932751 0.012499998323619366 -0.008000009693205357
v -0.007499027065932751 0.012499998323619366 -0.004999988712370396
v -0.00834902748465538 0.012272241525352001 -0.008000009693205357
f 9205 9206 9207
v -0.00834902748465538 0.012272241525352001 -0.008000009693205357
v -0.007499027065932751 0.012499998323619366 -0.004999988712370396
v -0.00834902748465538 0.012272241525352001 -0.004999988712370396
f 9208 9209 9210
v -0.00834902748465538 0.012272241525352001 -0.008000009693205357
v -0.00834902748465538 0.012272241525352001 -0.004999988712370396
v -0.00897127017378807 0.01164999883621931 -0.008000009693205357
f 9211 9212 9213
v -0.00897127017378807 0.01164999883621931 -0.008000009693205357
v -0.00834902748465538 0.012272241525352001 -0.004999988712370396
v -0.00897127017378807 0.01164999883621931 -0.004999988712370396
f 9214 9215 9216
v -0.00897127017378807 0.01164999883621931 -0.008000009693205357
v -0.00897127017378807 0.01164999883621931 -0.004999988712370396
v -0.009199026972055435 0.010799999348819256 -0.008000009693205357
f 9217 9218 9219
v -0.009199026972055435 0.010799999348819256 -0.008000009693205357
v -0.00897127017378807 0.01164999883621931 -0.004999988712370396
v -0.009199026972055435 0.010799999348819256 -0.004999988712370396
f 9220 9221 9222
v -0.009199026972055435 0.010799999348819256 -0.008000009693205357
v -0.009199026972055435 0.010799999348819256 -0.004999988712370396
v -0.00897127017378807 0.009949999861419201 -0.008000009693205357
f 9223 9224 9225
v -0.00897127017378807 0.009949999861419201 -0.008000009693205357
v -0.009199026972055435 0.010799999348819256 -0.004999988712370396
v -0.00897127017378807 0.009949999861419201 -0.004999988712370396
f 9226 9227 9228
v -0.00897127017378807 0.009949999861419201 -0.008000009693205357
v -0.00897127017378807 0.009949999861419201 -0.004999988712370396
v -0.00834902748465538 0.00932775717228651 -0.008000009693205357
f 9229 9230 9231
v -0.00834902748465538 0.00932775717228651 -0.008000009693205357
v -0.00897127017378807 0.009949999861419201 -0.004999988712370396
v -0.00834902748465538 0.00932775717228651 -0.004999988712370396
f 9232 9233 9234
v -0.00834902748465538 0.00932775717228651 -0.008000009693205357
v -0.00834902748465538 0.00932775717228651 -0.004999988712370396
v -0.007499027065932751 0.009100000374019146 -0.008000009693205357
f 9235 9236 9237
v -0.007499027065932751 0.009100000374019146 -0.008000009693205357
v -0.00834902748465538 0.00932775717228651 -0.004999988712370396
v -0.007499027065932751 0.009100000374019146 -0.004999988712370396
f 9238 9239 9240
v 0.00750097306445241 0.012499998323619366 -0.008000009693205357
v 0.00750097306445241 0.012499998323619366 -0.004999988712370396
v 0.0066509731113910675 0.012272241525352001 -0.008000009693205357
f 9241 9242 9243
v 0.0066509731113910675 0.012272241525352001 -0.008000009693205357
v 0.00750097306445241 0.012499998323619366 -0.004999988712370396
v 0.0066509731113910675 0.012272241525352001 -0.004999988712370396
f 9244 9245 9246
v 0.0066509731113910675 0.012272241525352001 -0.008000009693205357
v 0.0066509731113910675 0.012272241525352001 -0.004999988712370396
v 0.00602872995659709 0.01164999883621931 -0.008000009693205357
f 9247 9248 9249
v 0.00602872995659709 0.01164999883621931 -0.008000009693205357
v 0.0066509731113910675 0.012272241525352001 -0.004999988712370396
v 0.00602872995659709 0.01164999883621931 -0.004999988712370396
f 9250 9251 9252
v 0.00602872995659709 0.01164999883621931 -0.008000009693205357
v 0.00602872995659709 0.01164999883621931 -0.004999988712370396
v 0.005800973158329725 0.010799999348819256 -0.008000009693205357
f 9253 9254 9255
v 0.005800973158329725 0.010799999348819256 -0.008000009693205357
v 0.00602872995659709 0.01164999883621931 -0.004999988712370396
v 0.005800973158329725 0.010799999348819256 -0.004999988712370396
f 9256 9257 9258
v 0.005800973158329725 0.010799999348819256 -0.008000009693205357
v 0.005800973158329725 0.010799999348819256 -0.004999988712370396
v 0.00602872995659709 0.009949999861419201 -0.008000009693205357
f 9259 9260 9261
v 0.00602872995659709 0.009949999861419201 -0.008000009693205357
v 0.005800973158329725 0.010799999348819256 -0.004999988712370396
v 0.00602872995659709 0.009949999861419201 -0.004999988712370396
f 9262 9263 9264
v 0.00602872995659709 0.009949999861419201 -0.008000009693205357
v 0.00602872995659709 0.009949999861419201 -0.004999988712370396
v 0.0066509731113910675 0.00932775717228651 -0.008000009693205357
f 9265 9266 9267
v 0.0066509731113910675 0.00932775717228651 -0.008000009693205357
v 0.00602872995659709 0.009949999861419201 -0.004999988712370396
v 0.0066509731113910675 0.00932775717228651 -0.004999988712370396
f 9268 9269 9270
v 0.0066509731113910675 0.00932775717228651 -0.008000009693205357
v 0.0066509731113910675 0.00932775717228651 -0.004999988712370396
v 0.00750097306445241 0.009100000374019146 -0.008000009693205357
f 9271 9272 9273
v 0.00750097306445241 0.009100000374019146 -0.008000009693205357
v 0.0066509731113910675 0.00932775717228651 -0.004999988712370396
v 0.00750097306445241 0.009100000374019146 -0.004999988712370396
f 9274 9275 9276
v 0.00750097306445241 -0.009100002236664295 -0.008000009693205357
v 0.00750097306445241 -0.009100002236664295 -0.004999988712370396
v 0.0066509731113910675 -0.00932775903493166 -0.008000009693205357
f 9277 9278 9279
v 0.0066509731113910675 -0.00932775903493166 -0.008000009693205357
v 0.00750097306445241 -0.009100002236664295 -0.004999988712370396
v 0.0066509731113910675 -0.00932775903493166 -0.004999988712370396
f 9280 9281 9282
v 0.0066509731113910675 -0.00932775903493166 -0.008000009693205357
v 0.0066509731113910675 -0.00932775903493166 -0.004999988712370396
v 0.00602872995659709 -0.00995000172406435 -0.008000009693205357
f 9283 9284 9285
v 0.00602872995659709 -0.00995000172406435 -0.008000009693205357
v 0.0066509731113910675 -0.00932775903493166 -0.004999988712370396
v 0.00602872995659709 -0.00995000172406435 -0.004999988712370396
f 9286 9287 9288
v 0.00602872995659709 -0.00995000172406435 -0.008000009693205357
v 0.00602872995659709 -0.00995000172406435 -0.004999988712370396
v 0.005800973158329725 -0.010800001211464405 -0.008000009693205357
f 9289 9290 9291
v 0.005800973158329725 -0.010800001211464405 -0.008000009693205357
v 0.00602872995659709 -0.00995000172406435 -0.004999988712370396
v 0.005800973158329725 -0.010800001211464405 -0.004999988712370396
f 9292 9293 9294
v 0.005800973158329725 -0.010800001211464405 -0.008000009693205357
v 0.005800973158329725 -0.010800001211464405 -0.004999988712370396
v 0.00602872995659709 -0.01165000069886446 -0.008000009693205357
f 9295 9296 9297
v 0.00602872995659709 -0.01165000069886446 -0.008000009693205357
v 0.005800973158329725 -0.010800001211464405 -0.004999988712370396
v 0.00602872995659709 -0.01165000069886446 -0.004999988712370396
f 9298 9299 9300
v 0.00602872995659709 -0.01165000069886446 -0.008000009693205357
v 0.00602872995659709 -0.01165000069886446 -0.004999988712370396
v 0.0066509731113910675 -0.01227224338799715 -0.008000009693205357
f 9301 9302 9303
v 0.0066509731113910675 -0.01227224338799715 -0.008000009693205357
v 0.00602872995659709 -0.01165000069886446 -0.004999988712370396
v 0.0066509731113910675 -0.01227224338799715 -0.004999988712370396
f 9304 9305 9306
v 0.0066509731113910675 -0.01227224338799715 -0.008000009693205357
v 0.0066509731113910675 -0.01227224338799715 -0.004999988712370396
v 0.00750097306445241 -0.012500000186264515 -0.008000009693205357
f 9307 9308 9309
v 0.00750097306445241 -0.012500000186264515 -0.008000009693205357
v 0.0066509731113910675 -0.01227224338799715 -0.004999988712370396
v 0.00750097306445241 -0.012500000186264515 -0.004999988712370396
f 9310 9311 9312
v -0.007499027065932751 -0.009100002236664295 -0.008000009693205357
v -0.007499027065932751 -0.009100002236664295 -0.004999988712370396
v -0.00834902748465538 -0.00932775903493166 -0.008000009693205357
f 9313 9314 9315
v -0.00834902748465538 -0.00932775903493166 -0.008000009693205357
v -0.007499027065932751 -0.009100002236664295 -0.004999988712370396
v -0.00834902748465538 -0.00932775903493166 -0.004999988712370396
f 9316 9317 9318
v -0.00834902748465538 -0.00932775903493166 -0.008000009693205357
v -0.00834902748465538 -0.00932775903493166 -0.004999988712370396
v -0.00897127017378807 -0.00995000172406435 -0.008000009693205357
f 9319 9320 9321
v -0.00897127017378807 -0.00995000172406435 -0.008000009693205357
v -0.00834902748465538 -0.00932775903493166 -0.004999988712370396
v -0.00897127017378807 -0.00995000172406435 -0.004999988712370396
f 9322 9323 9324
v -0.00897127017378807 -0.00995000172406435 -0.008000009693205357
v -0.00897127017378807 -0.00995000172406435 -0.004999988712370396
v -0.009199026972055435 -0.010800001211464405 -0.008000009693205357
f 9325 9326 9327
v -0.009199026972055435 -0.010800001211464405 -0.008000009693205357
v -0.00897127017378807 -0.00995000172406435 -0.004999988712370396
v -0.009199026972055435 -0.010800001211464405 -0.004999988712370396
f 9328 9329 9330
v -0.009199026972055435 -0.010800001211464405 -0.008000009693205357
v -0.009199026972055435 -0.010800001211464405 -0.004999988712370396
v -0.00897127017378807 -0.01165000069886446 -0.008000009693205357
f 9331 9332 9333
v -0.00897127017378807 -0.01165000069886446 -0.008000009693205357
v -0.009199026972055435 -0.010800001211464405 -0.004999988712370396
v -0.00897127017378807 -0.01165000069886446 -0.004999988712370396
f 9334 9335 9336
v -0.00897127017378807 -0.01165000069886446 -0.008000009693205357
v -0.00897127017378807 -0.01165000069886446 -0.004999988712370396
v -0.00834902748465538 -0.01227224338799715 -0.008000009693205357
f 9337 9338 9339
v -0.00834902748465538 -0.01227224338799715 -0.008000009693205357
v -0.00897127017378807 -0.01165000069886446 -0.004999988712370396
v -0.00834902748465538 -0.01227224338799715 -0.004999988712370396
f 9340 9341 9342
v -0.00834902748465538 -0.01227224338799715 -0.008000009693205357
v -0.00834902748465538 -0.01227224338799715 -0.004999988712370396
v -0.007499027065932751 -0.012500000186264515 -0.008000009693205357
f 9343 9344 9345
v -0.007499027065932751 -0.012500000186264515 -0.008000009693205357
v -0.00834902748465538 -0.01227224338799715 -0.004999988712370396
v -0.007499027065932751 -0.012500000186264515 -0.004999988712370396
f 9346 9347 9348
v -0.013076932169497013 -0.006520156282931566 -0.061764366924762726
v -0.0090623265132308 -0.006520156282931566 -0.061764366924762726
v -0.012339449487626553 -0.008201216347515583 -0.06501277536153793
f 9349 9350 9351
v -0.012339449487626553 -0.008201216347515583 -0.06501277536153793
v -0.0090623265132308 -0.006520156282931566 -0.061764366924762726
v -0.008815377950668335 -0.007138770539313555 -0.06287645548582077
f 9352 9353 9354
v -0.012339449487626553 -0.008201216347515583 -0.06501277536153793
v -0.008815377950668335 -0.007138770539313555 -0.06287645548582077
v -0.01214598212391138 -0.008516755886375904 -0.06571472436189651
f 9355 9356 9357
v -0.01214598212391138 -0.008516755886375904 -0.06571472436189651
v -0.008815377950668335 -0.007138770539313555 -0.06287645548582077
v -0.008189371787011623 -0.008305591531097889 -0.06523821502923965
f 9358 9359 9360
v -0.01214598212391138 -0.008516755886375904 -0.06571472436189651
v -0.008189371787011623 -0.008305591531097889 -0.06523821502923965
v -0.011390176601707935 -0.009466377086937428 -0.06808369606733322
f 9361 9362 9363
v -0.011390176601707935 -0.009466377086937428 -0.06808369606733322
v -0.008189371787011623 -0.008305591531097889 -0.06523821502923965
v -0.0077754175290465355 -0.008874868042767048 -0.06655564159154892
f 9364 9365 9366
v -0.011390176601707935 -0.009466377086937428 -0.06808369606733322
v -0.0077754175290465355 -0.008874868042767048 -0.06655564159154892
v -0.011300775222480297 -0.009556164033710957 -0.068332739174366
f 9367 9368 9369
v -0.011300775222480297 -0.009556164033710957 -0.068332739174366
v -0.0077754175290465355 -0.008874868042767048 -0.06655564159154892
v -0.007440380286425352 -0.009256322868168354 -0.06751874834299088
f 9370 9371 9372
v -0.011300775222480297 -0.009556164033710957 -0.068332739174366
v -0.007440380286425352 -0.009256322868168354 -0.06751874834299088
v -0.010649510659277439 -0.010108341462910175 -0.06999669224023819
f 9373 9374 9375
v -0.010649510659277439 -0.010108341462910175 -0.06999669224023819
v -0.007440380286425352 -0.009256322868168354 -0.06751874834299088
v -0.006589090451598167 -0.009999957866966724 -0.06964830309152603
f 9376 9377 9378
v -0.010649510659277439 -0.010108341462910175 -0.06999669224023819
v -0.006589090451598167 -0.009999957866966724 -0.06964830309152603
v -0.009897148236632347 -0.010576878674328327 -0.07164595276117325
f 9379 9380 9381
v -0.009897148236632347 -0.010576878674328327 -0.07164595276117325
v -0.006589090451598167 -0.009999957866966724 -0.06964830309152603
v -0.006105210166424513 -0.010316235013306141 -0.07069363445043564
f 9382 9383 9384
v -0.009897148236632347 -0.010576878674328327 -0.07164595276117325
v -0.006105210166424513 -0.010316235013306141 -0.07069363445043564
v -0.009029536508023739 -0.010963854379951954 -0.0732601061463356
f 9385 9386 9387
v -0.009029536508023739 -0.010963854379951954 -0.0732601061463356
v -0.006105210166424513 -0.010316235013306141 -0.07069363445043564
v -0.005575512070208788 -0.010597017593681812 -0.07172062247991562
f 9388 9389 9390
v -0.009029536508023739 -0.010963854379951954 -0.0732601061463356
v -0.005575512070208788 -0.010597017593681812 -0.07172062247991562
v -0.00803231168538332 -0.011271451599895954 -0.0748184397816658
f 9391 9392 9393
v -0.00803231168538332 -0.011271451599895954 -0.0748184397816658
v -0.005575512070208788 -0.010597017593681812 -0.07172062247991562
v -0.004526423290371895 -0.011003349907696247 -0.07343975454568863
f 9394 9395 9396
v -0.00803231168538332 -0.011271451599895954 -0.0748184397816658
v -0.004526423290371895 -0.011003349907696247 -0.07343975454568863
v -0.003466862952336669 -0.011271451599895954 -0.0748184397816658
f 9397 9398 9399
v -0.009998999536037445 -0.0014857545029371977 -0.0523553267121315
v -0.009942974895238876 -0.0025700225960463285 -0.054750360548496246
v -0.013930599205195904 -0.0023360520135611296 -0.054267264902591705
f 9400 9401 9402
v -0.013930599205195904 -0.0023360520135611296 -0.054267264902591705
v -0.009942974895238876 -0.0025700225960463285 -0.054750360548496246
v -0.013734150677919388 -0.0038068934809416533 -0.057064853608608246
f 9403 9404 9405
v -0.013734150677919388 -0.0038068934809416533 -0.057064853608608246
v -0.009942974895238876 -0.0025700225960463285 -0.054750360548496246
v -0.009876544587314129 -0.0031451701652258635 -0.05587219446897507
f 9406 9407 9408
v -0.013734150677919388 -0.0038068934809416533 -0.057064853608608246
v -0.009876544587314129 -0.0031451701652258635 -0.05587219446897507
v -0.009775874204933643 -0.0038068934809416533 -0.057064853608608246
f 9409 9410 9411
v -0.013999000191688538 -0.00086021120660007 -0.050745658576488495
v -0.009998999536037445 -0.00086021120660007 -0.050745658576488495
v -0.013999000191688538 -0.001088496996089816 -0.05135730654001236
f 9412 9413 9414
v -0.013999000191688538 -0.001088496996089816 -0.05135730654001236
v -0.009998999536037445 -0.00086021120660007 -0.050745658576488495
v -0.009998999536037445 -0.0014857545029371977 -0.0523553267121315
f 9415 9416 9417
v -0.013999000191688538 -0.001088496996089816 -0.05135730654001236
v -0.009998999536037445 -0.0014857545029371977 -0.0523553267121315
v -0.013943902216851711 -0.002195660723373294 -0.05396955460309982
f 9418 9419 9420
v -0.013943902216851711 -0.002195660723373294 -0.05396955460309982
v -0.009998999536037445 -0.0014857545029371977 -0.0523553267121315
v -0.013930599205195904 -0.0023360520135611296 -0.054267264902591705
f 9421 9422 9423
v -0.010254154913127422 -0.0016508146654814482 -0.040884830057621
v -0.010501201264560223 -0.001241382909938693 -0.038711585104465485
v 0.010001000016927719 -0.001241382909938693 -0.038711585104465485
f 9424 9425 9426
v 0.010001000016927719 -0.001241382909938693 -0.038711585104465485
v 0.010001000016927719 -0.0016434385906904936 -0.040854789316654205
v -0.010254154913127422 -0.0016508146654814482 -0.040884830057621
f 9427 9428 9429
v -0.010254154913127422 -0.0016508146654814482 -0.040884830057621
v 0.010001000016927719 -0.0016434385906904936 -0.040854789316654205
v 0.010001000016927719 -0.002276425017043948 -0.04294147342443466
f 9430 9431 9432
v -0.010254154913127422 -0.0016508146654814482 -0.040884830057621
v 0.010001000016927719 -0.002276425017043948 -0.04294147342443466
v -0.010095048695802689 -0.002276425017043948 -0.04294147342443466
f 9433 9434 9435
v 0.0090725002810359 -0.006520156282931566 -0.061764366924762726
v 0.013078943826258183 -0.006520156282931566 -0.061764366924762726
v 0.00863979198038578 -0.00753931375220418 -0.0636456236243248
f 9436 9437 9438
v 0.00863979198038578 -0.00753931375220418 -0.0636456236243248
v 0.013078943826258183 -0.006520156282931566 -0.061764366924762726
v 0.012341476045548916 -0.008201216347515583 -0.06501280516386032
f 9439 9440 9441
v 0.00863979198038578 -0.00753931375220418 -0.0636456236243248
v 0.012341476045548916 -0.008201216347515583 -0.06501280516386032
v 0.008502084761857986 -0.007802892941981554 -0.06417446583509445
f 9442 9443 9444
v 0.008502084761857986 -0.007802892941981554 -0.06417446583509445
v 0.012341476045548916 -0.008201216347515583 -0.06501280516386032
v 0.007757365237921476 -0.008910384960472584 -0.0666433647274971
f 9445 9446 9447
v 0.008034339174628258 -0.011271451599895954 -0.0748184397816658
v 0.0034748902544379234 -0.011271451599895954 -0.0748184397816658
v 0.0038295823615044355 -0.011192006058990955 -0.07439330965280533
f 9448 9449 9450
v 0.0038295823615044355 -0.011192006058990955 -0.07439330965280533
v 0.004528504330664873 -0.010996167548000813 -0.07344561070203781
v 0.008034339174628258 -0.011271451599895954 -0.0748184397816658
f 9451 9452 9453
v 0.008034339174628258 -0.011271451599895954 -0.0748184397816658
v 0.004528504330664873 -0.010996167548000813 -0.07344561070203781
v 0.0048281666822731495 -0.010896977968513966 -0.07299088686704636
f 9454 9455 9456
v 0.008034339174628258 -0.011271451599895954 -0.0748184397816658
v 0.0048281666822731495 -0.010896977968513966 -0.07299088686704636
v 0.0090315667912364 -0.010963854379951954 -0.0732601210474968
f 9457 9458 9459
v 0.0090315667912364 -0.010963854379951954 -0.0732601210474968
v 0.0048281666822731495 -0.010896977968513966 -0.07299088686704636
v 0.0058434102684259415 -0.010458436794579029 -0.07121620327234268
f 9460 9461 9462
v 0.0090315667912364 -0.010963854379951954 -0.0732601210474968
v 0.0058434102684259415 -0.010458436794579029 -0.07121620327234268
v 0.009899185039103031 -0.01057687122374773 -0.07164598256349564
f 9463 9464 9465
v 0.009899185039103031 -0.01057687122374773 -0.07164598256349564
v 0.0058434102684259415 -0.010458436794579029 -0.07121620327234268
v 0.0068719820119440556 -0.009785053320229053 -0.06899429112672806
f 9466 9467 9468
v 0.009899185039103031 -0.01057687122374773 -0.07164598256349564
v 0.0068719820119440556 -0.009785053320229053 -0.06899429112672806
v 0.010651552118360996 -0.010108326561748981 -0.06999675184488297
f 9469 9470 9471
v 0.010651552118360996 -0.010108326561748981 -0.06999675184488297
v 0.0068719820119440556 -0.009785053320229053 -0.06899429112672806
v 0.007247932255268097 -0.009456981904804707 -0.06805632263422012
f 9472 9473 9474
v 0.010651552118360996 -0.010108326561748981 -0.06999675184488297
v 0.007247932255268097 -0.009456981904804707 -0.06805632263422012
v 0.011302816681563854 -0.00955615658313036 -0.06833279877901077
f 9475 9476 9477
v 0.011302816681563854 -0.00955615658313036 -0.06833279877901077
v 0.007247932255268097 -0.009456981904804707 -0.06805632263422012
v 0.007757365237921476 -0.008910384960472584 -0.0666433647274971
f 9478 9479 9480
v 0.011302816681563854 -0.00955615658313036 -0.06833279877901077
v 0.007757365237921476 -0.008910384960472584 -0.0666433647274971
v 0.011392226442694664 -0.009466354735195637 -0.0680837407708168
f 9481 9482 9483
v 0.011392226442694664 -0.009466354735195637 -0.0680837407708168
v 0.007757365237921476 -0.008910384960472584 -0.0666433647274971
v 0.012341476045548916 -0.008201216347515583 -0.06501280516386032
f 9484 9485 9486
v -0.010998999699950218 -0.0037511035334318876 -0.04614090174436569
v -0.010998999699950218 -0.004315149504691362 -0.04601215571165085
v -0.01499900035560131 -0.004315149504691362 -0.04601215571165085
f 9487 9488 9489
v -0.01499900035560131 -0.004315149504691362 -0.04601215571165085
v -0.01499900035560131 -0.0037511035334318876 -0.04614090174436569
v -0.010998999699950218 -0.0037511035334318876 -0.04614090174436569
f 9490 9491 9492
v -0.010998999699950218 -0.0037511035334318876 -0.04614090174436569
v -0.01499900035560131 -0.0037511035334318876 -0.04614090174436569
v -0.01499900035560131 -0.0036579787265509367 -0.04619049280881882
f 9493 9494 9495
v -0.010998999699950218 -0.0037511035334318876 -0.04614090174436569
v -0.01499900035560131 -0.0036579787265509367 -0.04619049280881882
v -0.010998999699950218 -0.003298771334812045 -0.04650161415338516
f 9496 9497 9498
v -0.010998999699950218 -0.003298771334812045 -0.04650161415338516
v -0.01499900035560131 -0.0036579787265509367 -0.04619049280881882
v -0.01499900035560131 -0.003298771334812045 -0.04650161415338516
f 9499 9500 9501
v -0.010998999699950218 -0.003298771334812045 -0.04650161415338516
v -0.01499900035560131 -0.003298771334812045 -0.04650161415338516
v -0.010998999699950218 -0.0030477463733404875 -0.04702287167310715
f 9502 9503 9504
v -0.010998999699950218 -0.0030477463733404875 -0.04702287167310715
v -0.01499900035560131 -0.003298771334812045 -0.04650161415338516
v -0.01499900035560131 -0.0030477463733404875 -0.04702287167310715
f 9505 9506 9507
v -0.010998999699950218 -0.0030477463733404875 -0.04702287167310715
v -0.01499900035560131 -0.0030477463733404875 -0.04702287167310715
v -0.010998999699950218 -0.0030477463733404875 -0.04760143905878067
f 9508 9509 9510
v -0.010998999699950218 -0.0030477463733404875 -0.04760143905878067
v -0.01499900035560131 -0.0030477463733404875 -0.04702287167310715
v -0.01499900035560131 -0.0030477463733404875 -0.04760143905878067
f 9511 9512 9513
v -0.010998999699950218 -0.0030477463733404875 -0.04760143905878067
v -0.01499900035560131 -0.0030477463733404875 -0.04760143905878067
v -0.010998999699950218 -0.003298771334812045 -0.048122696578502655
f 9514 9515 9516
v -0.010998999699950218 -0.003298771334812045 -0.048122696578502655
v -0.01499900035560131 -0.0030477463733404875 -0.04760143905878067
v -0.01499900035560131 -0.003298771334812045 -0.048122696578502655
f 9517 9518 9519
v -0.010998999699950218 -0.003298771334812045 -0.048122696578502655
v -0.01499900035560131 -0.003298771334812045 -0.048122696578502655
v -0.010998999699950218 -0.0037511035334318876 -0.048483408987522125
f 9520 9521 9522
v -0.010998999699950218 -0.0037511035334318876 -0.048483408987522125
v -0.01499900035560131 -0.003298771334812045 -0.048122696578502655
v -0.01499900035560131 -0.0037511035334318876 -0.048483408987522125
f 9523 9524 9525
v -0.010998999699950218 -0.0037511035334318876 -0.048483408987522125
v -0.01499900035560131 -0.0037511035334318876 -0.048483408987522125
v -0.010998999699950218 -0.004315149504691362 -0.04861215502023697
f 9526 9527 9528
v -0.010998999699950218 -0.004315149504691362 -0.04861215502023697
v -0.01499900035560131 -0.0037511035334318876 -0.048483408987522125
v -0.01499900035560131 -0.004315149504691362 -0.04861215502023697
f 9529 9530 9531
v 0.011001000180840492 -0.004315149504691362 -0.04601215571165085
v 0.01500099990516901 -0.004315149504691362 -0.04601215571165085
v 0.011001000180840492 -0.004879195708781481 -0.04614090174436569
f 9532 9533 9534
v 0.011001000180840492 -0.004879195708781481 -0.04614090174436569
v 0.01500099990516901 -0.004315149504691362 -0.04601215571165085
v 0.01500099990516901 -0.004879195708781481 -0.04614090174436569
f 9535 9536 9537
v 0.011001000180840492 -0.004879195708781481 -0.04614090174436569
v 0.01500099990516901 -0.004879195708781481 -0.04614090174436569
v 0.011001000180840492 -0.005331527907401323 -0.04650161415338516
f 9538 9539 9540
v 0.011001000180840492 -0.005331527907401323 -0.04650161415338516
v 0.01500099990516901 -0.004879195708781481 -0.04614090174436569
v 0.01500099990516901 -0.005331527907401323 -0.04650161415338516
f 9541 9542 9543
v 0.011001000180840492 -0.005331527907401323 -0.04650161415338516
v 0.01500099990516901 -0.005331527907401323 -0.04650161415338516
v 0.011001000180840492 -0.005582552868872881 -0.04702287167310715
f 9544 9545 9546
v 0.011001000180840492 -0.005582552868872881 -0.04702287167310715
v 0.01500099990516901 -0.005331527907401323 -0.04650161415338516
v 0.01500099990516901 -0.005582552868872881 -0.04702287167310715
f 9547 9548 9549
v 0.011001000180840492 -0.005582552868872881 -0.04702287167310715
v 0.01500099990516901 -0.005582552868872881 -0.04702287167310715
v 0.011001000180840492 -0.005582552868872881 -0.04760143905878067
f 9550 9551 9552
v 0.011001000180840492 -0.005582552868872881 -0.04760143905878067
v 0.01500099990516901 -0.005582552868872881 -0.04702287167310715
v 0.01500099990516901 -0.005582552868872881 -0.04760143905878067
f 9553 9554 9555
v 0.011001000180840492 -0.005582552868872881 -0.04760143905878067
v 0.01500099990516901 -0.005582552868872881 -0.04760143905878067
v 0.011001000180840492 -0.005331527907401323 -0.048122696578502655
f 9556 9557 9558
v 0.011001000180840492 -0.005331527907401323 -0.048122696578502655
v 0.01500099990516901 -0.005582552868872881 -0.04760143905878067
v 0.01500099990516901 -0.005331527907401323 -0.048122696578502655
f 9559 9560 9561
v 0.011001000180840492 -0.005331527907401323 -0.048122696578502655
v 0.01500099990516901 -0.005331527907401323 -0.048122696578502655
v 0.011001000180840492 -0.004879195708781481 -0.048483408987522125
f 9562 9563 9564
v 0.011001000180840492 -0.004879195708781481 -0.048483408987522125
v 0.01500099990516901 -0.005331527907401323 -0.048122696578502655
v 0.01500099990516901 -0.004879195708781481 -0.048483408987522125
f 9565 9566 9567
v 0.011001000180840492 -0.004879195708781481 -0.048483408987522125
v 0.01500099990516901 -0.004879195708781481 -0.048483408987522125
v 0.011001000180840492 -0.004315149504691362 -0.04861215502023697
f 9568 9569 9570
v 0.011001000180840492 -0.004315149504691362 -0.04861215502023697
v 0.01500099990516901 -0.004879195708781481 -0.048483408987522125
v 0.01500099990516901 -0.004315149504691362 -0.04861215502023697
f 9571 9572 9573
v -0.016498999670147896 0.00037280027754604816 -0.02101215161383152
v -0.021801183000206947 0.00037280027754604816 -0.02101215161383152
v -0.021801164373755455 0.0003812790382653475 -0.0210121963173151
f 9574 9575 9576
v -0.016498999670147896 0.00037280027754604816 -0.02101215161383152
v -0.021801164373755455 0.0003812790382653475 -0.0210121963173151
v -0.016498999670147896 0.0008021623361855745 -0.021085107699036598
f 9577 9578 9579
v -0.020387133583426476 0.00037280027754604816 -0.02361215092241764
v -0.016498999670147896 0.00037280027754604816 -0.02361215092241764
v -0.020442038774490356 0.0008919418323785067 -0.023503998294472694
f 9580 9581 9582
v -0.020442038774490356 0.0008919418323785067 -0.023503998294472694
v -0.016498999670147896 0.00037280027754604816 -0.02361215092241764
v -0.016498999670147896 0.0008021623361855745 -0.023539209738373756
f 9583 9584 9585
v -0.020442038774490356 0.0008919418323785067 -0.023503998294472694
v -0.016498999670147896 0.0008021623361855745 -0.023539209738373756
v -0.016498999670147896 0.001332353102043271 -0.023189226165413857
f 9586 9587 9588
v -0.016498999670147896 0.0016333938110619783 -0.022629806771874428
v -0.020818358287215233 0.0015858516562730074 -0.02277957834303379
v -0.016498999670147896 0.001332353102043271 -0.023189226165413857
f 9589 9590 9591
v -0.016498999670147896 0.001332353102043271 -0.023189226165413857
v -0.020818358287215233 0.0015858516562730074 -0.02277957834303379
v -0.020596809685230255 0.0013199702370911837 -0.023202547803521156
f 9592 9593 9594
v -0.016498999670147896 0.001332353102043271 -0.023189226165413857
v -0.020596809685230255 0.0013199702370911837 -0.023202547803521156
v -0.020442038774490356 0.0008919418323785067 -0.023503998294472694
f 9595 9596 9597
v -0.016498999670147896 0.0016333938110619783 -0.021994510665535927
v -0.021073101088404655 0.0016727775800973177 -0.022305035963654518
v -0.016498999670147896 0.0016333938110619783 -0.022629806771874428
f 9598 9599 9600
v -0.016498999670147896 0.0016333938110619783 -0.022629806771874428
v -0.021073101088404655 0.0016727775800973177 -0.022305035963654518
v -0.02089865691959858 0.0016337886918336153 -0.0226286593824625
f 9601 9602 9603
v -0.016498999670147896 0.0016333938110619783 -0.022629806771874428
v -0.02089865691959858 0.0016337886918336153 -0.0226286593824625
v -0.020818358287215233 0.0015858516562730074 -0.02277957834303379
f 9604 9605 9606
v -0.021801164373755455 0.0003812790382653475 -0.0210121963173151
v -0.021737365052103996 0.0008957118261605501 -0.021121973171830177
v -0.016498999670147896 0.0008021623361855745 -0.021085107699036598
f 9607 9608 9609
v -0.016498999670147896 0.0008021623361855745 -0.021085107699036598
v -0.021737365052103996 0.0008957118261605501 -0.021121973171830177
v -0.02156784199178219 0.0013153136242181063 -0.02141682244837284
f 9610 9611 9612
v -0.016498999670147896 0.0008021623361855745 -0.021085107699036598
v -0.02156784199178219 0.0013153136242181063 -0.02141682244837284
v -0.016498999670147896 0.001332353102043271 -0.021435091271996498
f 9613 9614 9615
v -0.016498999670147896 0.001332353102043271 -0.021435091271996498
v -0.02156784199178219 0.0013153136242181063 -0.02141682244837284
v -0.021333158016204834 0.0015812173951417208 -0.021832862868905067
f 9616 9617 9618
v -0.016498999670147896 0.001332353102043271 -0.021435091271996498
v -0.021333158016204834 0.0015812173951417208 -0.021832862868905067
v -0.016498999670147896 0.0016333938110619783 -0.021994510665535927
f 9619 9620 9621
v -0.016498999670147896 0.0016333938110619783 -0.021994510665535927
v -0.021333158016204834 0.0015812173951417208 -0.021832862868905067
v -0.021243026480078697 0.0016336769331246614 -0.021995151415467262
f 9622 9623 9624
v -0.016498999670147896 0.0016333938110619783 -0.021994510665535927
v -0.021243026480078697 0.0016336769331246614 -0.021995151415467262
v -0.021073101088404655 0.0016727775800973177 -0.022305035963654518
f 9625 9626 9627
v 0.01350099965929985 0.0008021623361855745 -0.023539209738373756
v 0.01350099965929985 0.00037280027754604816 -0.02361215092241764
v 0.023776110261678696 0.00037280027754604816 -0.02361215092241764
f 9628 9629 9630
v 0.02415931597352028 0.0008727193344384432 -0.021112123504281044
v 0.024179117754101753 0.00037280027754604816 -0.02101215161383152
v 0.01350099965929985 0.00037280027754604816 -0.02101215161383152
f 9631 9632 9633
v 0.01350099965929985 0.00037280027754604816 -0.02101215161383152
v 0.01350099965929985 0.0008021623361855745 -0.021085107699036598
v 0.02415931597352028 0.0008727193344384432 -0.021112123504281044
f 9634 9635 9636
v 0.02415931597352028 0.0008727193344384432 -0.021112123504281044
v 0.01350099965929985 0.0008021623361855745 -0.021085107699036598
v 0.01350099965929985 0.001332353102043271 -0.021435091271996498
f 9637 9638 9639
v 0.02415931597352028 0.0008727193344384432 -0.021112123504281044
v 0.01350099965929985 0.001332353102043271 -0.021435091271996498
v 0.02410614676773548 0.0012940645683556795 -0.021394947543740273
f 9640 9641 9642
v 0.02410614676773548 0.0012940645683556795 -0.021394947543740273
v 0.01350099965929985 0.001332353102043271 -0.021435091271996498
v 0.02403472550213337 0.0015744820702821016 -0.02181621827185154
f 9643 9644 9645
v 0.02403472550213337 0.0015744820702821016 -0.02181621827185154
v 0.01350099965929985 0.001332353102043271 -0.021435091271996498
v 0.01350099965929985 0.0016333938110619783 -0.021994510665535927
f 9646 9647 9648
v 0.02403472550213337 0.0015744820702821016 -0.02181621827185154
v 0.01350099965929985 0.0016333938110619783 -0.021994510665535927
v 0.024007298052310944 0.0016335726249963045 -0.021994376555085182
f 9649 9650 9651
v 0.01350099965929985 0.0016333938110619783 -0.022629806771874428
v 0.01350099965929985 0.001332353102043271 -0.023189226165413857
v 0.02383974753320217 0.0013325840700417757 -0.023188987746834755
f 9652 9653 9654
v 0.02383974753320217 0.0013325840700417757 -0.023188987746834755
v 0.023885639384388924 0.0015464827883988619 -0.022871145978569984
v 0.01350099965929985 0.0016333938110619783 -0.022629806771874428
f 9655 9656 9657
v 0.01350099965929985 0.0016333938110619783 -0.022629806771874428
v 0.023885639384388924 0.0015464827883988619 -0.022871145978569984
v 0.02391941472887993 0.0016334087122231722 -0.022629747167229652
f 9658 9659 9660
v 0.01350099965929985 0.0016333938110619783 -0.022629806771874428
v 0.02391941472887993 0.0016334087122231722 -0.022629747167229652
v 0.01350099965929985 0.0016333938110619783 -0.021994510665535927
f 9661 9662 9663
v 0.01350099965929985 0.0016333938110619783 -0.021994510665535927
v 0.02391941472887993 0.0016334087122231722 -0.022629747167229652
v 0.023962443694472313 0.0016727999318391085 -0.022312158718705177
f 9664 9665 9666
v 0.01350099965929985 0.0016333938110619783 -0.021994510665535927
v 0.023962443694472313 0.0016727999318391085 -0.022312158718705177
v 0.024007298052310944 0.0016335726249963045 -0.021994376555085182
f 9667 9668 9669
v 0.023776110261678696 0.00037280027754604816 -0.02361215092241764
v 0.023778116330504417 0.0005565688479691744 -0.02359909750521183
v 0.01350099965929985 0.0008021623361855745 -0.023539209738373756
f 9670 9671 9672
v 0.01350099965929985 0.0008021623361855745 -0.023539209738373756
v 0.023778116330504417 0.0005565688479691744 -0.02359909750521183
v 0.023787304759025574 0.0008024529088288546 -0.0235391054302454
f 9673 9674 9675
v 0.01350099965929985 0.0008021623361855745 -0.023539209738373756
v 0.023787304759025574 0.0008024529088288546 -0.0235391054302454
v 0.01350099965929985 0.001332353102043271 -0.023189226165413857
f 9676 9677 9678
v 0.01350099965929985 0.001332353102043271 -0.023189226165413857
v 0.023787304759025574 0.0008024529088288546 -0.0235391054302454
v 0.023815112188458443 0.001148852752521634 -0.02335510589182377
f 9679 9680 9681
v 0.01350099965929985 0.001332353102043271 -0.023189226165413857
v 0.023815112188458443 0.001148852752521634 -0.02335510589182377
v 0.02383974753320217 0.0013325840700417757 -0.023188987746834755
f 9682 9683 9684
v 0.010001000016927719 -0.00086021120660007 -0.050745658576488495
v 0.014000999741256237 -0.00086021120660007 -0.050745658576488495
v 0.010001000016927719 -0.0014857545029371977 -0.0523553267121315
f 9685 9686 9687
v 0.010001000016927719 -0.0014857545029371977 -0.0523553267121315
v 0.014000999741256237 -0.00086021120660007 -0.050745658576488495
v 0.014000999741256237 -0.001088496996089816 -0.05135730654001236
f 9688 9689 9690
v 0.010001000016927719 -0.0014857545029371977 -0.0523553267121315
v 0.014000999741256237 -0.001088496996089816 -0.05135730654001236
v 0.009985578246414661 -0.002030049217864871 -0.05360991507768631
f 9691 9692 9693
v 0.009985578246414661 -0.002030049217864871 -0.05360991507768631
v 0.014000999741256237 -0.001088496996089816 -0.05135730654001236
v 0.01394590549170971 -0.002195660723373294 -0.05396955460309982
f 9694 9695 9696
v 0.009985578246414661 -0.002030049217864871 -0.05360991507768631
v 0.01394590549170971 -0.002195660723373294 -0.05396955460309982
v 0.009944519959390163 -0.0025700002443045378 -0.05475030094385147
f 9697 9698 9699
v 0.009944519959390163 -0.0025700002443045378 -0.05475030094385147
v 0.01394590549170971 -0.002195660723373294 -0.05396955460309982
v 0.013932602480053902 -0.0023360520135611296 -0.054267264902591705
f 9700 9701 9702
v 0.009944519959390163 -0.0025700002443045378 -0.05475030094385147
v 0.013932602480053902 -0.0023360520135611296 -0.054267264902591705
v 0.009778372943401337 -0.0038068934809416533 -0.057064853608608246
f 9703 9704 9705
v 0.009778372943401337 -0.0038068934809416533 -0.057064853608608246
v 0.013932602480053902 -0.0023360520135611296 -0.054267264902591705
v 0.013736157678067684 -0.0038068934809416533 -0.057064853608608246
f 9706 9707 9708
v 0.014000999741256237 -0.00086021120660007 -0.050745658576488495
v 0.014000999741256237 0.0037802562583237886 -0.037996090948581696
v 0.014133825898170471 -0.0008685335051268339 -0.050742633640766144
f 9709 9710 9711
v 0.014133825898170471 -0.0008685335051268339 -0.050742633640766144
v 0.014000999741256237 0.0037802562583237886 -0.037996090948581696
v 0.014347117394208908 0.0037221715319901705 -0.03797496110200882
f 9712 9713 9714
v 0.01493919175118208 0.0031658068764954805 -0.03777245432138443
v 0.01500099990516901 0.0028405592311173677 -0.037654079496860504
v 0.01500099990516901 -0.001799900783225894 -0.0504036471247673
f 9715 9716 9717
v 0.01500099990516901 -0.001799900783225894 -0.0504036471247673
v 0.014969917014241219 -0.0015674352180212736 -0.05048825591802597
v 0.01493919175118208 0.0031658068764954805 -0.03777245432138443
f 9718 9719 9720
v 0.01493919175118208 0.0031658068764954805 -0.03777245432138443
v 0.014969917014241219 -0.0015674352180212736 -0.05048825591802597
v 0.014752482064068317 -0.0011799379717558622 -0.05062929540872574
f 9721 9722 9723
v 0.01493919175118208 0.0031658068764954805 -0.03777245432138443
v 0.014752482064068317 -0.0011799379717558622 -0.05062929540872574
v 0.014707917347550392 0.0035048380959779024 -0.03789585083723068
f 9724 9725 9726
v 0.014707917347550392 0.0035048380959779024 -0.03789585083723068
v 0.014752482064068317 -0.0011799379717558622 -0.05062929540872574
v 0.01455837581306696 -0.0010197132360190153 -0.050687603652477264
f 9727 9728 9729
v 0.014707917347550392 0.0035048380959779024 -0.03789585083723068
v 0.01455837581306696 -0.0010197132360190153 -0.050687603652477264
v 0.014347117394208908 0.0037221715319901705 -0.03797496110200882
f 9730 9731 9732
v 0.014347117394208908 0.0037221715319901705 -0.03797496110200882
v 0.01455837581306696 -0.0010197132360190153 -0.050687603652477264
v 0.014347117394208908 -0.0009182884823530912 -0.050724513828754425
f 9733 9734 9735
v 0.014347117394208908 0.0037221715319901705 -0.03797496110200882
v 0.014347117394208908 -0.0009182884823530912 -0.050724513828754425
v 0.014133825898170471 -0.0008685335051268339 -0.050742633640766144
f 9736 9737 9738
v -0.014937191270291805 -0.001474660588428378 -0.05052202194929123
v -0.01499900035560131 -0.001799900783225894 -0.0504036471247673
v -0.01499900035560131 -0.0002664371859282255 -0.04619049280881882
f 9739 9740 9741
v -0.01499900035560131 -0.0002664371859282255 -0.04619049280881882
v -0.014937191270291805 5.880301250726916e-05 -0.04630886763334274
v -0.014937191270291805 -0.001474660588428378 -0.05052202194929123
f 9742 9743 9744
v -0.014937191270291805 -0.001474660588428378 -0.05052202194929123
v -0.014937191270291805 5.880301250726916e-05 -0.04630886763334274
v -0.01470600999891758 0.00039793853648006916 -0.04643230885267258
f 9745 9746 9747
v -0.014937191270291805 -0.001474660588428378 -0.05052202194929123
v -0.01470600999891758 0.00039793853648006916 -0.04643230885267258
v -0.01470610685646534 -0.0011354356538504362 -0.05064547806978226
f 9748 9749 9750
v -0.01470610685646534 -0.0011354356538504362 -0.05064547806978226
v -0.01470600999891758 0.00039793853648006916 -0.04643230885267258
v -0.014345116913318634 0.0006151676643639803 -0.04651137441396713
f 9751 9752 9753
v -0.01470610685646534 -0.0011354356538504362 -0.05064547806978226
v -0.014345116913318634 0.0006151676643639803 -0.04651137441396713
v -0.014345116913318634 -0.0009182884823530912 -0.050724513828754425
f 9754 9755 9756
v -0.014345116913318634 -0.0009182884823530912 -0.050724513828754425
v -0.014345116913318634 0.0006151676643639803 -0.04651137441396713
v -0.013999000191688538 0.0006732523906975985 -0.0465325191617012
f 9757 9758 9759
v -0.014345116913318634 -0.0009182884823530912 -0.050724513828754425
v -0.013999000191688538 0.0006732523906975985 -0.0465325191617012
v -0.013999000191688538 -0.00086021120660007 -0.050745658576488495
f 9760 9761 9762
v -0.007499027065932751 -0.013150003738701344 -0.008000009693205357
v -0.007499027065932751 -0.013150003738701344 -0.010000013746321201
v -0.008674027398228645 -0.012835157103836536 -0.008000009693205357
f 9763 9764 9765
v -0.008674027398228645 -0.012835157103836536 -0.008000009693205357
v -0.007499027065932751 -0.013150003738701344 -0.010000013746321201
v -0.008674027398228645 -0.012835157103836536 -0.010000013746321201
f 9766 9767 9768
v -0.008674027398228645 -0.012835157103836536 -0.008000009693205357
v -0.008674027398228645 -0.012835157103836536 -0.010000013746321201
v -0.00953418668359518 -0.011975002475082874 -0.008000009693205357
f 9769 9770 9771
v -0.00953418668359518 -0.011975002475082874 -0.008000009693205357
v -0.008674027398228645 -0.012835157103836536 -0.010000013746321201
v -0.00953418668359518 -0.011975002475082874 -0.010000013746321201
f 9772 9773 9774
v -0.00953418668359518 -0.011975002475082874 -0.008000009693205357
v -0.00953418668359518 -0.011975002475082874 -0.010000013746321201
v -0.009849026799201965 -0.010800001211464405 -0.008000009693205357
f 9775 9776 9777
v -0.009849026799201965 -0.010800001211464405 -0.008000009693205357
v -0.00953418668359518 -0.011975002475082874 -0.010000013746321201
v -0.009849026799201965 -0.010800001211464405 -0.010000013746321201
f 9778 9779 9780
v -0.009849026799201965 -0.010800001211464405 -0.008000009693205357
v -0.009849026799201965 -0.010800001211464405 -0.010000013746321201
v -0.00953418668359518 -0.009624999947845936 -0.008000009693205357
f 9781 9782 9783
v -0.00953418668359518 -0.009624999947845936 -0.008000009693205357
v -0.009849026799201965 -0.010800001211464405 -0.010000013746321201
v -0.00953418668359518 -0.009624999947845936 -0.010000013746321201
f 9784 9785 9786
v -0.00953418668359518 -0.009624999947845936 -0.008000009693205357
v -0.00953418668359518 -0.009624999947845936 -0.010000013746321201
v -0.008674027398228645 -0.008764837868511677 -0.008000009693205357
f 9787 9788 9789
v -0.008674027398228645 -0.008764837868511677 -0.008000009693205357
v -0.00953418668359518 -0.009624999947845936 -0.010000013746321201
v -0.008674027398228645 -0.008764837868511677 -0.010000013746321201
f 9790 9791 9792
v -0.008674027398228645 -0.008764837868511677 -0.008000009693205357
v -0.008674027398228645 -0.008764837868511677 -0.010000013746321201
v -0.007499027065932751 -0.008449998684227467 -0.008000009693205357
f 9793 9794 9795
v -0.007499027065932751 -0.008449998684227467 -0.008000009693205357
v -0.008674027398228645 -0.008764837868511677 -0.010000013746321201
v -0.007499027065932751 -0.008449998684227467 -0.010000013746321201
f 9796 9797 9798
v 0.00750097306445241 -0.013150003738701344 -0.008000009693205357
v 0.00750097306445241 -0.013150003738701344 -0.010000013746321201
v 0.006325973197817802 -0.012835157103836536 -0.008000009693205357
f 9799 9800 9801
v 0.006325973197817802 -0.012835157103836536 -0.008000009693205357
v 0.00750097306445241 -0.013150003738701344 -0.010000013746321201
v 0.006325973197817802 -0.012835157103836536 -0.010000013746321201
f 9802 9803 9804
v 0.006325973197817802 -0.012835157103836536 -0.008000009693205357
v 0.006325973197817802 -0.012835157103836536 -0.010000013746321201
v 0.00546581344678998 -0.011975002475082874 -0.008000009693205357
f 9805 9806 9807
v 0.00546581344678998 -0.011975002475082874 -0.008000009693205357
v 0.006325973197817802 -0.012835157103836536 -0.010000013746321201
v 0.00546581344678998 -0.011975002475082874 -0.010000013746321201
f 9808 9809 9810
v 0.00546581344678998 -0.011975002475082874 -0.008000009693205357
v 0.00546581344678998 -0.011975002475082874 -0.010000013746321201
v 0.005150972865521908 -0.010800001211464405 -0.008000009693205357
f 9811 9812 9813
v 0.005150972865521908 -0.010800001211464405 -0.008000009693205357
v 0.00546581344678998 -0.011975002475082874 -0.010000013746321201
v 0.005150972865521908 -0.010800001211464405 -0.010000013746321201
f 9814 9815 9816
v 0.005150972865521908 -0.010800001211464405 -0.008000009693205357
v 0.005150972865521908 -0.010800001211464405 -0.010000013746321201
v 0.00546581344678998 -0.009624999947845936 -0.008000009693205357
f 9817 9818 9819
v 0.00546581344678998 -0.009624999947845936 -0.008000009693205357
v 0.005150972865521908 -0.010800001211464405 -0.010000013746321201
v 0.00546581344678998 -0.009624999947845936 -0.010000013746321201
f 9820 9821 9822
v 0.00546581344678998 -0.009624999947845936 -0.008000009693205357
v 0.00546581344678998 -0.009624999947845936 -0.010000013746321201
v 0.006325973197817802 -0.008764837868511677 -0.008000009693205357
f 9823 9824 9825
v 0.006325973197817802 -0.008764837868511677 -0.008000009693205357
v 0.00546581344678998 -0.009624999947845936 -0.010000013746321201
v 0.006325973197817802 -0.008764837868511677 -0.010000013746321201
f 9826 9827 9828
v 0.006325973197817802 -0.008764837868511677 -0.008000009693205357
v 0.006325973197817802 -0.008764837868511677 -0.010000013746321201
v 0.00750097306445241 -0.008449998684227467 -0.008000009693205357
f 9829 9830 9831
v 0.00750097306445241 -0.008449998684227467 -0.008000009693205357
v 0.006325973197817802 -0.008764837868511677 -0.010000013746321201
v 0.00750097306445241 -0.008449998684227467 -0.010000013746321201
f 9832 9833 9834
v 0.00750097306445241 0.008449996821582317 -0.008000009693205357
v 0.00750097306445241 0.008449996821582317 -0.010000013746321201
v 0.00648134620860219 0.00868272315710783 -0.008000009693205357
f 9835 9836 9837
v 0.00648134620860219 0.00868272315710783 -0.008000009693205357
v 0.00750097306445241 0.008449996821582317 -0.010000013746321201
v 0.00648134620860219 0.00868272315710783 -0.010000013746321201
f 9838 9839 9840
v 0.00648134620860219 0.00868272315710783 -0.008000009693205357
v 0.00648134620860219 0.00868272315710783 -0.010000013746321201
v 0.00566366920247674 0.009334797970950603 -0.008000009693205357
f 9841 9842 9843
v 0.00566366920247674 0.009334797970950603 -0.008000009693205357
v 0.00648134620860219 0.00868272315710783 -0.010000013746321201
v 0.00566366920247674 0.009334797970950603 -0.010000013746321201
f 9844 9845 9846
v 0.00566366920247674 0.009334797970950603 -0.008000009693205357
v 0.00566366920247674 0.009334797970950603 -0.010000013746321201
v 0.005209892522543669 0.01027707289904356 -0.008000009693205357
f 9847 9848 9849
v 0.005209892522543669 0.01027707289904356 -0.008000009693205357
v 0.00566366920247674 0.009334797970950603 -0.010000013746321201
v 0.005209892522543669 0.01027707289904356 -0.010000013746321201
f 9850 9851 9852
v 0.005209892522543669 0.01027707289904356 -0.008000009693205357
v 0.005209892522543669 0.01027707289904356 -0.010000013746321201
v 0.005209892522543669 0.011322925798594952 -0.008000009693205357
f 9853 9854 9855
v 0.005209892522543669 0.011322925798594952 -0.008000009693205357
v 0.005209892522543669 0.01027707289904356 -0.010000013746321201
v 0.005209892522543669 0.011322925798594952 -0.010000013746321201
f 9856 9857 9858
v 0.005209892522543669 0.011322925798594952 -0.008000009693205357
v 0.005209892522543669 0.011322925798594952 -0.010000013746321201
v 0.00566366920247674 0.012265200726687908 -0.008000009693205357
f 9859 9860 9861
v 0.00566366920247674 0.012265200726687908 -0.008000009693205357
v 0.005209892522543669 0.011322925798594952 -0.010000013746321201
v 0.00566366920247674 0.012265200726687908 -0.010000013746321201
f 9862 9863 9864
v 0.00566366920247674 0.012265200726687908 -0.008000009693205357
v 0.00566366920247674 0.012265200726687908 -0.010000013746321201
v 0.00648134620860219 0.012917275540530682 -0.008000009693205357
f 9865 9866 9867
v 0.00648134620860219 0.012917275540530682 -0.008000009693205357
v 0.00566366920247674 0.012265200726687908 -0.010000013746321201
v 0.00648134620860219 0.012917275540530682 -0.010000013746321201
f 9868 9869 9870
v 0.00648134620860219 0.012917275540530682 -0.008000009693205357
v 0.00648134620860219 0.012917275540530682 -0.010000013746321201
v 0.00750097306445241 0.013150001876056194 -0.008000009693205357
f 9871 9872 9873
v 0.00750097306445241 0.013150001876056194 -0.008000009693205357
v 0.00648134620860219 0.012917275540530682 -0.010000013746321201
v 0.00750097306445241 0.013150001876056194 -0.010000013746321201
f 9874 9875 9876
v -0.007499027065932751 0.008449996821582317 -0.008000009693205357
v -0.007499027065932751 0.008449996821582317 -0.010000013746321201
v -0.008674027398228645 0.008764843456447124 -0.008000009693205357
f 9877 9878 9879
v -0.008674027398228645 0.008764843456447124 -0.008000009693205357
v -0.007499027065932751 0.008449996821582317 -0.010000013746321201
v -0.008674027398228645 0.008764843456447124 -0.010000013746321201
f 9880 9881 9882
v -0.008674027398228645 0.008764843456447124 -0.008000009693205357
v -0.008674027398228645 0.008764843456447124 -0.010000013746321201
v -0.00953418668359518 0.009624998085200787 -0.008000009693205357
f 9883 9884 9885
v -0.00953418668359518 0.009624998085200787 -0.008000009693205357
v -0.008674027398228645 0.008764843456447124 -0.010000013746321201
v -0.00953418668359518 0.009624998085200787 -0.010000013746321201
f 9886 9887 9888
v -0.00953418668359518 0.009624998085200787 -0.008000009693205357
v -0.00953418668359518 0.009624998085200787 -0.010000013746321201
v -0.009849026799201965 0.010799999348819256 -0.008000009693205357
f 9889 9890 9891
v -0.009849026799201965 0.010799999348819256 -0.008000009693205357
v -0.00953418668359518 0.009624998085200787 -0.010000013746321201
v -0.009849026799201965 0.010799999348819256 -0.010000013746321201
f 9892 9893 9894
v -0.009849026799201965 0.010799999348819256 -0.008000009693205357
v -0.009849026799201965 0.010799999348819256 -0.010000013746321201
v -0.00953418668359518 0.011975000612437725 -0.008000009693205357
f 9895 9896 9897
v -0.00953418668359518 0.011975000612437725 -0.008000009693205357
v -0.009849026799201965 0.010799999348819256 -0.010000013746321201
v -0.00953418668359518 0.011975000612437725 -0.010000013746321201
f 9898 9899 9900
v -0.00953418668359518 0.011975000612437725 -0.008000009693205357
v -0.00953418668359518 0.011975000612437725 -0.010000013746321201
v -0.008674027398228645 0.012835162691771984 -0.008000009693205357
f 9901 9902 9903
v -0.008674027398228645 0.012835162691771984 -0.008000009693205357
v -0.00953418668359518 0.011975000612437725 -0.010000013746321201
v -0.008674027398228645 0.012835162691771984 -0.010000013746321201
f 9904 9905 9906
v -0.008674027398228645 0.012835162691771984 -0.008000009693205357
v -0.008674027398228645 0.012835162691771984 -0.010000013746321201
v -0.007499027065932751 0.013150001876056194 -0.008000009693205357
f 9907 9908 9909
v -0.007499027065932751 0.013150001876056194 -0.008000009693205357
v -0.008674027398228645 0.012835162691771984 -0.010000013746321201
v -0.007499027065932751 0.013150001876056194 -0.010000013746321201
f 9910 9911 9912
v 0.01708139292895794 -0.007599559146910906 6.356975390531261e-09
v 0.01860100030899048 -0.007750001270323992 6.356975390531261e-09
v 0.01708139292895794 -0.007599559146910906 0.0020000103395432234
f 9913 9914 9915
v 0.01708139292895794 -0.007599559146910906 0.0020000103395432234
v 0.01860100030899048 -0.007750001270323992 6.356975390531261e-09
v 0.01860100030899048 -0.007750001270323992 0.004000014625489712
f 9916 9917 9918
v 0.01708139292895794 -0.007599559146910906 0.0020000103395432234
v 0.01860100030899048 -0.007750001270323992 0.004000014625489712
v 0.01674630306661129 -0.007524800021201372 0.0020000103395432234
f 9919 9920 9921
v 0.01860100030899048 -0.007750001270323992 0.004000014625489712
v 0.01674630306661129 -0.007524800021201372 0.004000014625489712
v 0.01674630306661129 -0.007524800021201372 0.0020000103395432234
f 9922 9923 9924
v 0.01674630306661129 -0.007524800021201372 0.0020000103395432234
v 0.01674630306661129 -0.007524800021201372 0.004000014625489712
v 0.014999395236372948 -0.006862286943942308 0.004000014625489712
f 9925 9926 9927
v 0.01674630306661129 -0.007524800021201372 0.0020000103395432234
v 0.014999395236372948 -0.006862286943942308 0.004000014625489712
v 0.014999395236372948 -0.006862286943942308 0.0020000103395432234
f 9928 9929 9930
v 0.014999395236372948 -0.006862286943942308 0.0020000103395432234
v 0.014999395236372948 -0.006862286943942308 0.004000014625489712
v 0.01346179936081171 -0.005800959188491106 0.004000014625489712
f 9931 9932 9933
v 0.014999395236372948 -0.006862286943942308 0.0020000103395432234
v 0.01346179936081171 -0.005800959188491106 0.004000014625489712
v 0.01346179936081171 -0.005800959188491106 0.0020000103395432234
f 9934 9935 9936
v 0.01346179936081171 -0.005800959188491106 0.0020000103395432234
v 0.01346179936081171 -0.005800959188491106 0.004000014625489712
v 0.012222874909639359 -0.004402500111609697 0.004000014625489712
f 9937 9938 9939
v 0.01346179936081171 -0.005800959188491106 0.0020000103395432234
v 0.012222874909639359 -0.004402500111609697 0.004000014625489712
v 0.012222874909639359 -0.004402500111609697 0.0020000103395432234
f 9940 9941 9942
v 0.012222874909639359 -0.004402500111609697 0.0020000103395432234
v 0.012222874909639359 -0.004402500111609697 0.004000014625489712
v 0.011354624293744564 -0.002748188329860568 0.004000014625489712
f 9943 9944 9945
v 0.012222874909639359 -0.004402500111609697 0.0020000103395432234
v 0.011354624293744564 -0.002748188329860568 0.004000014625489712
v 0.011354624293744564 -0.002748188329860568 0.0020000103395432234
f 9946 9947 9948
v 0.011354624293744564 -0.002748188329860568 0.0020000103395432234
v 0.011354624293744564 -0.002748188329860568 0.004000014625489712
v 0.010907506570219994 -0.000934158219024539 0.004000014625489712
f 9949 9950 9951
v 0.011354624293744564 -0.002748188329860568 0.0020000103395432234
v 0.010907506570219994 -0.000934158219024539 0.004000014625489712
v 0.010907506570219994 -0.000934158219024539 0.0020000103395432234
f 9952 9953 9954
v 0.010907506570219994 -0.000934158219024539 0.0020000103395432234
v 0.010907506570219994 -0.000934158219024539 0.004000014625489712
v 0.010907506570219994 0.0009341568220406771 0.004000014625489712
f 9955 9956 9957
v 0.010907506570219994 -0.000934158219024539 0.0020000103395432234
v 0.010907506570219994 0.0009341568220406771 0.004000014625489712
v 0.010907506570219994 0.0009341568220406771 0.0020000103395432234
f 9958 9959 9960
v 0.010907506570219994 0.0009341568220406771 0.0020000103395432234
v 0.010907506570219994 0.0009341568220406771 0.004000014625489712
v 0.011354624293744564 0.002748186932876706 0.004000014625489712
f 9961 9962 9963
v 0.010907506570219994 0.0009341568220406771 0.0020000103395432234
v 0.011354624293744564 0.002748186932876706 0.004000014625489712
v 0.011354624293744564 0.002748186932876706 0.0020000103395432234
f 9964 9965 9966
v 0.011354624293744564 0.002748186932876706 0.0020000103395432234
v 0.011354624293744564 0.002748186932876706 0.004000014625489712
v 0.012222874909639359 0.004402499180287123 0.004000014625489712
f 9967 9968 9969
v 0.011354624293744564 0.002748186932876706 0.0020000103395432234
v 0.012222874909639359 0.004402499180287123 0.004000014625489712
v 0.012222874909639359 0.004402499180287123 0.0020000103395432234
f 9970 9971 9972
v 0.012222874909639359 0.004402499180287123 0.0020000103395432234
v 0.012222874909639359 0.004402499180287123 0.004000014625489712
v 0.01346179936081171 0.005800958257168531 0.004000014625489712
f 9973 9974 9975
v 0.012222874909639359 0.004402499180287123 0.0020000103395432234
v 0.01346179936081171 0.005800958257168531 0.004000014625489712
v 0.01346179936081171 0.005800958257168531 0.0020000103395432234
f 9976 9977 9978
v 0.01346179936081171 0.005800958257168531 0.0020000103395432234
v 0.01346179936081171 0.005800958257168531 0.004000014625489712
v 0.014999395236372948 0.006862286012619734 0.004000014625489712
f 9979 9980 9981
v 0.01346179936081171 0.005800958257168531 0.0020000103395432234
v 0.014999395236372948 0.006862286012619734 0.004000014625489712
v 0.014999395236372948 0.006862286012619734 0.0020000103395432234
f 9982 9983 9984
v 0.014999395236372948 0.006862286012619734 0.0020000103395432234
v 0.014999395236372948 0.006862286012619734 0.004000014625489712
v 0.01674630306661129 0.0075247990898787975 0.004000014625489712
f 9985 9986 9987
v 0.01860100030899048 0.007750000339001417 6.356975390531261e-09
v 0.01708139292895794 0.007599558215588331 6.356975390531261e-09
v 0.01860100030899048 0.007750000339001417 0.004000014625489712
f 9988 9989 9990
v 0.01860100030899048 0.007750000339001417 0.004000014625489712
v 0.01708139292895794 0.007599558215588331 6.356975390531261e-09
v 0.01708139292895794 0.007599558215588331 0.0020000103395432234
f 9991 9992 9993
v 0.01860100030899048 0.007750000339001417 0.004000014625489712
v 0.01708139292895794 0.007599558215588331 0.0020000103395432234
v 0.01674630306661129 0.0075247990898787975 0.004000014625489712
f 9994 9995 9996
v 0.01674630306661129 0.0075247990898787975 0.004000014625489712
v 0.01708139292895794 0.007599558215588331 0.0020000103395432234
v 0.01674630306661129 0.0075247990898787975 0.0020000103395432234
f 9997 9998 9999
v 0.01674630306661129 0.0075247990898787975 0.004000014625489712
v 0.01674630306661129 0.0075247990898787975 0.0020000103395432234
v 0.014999395236372948 0.006862286012619734 0.0020000103395432234
f 10000 10001 10002
v 0.01860100030899048 0.004499997477978468 0.00500000175088644
v 0.01860100030899048 0.004499997477978468 0.004000014625489712
v 0.017210423946380615 0.004279750864952803 0.004000014625489712
f 10003 10004 10005
v 0.01860100030899048 0.004499997477978468 0.00500000175088644
v 0.017210423946380615 0.004279750864952803 0.004000014625489712
v 0.017210423946380615 0.004279750864952803 0.00500000175088644
f 10006 10007 10008
v 0.017210423946380615 0.004279750864952803 0.00500000175088644
v 0.017210423946380615 0.004279750864952803 0.004000014625489712
v 0.015955965965986252 0.0036405727732926607 0.004000014625489712
f 10009 10010 10011
v 0.017210423946380615 0.004279750864952803 0.00500000175088644
v 0.015955965965986252 0.0036405727732926607 0.004000014625489712
v 0.015955965965986252 0.0036405727732926607 0.00500000175088644
f 10012 10013 10014
v 0.015955965965986252 0.0036405727732926607 0.00500000175088644
v 0.015955965965986252 0.0036405727732926607 0.004000014625489712
v 0.014960423111915588 0.0026450336445122957 0.004000014625489712
f 10015 10016 10017
v 0.015955965965986252 0.0036405727732926607 0.00500000175088644
v 0.014960423111915588 0.0026450336445122957 0.004000014625489712
v 0.014960423111915588 0.0026450336445122957 0.00500000175088644
f 10018 10019 10020
v 0.014960423111915588 0.0026450336445122957 0.00500000175088644
v 0.014960423111915588 0.0026450336445122957 0.004000014625489712
v 0.01432124525308609 0.0013905793894082308 0.004000014625489712
f 10021 10022 10023
v 0.014960423111915588 0.0026450336445122957 0.00500000175088644
v 0.01432124525308609 0.0013905793894082308 0.004000014625489712
v 0.01432124525308609 0.0013905793894082308 0.00500000175088644
f 10024 10025 10026
v 0.01432124525308609 0.0013905793894082308 0.00500000175088644
v 0.01432124525308609 0.0013905793894082308 0.004000014625489712
v 0.014100999571383 3.0322389044101783e-09 0.004000014625489712
f 10027 10028 10029
v 0.01432124525308609 0.0013905793894082308 0.00500000175088644
v 0.014100999571383 3.0322389044101783e-09 0.004000014625489712
v 0.014100999571383 3.0322389044101783e-09 0.00500000175088644
f 10030 10031 10032
v 0.014100999571383 3.0322389044101783e-09 0.00500000175088644
v 0.014100999571383 3.0322389044101783e-09 0.004000014625489712
v 0.01432124525308609 -0.0013905733358114958 0.004000014625489712
f 10033 10034 10035
v 0.014100999571383 3.0322389044101783e-09 0.00500000175088644
v 0.01432124525308609 -0.0013905733358114958 0.004000014625489712
v 0.01432124525308609 -0.0013905733358114958 0.00500000175088644
f 10036 10037 10038
v 0.01432124525308609 -0.0013905733358114958 0.00500000175088644
v 0.01432124525308609 -0.0013905733358114958 0.004000014625489712
v 0.014960423111915588 -0.0026450350414961576 0.004000014625489712
f 10039 10040 10041
v 0.01432124525308609 -0.0013905733358114958 0.00500000175088644
v 0.014960423111915588 -0.0026450350414961576 0.004000014625489712
v 0.014960423111915588 -0.0026450350414961576 0.00500000175088644
f 10042 10043 10044
v 0.014960423111915588 -0.0026450350414961576 0.00500000175088644
v 0.014960423111915588 -0.0026450350414961576 0.004000014625489712
v 0.015955965965986252 -0.0036405741702765226 0.004000014625489712
f 10045 10046 10047
v 0.014960423111915588 -0.0026450350414961576 0.00500000175088644
v 0.015955965965986252 -0.0036405741702765226 0.004000014625489712
v 0.015955965965986252 -0.0036405741702765226 0.00500000175088644
f 10048 10049 10050
v 0.015955965965986252 -0.0036405741702765226 0.00500000175088644
v 0.015955965965986252 -0.0036405741702765226 0.004000014625489712
v 0.017210423946380615 -0.004279751796275377 0.004000014625489712
f 10051 10052 10053
v 0.015955965965986252 -0.0036405741702765226 0.00500000175088644
v 0.017210423946380615 -0.004279751796275377 0.004000014625489712
v 0.017210423946380615 -0.004279751796275377 0.00500000175088644
f 10054 10055 10056
v 0.017210423946380615 -0.004279751796275377 0.00500000175088644
v 0.017210423946380615 -0.004279751796275377 0.004000014625489712
v 0.01860100030899048 -0.0044999984093010426 0.004000014625489712
f 10057 10058 10059
v 0.017210423946380615 -0.004279751796275377 0.00500000175088644
v 0.01860100030899048 -0.0044999984093010426 0.004000014625489712
v 0.01860100030899048 -0.0044999984093010426 0.00500000175088644
f 10060 10061 10062
v 0.01860100030899048 -0.0030499964486807585 0.00500000175088644
v 0.01860100030899048 -0.0030499964486807585 0.004000014625489712
v 0.017433814704418182 -0.002817828906700015 0.00500000175088644
f 10063 10064 10065
v 0.017433814704418182 -0.002817828906700015 0.00500000175088644
v 0.01860100030899048 -0.0030499964486807585 0.004000014625489712
v 0.017433814704418182 -0.002817828906700015 0.004000014625489712
f 10066 10067 10068
v 0.017433814704418182 -0.002817828906700015 0.00500000175088644
v 0.017433814704418182 -0.002817828906700015 0.004000014625489712
v 0.01644432358443737 -0.0021566792856901884 0.00500000175088644
f 10069 10070 10071
v 0.01644432358443737 -0.0021566792856901884 0.00500000175088644
v 0.017433814704418182 -0.002817828906700015 0.004000014625489712
v 0.01644432358443737 -0.0021566792856901884 0.004000014625489712
f 10072 10073 10074
v 0.01644432358443737 -0.0021566792856901884 0.00500000175088644
v 0.01644432358443737 -0.0021566792856901884 0.004000014625489712
v 0.015783166512846947 -0.0011671825777739286 0.00500000175088644
f 10075 10076 10077
v 0.015783166512846947 -0.0011671825777739286 0.00500000175088644
v 0.01644432358443737 -0.0021566792856901884 0.004000014625489712
v 0.015783166512846947 -0.0011671825777739286 0.004000014625489712
f 10078 10079 10080
v 0.015783166512846947 -0.0011671825777739286 0.00500000175088644
v 0.015783166512846947 -0.0011671825777739286 0.004000014625489712
v 0.015550999902188778 3.0322389044101783e-09 0.00500000175088644
f 10081 10082 10083
v 0.015550999902188778 3.0322389044101783e-09 0.00500000175088644
v 0.015783166512846947 -0.0011671825777739286 0.004000014625489712
v 0.015550999902188778 3.0322389044101783e-09 0.004000014625489712
f 10084 10085 10086
v 0.015550999902188778 3.0322389044101783e-09 0.00500000175088644
v 0.015550999902188778 3.0322389044101783e-09 0.004000014625489712
v 0.015783166512846947 0.0011671811807900667 0.00500000175088644
f 10087 10088 10089
v 0.015783166512846947 0.0011671811807900667 0.00500000175088644
v 0.015550999902188778 3.0322389044101783e-09 0.004000014625489712
v 0.015783166512846947 0.0011671811807900667 0.004000014625489712
f 10090 10091 10092
v 0.015783166512846947 0.0011671811807900667 0.00500000175088644
v 0.015783166512846947 0.0011671811807900667 0.004000014625489712
v 0.01644432358443737 0.0021566778887063265 0.00500000175088644
f 10093 10094 10095
v 0.01644432358443737 0.0021566778887063265 0.00500000175088644
v 0.015783166512846947 0.0011671811807900667 0.004000014625489712
v 0.01644432358443737 0.0021566778887063265 0.004000014625489712
f 10096 10097 10098
v 0.01644432358443737 0.0021566778887063265 0.00500000175088644
v 0.01644432358443737 0.0021566778887063265 0.004000014625489712
v 0.017433814704418182 0.00281783496029675 0.00500000175088644
f 10099 10100 10101
v 0.017433814704418182 0.00281783496029675 0.00500000175088644
v 0.01644432358443737 0.0021566778887063265 0.004000014625489712
v 0.017433814704418182 0.00281783496029675 0.004000014625489712
f 10102 10103 10104
v 0.017433814704418182 0.00281783496029675 0.00500000175088644
v 0.017433814704418182 0.00281783496029675 0.004000014625489712
v 0.01860100030899048 0.0030500025022774935 0.00500000175088644
f 10105 10106 10107
v 0.01860100030899048 0.0030500025022774935 0.00500000175088644
v 0.017433814704418182 0.00281783496029675 0.004000014625489712
v 0.01860100030899048 0.0030500025022774935 0.004000014625489712
f 10108 10109 10110
v 0.01860100030899048 0.0016500011552125216 6.356975390531261e-09
v 0.01860100030899048 0.0016500011552125216 0.004000014625489712
v 0.017775999382138252 0.0014289424289017916 6.356975390531261e-09
f 10111 10112 10113
v 0.017775999382138252 0.0014289424289017916 6.356975390531261e-09
v 0.01860100030899048 0.0016500011552125216 0.004000014625489712
v 0.017775999382138252 0.0014289424289017916 0.004000014625489712
f 10114 10115 10116
v 0.017775999382138252 0.0014289424289017916 6.356975390531261e-09
v 0.017775999382138252 0.0014289424289017916 0.004000014625489712
v 0.017172057181596756 0.0008249983657151461 6.356975390531261e-09
f 10117 10118 10119
v 0.017172057181596756 0.0008249983657151461 6.356975390531261e-09
v 0.017775999382138252 0.0014289424289017916 0.004000014625489712
v 0.017172057181596756 0.0008249983657151461 0.004000014625489712
f 10120 10121 10122
v 0.017172057181596756 0.0008249983657151461 6.356975390531261e-09
v 0.017172057181596756 0.0008249983657151461 0.004000014625489712
v 0.016951000317931175 3.0322389044101783e-09 6.356975390531261e-09
f 10123 10124 10125
v 0.016951000317931175 3.0322389044101783e-09 6.356975390531261e-09
v 0.017172057181596756 0.0008249983657151461 0.004000014625489712
v 0.016951000317931175 3.0322389044101783e-09 0.004000014625489712
f 10126 10127 10128
v 0.016951000317931175 3.0322389044101783e-09 6.356975390531261e-09
v 0.016951000317931175 3.0322389044101783e-09 0.004000014625489712
v 0.017172057181596756 -0.000824999762699008 6.356975390531261e-09
f 10129 10130 10131
v 0.017172057181596756 -0.000824999762699008 6.356975390531261e-09
v 0.016951000317931175 3.0322389044101783e-09 0.004000014625489712
v 0.017172057181596756 -0.000824999762699008 0.004000014625489712
f 10132 10133 10134
v 0.017172057181596756 -0.000824999762699008 6.356975390531261e-09
v 0.017172057181596756 -0.000824999762699008 0.004000014625489712
v 0.017775999382138252 -0.0014289438258856535 6.356975390531261e-09
f 10135 10136 10137
v 0.017775999382138252 -0.0014289438258856535 6.356975390531261e-09
v 0.017172057181596756 -0.000824999762699008 0.004000014625489712
v 0.017775999382138252 -0.0014289438258856535 0.004000014625489712
f 10138 10139 10140
v 0.017775999382138252 -0.0014289438258856535 6.356975390531261e-09
v 0.017775999382138252 -0.0014289438258856535 0.004000014625489712
v 0.01860100030899048 -0.0016500025521963835 6.356975390531261e-09
f 10141 10142 10143
v 0.01860100030899048 -0.0016500025521963835 6.356975390531261e-09
v 0.017775999382138252 -0.0014289438258856535 0.004000014625489712
v 0.01860100030899048 -0.0016500025521963835 0.004000014625489712
f 10144 10145 10146
v 0.007501000072807074 -0.0033000006806105375 -0.0030000146944075823
v 0.007501000072807074 -0.0033000006806105375 6.356975390531261e-09
v 0.006651000119745731 -0.003527757478877902 -0.0030000146944075823
f 10147 10148 10149
v 0.006651000119745731 -0.003527757478877902 -0.0030000146944075823
v 0.007501000072807074 -0.0033000006806105375 6.356975390531261e-09
v 0.006651000119745731 -0.003527757478877902 6.356975390531261e-09
f 10150 10151 10152
v 0.006651000119745731 -0.003527757478877902 -0.0030000146944075823
v 0.006651000119745731 -0.003527757478877902 6.356975390531261e-09
v 0.006028756964951754 -0.004149999935179949 -0.0030000146944075823
f 10153 10154 10155
v 0.006028756964951754 -0.004149999935179949 -0.0030000146944075823
v 0.006651000119745731 -0.003527757478877902 6.356975390531261e-09
v 0.006028756964951754 -0.004149999935179949 6.356975390531261e-09
f 10156 10157 10158
v 0.006028756964951754 -0.004149999935179949 -0.0030000146944075823
v 0.006028756964951754 -0.004149999935179949 6.356975390531261e-09
v 0.005801000166684389 -0.004999999422580004 -0.0030000146944075823
f 10159 10160 10161
v 0.005801000166684389 -0.004999999422580004 -0.0030000146944075823
v 0.006028756964951754 -0.004149999935179949 6.356975390531261e-09
v 0.005801000166684389 -0.004999999422580004 6.356975390531261e-09
f 10162 10163 10164
v 0.005801000166684389 -0.004999999422580004 -0.0030000146944075823
v 0.005801000166684389 -0.004999999422580004 6.356975390531261e-09
v 0.006028756964951754 -0.005849998909980059 -0.0030000146944075823
f 10165 10166 10167
v 0.006028756964951754 -0.005849998909980059 -0.0030000146944075823
v 0.005801000166684389 -0.004999999422580004 6.356975390531261e-09
v 0.006028756964951754 -0.005849998909980059 6.356975390531261e-09
f 10168 10169 10170
v 0.006028756964951754 -0.005849998909980059 -0.0030000146944075823
v 0.006028756964951754 -0.005849998909980059 6.356975390531261e-09
v 0.006651000119745731 -0.006472241599112749 -0.0030000146944075823
f 10171 10172 10173
v 0.006651000119745731 -0.006472241599112749 -0.0030000146944075823
v 0.006028756964951754 -0.005849998909980059 6.356975390531261e-09
v 0.006651000119745731 -0.006472241599112749 6.356975390531261e-09
f 10174 10175 10176
v 0.006651000119745731 -0.006472241599112749 -0.0030000146944075823
v 0.006651000119745731 -0.006472241599112749 6.356975390531261e-09
v 0.007501000072807074 -0.006699998397380114 -0.0030000146944075823
f 10177 10178 10179
v 0.007501000072807074 -0.006699998397380114 -0.0030000146944075823
v 0.006651000119745731 -0.006472241599112749 6.356975390531261e-09
v 0.007501000072807074 -0.006699998397380114 6.356975390531261e-09
f 10180 10181 10182
v -0.007499000057578087 -0.0033000006806105375 -0.0030000146944075823
v -0.007499000057578087 -0.0033000006806105375 6.356975390531261e-09
v -0.008348999544978142 -0.003527757478877902 -0.0030000146944075823
f 10183 10184 10185
v -0.008348999544978142 -0.003527757478877902 -0.0030000146944075823
v -0.007499000057578087 -0.0033000006806105375 6.356975390531261e-09
v -0.008348999544978142 -0.003527757478877902 6.356975390531261e-09
f 10186 10187 10188
v -0.008348999544978142 -0.003527757478877902 -0.0030000146944075823
v -0.008348999544978142 -0.003527757478877902 6.356975390531261e-09
v -0.008971243165433407 -0.004149999935179949 -0.0030000146944075823
f 10189 10190 10191
v -0.008971243165433407 -0.004149999935179949 -0.0030000146944075823
v -0.008348999544978142 -0.003527757478877902 6.356975390531261e-09
v -0.008971243165433407 -0.004149999935179949 6.356975390531261e-09
f 10192 10193 10194
v -0.008971243165433407 -0.004149999935179949 -0.0030000146944075823
v -0.008971243165433407 -0.004149999935179949 6.356975390531261e-09
v -0.009198999963700771 -0.004999999422580004 -0.0030000146944075823
f 10195 10196 10197
v -0.009198999963700771 -0.004999999422580004 -0.0030000146944075823
v -0.008971243165433407 -0.004149999935179949 6.356975390531261e-09
v -0.009198999963700771 -0.004999999422580004 6.356975390531261e-09
f 10198 10199 10200
v -0.009198999963700771 -0.004999999422580004 -0.0030000146944075823
v -0.009198999963700771 -0.004999999422580004 6.356975390531261e-09
v -0.008971243165433407 -0.005849998909980059 -0.0030000146944075823
f 10201 10202 10203
v -0.008971243165433407 -0.005849998909980059 -0.0030000146944075823
v -0.009198999963700771 -0.004999999422580004 6.356975390531261e-09
v -0.008971243165433407 -0.005849998909980059 6.356975390531261e-09
f 10204 10205 10206
v -0.008971243165433407 -0.005849998909980059 -0.0030000146944075823
v -0.008971243165433407 -0.005849998909980059 6.356975390531261e-09
v -0.008348999544978142 -0.006472241599112749 -0.0030000146944075823
f 10207 10208 10209
v -0.008348999544978142 -0.006472241599112749 -0.0030000146944075823
v -0.008971243165433407 -0.005849998909980059 6.356975390531261e-09
v -0.008348999544978142 -0.006472241599112749 6.356975390531261e-09
f 10210 10211 10212
v -0.008348999544978142 -0.006472241599112749 -0.0030000146944075823
v -0.008348999544978142 -0.006472241599112749 6.356975390531261e-09
v -0.007499000057578087 -0.006699998397380114 -0.0030000146944075823
f 10213 10214 10215
v -0.007499000057578087 -0.006699998397380114 -0.0030000146944075823
v -0.008348999544978142 -0.006472241599112749 6.356975390531261e-09
v -0.007499000057578087 -0.006699998397380114 6.356975390531261e-09
f 10216 10217 10218
v -0.007499000057578087 0.006699997466057539 -0.0030000146944075823
v -0.007499000057578087 0.006699997466057539 6.356975390531261e-09
v -0.008348999544978142 0.0064722406677901745 -0.0030000146944075823
f 10219 10220 10221
v -0.008348999544978142 0.0064722406677901745 -0.0030000146944075823
v -0.007499000057578087 0.006699997466057539 6.356975390531261e-09
v -0.008348999544978142 0.0064722406677901745 6.356975390531261e-09
f 10222 10223 10224
v -0.008348999544978142 0.0064722406677901745 -0.0030000146944075823
v -0.008348999544978142 0.0064722406677901745 6.356975390531261e-09
v -0.008971243165433407 0.005849997978657484 -0.0030000146944075823
f 10225 10226 10227
v -0.008971243165433407 0.005849997978657484 -0.0030000146944075823
v -0.008348999544978142 0.0064722406677901745 6.356975390531261e-09
v -0.008971243165433407 0.005849997978657484 6.356975390531261e-09
f 10228 10229 10230
v -0.008971243165433407 0.005849997978657484 -0.0030000146944075823
v -0.008971243165433407 0.005849997978657484 6.356975390531261e-09
v -0.009198999963700771 0.004999998491257429 -0.0030000146944075823
f 10231 10232 10233
v -0.009198999963700771 0.004999998491257429 -0.0030000146944075823
v -0.008971243165433407 0.005849997978657484 6.356975390531261e-09
v -0.009198999963700771 0.004999998491257429 6.356975390531261e-09
f 10234 10235 10236
v -0.009198999963700771 0.004999998491257429 -0.0030000146944075823
v -0.009198999963700771 0.004999998491257429 6.356975390531261e-09
v -0.008971243165433407 0.004149999003857374 -0.0030000146944075823
f 10237 10238 10239
v -0.008971243165433407 0.004149999003857374 -0.0030000146944075823
v -0.009198999963700771 0.004999998491257429 6.356975390531261e-09
v -0.008971243165433407 0.004149999003857374 6.356975390531261e-09
f 10240 10241 10242
v -0.008971243165433407 0.004149999003857374 -0.0030000146944075823
v -0.008971243165433407 0.004149999003857374 6.356975390531261e-09
v -0.008348999544978142 0.00352775608189404 -0.0030000146944075823
f 10243 10244 10245
v -0.008348999544978142 0.00352775608189404 -0.0030000146944075823
v -0.008971243165433407 0.004149999003857374 6.356975390531261e-09
v -0.008348999544978142 0.00352775608189404 6.356975390531261e-09
f 10246 10247 10248
v -0.008348999544978142 0.00352775608189404 -0.0030000146944075823
v -0.008348999544978142 0.00352775608189404 6.356975390531261e-09
v -0.007499000057578087 0.0032999992836266756 -0.0030000146944075823
f 10249 10250 10251
v -0.007499000057578087 0.0032999992836266756 -0.0030000146944075823
v -0.008348999544978142 0.00352775608189404 6.356975390531261e-09
v -0.007499000057578087 0.0032999992836266756 6.356975390531261e-09
f 10252 10253 10254
v 0.007501000072807074 0.006699997466057539 -0.0030000146944075823
v 0.007501000072807074 0.006699997466057539 6.356975390531261e-09
v 0.006651000119745731 0.0064722406677901745 -0.0030000146944075823
f 10255 10256 10257
v 0.006651000119745731 0.0064722406677901745 -0.0030000146944075823
v 0.007501000072807074 0.006699997466057539 6.356975390531261e-09
v 0.006651000119745731 0.0064722406677901745 6.356975390531261e-09
f 10258 10259 10260
v 0.006651000119745731 0.0064722406677901745 -0.0030000146944075823
v 0.006651000119745731 0.0064722406677901745 6.356975390531261e-09
v 0.006028756964951754 0.005849997978657484 -0.0030000146944075823
f 10261 10262 10263
v 0.006028756964951754 0.005849997978657484 -0.0030000146944075823
v 0.006651000119745731 0.0064722406677901745 6.356975390531261e-09
v 0.006028756964951754 0.005849997978657484 6.356975390531261e-09
f 10264 10265 10266
v 0.006028756964951754 0.005849997978657484 -0.0030000146944075823
v 0.006028756964951754 0.005849997978657484 6.356975390531261e-09
v 0.005801000166684389 0.004999998491257429 -0.0030000146944075823
f 10267 10268 10269
v 0.005801000166684389 0.004999998491257429 -0.0030000146944075823
v 0.006028756964951754 0.005849997978657484 6.356975390531261e-09
v 0.005801000166684389 0.004999998491257429 6.356975390531261e-09
f 10270 10271 10272
v 0.005801000166684389 0.004999998491257429 -0.0030000146944075823
v 0.005801000166684389 0.004999998491257429 6.356975390531261e-09
v 0.006028756964951754 0.004149999003857374 -0.0030000146944075823
f 10273 10274 10275
v 0.006028756964951754 0.004149999003857374 -0.0030000146944075823
v 0.005801000166684389 0.004999998491257429 6.356975390531261e-09
v 0.006028756964951754 0.004149999003857374 6.356975390531261e-09
f 10276 10277 10278
v 0.006028756964951754 0.004149999003857374 -0.0030000146944075823
v 0.006028756964951754 0.004149999003857374 6.356975390531261e-09
v 0.006651000119745731 0.00352775608189404 -0.0030000146944075823
f 10279 10280 10281
v 0.006651000119745731 0.00352775608189404 -0.0030000146944075823
v 0.006028756964951754 0.004149999003857374 6.356975390531261e-09
v 0.006651000119745731 0.00352775608189404 6.356975390531261e-09
f 10282 10283 10284
v 0.006651000119745731 0.00352775608189404 -0.0030000146944075823
v 0.006651000119745731 0.00352775608189404 6.356975390531261e-09
v 0.007501000072807074 0.0032999992836266756 -0.0030000146944075823
f 10285 10286 10287
v 0.007501000072807074 0.0032999992836266756 -0.0030000146944075823
v 0.006651000119745731 0.00352775608189404 6.356975390531261e-09
v 0.007501000072807074 0.0032999992836266756 6.356975390531261e-09
f 10288 10289 10290
v 0.007501000072807074 0.002650003181770444 -0.0030000146944075823
v 0.007501000072807074 0.002650003181770444 -0.004999988712370396
v 0.006481373216956854 0.0028827220667153597 -0.0030000146944075823
f 10291 10292 10293
v 0.006481373216956854 0.0028827220667153597 -0.0030000146944075823
v 0.007501000072807074 0.002650003181770444 -0.004999988712370396
v 0.006481373216956854 0.0028827220667153597 -0.004999988712370396
f 10294 10295 10296
v 0.006481373216956854 0.0028827220667153597 -0.0030000146944075823
v 0.006481373216956854 0.0028827220667153597 -0.004999988712370396
v 0.005663696210831404 0.003534796880558133 -0.0030000146944075823
f 10297 10298 10299
v 0.005663696210831404 0.003534796880558133 -0.0030000146944075823
v 0.006481373216956854 0.0028827220667153597 -0.004999988712370396
v 0.005663696210831404 0.003534796880558133 -0.004999988712370396
f 10300 10301 10302
v 0.005663696210831404 0.003534796880558133 -0.0030000146944075823
v 0.005663696210831404 0.003534796880558133 -0.004999988712370396
v 0.005209919530898333 0.00447707949206233 -0.0030000146944075823
f 10303 10304 10305
v 0.005209919530898333 0.00447707949206233 -0.0030000146944075823
v 0.005663696210831404 0.003534796880558133 -0.004999988712370396
v 0.005209919530898333 0.00447707949206233 -0.004999988712370396
f 10306 10307 10308
v 0.005209919530898333 0.00447707949206233 -0.0030000146944075823
v 0.005209919530898333 0.00447707949206233 -0.004999988712370396
v 0.005209919530898333 0.005522924941033125 -0.0030000146944075823
f 10309 10310 10311
v 0.005209919530898333 0.005522924941033125 -0.0030000146944075823
v 0.005209919530898333 0.00447707949206233 -0.004999988712370396
v 0.005209919530898333 0.005522924941033125 -0.004999988712370396
f 10312 10313 10314
v 0.005209919530898333 0.005522924941033125 -0.0030000146944075823
v 0.005209919530898333 0.005522924941033125 -0.004999988712370396
v 0.005663696210831404 0.0064651998691260815 -0.0030000146944075823
f 10315 10316 10317
v 0.005663696210831404 0.0064651998691260815 -0.0030000146944075823
v 0.005209919530898333 0.005522924941033125 -0.004999988712370396
v 0.005663696210831404 0.0064651998691260815 -0.004999988712370396
f 10318 10319 10320
v 0.005663696210831404 0.0064651998691260815 -0.0030000146944075823
v 0.005663696210831404 0.0064651998691260815 -0.004999988712370396
v 0.006481373216956854 0.007117274682968855 -0.0030000146944075823
f 10321 10322 10323
v 0.006481373216956854 0.007117274682968855 -0.0030000146944075823
v 0.005663696210831404 0.0064651998691260815 -0.004999988712370396
v 0.006481373216956854 0.007117274682968855 -0.004999988712370396
f 10324 10325 10326
v 0.006481373216956854 0.007117274682968855 -0.0030000146944075823
v 0.006481373216956854 0.007117274682968855 -0.004999988712370396
v 0.007501000072807074 0.007350001018494368 -0.0030000146944075823
f 10327 10328 10329
v 0.007501000072807074 0.007350001018494368 -0.0030000146944075823
v 0.006481373216956854 0.007117274682968855 -0.004999988712370396
v 0.007501000072807074 0.007350001018494368 -0.004999988712370396
f 10330 10331 10332
v 0.007501000072807074 -0.007350001949816942 -0.0030000146944075823
v 0.007501000072807074 -0.007350001949816942 -0.004999988712370396
v 0.006481373216956854 -0.0071172756142914295 -0.0030000146944075823
f 10333 10334 10335
v 0.006481373216956854 -0.0071172756142914295 -0.0030000146944075823
v 0.007501000072807074 -0.007350001949816942 -0.004999988712370396
v 0.006481373216956854 -0.0071172756142914295 -0.004999988712370396
f 10336 10337 10338
v 0.006481373216956854 -0.0071172756142914295 -0.0030000146944075823
v 0.006481373216956854 -0.0071172756142914295 -0.004999988712370396
v 0.005663696210831404 -0.006465200800448656 -0.0030000146944075823
f 10339 10340 10341
v 0.005663696210831404 -0.006465200800448656 -0.0030000146944075823
v 0.006481373216956854 -0.0071172756142914295 -0.004999988712370396
v 0.005663696210831404 -0.006465200800448656 -0.004999988712370396
f 10342 10343 10344
v 0.005663696210831404 -0.006465200800448656 -0.0030000146944075823
v 0.005663696210831404 -0.006465200800448656 -0.004999988712370396
v 0.005209919530898333 -0.0055229258723556995 -0.0030000146944075823
f 10345 10346 10347
v 0.005209919530898333 -0.0055229258723556995 -0.0030000146944075823
v 0.005663696210831404 -0.006465200800448656 -0.004999988712370396
v 0.005209919530898333 -0.0055229258723556995 -0.004999988712370396
f 10348 10349 10350
v 0.005209919530898333 -0.0055229258723556995 -0.0030000146944075823
v 0.005209919530898333 -0.0055229258723556995 -0.004999988712370396
v 0.005209919530898333 -0.004477072972804308 -0.0030000146944075823
f 10351 10352 10353
v 0.005209919530898333 -0.004477072972804308 -0.0030000146944075823
v 0.005209919530898333 -0.0055229258723556995 -0.004999988712370396
v 0.005209919530898333 -0.004477072972804308 -0.004999988712370396
f 10354 10355 10356
v 0.005209919530898333 -0.004477072972804308 -0.0030000146944075823
v 0.005209919530898333 -0.004477072972804308 -0.004999988712370396
v 0.005663696210831404 -0.003534798277541995 -0.0030000146944075823
f 10357 10358 10359
v 0.005663696210831404 -0.003534798277541995 -0.0030000146944075823
v 0.005209919530898333 -0.004477072972804308 -0.004999988712370396
v 0.005663696210831404 -0.003534798277541995 -0.004999988712370396
f 10360 10361 10362
v 0.005663696210831404 -0.003534798277541995 -0.0030000146944075823
v 0.005663696210831404 -0.003534798277541995 -0.004999988712370396
v 0.006481373216956854 -0.0028827234636992216 -0.0030000146944075823
f 10363 10364 10365
v 0.006481373216956854 -0.0028827234636992216 -0.0030000146944075823
v 0.005663696210831404 -0.003534798277541995 -0.004999988712370396
v 0.006481373216956854 -0.0028827234636992216 -0.004999988712370396
f 10366 10367 10368
v 0.006481373216956854 -0.0028827234636992216 -0.0030000146944075823
v 0.006481373216956854 -0.0028827234636992216 -0.004999988712370396
v 0.007501000072807074 -0.002649997128173709 -0.0030000146944075823
f 10369 10370 10371
v 0.007501000072807074 -0.002649997128173709 -0.0030000146944075823
v 0.006481373216956854 -0.0028827234636992216 -0.004999988712370396
v 0.007501000072807074 -0.002649997128173709 -0.004999988712370396
f 10372 10373 10374
v -0.007499027065932751 0.009550000540912151 6.356975390531261e-09
v -0.007499027065932751 0.009550000540912151 -0.004999988712370396
v -0.008124027401208878 0.009717467240989208 6.356975390531261e-09
f 10375 10376 10377
v -0.008124027401208878 0.009717467240989208 6.356975390531261e-09
v -0.007499027065932751 0.009550000540912151 -0.004999988712370396
v -0.008124027401208878 0.009717467240989208 -0.004999988712370396
f 10378 10379 10380
v -0.008124027401208878 0.009717467240989208 6.356975390531261e-09
v -0.008124027401208878 0.009717467240989208 -0.004999988712370396
v -0.008581559173762798 0.010174999944865704 6.356975390531261e-09
f 10381 10382 10383
v -0.008581559173762798 0.010174999944865704 6.356975390531261e-09
v -0.008124027401208878 0.009717467240989208 -0.004999988712370396
v -0.008581559173762798 0.010174999944865704 -0.004999988712370396
f 10384 10385 10386
v -0.008581559173762798 0.010174999944865704 6.356975390531261e-09
v -0.008581559173762798 0.010174999944865704 -0.004999988712370396
v -0.00874902680516243 0.010799999348819256 6.356975390531261e-09
f 10387 10388 10389
v -0.00874902680516243 0.010799999348819256 6.356975390531261e-09
v -0.008581559173762798 0.010174999944865704 -0.004999988712370396
v -0.00874902680516243 0.010799999348819256 -0.004999988712370396
f 10390 10391 10392
v -0.00874902680516243 0.010799999348819256 6.356975390531261e-09
v -0.00874902680516243 0.010799999348819256 -0.004999988712370396
v -0.008581559173762798 0.011424998752772808 6.356975390531261e-09
f 10393 10394 10395
v -0.008581559173762798 0.011424998752772808 6.356975390531261e-09
v -0.00874902680516243 0.010799999348819256 -0.004999988712370396
v -0.008581559173762798 0.011424998752772808 -0.004999988712370396
f 10396 10397 10398
v -0.008581559173762798 0.011424998752772808 6.356975390531261e-09
v -0.008581559173762798 0.011424998752772808 -0.004999988712370396
v -0.008124027401208878 0.011882531456649303 6.356975390531261e-09
f 10399 10400 10401
v -0.008124027401208878 0.011882531456649303 6.356975390531261e-09
v -0.008581559173762798 0.011424998752772808 -0.004999988712370396
v -0.008124027401208878 0.011882531456649303 -0.004999988712370396
f 10402 10403 10404
v -0.008124027401208878 0.011882531456649303 6.356975390531261e-09
v -0.008124027401208878 0.011882531456649303 -0.004999988712370396
v -0.007499027065932751 0.01204999815672636 6.356975390531261e-09
f 10405 10406 10407
v -0.007499027065932751 0.01204999815672636 6.356975390531261e-09
v -0.008124027401208878 0.011882531456649303 -0.004999988712370396
v -0.007499027065932751 0.01204999815672636 -0.004999988712370396
f 10408 10409 10410
v 0.00750097306445241 -0.01205000001937151 6.356975390531261e-09
v 0.00750097306445241 -0.01205000001937151 -0.004999988712370396
v 0.00687597319483757 -0.011882533319294453 6.356975390531261e-09
f 10411 10412 10413
v 0.00687597319483757 -0.011882533319294453 6.356975390531261e-09
v 0.00750097306445241 -0.01205000001937151 -0.004999988712370396
v 0.00687597319483757 -0.011882533319294453 -0.004999988712370396
f 10414 10415 10416
v 0.00687597319483757 -0.011882533319294453 6.356975390531261e-09
v 0.00687597319483757 -0.011882533319294453 -0.004999988712370396
v 0.0064184414222836494 -0.011425000615417957 6.356975390531261e-09
f 10417 10418 10419
v 0.0064184414222836494 -0.011425000615417957 6.356975390531261e-09
v 0.00687597319483757 -0.011882533319294453 -0.004999988712370396
v 0.0064184414222836494 -0.011425000615417957 -0.004999988712370396
f 10420 10421 10422
v 0.0064184414222836494 -0.011425000615417957 6.356975390531261e-09
v 0.0064184414222836494 -0.011425000615417957 -0.004999988712370396
v 0.006250972859561443 -0.010800001211464405 6.356975390531261e-09
f 10423 10424 10425
v 0.006250972859561443 -0.010800001211464405 6.356975390531261e-09
v 0.0064184414222836494 -0.011425000615417957 -0.004999988712370396
v 0.006250972859561443 -0.010800001211464405 -0.004999988712370396
f 10426 10427 10428
v 0.006250972859561443 -0.010800001211464405 6.356975390531261e-09
v 0.006250972859561443 -0.010800001211464405 -0.004999988712370396
v 0.0064184414222836494 -0.010175001807510853 6.356975390531261e-09
f 10429 10430 10431
v 0.0064184414222836494 -0.010175001807510853 6.356975390531261e-09
v 0.006250972859561443 -0.010800001211464405 -0.004999988712370396
v 0.0064184414222836494 -0.010175001807510853 -0.004999988712370396
f 10432 10433 10434
v 0.0064184414222836494 -0.010175001807510853 6.356975390531261e-09
v 0.0064184414222836494 -0.010175001807510853 -0.004999988712370396
v 0.00687597319483757 -0.009717469103634357 6.356975390531261e-09
f 10435 10436 10437
v 0.00687597319483757 -0.009717469103634357 6.356975390531261e-09
v 0.0064184414222836494 -0.010175001807510853 -0.004999988712370396
v 0.00687597319483757 -0.009717469103634357 -0.004999988712370396
f 10438 10439 10440
v 0.00687597319483757 -0.009717469103634357 6.356975390531261e-09
v 0.00687597319483757 -0.009717469103634357 -0.004999988712370396
v 0.00750097306445241 -0.0095500024035573 6.356975390531261e-09
f 10441 10442 10443
v 0.00750097306445241 -0.0095500024035573 6.356975390531261e-09
v 0.00687597319483757 -0.009717469103634357 -0.004999988712370396
v 0.00750097306445241 -0.0095500024035573 -0.004999988712370396
f 10444 10445 10446
v 0.00750097306445241 0.009550000540912151 6.356975390531261e-09
v 0.00750097306445241 0.009550000540912151 -0.004999988712370396
v 0.00687597319483757 0.009717467240989208 6.356975390531261e-09
f 10447 10448 10449
v 0.00687597319483757 0.009717467240989208 6.356975390531261e-09
v 0.00750097306445241 0.009550000540912151 -0.004999988712370396
v 0.00687597319483757 0.009717467240989208 -0.004999988712370396
f 10450 10451 10452
v 0.00687597319483757 0.009717467240989208 6.356975390531261e-09
v 0.00687597319483757 0.009717467240989208 -0.004999988712370396
v 0.0064184414222836494 0.010174999944865704 6.356975390531261e-09
f 10453 10454 10455
v 0.0064184414222836494 0.010174999944865704 6.356975390531261e-09
v 0.00687597319483757 0.009717467240989208 -0.004999988712370396
v 0.0064184414222836494 0.010174999944865704 -0.004999988712370396
f 10456 10457 10458
v 0.0064184414222836494 0.010174999944865704 6.356975390531261e-09
v 0.0064184414222836494 0.010174999944865704 -0.004999988712370396
v 0.006250972859561443 0.010799999348819256 6.356975390531261e-09
f 10459 10460 10461
v 0.006250972859561443 0.010799999348819256 6.356975390531261e-09
v 0.0064184414222836494 0.010174999944865704 -0.004999988712370396
v 0.006250972859561443 0.010799999348819256 -0.004999988712370396
f 10462 10463 10464
v 0.006250972859561443 0.010799999348819256 6.356975390531261e-09
v 0.006250972859561443 0.010799999348819256 -0.004999988712370396
v 0.0064184414222836494 0.011424998752772808 6.356975390531261e-09
f 10465 10466 10467
v 0.0064184414222836494 0.011424998752772808 6.356975390531261e-09
v 0.006250972859561443 0.010799999348819256 -0.004999988712370396
v 0.0064184414222836494 0.011424998752772808 -0.004999988712370396
f 10468 10469 10470
v 0.0064184414222836494 0.011424998752772808 6.356975390531261e-09
v 0.0064184414222836494 0.011424998752772808 -0.004999988712370396
v 0.00687597319483757 0.011882531456649303 6.356975390531261e-09
f 10471 10472 10473
v 0.00687597319483757 0.011882531456649303 6.356975390531261e-09
v 0.0064184414222836494 0.011424998752772808 -0.004999988712370396
v 0.00687597319483757 0.011882531456649303 -0.004999988712370396
f 10474 10475 10476
v 0.00687597319483757 0.011882531456649303 6.356975390531261e-09
v 0.00687597319483757 0.011882531456649303 -0.004999988712370396
v 0.00750097306445241 0.01204999815672636 6.356975390531261e-09
f 10477 10478 10479
v 0.00750097306445241 0.01204999815672636 6.356975390531261e-09
v 0.00687597319483757 0.011882531456649303 -0.004999988712370396
v 0.00750097306445241 0.01204999815672636 -0.004999988712370396
f 10480 10481 10482
v -0.007499027065932751 -0.01205000001937151 6.356975390531261e-09
v -0.007499027065932751 -0.01205000001937151 -0.004999988712370396
v -0.008124027401208878 -0.011882533319294453 6.356975390531261e-09
f 10483 10484 10485
v -0.008124027401208878 -0.011882533319294453 6.356975390531261e-09
v -0.007499027065932751 -0.01205000001937151 -0.004999988712370396
v -0.008124027401208878 -0.011882533319294453 -0.004999988712370396
f 10486 10487 10488
v -0.008124027401208878 -0.011882533319294453 6.356975390531261e-09
v -0.008124027401208878 -0.011882533319294453 -0.004999988712370396
v -0.008581559173762798 -0.011425000615417957 6.356975390531261e-09
f 10489 10490 10491
v -0.008581559173762798 -0.011425000615417957 6.356975390531261e-09
v -0.008124027401208878 -0.011882533319294453 -0.004999988712370396
v -0.008581559173762798 -0.011425000615417957 -0.004999988712370396
f 10492 10493 10494
v -0.008581559173762798 -0.011425000615417957 6.356975390531261e-09
v -0.008581559173762798 -0.011425000615417957 -0.004999988712370396
v -0.00874902680516243 -0.010800001211464405 6.356975390531261e-09
f 10495 10496 10497
v -0.00874902680516243 -0.010800001211464405 6.356975390531261e-09
v -0.008581559173762798 -0.011425000615417957 -0.004999988712370396
v -0.00874902680516243 -0.010800001211464405 -0.004999988712370396
f 10498 10499 10500
v -0.00874902680516243 -0.010800001211464405 6.356975390531261e-09
v -0.00874902680516243 -0.010800001211464405 -0.004999988712370396
v -0.008581559173762798 -0.010175001807510853 6.356975390531261e-09
f 10501 10502 10503
v -0.008581559173762798 -0.010175001807510853 6.356975390531261e-09
v -0.00874902680516243 -0.010800001211464405 -0.004999988712370396
v -0.008581559173762798 -0.010175001807510853 -0.004999988712370396
f 10504 10505 10506
v -0.008581559173762798 -0.010175001807510853 6.356975390531261e-09
v -0.008581559173762798 -0.010175001807510853 -0.004999988712370396
v -0.008124027401208878 -0.009717469103634357 6.356975390531261e-09
f 10507 10508 10509
v -0.008124027401208878 -0.009717469103634357 6.356975390531261e-09
v -0.008581559173762798 -0.010175001807510853 -0.004999988712370396
v -0.008124027401208878 -0.009717469103634357 -0.004999988712370396
f 10510 10511 10512
v -0.008124027401208878 -0.009717469103634357 6.356975390531261e-09
v -0.008124027401208878 -0.009717469103634357 -0.004999988712370396
v -0.007499027065932751 -0.0095500024035573 6.356975390531261e-09
f 10513 10514 10515
v -0.007499027065932751 -0.0095500024035573 6.356975390531261e-09
v -0.008124027401208878 -0.009717469103634357 -0.004999988712370396
v -0.007499027065932751 -0.0095500024035573 -0.004999988712370396
f 10516 10517 10518
v 0.011101000010967255 -0.012502503581345081 0.0020000103395432234
v 0.011101000010967255 -0.012502503581345081 6.356975390531261e-09
v 0.011316542513668537 -0.011050273664295673 0.0020000103395432234
f 10519 10520 10521
v 0.011316542513668537 -0.011050273664295673 0.0020000103395432234
v 0.011101000010967255 -0.012502503581345081 6.356975390531261e-09
v 0.011316542513668537 -0.011050273664295673 6.356975390531261e-09
f 10522 10523 10524
v 0.011316542513668537 -0.011050273664295673 0.0020000103395432234
v 0.011316542513668537 -0.011050273664295673 6.356975390531261e-09
v 0.011944585479795933 -0.00972325075417757 0.0020000103395432234
f 10525 10526 10527
v 0.011944585479795933 -0.00972325075417757 0.0020000103395432234
v 0.011316542513668537 -0.011050273664295673 6.356975390531261e-09
v 0.011944585479795933 -0.00972325075417757 6.356975390531261e-09
f 10528 10529 10530
v 0.011944585479795933 -0.00972325075417757 0.0020000103395432234
v 0.011944585479795933 -0.00972325075417757 6.356975390531261e-09
v 0.012930980883538723 -0.008635853417217731 0.0020000103395432234
f 10531 10532 10533
v 0.012930980883538723 -0.008635853417217731 0.0020000103395432234
v 0.011944585479795933 -0.00972325075417757 6.356975390531261e-09
v 0.012930980883538723 -0.008635853417217731 6.356975390531261e-09
f 10534 10535 10536
v 0.012930980883538723 -0.008635853417217731 0.0020000103395432234
v 0.012930980883538723 -0.008635853417217731 6.356975390531261e-09
v 0.01419068593531847 -0.007881817407906055 0.0020000103395432234
f 10537 10538 10539
v 0.01419068593531847 -0.007881817407906055 0.0020000103395432234
v 0.012930980883538723 -0.008635853417217731 6.356975390531261e-09
v 0.01419068593531847 -0.007881817407906055 6.356975390531261e-09
f 10540 10541 10542
v 0.01419068593531847 -0.007881817407906055 0.0020000103395432234
v 0.01419068593531847 -0.007881817407906055 6.356975390531261e-09
v 0.01561509259045124 -0.007526163477450609 0.0020000103395432234
f 10543 10544 10545
v 0.01561509259045124 -0.007526163477450609 0.0020000103395432234
v 0.01419068593531847 -0.007881817407906055 6.356975390531261e-09
v 0.01561509259045124 -0.007526163477450609 6.356975390531261e-09
f 10546 10547 10548
v 0.01561509259045124 -0.007526163477450609 0.0020000103395432234
v 0.01561509259045124 -0.007526163477450609 6.356975390531261e-09
v 0.01708139292895794 -0.007599559146910906 0.0020000103395432234
f 10549 10550 10551
v 0.01708139292895794 -0.007599559146910906 0.0020000103395432234
v 0.01561509259045124 -0.007526163477450609 6.356975390531261e-09
v 0.01708139292895794 -0.007599559146910906 6.356975390531261e-09
f 10552 10553 10554
v 0.014999395236372948 -0.006862286943942308 0.0020000103395432234
v 0.01561509259045124 -0.007526163477450609 0.0020000103395432234
v 0.01674630306661129 -0.007524800021201372 0.0020000103395432234
f 10555 10556 10557
v 0.01674630306661129 -0.007524800021201372 0.0020000103395432234
v 0.01561509259045124 -0.007526163477450609 0.0020000103395432234
v 0.01708139292895794 -0.007599559146910906 0.0020000103395432234
f 10558 10559 10560
v 0.01419068593531847 0.007881815545260906 0.0020000103395432234
v 0.014999395236372948 0.006862286012619734 0.0020000103395432234
v 0.01561509259045124 0.0075261699967086315 0.0020000103395432234
f 10561 10562 10563
v 0.01561509259045124 0.0075261699967086315 0.0020000103395432234
v 0.014999395236372948 0.006862286012619734 0.0020000103395432234
v 0.01674630306661129 0.0075247990898787975 0.0020000103395432234
f 10564 10565 10566
v 0.01561509259045124 0.0075261699967086315 0.0020000103395432234
v 0.01674630306661129 0.0075247990898787975 0.0020000103395432234
v 0.01708139292895794 0.007599558215588331 0.0020000103395432234
f 10567 10568 10569
v 0.011316542513668537 0.011050271801650524 0.0020000103395432234
v 0.010907506570219994 0.0009341568220406771 0.0020000103395432234
v 0.011944585479795933 0.009723248891532421 0.0020000103395432234
f 10570 10571 10572
v 0.011944585479795933 0.009723248891532421 0.0020000103395432234
v 0.010907506570219994 0.0009341568220406771 0.0020000103395432234
v 0.011354624293744564 0.002748186932876706 0.0020000103395432234
f 10573 10574 10575
v 0.011944585479795933 0.009723248891532421 0.0020000103395432234
v 0.011354624293744564 0.002748186932876706 0.0020000103395432234
v 0.012930980883538723 0.008635851554572582 0.0020000103395432234
f 10576 10577 10578
v 0.012930980883538723 0.008635851554572582 0.0020000103395432234
v 0.011354624293744564 0.002748186932876706 0.0020000103395432234
v 0.012222874909639359 0.004402499180287123 0.0020000103395432234
f 10579 10580 10581
v 0.012930980883538723 0.008635851554572582 0.0020000103395432234
v 0.012222874909639359 0.004402499180287123 0.0020000103395432234
v 0.01419068593531847 0.007881815545260906 0.0020000103395432234
f 10582 10583 10584
v 0.01419068593531847 0.007881815545260906 0.0020000103395432234
v 0.012222874909639359 0.004402499180287123 0.0020000103395432234
v 0.01346179936081171 0.005800958257168531 0.0020000103395432234
f 10585 10586 10587
v 0.01419068593531847 0.007881815545260906 0.0020000103395432234
v 0.01346179936081171 0.005800958257168531 0.0020000103395432234
v 0.014999395236372948 0.006862286012619734 0.0020000103395432234
f 10588 10589 10590
v 0.01346179936081171 -0.005800959188491106 0.0020000103395432234
v 0.012930980883538723 -0.008635853417217731 0.0020000103395432234
v 0.014999395236372948 -0.006862286943942308 0.0020000103395432234
f 10591 10592 10593
v 0.014999395236372948 -0.006862286943942308 0.0020000103395432234
v 0.012930980883538723 -0.008635853417217731 0.0020000103395432234
v 0.01419068593531847 -0.007881817407906055 0.0020000103395432234
f 10594 10595 10596
v 0.014999395236372948 -0.006862286943942308 0.0020000103395432234
v 0.01419068593531847 -0.007881817407906055 0.0020000103395432234
v 0.01561509259045124 -0.007526163477450609 0.0020000103395432234
f 10597 10598 10599
v 0.011101000010967255 -0.014800001867115498 0.0020000103395432234
v 0.011101000010967255 -0.012502503581345081 0.0020000103395432234
v 0.010100999847054482 -0.014800001867115498 0.0020000103395432234
f 10600 10601 10602
v 0.010100999847054482 -0.014800001867115498 0.0020000103395432234
v 0.011101000010967255 -0.012502503581345081 0.0020000103395432234
v 0.011316542513668537 -0.011050273664295673 0.0020000103395432234
f 10603 10604 10605
v 0.010100999847054482 -0.014800001867115498 0.0020000103395432234
v 0.011316542513668537 -0.011050273664295673 0.0020000103395432234
v 0.010907506570219994 -0.000934158219024539 0.0020000103395432234
f 10606 10607 10608
v 0.010907506570219994 -0.000934158219024539 0.0020000103395432234
v 0.011316542513668537 -0.011050273664295673 0.0020000103395432234
v 0.011944585479795933 -0.00972325075417757 0.0020000103395432234
f 10609 10610 10611
v 0.010907506570219994 -0.000934158219024539 0.0020000103395432234
v 0.011944585479795933 -0.00972325075417757 0.0020000103395432234
v 0.011354624293744564 -0.002748188329860568 0.0020000103395432234
f 10612 10613 10614
v 0.011354624293744564 -0.002748188329860568 0.0020000103395432234
v 0.011944585479795933 -0.00972325075417757 0.0020000103395432234
v 0.012930980883538723 -0.008635853417217731 0.0020000103395432234
f 10615 10616 10617
v 0.011354624293744564 -0.002748188329860568 0.0020000103395432234
v 0.012930980883538723 -0.008635853417217731 0.0020000103395432234
v 0.012222874909639359 -0.004402500111609697 0.0020000103395432234
f 10618 10619 10620
v 0.012222874909639359 -0.004402500111609697 0.0020000103395432234
v 0.012930980883538723 -0.008635853417217731 0.0020000103395432234
v 0.01346179936081171 -0.005800959188491106 0.0020000103395432234
f 10621 10622 10623
v 0.010907506570219994 -0.000934158219024539 0.0020000103395432234
v 0.010907506570219994 0.0009341568220406771 0.0020000103395432234
v 0.010100999847054482 -0.014800001867115498 0.0020000103395432234
f 10624 10625 10626
v 0.010100999847054482 -0.014800001867115498 0.0020000103395432234
v 0.010907506570219994 0.0009341568220406771 0.0020000103395432234
v 0.011316542513668537 0.011050271801650524 0.0020000103395432234
f 10627 10628 10629
v 0.010100999847054482 -0.014800001867115498 0.0020000103395432234
v 0.011316542513668537 0.011050271801650524 0.0020000103395432234
v 0.010100999847054482 0.014800000004470348 0.0020000103395432234
f 10630 10631 10632
v 0.010100999847054482 0.014800000004470348 0.0020000103395432234
v 0.011316542513668537 0.011050271801650524 0.0020000103395432234
v 0.011101000010967255 0.012502501718699932 0.0020000103395432234
f 10633 10634 10635
v 0.010100999847054482 0.014800000004470348 0.0020000103395432234
v 0.011101000010967255 0.012502501718699932 0.0020000103395432234
v 0.011101000010967255 0.014800000004470348 0.0020000103395432234
f 10636 10637 10638
v 0.010100999847054482 -0.013424997217953205 6.356975390531261e-09
v 0.010100999847054482 -0.014800001867115498 6.356975390531261e-09
v 0.010100999847054482 -0.014800001867115498 0.0020000103395432234
f 10639 10640 10641
v 0.010100999847054482 0.014800000004470348 6.356975390531261e-09
v 0.010100999847054482 0.0081250024959445 6.356975390531261e-09
v 0.010100999847054482 0.014800000004470348 0.0020000103395432234
f 10642 10643 10644
v 0.010100999847054482 0.014800000004470348 0.0020000103395432234
v 0.010100999847054482 0.0081250024959445 6.356975390531261e-09
v 0.010100999847054482 3.0322389044101783e-09 6.356975390531261e-09
f 10645 10646 10647
v 0.010100999847054482 0.014800000004470348 0.0020000103395432234
v 0.010100999847054482 3.0322389044101783e-09 6.356975390531261e-09
v 0.010100999847054482 -0.014800001867115498 0.0020000103395432234
f 10648 10649 10650
v 0.010100999847054482 -0.014800001867115498 0.0020000103395432234
v 0.010100999847054482 3.0322389044101783e-09 6.356975390531261e-09
v 0.010100999847054482 -0.008124996908009052 6.356975390531261e-09
f 10651 10652 10653
v 0.010100999847054482 -0.014800001867115498 0.0020000103395432234
v 0.010100999847054482 -0.008124996908009052 6.356975390531261e-09
v 0.010100999847054482 -0.013424997217953205 6.356975390531261e-09
f 10654 10655 10656
v 0.011101000010967255 -0.014800001867115498 0.0020000103395432234
v 0.011101000010967255 -0.014800001867115498 6.356975390531261e-09
v 0.011101000010967255 -0.012502503581345081 0.0020000103395432234
f 10657 10658 10659
v 0.011101000010967255 -0.012502503581345081 0.0020000103395432234
v 0.011101000010967255 -0.014800001867115498 6.356975390531261e-09
v 0.011101000010967255 -0.012502503581345081 6.356975390531261e-09
f 10660 10661 10662
v 0.011101000010967255 0.014800000004470348 6.356975390531261e-09
v 0.011101000010967255 0.014800000004470348 0.0020000103395432234
v 0.011101000010967255 0.012502501718699932 6.356975390531261e-09
f 10663 10664 10665
v 0.011101000010967255 0.012502501718699932 6.356975390531261e-09
v 0.011101000010967255 0.014800000004470348 0.0020000103395432234
v 0.011101000010967255 0.012502501718699932 0.0020000103395432234
f 10666 10667 10668
v -0.00999900046736002 0.007850001566112041 -0.0030000146944075823
v -0.00999900046736002 0.007850001566112041 -0.004999988712370396
v -0.009932012297213078 0.00759999779984355 -0.004999988712370396
f 10669 10670 10671
v -0.00999900046736002 0.007850001566112041 -0.0030000146944075823
v -0.009932012297213078 0.00759999779984355 -0.004999988712370396
v -0.009932012297213078 0.00759999779984355 -0.0030000146944075823
f 10672 10673 10674
v -0.009932012297213078 0.00759999779984355 -0.0030000146944075823
v -0.009932012297213078 0.00759999779984355 -0.004999988712370396
v -0.009748999960720539 0.00741698918864131 -0.004999988712370396
f 10675 10676 10677
v -0.009932012297213078 0.00759999779984355 -0.0030000146944075823
v -0.009748999960720539 0.00741698918864131 -0.004999988712370396
v -0.009748999960720539 0.00741698918864131 -0.0030000146944075823
f 10678 10679 10680
v -0.009748999960720539 0.00741698918864131 -0.0030000146944075823
v -0.009748999960720539 0.00741698918864131 -0.004999988712370396
v -0.009499000385403633 0.007350001018494368 -0.004999988712370396
f 10681 10682 10683
v -0.009748999960720539 0.00741698918864131 -0.0030000146944075823
v -0.009499000385403633 0.007350001018494368 -0.004999988712370396
v -0.009499000385403633 0.007350001018494368 -0.0030000146944075823
f 10684 10685 10686
v -0.009499000385403633 0.002650003181770444 -0.0030000146944075823
v -0.009499000385403633 0.002650003181770444 -0.004999988712370396
v -0.009748999960720539 0.0025830150116235018 -0.004999988712370396
f 10687 10688 10689
v -0.009499000385403633 0.002650003181770444 -0.0030000146944075823
v -0.009748999960720539 0.0025830150116235018 -0.004999988712370396
v -0.009748999960720539 0.0025830150116235018 -0.0030000146944075823
f 10690 10691 10692
v -0.009748999960720539 0.0025830150116235018 -0.0030000146944075823
v -0.009748999960720539 0.0025830150116235018 -0.004999988712370396
v -0.009932012297213078 0.002399998949840665 -0.004999988712370396
f 10693 10694 10695
v -0.009748999960720539 0.0025830150116235018 -0.0030000146944075823
v -0.009932012297213078 0.002399998949840665 -0.004999988712370396
v -0.009932012297213078 0.002399998949840665 -0.0030000146944075823
f 10696 10697 10698
v -0.009932012297213078 0.002399998949840665 -0.0030000146944075823
v -0.009932012297213078 0.002399998949840665 -0.004999988712370396
v -0.00999900046736002 0.0021500021684914827 -0.004999988712370396
f 10699 10700 10701
v -0.009932012297213078 0.002399998949840665 -0.0030000146944075823
v -0.00999900046736002 0.0021500021684914827 -0.004999988712370396
v -0.00999900046736002 0.0021500021684914827 -0.0030000146944075823
f 10702 10703 10704
v -0.00999900046736002 -0.0021500035654753447 -0.0030000146944075823
v -0.00999900046736002 -0.0021500035654753447 -0.004999988712370396
v -0.009932012297213078 -0.002400000346824527 -0.004999988712370396
f 10705 10706 10707
v -0.00999900046736002 -0.0021500035654753447 -0.0030000146944075823
v -0.009932012297213078 -0.002400000346824527 -0.004999988712370396
v -0.009932012297213078 -0.002400000346824527 -0.0030000146944075823
f 10708 10709 10710
v -0.009932012297213078 -0.002400000346824527 -0.0030000146944075823
v -0.009932012297213078 -0.002400000346824527 -0.004999988712370396
v -0.009748999960720539 -0.0025830164086073637 -0.004999988712370396
f 10711 10712 10713
v -0.009932012297213078 -0.002400000346824527 -0.0030000146944075823
v -0.009748999960720539 -0.0025830164086073637 -0.004999988712370396
v -0.009748999960720539 -0.0025830164086073637 -0.0030000146944075823
f 10714 10715 10716
v -0.009748999960720539 -0.0025830164086073637 -0.0030000146944075823
v -0.009748999960720539 -0.0025830164086073637 -0.004999988712370396
v -0.009499000385403633 -0.002649997128173709 -0.004999988712370396
f 10717 10718 10719
v -0.009748999960720539 -0.0025830164086073637 -0.0030000146944075823
v -0.009499000385403633 -0.002649997128173709 -0.004999988712370396
v -0.009499000385403633 -0.002649997128173709 -0.0030000146944075823
f 10720 10721 10722
v -0.009499000385403633 -0.007350001949816942 -0.0030000146944075823
v -0.009499000385403633 -0.007350001949816942 -0.004999988712370396
v -0.009748999960720539 -0.007416990119963884 -0.004999988712370396
f 10723 10724 10725
v -0.009499000385403633 -0.007350001949816942 -0.0030000146944075823
v -0.009748999960720539 -0.007416990119963884 -0.004999988712370396
v -0.009748999960720539 -0.007416990119963884 -0.0030000146944075823
f 10726 10727 10728
v -0.009748999960720539 -0.007416990119963884 -0.0030000146944075823
v -0.009748999960720539 -0.007416990119963884 -0.004999988712370396
v -0.009932012297213078 -0.007599998731166124 -0.004999988712370396
f 10729 10730 10731
v -0.009748999960720539 -0.007416990119963884 -0.0030000146944075823
v -0.009932012297213078 -0.007599998731166124 -0.004999988712370396
v -0.009932012297213078 -0.007599998731166124 -0.0030000146944075823
f 10732 10733 10734
v -0.009932012297213078 -0.007599998731166124 -0.0030000146944075823
v -0.009932012297213078 -0.007599998731166124 -0.004999988712370396
v -0.00999900046736002 -0.00785000342875719 -0.004999988712370396
f 10735 10736 10737
v -0.009932012297213078 -0.007599998731166124 -0.0030000146944075823
v -0.00999900046736002 -0.00785000342875719 -0.004999988712370396
v -0.00999900046736002 -0.00785000342875719 -0.0030000146944075823
f 10738 10739 10740
v -0.00999900046736002 0.011800001375377178 -0.004999988712370396
v -0.00999900046736002 0.011800001375377178 6.356975390531261e-09
v -0.009770638309419155 0.012948046438395977 6.356975390531261e-09
f 10741 10742 10743
v -0.00999900046736002 0.011800001375377178 -0.004999988712370396
v -0.009770638309419155 0.012948046438395977 6.356975390531261e-09
v -0.009770638309419155 0.012948046438395977 -0.004999988712370396
f 10744 10745 10746
v -0.009770638309419155 0.012948046438395977 -0.004999988712370396
v -0.009770638309419155 0.012948046438395977 6.356975390531261e-09
v -0.009120319969952106 0.013921323232352734 6.356975390531261e-09
f 10747 10748 10749
v -0.009770638309419155 0.012948046438395977 -0.004999988712370396
v -0.009120319969952106 0.013921323232352734 6.356975390531261e-09
v -0.009120319969952106 0.013921323232352734 -0.004999988712370396
f 10750 10751 10752
v -0.009120319969952106 0.013921323232352734 -0.004999988712370396
v -0.009120319969952106 0.013921323232352734 6.356975390531261e-09
v -0.008147050626575947 0.014571639709174633 6.356975390531261e-09
f 10753 10754 10755
v -0.009120319969952106 0.013921323232352734 -0.004999988712370396
v -0.008147050626575947 0.014571639709174633 6.356975390531261e-09
v -0.008147050626575947 0.014571639709174633 -0.004999988712370396
f 10756 10757 10758
v -0.008147050626575947 0.014571639709174633 -0.004999988712370396
v -0.008147050626575947 0.014571639709174633 6.356975390531261e-09
v -0.0069989999756217 0.014800000004470348 6.356975390531261e-09
f 10759 10760 10761
v -0.008147050626575947 0.014571639709174633 -0.004999988712370396
v -0.0069989999756217 0.014800000004470348 6.356975390531261e-09
v -0.0069989999756217 0.014800000004470348 -0.004999988712370396
f 10762 10763 10764
v -0.00999900046736002 -0.011800003238022327 6.356975390531261e-09
v -0.00999900046736002 -0.011800003238022327 -0.004999988712370396
v -0.009770638309419155 -0.012948048301041126 -0.004999988712370396
f 10765 10766 10767
v -0.00999900046736002 -0.011800003238022327 6.356975390531261e-09
v -0.009770638309419155 -0.012948048301041126 -0.004999988712370396
v -0.009770638309419155 -0.012948048301041126 6.356975390531261e-09
f 10768 10769 10770
v -0.009770638309419155 -0.012948048301041126 6.356975390531261e-09
v -0.009770638309419155 -0.012948048301041126 -0.004999988712370396
v -0.009120319969952106 -0.013921317644417286 -0.004999988712370396
f 10771 10772 10773
v -0.009770638309419155 -0.012948048301041126 6.356975390531261e-09
v -0.009120319969952106 -0.013921317644417286 -0.004999988712370396
v -0.009120319969952106 -0.013921317644417286 6.356975390531261e-09
f 10774 10775 10776
v -0.009120319969952106 -0.013921317644417286 6.356975390531261e-09
v -0.009120319969952106 -0.013921317644417286 -0.004999988712370396
v -0.008147050626575947 -0.014571641571819782 -0.004999988712370396
f 10777 10778 10779
v -0.009120319969952106 -0.013921317644417286 6.356975390531261e-09
v -0.008147050626575947 -0.014571641571819782 -0.004999988712370396
v -0.008147050626575947 -0.014571641571819782 6.356975390531261e-09
f 10780 10781 10782
v -0.008147050626575947 -0.014571641571819782 6.356975390531261e-09
v -0.008147050626575947 -0.014571641571819782 -0.004999988712370396
v -0.0069989999756217 -0.014800001867115498 -0.004999988712370396
f 10783 10784 10785
v -0.008147050626575947 -0.014571641571819782 6.356975390531261e-09
v -0.0069989999756217 -0.014800001867115498 -0.004999988712370396
v -0.0069989999756217 -0.014800001867115498 6.356975390531261e-09
f 10786 10787 10788
v -0.007499000057578087 0.002650003181770444 -0.0030000146944075823
v -0.007499000057578087 0.002650003181770444 -0.004999988712370396
v -0.009499000385403633 0.002650003181770444 -0.0030000146944075823
f 10789 10790 10791
v -0.009499000385403633 0.002650003181770444 -0.0030000146944075823
v -0.007499000057578087 0.002650003181770444 -0.004999988712370396
v -0.009499000385403633 0.002650003181770444 -0.004999988712370396
f 10792 10793 10794
v -0.007499000057578087 0.007350001018494368 -0.004999988712370396
v -0.007499000057578087 0.007350001018494368 -0.0030000146944075823
v -0.009499000385403633 0.007350001018494368 -0.004999988712370396
f 10795 10796 10797
v -0.009499000385403633 0.007350001018494368 -0.004999988712370396
v -0.007499000057578087 0.007350001018494368 -0.0030000146944075823
v -0.009499000385403633 0.007350001018494368 -0.0030000146944075823
f 10798 10799 10800
v -0.007499000057578087 -0.007350001949816942 -0.0030000146944075823
v -0.007499000057578087 -0.007350001949816942 -0.004999988712370396
v -0.009499000385403633 -0.007350001949816942 -0.0030000146944075823
f 10801 10802 10803
v -0.009499000385403633 -0.007350001949816942 -0.0030000146944075823
v -0.007499000057578087 -0.007350001949816942 -0.004999988712370396
v -0.009499000385403633 -0.007350001949816942 -0.004999988712370396
f 10804 10805 10806
v -0.007499000057578087 -0.002649997128173709 -0.004999988712370396
v -0.007499000057578087 -0.002649997128173709 -0.0030000146944075823
v -0.009499000385403633 -0.002649997128173709 -0.004999988712370396
f 10807 10808 10809
v -0.009499000385403633 -0.002649997128173709 -0.004999988712370396
v -0.007499000057578087 -0.002649997128173709 -0.0030000146944075823
v -0.009499000385403633 -0.002649997128173709 -0.0030000146944075823
f 10810 10811 10812
v -0.00999900046736002 0.008449996821582317 -0.004999988712370396
v -0.00999900046736002 0.007850001566112041 -0.004999988712370396
v -0.00999900046736002 0.007850001566112041 -0.0030000146944075823
f 10813 10814 10815
v -0.00999900046736002 0.011800001375377178 -0.004999988712370396
v -0.00999900046736002 0.008449996821582317 -0.004999988712370396
v -0.00999900046736002 0.011800001375377178 6.356975390531261e-09
f 10816 10817 10818
v -0.00999900046736002 0.011800001375377178 6.356975390531261e-09
v -0.00999900046736002 0.008449996821582317 -0.004999988712370396
v -0.00999900046736002 0.007850001566112041 -0.0030000146944075823
f 10819 10820 10821
v -0.00999900046736002 0.011800001375377178 6.356975390531261e-09
v -0.00999900046736002 0.007850001566112041 -0.0030000146944075823
v -0.00999900046736002 0.0081250024959445 6.356975390531261e-09
f 10822 10823 10824
v -0.00999900046736002 3.0322389044101783e-09 -0.004999988712370396
v -0.00999900046736002 -0.0021500035654753447 -0.004999988712370396
v -0.00999900046736002 -0.0021500035654753447 -0.0030000146944075823
f 10825 10826 10827
v -0.00999900046736002 0.0081250024959445 6.356975390531261e-09
v -0.00999900046736002 0.007850001566112041 -0.0030000146944075823
v -0.00999900046736002 3.0322389044101783e-09 6.356975390531261e-09
f 10828 10829 10830
v -0.00999900046736002 3.0322389044101783e-09 6.356975390531261e-09
v -0.00999900046736002 0.007850001566112041 -0.0030000146944075823
v -0.00999900046736002 0.0021500021684914827 -0.0030000146944075823
f 10831 10832 10833
v -0.00999900046736002 3.0322389044101783e-09 6.356975390531261e-09
v -0.00999900046736002 0.0021500021684914827 -0.0030000146944075823
v -0.00999900046736002 0.0021500021684914827 -0.004999988712370396
f 10834 10835 10836
v -0.00999900046736002 -0.00785000342875719 -0.0030000146944075823
v -0.00999900046736002 -0.00785000342875719 -0.004999988712370396
v -0.00999900046736002 -0.008449998684227467 -0.004999988712370396
f 10837 10838 10839
v -0.00999900046736002 0.0021500021684914827 -0.004999988712370396
v -0.00999900046736002 3.0322389044101783e-09 -0.004999988712370396
v -0.00999900046736002 3.0322389044101783e-09 6.356975390531261e-09
f 10840 10841 10842
v -0.00999900046736002 3.0322389044101783e-09 6.356975390531261e-09
v -0.00999900046736002 3.0322389044101783e-09 -0.004999988712370396
v -0.00999900046736002 -0.0021500035654753447 -0.0030000146944075823
f 10843 10844 10845
v -0.00999900046736002 3.0322389044101783e-09 6.356975390531261e-09
v -0.00999900046736002 -0.0021500035654753447 -0.0030000146944075823
v -0.00999900046736002 -0.008124996908009052 6.356975390531261e-09
f 10846 10847 10848
v -0.00999900046736002 -0.008124996908009052 6.356975390531261e-09
v -0.00999900046736002 -0.0021500035654753447 -0.0030000146944075823
v -0.00999900046736002 -0.00785000342875719 -0.0030000146944075823
f 10849 10850 10851
v -0.00999900046736002 -0.008124996908009052 6.356975390531261e-09
v -0.00999900046736002 -0.00785000342875719 -0.0030000146944075823
v -0.00999900046736002 -0.011800003238022327 6.356975390531261e-09
f 10852 10853 10854
v -0.00999900046736002 -0.011800003238022327 6.356975390531261e-09
v -0.00999900046736002 -0.00785000342875719 -0.0030000146944075823
v -0.00999900046736002 -0.008449998684227467 -0.004999988712370396
f 10855 10856 10857
v -0.00999900046736002 -0.011800003238022327 6.356975390531261e-09
v -0.00999900046736002 -0.008449998684227467 -0.004999988712370396
v -0.00999900046736002 -0.011800003238022327 -0.004999988712370396
f 10858 10859 10860
v 0.019991576671600342 -0.004279751796275377 0.004000014625489712
v 0.02220260538160801 -0.006862286943942308 0.004000014625489712
v 0.021246032789349556 -0.0036405741702765226 0.004000014625489712
f 10861 10862 10863
v 0.021246032789349556 -0.0036405741702765226 0.004000014625489712
v 0.02220260538160801 -0.006862286943942308 0.004000014625489712
v 0.023740200325846672 -0.005800959188491106 0.004000014625489712
f 10864 10865 10866
v 0.021246032789349556 -0.0036405741702765226 0.004000014625489712
v 0.023740200325846672 -0.005800959188491106 0.004000014625489712
v 0.02224157564342022 -0.0026450350414961576 0.004000014625489712
f 10867 10868 10869
v 0.02224157564342022 -0.0026450350414961576 0.004000014625489712
v 0.023740200325846672 -0.005800959188491106 0.004000014625489712
v 0.0249791257083416 -0.004402500111609697 0.004000014625489712
f 10870 10871 10872
v 0.02224157564342022 -0.0026450350414961576 0.004000014625489712
v 0.0249791257083416 -0.004402500111609697 0.004000014625489712
v 0.022880753502249718 -0.0013905733358114958 0.004000014625489712
f 10873 10874 10875
v 0.015955965965986252 -0.0036405741702765226 0.004000014625489712
v 0.014999395236372948 -0.006862286943942308 0.004000014625489712
v 0.017210423946380615 -0.004279751796275377 0.004000014625489712
f 10876 10877 10878
v 0.017210423946380615 -0.004279751796275377 0.004000014625489712
v 0.014999395236372948 -0.006862286943942308 0.004000014625489712
v 0.01674630306661129 -0.007524800021201372 0.004000014625489712
f 10879 10880 10881
v 0.017210423946380615 -0.004279751796275377 0.004000014625489712
v 0.01674630306661129 -0.007524800021201372 0.004000014625489712
v 0.01860100030899048 -0.0044999984093010426 0.004000014625489712
f 10882 10883 10884
v 0.01860100030899048 -0.0044999984093010426 0.004000014625489712
v 0.01674630306661129 -0.007524800021201372 0.004000014625489712
v 0.01860100030899048 -0.007750001270323992 0.004000014625489712
f 10885 10886 10887
v 0.01860100030899048 -0.0044999984093010426 0.004000014625489712
v 0.01860100030899048 -0.007750001270323992 0.004000014625489712
v 0.019991576671600342 -0.004279751796275377 0.004000014625489712
f 10888 10889 10890
v 0.019991576671600342 -0.004279751796275377 0.004000014625489712
v 0.01860100030899048 -0.007750001270323992 0.004000014625489712
v 0.020455695688724518 -0.007524800021201372 0.004000014625489712
f 10891 10892 10893
v 0.019991576671600342 -0.004279751796275377 0.004000014625489712
v 0.020455695688724518 -0.007524800021201372 0.004000014625489712
v 0.02220260538160801 -0.006862286943942308 0.004000014625489712
f 10894 10895 10896
v 0.01432124525308609 0.0013905793894082308 0.004000014625489712
v 0.010907506570219994 0.0009341568220406771 0.004000014625489712
v 0.014100999571383 3.0322389044101783e-09 0.004000014625489712
f 10897 10898 10899
v 0.014100999571383 3.0322389044101783e-09 0.004000014625489712
v 0.010907506570219994 0.0009341568220406771 0.004000014625489712
v 0.010907506570219994 -0.000934158219024539 0.004000014625489712
f 10900 10901 10902
v 0.014100999571383 3.0322389044101783e-09 0.004000014625489712
v 0.010907506570219994 -0.000934158219024539 0.004000014625489712
v 0.01432124525308609 -0.0013905733358114958 0.004000014625489712
f 10903 10904 10905
v 0.01432124525308609 -0.0013905733358114958 0.004000014625489712
v 0.010907506570219994 -0.000934158219024539 0.004000014625489712
v 0.011354624293744564 -0.002748188329860568 0.004000014625489712
f 10906 10907 10908
v 0.01432124525308609 -0.0013905733358114958 0.004000014625489712
v 0.011354624293744564 -0.002748188329860568 0.004000014625489712
v 0.014960423111915588 -0.0026450350414961576 0.004000014625489712
f 10909 10910 10911
v 0.014960423111915588 -0.0026450350414961576 0.004000014625489712
v 0.011354624293744564 -0.002748188329860568 0.004000014625489712
v 0.012222874909639359 -0.004402500111609697 0.004000014625489712
f 10912 10913 10914
v 0.014960423111915588 -0.0026450350414961576 0.004000014625489712
v 0.012222874909639359 -0.004402500111609697 0.004000014625489712
v 0.015955965965986252 -0.0036405741702765226 0.004000014625489712
f 10915 10916 10917
v 0.015955965965986252 -0.0036405741702765226 0.004000014625489712
v 0.012222874909639359 -0.004402500111609697 0.004000014625489712
v 0.01346179936081171 -0.005800959188491106 0.004000014625489712
f 10918 10919 10920
v 0.015955965965986252 -0.0036405741702765226 0.004000014625489712
v 0.01346179936081171 -0.005800959188491106 0.004000014625489712
v 0.014999395236372948 -0.006862286943942308 0.004000014625489712
f 10921 10922 10923
v 0.0249791257083416 -0.004402500111609697 0.004000014625489712
v 0.02584737539291382 -0.002748188329860568 0.004000014625489712
v 0.022880753502249718 -0.0013905733358114958 0.004000014625489712
f 10924 10925 10926
v 0.022880753502249718 -0.0013905733358114958 0.004000014625489712
v 0.02584737539291382 -0.002748188329860568 0.004000014625489712
v 0.026294494047760963 -0.000934158219024539 0.004000014625489712
f 10927 10928 10929
v 0.022880753502249718 -0.0013905733358114958 0.004000014625489712
v 0.026294494047760963 -0.000934158219024539 0.004000014625489712
v 0.023101000115275383 3.0322389044101783e-09 0.004000014625489712
f 10930 10931 10932
v 0.023101000115275383 3.0322389044101783e-09 0.004000014625489712
v 0.026294494047760963 -0.000934158219024539 0.004000014625489712
v 0.026294494047760963 0.0009341568220406771 0.004000014625489712
f 10933 10934 10935
v 0.023101000115275383 3.0322389044101783e-09 0.004000014625489712
v 0.026294494047760963 0.0009341568220406771 0.004000014625489712
v 0.022880753502249718 0.0013905793894082308 0.004000014625489712
f 10936 10937 10938
v 0.022880753502249718 0.0013905793894082308 0.004000014625489712
v 0.026294494047760963 0.0009341568220406771 0.004000014625489712
v 0.02584737539291382 0.002748186932876706 0.004000014625489712
f 10939 10940 10941
v 0.022880753502249718 0.0013905793894082308 0.004000014625489712
v 0.02584737539291382 0.002748186932876706 0.004000014625489712
v 0.02224157564342022 0.0026450336445122957 0.004000014625489712
f 10942 10943 10944
v 0.02224157564342022 0.0026450336445122957 0.004000014625489712
v 0.02584737539291382 0.002748186932876706 0.004000014625489712
v 0.0249791257083416 0.004402499180287123 0.004000014625489712
f 10945 10946 10947
v 0.02224157564342022 0.0026450336445122957 0.004000014625489712
v 0.0249791257083416 0.004402499180287123 0.004000014625489712
v 0.021246032789349556 0.0036405727732926607 0.004000014625489712
f 10948 10949 10950
v 0.017210423946380615 0.004279750864952803 0.004000014625489712
v 0.014999395236372948 0.006862286012619734 0.004000014625489712
v 0.015955965965986252 0.0036405727732926607 0.004000014625489712
f 10951 10952 10953
v 0.015955965965986252 0.0036405727732926607 0.004000014625489712
v 0.014999395236372948 0.006862286012619734 0.004000014625489712
v 0.01346179936081171 0.005800958257168531 0.004000014625489712
f 10954 10955 10956
v 0.015955965965986252 0.0036405727732926607 0.004000014625489712
v 0.01346179936081171 0.005800958257168531 0.004000014625489712
v 0.014960423111915588 0.0026450336445122957 0.004000014625489712
f 10957 10958 10959
v 0.014960423111915588 0.0026450336445122957 0.004000014625489712
v 0.01346179936081171 0.005800958257168531 0.004000014625489712
v 0.012222874909639359 0.004402499180287123 0.004000014625489712
f 10960 10961 10962
v 0.014960423111915588 0.0026450336445122957 0.004000014625489712
v 0.012222874909639359 0.004402499180287123 0.004000014625489712
v 0.01432124525308609 0.0013905793894082308 0.004000014625489712
f 10963 10964 10965
v 0.01432124525308609 0.0013905793894082308 0.004000014625489712
v 0.012222874909639359 0.004402499180287123 0.004000014625489712
v 0.011354624293744564 0.002748186932876706 0.004000014625489712
f 10966 10967 10968
v 0.01432124525308609 0.0013905793894082308 0.004000014625489712
v 0.011354624293744564 0.002748186932876706 0.004000014625489712
v 0.010907506570219994 0.0009341568220406771 0.004000014625489712
f 10969 10970 10971
v 0.0249791257083416 0.004402499180287123 0.004000014625489712
v 0.023740200325846672 0.005800958257168531 0.004000014625489712
v 0.021246032789349556 0.0036405727732926607 0.004000014625489712
f 10972 10973 10974
v 0.021246032789349556 0.0036405727732926607 0.004000014625489712
v 0.023740200325846672 0.005800958257168531 0.004000014625489712
v 0.02220260538160801 0.006862286012619734 0.004000014625489712
f 10975 10976 10977
v 0.021246032789349556 0.0036405727732926607 0.004000014625489712
v 0.02220260538160801 0.006862286012619734 0.004000014625489712
v 0.019991576671600342 0.004279750864952803 0.004000014625489712
f 10978 10979 10980
v 0.019991576671600342 0.004279750864952803 0.004000014625489712
v 0.02220260538160801 0.006862286012619734 0.004000014625489712
v 0.020455695688724518 0.0075247990898787975 0.004000014625489712
f 10981 10982 10983
v 0.019991576671600342 0.004279750864952803 0.004000014625489712
v 0.020455695688724518 0.0075247990898787975 0.004000014625489712
v 0.01860100030899048 0.004499997477978468 0.004000014625489712
f 10984 10985 10986
v 0.01860100030899048 0.004499997477978468 0.004000014625489712
v 0.020455695688724518 0.0075247990898787975 0.004000014625489712
v 0.01860100030899048 0.007750000339001417 0.004000014625489712
f 10987 10988 10989
v 0.01860100030899048 0.004499997477978468 0.004000014625489712
v 0.01860100030899048 0.007750000339001417 0.004000014625489712
v 0.017210423946380615 0.004279750864952803 0.004000014625489712
f 10990 10991 10992
v 0.017210423946380615 0.004279750864952803 0.004000014625489712
v 0.01860100030899048 0.007750000339001417 0.004000014625489712
v 0.01674630306661129 0.0075247990898787975 0.004000014625489712
f 10993 10994 10995
v 0.017210423946380615 0.004279750864952803 0.004000014625489712
v 0.01674630306661129 0.0075247990898787975 0.004000014625489712
v 0.014999395236372948 0.006862286012619734 0.004000014625489712
f 10996 10997 10998
v 0.030500972643494606 0.011800001375377178 6.356975390531261e-09
v 0.030500972643494606 0.011800001375377178 -0.004999988712370396
v 0.03027261234819889 0.012948046438395977 -0.004999988712370396
f 10999 11000 11001
v 0.030500972643494606 0.011800001375377178 6.356975390531261e-09
v 0.03027261234819889 0.012948046438395977 -0.004999988712370396
v 0.03027261234819889 0.012948046438395977 6.356975390531261e-09
f 11002 11003 11004
v 0.03027261234819889 0.012948046438395977 6.356975390531261e-09
v 0.03027261234819889 0.012948046438395977 -0.004999988712370396
v 0.029622294008731842 0.013921323232352734 -0.004999988712370396
f 11005 11006 11007
v 0.03027261234819889 0.012948046438395977 6.356975390531261e-09
v 0.029622294008731842 0.013921323232352734 -0.004999988712370396
v 0.029622294008731842 0.013921323232352734 6.356975390531261e-09
f 11008 11009 11010
v 0.029622294008731842 0.013921323232352734 6.356975390531261e-09
v 0.029622294008731842 0.013921323232352734 -0.004999988712370396
v 0.028649022802710533 0.014571639709174633 -0.004999988712370396
f 11011 11012 11013
v 0.029622294008731842 0.013921323232352734 6.356975390531261e-09
v 0.028649022802710533 0.014571639709174633 -0.004999988712370396
v 0.028649022802710533 0.014571639709174633 6.356975390531261e-09
f 11014 11015 11016
v 0.028649022802710533 0.014571639709174633 6.356975390531261e-09
v 0.028649022802710533 0.014571639709174633 -0.004999988712370396
v 0.027500972151756287 0.014800000004470348 -0.004999988712370396
f 11017 11018 11019
v 0.028649022802710533 0.014571639709174633 6.356975390531261e-09
v 0.027500972151756287 0.014800000004470348 -0.004999988712370396
v 0.027500972151756287 0.014800000004470348 6.356975390531261e-09
f 11020 11021 11022
v 0.010100999847054482 0.014800000004470348 0.0020000103395432234
v 0.011101000010967255 0.014800000004470348 0.0020000103395432234
v 0.010100999847054482 0.014800000004470348 6.356975390531261e-09
f 11023 11024 11025
v 0.010100999847054482 0.014800000004470348 6.356975390531261e-09
v 0.011101000010967255 0.014800000004470348 0.0020000103395432234
v 0.011101000010967255 0.014800000004470348 6.356975390531261e-09
f 11026 11027 11028
v -0.0069989999756217 0.014800000004470348 -0.004999988712370396
v -0.0069989999756217 0.014800000004470348 6.356975390531261e-09
v -0.0005529608461074531 0.014800000004470348 -0.004999988712370396
f 11029 11030 11031
v -0.0005529608461074531 0.014800000004470348 -0.004999988712370396
v -0.0069989999756217 0.014800000004470348 6.356975390531261e-09
v 9.999987469200278e-07 0.014800000004470348 6.356975390531261e-09
f 11032 11033 11034
v -0.0005529608461074531 0.014800000004470348 -0.004999988712370396
v 9.999987469200278e-07 0.014800000004470348 6.356975390531261e-09
v 0.005688061472028494 0.014800000004470348 -0.004999988712370396
f 11035 11036 11037
v 0.005688061472028494 0.014800000004470348 -0.004999988712370396
v 9.999987469200278e-07 0.014800000004470348 6.356975390531261e-09
v 0.006015392951667309 0.014800000004470348 6.356975390531261e-09
f 11038 11039 11040
v 0.005688061472028494 0.014800000004470348 -0.004999988712370396
v 0.006015392951667309 0.014800000004470348 6.356975390531261e-09
v 0.008986580185592175 0.014800000004470348 6.356975390531261e-09
f 11041 11042 11043
v 0.008986580185592175 0.014800000004470348 6.356975390531261e-09
v 0.010100999847054482 0.014800000004470348 6.356975390531261e-09
v 0.005688061472028494 0.014800000004470348 -0.004999988712370396
f 11044 11045 11046
v 0.005688061472028494 0.014800000004470348 -0.004999988712370396
v 0.010100999847054482 0.014800000004470348 6.356975390531261e-09
v 0.011101000010967255 0.014800000004470348 6.356975390531261e-09
f 11047 11048 11049
v 0.005688061472028494 0.014800000004470348 -0.004999988712370396
v 0.011101000010967255 0.014800000004470348 6.356975390531261e-09
v 0.009313911199569702 0.014800000004470348 -0.004999988712370396
f 11050 11051 11052
v 0.009313911199569702 0.014800000004470348 -0.004999988712370396
v 0.011101000010967255 0.014800000004470348 6.356975390531261e-09
v 0.027500972151756287 0.014800000004470348 6.356975390531261e-09
f 11053 11054 11055
v 0.009313911199569702 0.014800000004470348 -0.004999988712370396
v 0.027500972151756287 0.014800000004470348 6.356975390531261e-09
v 0.027500972151756287 0.014800000004470348 -0.004999988712370396
f 11056 11057 11058
v 0.030500972643494606 -0.011800003238022327 -0.004999988712370396
v 0.030500972643494606 -0.011800003238022327 6.356975390531261e-09
v 0.03027261234819889 -0.012948048301041126 6.356975390531261e-09
f 11059 11060 11061
v 0.030500972643494606 -0.011800003238022327 -0.004999988712370396
v 0.03027261234819889 -0.012948048301041126 6.356975390531261e-09
v 0.03027261234819889 -0.012948048301041126 -0.004999988712370396
f 11062 11063 11064
v 0.03027261234819889 -0.012948048301041126 -0.004999988712370396
v 0.03027261234819889 -0.012948048301041126 6.356975390531261e-09
v 0.029622294008731842 -0.013921317644417286 6.356975390531261e-09
f 11065 11066 11067
v 0.03027261234819889 -0.012948048301041126 -0.004999988712370396
v 0.029622294008731842 -0.013921317644417286 6.356975390531261e-09
v 0.029622294008731842 -0.013921317644417286 -0.004999988712370396
f 11068 11069 11070
v 0.029622294008731842 -0.013921317644417286 -0.004999988712370396
v 0.029622294008731842 -0.013921317644417286 6.356975390531261e-09
v 0.028649022802710533 -0.014571641571819782 6.356975390531261e-09
f 11071 11072 11073
v 0.029622294008731842 -0.013921317644417286 -0.004999988712370396
v 0.028649022802710533 -0.014571641571819782 6.356975390531261e-09
v 0.028649022802710533 -0.014571641571819782 -0.004999988712370396
f 11074 11075 11076
v 0.028649022802710533 -0.014571641571819782 -0.004999988712370396
v 0.028649022802710533 -0.014571641571819782 6.356975390531261e-09
v 0.027500972151756287 -0.014800001867115498 6.356975390531261e-09
f 11077 11078 11079
v 0.028649022802710533 -0.014571641571819782 -0.004999988712370396
v 0.027500972151756287 -0.014800001867115498 6.356975390531261e-09
v 0.027500972151756287 -0.014800001867115498 -0.004999988712370396
f 11080 11081 11082
v -0.00999900046736002 -0.00785000342875719 -0.0030000146944075823
v -0.00999900046736002 -0.0021500035654753447 -0.0030000146944075823
v -0.009932012297213078 -0.007599998731166124 -0.0030000146944075823
f 11083 11084 11085
v -0.009932012297213078 -0.007599998731166124 -0.0030000146944075823
v -0.00999900046736002 -0.0021500035654753447 -0.0030000146944075823
v -0.009932012297213078 -0.002400000346824527 -0.0030000146944075823
f 11086 11087 11088
v -0.008348999544978142 -0.006472241599112749 -0.0030000146944075823
v -0.007499000057578087 -0.006699998397380114 -0.0030000146944075823
v -0.006479373201727867 -0.0071172756142914295 -0.0030000146944075823
f 11089 11090 11091
v -0.006479373201727867 -0.0071172756142914295 -0.0030000146944075823
v -0.007499000057578087 -0.006699998397380114 -0.0030000146944075823
v -0.006649000104516745 -0.006472241599112749 -0.0030000146944075823
f 11092 11093 11094
v -0.006479373201727867 -0.0071172756142914295 -0.0030000146944075823
v -0.006649000104516745 -0.006472241599112749 -0.0030000146944075823
v -0.005661696195602417 -0.006465200800448656 -0.0030000146944075823
f 11095 11096 11097
v -0.005661696195602417 -0.006465200800448656 -0.0030000146944075823
v -0.006649000104516745 -0.006472241599112749 -0.0030000146944075823
v -0.006026756949722767 -0.005849998909980059 -0.0030000146944075823
f 11098 11099 11100
v -0.005661696195602417 -0.006465200800448656 -0.0030000146944075823
v -0.006026756949722767 -0.005849998909980059 -0.0030000146944075823
v -0.005207919515669346 -0.0055229258723556995 -0.0030000146944075823
f 11101 11102 11103
v -0.005207919515669346 -0.0055229258723556995 -0.0030000146944075823
v -0.006026756949722767 -0.005849998909980059 -0.0030000146944075823
v -0.005799000151455402 -0.004999999422580004 -0.0030000146944075823
f 11104 11105 11106
v -0.008971243165433407 -0.005849998909980059 -0.0030000146944075823
v -0.009932012297213078 -0.007599998731166124 -0.0030000146944075823
v -0.009198999963700771 -0.004999999422580004 -0.0030000146944075823
f 11107 11108 11109
v -0.009198999963700771 -0.004999999422580004 -0.0030000146944075823
v -0.009932012297213078 -0.007599998731166124 -0.0030000146944075823
v -0.009932012297213078 -0.002400000346824527 -0.0030000146944075823
f 11110 11111 11112
v -0.009198999963700771 -0.004999999422580004 -0.0030000146944075823
v -0.009932012297213078 -0.002400000346824527 -0.0030000146944075823
v -0.008971243165433407 -0.004149999935179949 -0.0030000146944075823
f 11113 11114 11115
v -0.008971243165433407 -0.004149999935179949 -0.0030000146944075823
v -0.009932012297213078 -0.002400000346824527 -0.0030000146944075823
v -0.009748999960720539 -0.0025830164086073637 -0.0030000146944075823
f 11116 11117 11118
v -0.008971243165433407 -0.004149999935179949 -0.0030000146944075823
v -0.009748999960720539 -0.0025830164086073637 -0.0030000146944075823
v -0.008348999544978142 -0.003527757478877902 -0.0030000146944075823
f 11119 11120 11121
v -0.008348999544978142 -0.003527757478877902 -0.0030000146944075823
v -0.009748999960720539 -0.0025830164086073637 -0.0030000146944075823
v -0.009499000385403633 -0.002649997128173709 -0.0030000146944075823
f 11122 11123 11124
v -0.008348999544978142 -0.003527757478877902 -0.0030000146944075823
v -0.009499000385403633 -0.002649997128173709 -0.0030000146944075823
v -0.007499000057578087 -0.0033000006806105375 -0.0030000146944075823
f 11125 11126 11127
v -0.007499000057578087 -0.0033000006806105375 -0.0030000146944075823
v -0.009499000385403633 -0.002649997128173709 -0.0030000146944075823
v -0.007499000057578087 -0.002649997128173709 -0.0030000146944075823
f 11128 11129 11130
v -0.007499000057578087 -0.0033000006806105375 -0.0030000146944075823
v -0.007499000057578087 -0.002649997128173709 -0.0030000146944075823
v -0.006649000104516745 -0.003527757478877902 -0.0030000146944075823
f 11131 11132 11133
v -0.006649000104516745 -0.003527757478877902 -0.0030000146944075823
v -0.007499000057578087 -0.002649997128173709 -0.0030000146944075823
v -0.006479373201727867 -0.0028827234636992216 -0.0030000146944075823
f 11134 11135 11136
v -0.006649000104516745 -0.003527757478877902 -0.0030000146944075823
v -0.006479373201727867 -0.0028827234636992216 -0.0030000146944075823
v -0.006026756949722767 -0.004149999935179949 -0.0030000146944075823
f 11137 11138 11139
v -0.006026756949722767 -0.004149999935179949 -0.0030000146944075823
v -0.006479373201727867 -0.0028827234636992216 -0.0030000146944075823
v -0.005661696195602417 -0.003534798277541995 -0.0030000146944075823
f 11140 11141 11142
v -0.006026756949722767 -0.004149999935179949 -0.0030000146944075823
v -0.005661696195602417 -0.003534798277541995 -0.0030000146944075823
v -0.005799000151455402 -0.004999999422580004 -0.0030000146944075823
f 11143 11144 11145
v -0.005799000151455402 -0.004999999422580004 -0.0030000146944075823
v -0.005661696195602417 -0.003534798277541995 -0.0030000146944075823
v -0.005207919515669346 -0.004477072972804308 -0.0030000146944075823
f 11146 11147 11148
v -0.005799000151455402 -0.004999999422580004 -0.0030000146944075823
v -0.005207919515669346 -0.004477072972804308 -0.0030000146944075823
v -0.005207919515669346 -0.0055229258723556995 -0.0030000146944075823
f 11149 11150 11151
v -0.006479373201727867 -0.0071172756142914295 -0.0030000146944075823
v -0.007499000057578087 -0.007350001949816942 -0.0030000146944075823
v -0.008348999544978142 -0.006472241599112749 -0.0030000146944075823
f 11152 11153 11154
v -0.008348999544978142 -0.006472241599112749 -0.0030000146944075823
v -0.007499000057578087 -0.007350001949816942 -0.0030000146944075823
v -0.009499000385403633 -0.007350001949816942 -0.0030000146944075823
f 11155 11156 11157
v -0.008348999544978142 -0.006472241599112749 -0.0030000146944075823
v -0.009499000385403633 -0.007350001949816942 -0.0030000146944075823
v -0.008971243165433407 -0.005849998909980059 -0.0030000146944075823
f 11158 11159 11160
v -0.008971243165433407 -0.005849998909980059 -0.0030000146944075823
v -0.009499000385403633 -0.007350001949816942 -0.0030000146944075823
v -0.009748999960720539 -0.007416990119963884 -0.0030000146944075823
f 11161 11162 11163
v -0.008971243165433407 -0.005849998909980059 -0.0030000146944075823
v -0.009748999960720539 -0.007416990119963884 -0.0030000146944075823
v -0.009932012297213078 -0.007599998731166124 -0.0030000146944075823
f 11164 11165 11166
v 0.005801000166684389 -0.004999999422580004 -0.0030000146944075823
v 0.005209919530898333 -0.004477072972804308 -0.0030000146944075823
v 0.006028756964951754 -0.004149999935179949 -0.0030000146944075823
f 11167 11168 11169
v 0.006028756964951754 -0.004149999935179949 -0.0030000146944075823
v 0.005209919530898333 -0.004477072972804308 -0.0030000146944075823
v 0.005663696210831404 -0.003534798277541995 -0.0030000146944075823
f 11170 11171 11172
v 0.006028756964951754 -0.004149999935179949 -0.0030000146944075823
v 0.005663696210831404 -0.003534798277541995 -0.0030000146944075823
v 0.006651000119745731 -0.003527757478877902 -0.0030000146944075823
f 11173 11174 11175
v 0.006651000119745731 -0.003527757478877902 -0.0030000146944075823
v 0.005663696210831404 -0.003534798277541995 -0.0030000146944075823
v 0.006481373216956854 -0.0028827234636992216 -0.0030000146944075823
f 11176 11177 11178
v 0.006651000119745731 -0.003527757478877902 -0.0030000146944075823
v 0.006481373216956854 -0.0028827234636992216 -0.0030000146944075823
v 0.007501000072807074 -0.0033000006806105375 -0.0030000146944075823
f 11179 11180 11181
v 0.007501000072807074 -0.0033000006806105375 -0.0030000146944075823
v 0.006481373216956854 -0.0028827234636992216 -0.0030000146944075823
v 0.007501000072807074 -0.002649997128173709 -0.0030000146944075823
f 11182 11183 11184
v 0.007501000072807074 -0.0033000006806105375 -0.0030000146944075823
v 0.007501000072807074 -0.002649997128173709 -0.0030000146944075823
v 0.008351000025868416 -0.003527757478877902 -0.0030000146944075823
f 11185 11186 11187
v 0.008351000025868416 -0.003527757478877902 -0.0030000146944075823
v 0.007501000072807074 -0.002649997128173709 -0.0030000146944075823
v 0.008520626462996006 -0.0028827234636992216 -0.0030000146944075823
f 11188 11189 11190
v 0.008351000025868416 -0.003527757478877902 -0.0030000146944075823
v 0.008520626462996006 -0.0028827234636992216 -0.0030000146944075823
v 0.008973243646323681 -0.004149999935179949 -0.0030000146944075823
f 11191 11192 11193
v 0.008973243646323681 -0.004149999935179949 -0.0030000146944075823
v 0.008520626462996006 -0.0028827234636992216 -0.0030000146944075823
v 0.00933830440044403 -0.003534798277541995 -0.0030000146944075823
f 11194 11195 11196
v 0.008973243646323681 -0.004149999935179949 -0.0030000146944075823
v 0.00933830440044403 -0.003534798277541995 -0.0030000146944075823
v 0.009201000444591045 -0.004999999422580004 -0.0030000146944075823
f 11197 11198 11199
v 0.00933830440044403 -0.003534798277541995 -0.0030000146944075823
v 0.009792080149054527 -0.004477072972804308 -0.0030000146944075823
v 0.009201000444591045 -0.004999999422580004 -0.0030000146944075823
f 11200 11201 11202
v 0.009201000444591045 -0.004999999422580004 -0.0030000146944075823
v 0.009792080149054527 -0.004477072972804308 -0.0030000146944075823
v 0.009792080149054527 -0.0055229258723556995 -0.0030000146944075823
f 11203 11204 11205
v 0.009201000444591045 -0.004999999422580004 -0.0030000146944075823
v 0.009792080149054527 -0.0055229258723556995 -0.0030000146944075823
v 0.008973243646323681 -0.005849998909980059 -0.0030000146944075823
f 11206 11207 11208
v 0.008973243646323681 -0.005849998909980059 -0.0030000146944075823
v 0.009792080149054527 -0.0055229258723556995 -0.0030000146944075823
v 0.00933830440044403 -0.006465200800448656 -0.0030000146944075823
f 11209 11210 11211
v 0.008973243646323681 -0.005849998909980059 -0.0030000146944075823
v 0.00933830440044403 -0.006465200800448656 -0.0030000146944075823
v 0.008351000025868416 -0.006472241599112749 -0.0030000146944075823
f 11212 11213 11214
v 0.008351000025868416 -0.006472241599112749 -0.0030000146944075823
v 0.00933830440044403 -0.006465200800448656 -0.0030000146944075823
v 0.008520626462996006 -0.0071172756142914295 -0.0030000146944075823
f 11215 11216 11217
v 0.008351000025868416 -0.006472241599112749 -0.0030000146944075823
v 0.008520626462996006 -0.0071172756142914295 -0.0030000146944075823
v 0.007501000072807074 -0.006699998397380114 -0.0030000146944075823
f 11218 11219 11220
v 0.007501000072807074 -0.006699998397380114 -0.0030000146944075823
v 0.008520626462996006 -0.0071172756142914295 -0.0030000146944075823
v 0.007501000072807074 -0.007350001949816942 -0.0030000146944075823
f 11221 11222 11223
v 0.007501000072807074 -0.006699998397380114 -0.0030000146944075823
v 0.007501000072807074 -0.007350001949816942 -0.0030000146944075823
v 0.006651000119745731 -0.006472241599112749 -0.0030000146944075823
f 11224 11225 11226
v 0.006651000119745731 -0.006472241599112749 -0.0030000146944075823
v 0.007501000072807074 -0.007350001949816942 -0.0030000146944075823
v 0.006481373216956854 -0.0071172756142914295 -0.0030000146944075823
f 11227 11228 11229
v 0.006651000119745731 -0.006472241599112749 -0.0030000146944075823
v 0.006481373216956854 -0.0071172756142914295 -0.0030000146944075823
v 0.006028756964951754 -0.005849998909980059 -0.0030000146944075823
f 11230 11231 11232
v 0.006028756964951754 -0.005849998909980059 -0.0030000146944075823
v 0.006481373216956854 -0.0071172756142914295 -0.0030000146944075823
v 0.005663696210831404 -0.006465200800448656 -0.0030000146944075823
f 11233 11234 11235
v 0.006028756964951754 -0.005849998909980059 -0.0030000146944075823
v 0.005663696210831404 -0.006465200800448656 -0.0030000146944075823
v 0.005801000166684389 -0.004999999422580004 -0.0030000146944075823
f 11236 11237 11238
v 0.005801000166684389 -0.004999999422580004 -0.0030000146944075823
v 0.005663696210831404 -0.006465200800448656 -0.0030000146944075823
v 0.005209919530898333 -0.0055229258723556995 -0.0030000146944075823
f 11239 11240 11241
v 0.005801000166684389 -0.004999999422580004 -0.0030000146944075823
v 0.005209919530898333 -0.0055229258723556995 -0.0030000146944075823
v 0.005209919530898333 -0.004477072972804308 -0.0030000146944075823
f 11242 11243 11244
v 0.011101000010967255 -0.014800001867115498 0.0020000103395432234
v 0.010100999847054482 -0.014800001867115498 0.0020000103395432234
v 0.011101000010967255 -0.014800001867115498 6.356975390531261e-09
f 11245 11246 11247
v 0.011101000010967255 -0.014800001867115498 6.356975390531261e-09
v 0.010100999847054482 -0.014800001867115498 0.0020000103395432234
v 0.010100999847054482 -0.014800001867115498 6.356975390531261e-09
f 11248 11249 11250
v 0.027500972151756287 -0.014800001867115498 -0.004999988712370396
v 0.027500972151756287 -0.014800001867115498 6.356975390531261e-09
v 0.009313911199569702 -0.014800001867115498 -0.004999988712370396
f 11251 11252 11253
v 0.009313911199569702 -0.014800001867115498 -0.004999988712370396
v 0.027500972151756287 -0.014800001867115498 6.356975390531261e-09
v 0.011101000010967255 -0.014800001867115498 6.356975390531261e-09
f 11254 11255 11256
v 0.009313911199569702 -0.014800001867115498 -0.004999988712370396
v 0.011101000010967255 -0.014800001867115498 6.356975390531261e-09
v 0.005688061472028494 -0.014800001867115498 -0.004999988712370396
f 11257 11258 11259
v 0.005688061472028494 -0.014800001867115498 -0.004999988712370396
v 0.011101000010967255 -0.014800001867115498 6.356975390531261e-09
v 0.010100999847054482 -0.014800001867115498 6.356975390531261e-09
f 11260 11261 11262
v -0.0069989999756217 -0.014800001867115498 6.356975390531261e-09
v -0.0069989999756217 -0.014800001867115498 -0.004999988712370396
v 9.999987469200278e-07 -0.014800001867115498 6.356975390531261e-09
f 11263 11264 11265
v 9.999987469200278e-07 -0.014800001867115498 6.356975390531261e-09
v -0.0069989999756217 -0.014800001867115498 -0.004999988712370396
v -0.0005529608461074531 -0.014800001867115498 -0.004999988712370396
f 11266 11267 11268
v 9.999987469200278e-07 -0.014800001867115498 6.356975390531261e-09
v -0.0005529608461074531 -0.014800001867115498 -0.004999988712370396
v 0.006015392951667309 -0.014800001867115498 6.356975390531261e-09
f 11269 11270 11271
v 0.006015392951667309 -0.014800001867115498 6.356975390531261e-09
v -0.0005529608461074531 -0.014800001867115498 -0.004999988712370396
v 0.005688061472028494 -0.014800001867115498 -0.004999988712370396
f 11272 11273 11274
v 0.006015392951667309 -0.014800001867115498 6.356975390531261e-09
v 0.005688061472028494 -0.014800001867115498 -0.004999988712370396
v 0.008986580185592175 -0.014800001867115498 6.356975390531261e-09
f 11275 11276 11277
v 0.008986580185592175 -0.014800001867115498 6.356975390531261e-09
v 0.005688061472028494 -0.014800001867115498 -0.004999988712370396
v 0.010100999847054482 -0.014800001867115498 6.356975390531261e-09
f 11278 11279 11280
v -0.009932012297213078 0.002399998949840665 -0.0030000146944075823
v -0.00999900046736002 0.0021500021684914827 -0.0030000146944075823
v -0.009932012297213078 0.00759999779984355 -0.0030000146944075823
f 11281 11282 11283
v -0.009932012297213078 0.00759999779984355 -0.0030000146944075823
v -0.00999900046736002 0.0021500021684914827 -0.0030000146944075823
v -0.00999900046736002 0.007850001566112041 -0.0030000146944075823
f 11284 11285 11286
v -0.006479373201727867 0.0028827220667153597 -0.0030000146944075823
v -0.007499000057578087 0.002650003181770444 -0.0030000146944075823
v -0.008348999544978142 0.00352775608189404 -0.0030000146944075823
f 11287 11288 11289
v -0.008348999544978142 0.00352775608189404 -0.0030000146944075823
v -0.007499000057578087 0.002650003181770444 -0.0030000146944075823
v -0.009499000385403633 0.002650003181770444 -0.0030000146944075823
f 11290 11291 11292
v -0.008348999544978142 0.00352775608189404 -0.0030000146944075823
v -0.009499000385403633 0.002650003181770444 -0.0030000146944075823
v -0.008971243165433407 0.004149999003857374 -0.0030000146944075823
f 11293 11294 11295
v -0.009499000385403633 0.002650003181770444 -0.0030000146944075823
v -0.009748999960720539 0.0025830150116235018 -0.0030000146944075823
v -0.008971243165433407 0.004149999003857374 -0.0030000146944075823
f 11296 11297 11298
v -0.008971243165433407 0.004149999003857374 -0.0030000146944075823
v -0.009748999960720539 0.0025830150116235018 -0.0030000146944075823
v -0.009932012297213078 0.002399998949840665 -0.0030000146944075823
f 11299 11300 11301
v -0.008971243165433407 0.004149999003857374 -0.0030000146944075823
v -0.009932012297213078 0.002399998949840665 -0.0030000146944075823
v -0.009198999963700771 0.004999998491257429 -0.0030000146944075823
f 11302 11303 11304
v -0.009198999963700771 0.004999998491257429 -0.0030000146944075823
v -0.009932012297213078 0.002399998949840665 -0.0030000146944075823
v -0.009932012297213078 0.00759999779984355 -0.0030000146944075823
f 11305 11306 11307
v -0.009198999963700771 0.004999998491257429 -0.0030000146944075823
v -0.009932012297213078 0.00759999779984355 -0.0030000146944075823
v -0.008971243165433407 0.005849997978657484 -0.0030000146944075823
f 11308 11309 11310
v -0.008971243165433407 0.005849997978657484 -0.0030000146944075823
v -0.009932012297213078 0.00759999779984355 -0.0030000146944075823
v -0.009748999960720539 0.00741698918864131 -0.0030000146944075823
f 11311 11312 11313
v -0.008971243165433407 0.005849997978657484 -0.0030000146944075823
v -0.009748999960720539 0.00741698918864131 -0.0030000146944075823
v -0.008348999544978142 0.0064722406677901745 -0.0030000146944075823
f 11314 11315 11316
v -0.008348999544978142 0.0064722406677901745 -0.0030000146944075823
v -0.009748999960720539 0.00741698918864131 -0.0030000146944075823
v -0.009499000385403633 0.007350001018494368 -0.0030000146944075823
f 11317 11318 11319
v -0.008348999544978142 0.0064722406677901745 -0.0030000146944075823
v -0.009499000385403633 0.007350001018494368 -0.0030000146944075823
v -0.007499000057578087 0.006699997466057539 -0.0030000146944075823
f 11320 11321 11322
v -0.007499000057578087 0.006699997466057539 -0.0030000146944075823
v -0.009499000385403633 0.007350001018494368 -0.0030000146944075823
v -0.007499000057578087 0.007350001018494368 -0.0030000146944075823
f 11323 11324 11325
v -0.007499000057578087 0.006699997466057539 -0.0030000146944075823
v -0.007499000057578087 0.007350001018494368 -0.0030000146944075823
v -0.006761397700756788 0.006531644146889448 -0.0030000146944075823
f 11326 11327 11328
v -0.006761397700756788 0.006531644146889448 -0.0030000146944075823
v -0.007499000057578087 0.007350001018494368 -0.0030000146944075823
v -0.006479373201727867 0.007117274682968855 -0.0030000146944075823
f 11329 11330 11331
v -0.006761397700756788 0.006531644146889448 -0.0030000146944075823
v -0.006479373201727867 0.007117274682968855 -0.0030000146944075823
v -0.006169886328279972 0.006059932988137007 -0.0030000146944075823
f 11332 11333 11334
v -0.006169886328279972 0.006059932988137007 -0.0030000146944075823
v -0.006479373201727867 0.007117274682968855 -0.0030000146944075823
v -0.005661696195602417 0.0064651998691260815 -0.0030000146944075823
f 11335 11336 11337
v -0.006169886328279972 0.006059932988137007 -0.0030000146944075823
v -0.005661696195602417 0.0064651998691260815 -0.0030000146944075823
v -0.005841622594743967 0.005378286819905043 -0.0030000146944075823
f 11338 11339 11340
v -0.005841622594743967 0.005378286819905043 -0.0030000146944075823
v -0.005661696195602417 0.0064651998691260815 -0.0030000146944075823
v -0.005207919515669346 0.005522924941033125 -0.0030000146944075823
f 11341 11342 11343
v -0.005841622594743967 0.005378286819905043 -0.0030000146944075823
v -0.005207919515669346 0.005522924941033125 -0.0030000146944075823
v -0.005841622594743967 0.0046217176131904125 -0.0030000146944075823
f 11344 11345 11346
v -0.005841622594743967 0.0046217176131904125 -0.0030000146944075823
v -0.005207919515669346 0.005522924941033125 -0.0030000146944075823
v -0.005207919515669346 0.00447707949206233 -0.0030000146944075823
f 11347 11348 11349
v -0.005841622594743967 0.0046217176131904125 -0.0030000146944075823
v -0.005207919515669346 0.00447707949206233 -0.0030000146944075823
v -0.006169886328279972 0.0039400639943778515 -0.0030000146944075823
f 11350 11351 11352
v -0.006169886328279972 0.0039400639943778515 -0.0030000146944075823
v -0.005207919515669346 0.00447707949206233 -0.0030000146944075823
v -0.005661696195602417 0.003534796880558133 -0.0030000146944075823
f 11353 11354 11355
v -0.006169886328279972 0.0039400639943778515 -0.0030000146944075823
v -0.005661696195602417 0.003534796880558133 -0.0030000146944075823
v -0.006761397700756788 0.0034683526027947664 -0.0030000146944075823
f 11356 11357 11358
v -0.006761397700756788 0.0034683526027947664 -0.0030000146944075823
v -0.005661696195602417 0.003534796880558133 -0.0030000146944075823
v -0.006479373201727867 0.0028827220667153597 -0.0030000146944075823
f 11359 11360 11361
v -0.006761397700756788 0.0034683526027947664 -0.0030000146944075823
v -0.006479373201727867 0.0028827220667153597 -0.0030000146944075823
v -0.007499000057578087 0.0032999992836266756 -0.0030000146944075823
f 11362 11363 11364
v -0.007499000057578087 0.0032999992836266756 -0.0030000146944075823
v -0.006479373201727867 0.0028827220667153597 -0.0030000146944075823
v -0.008348999544978142 0.00352775608189404 -0.0030000146944075823
f 11365 11366 11367
v 0.009201000444591045 0.004999998491257429 -0.0030000146944075823
v 0.009792080149054527 0.00447707949206233 -0.0030000146944075823
v 0.008973243646323681 0.004149999003857374 -0.0030000146944075823
f 11368 11369 11370
v 0.008973243646323681 0.004149999003857374 -0.0030000146944075823
v 0.009792080149054527 0.00447707949206233 -0.0030000146944075823
v 0.00933830440044403 0.003534796880558133 -0.0030000146944075823
f 11371 11372 11373
v 0.008973243646323681 0.004149999003857374 -0.0030000146944075823
v 0.00933830440044403 0.003534796880558133 -0.0030000146944075823
v 0.008351000025868416 0.00352775608189404 -0.0030000146944075823
f 11374 11375 11376
v 0.008351000025868416 0.00352775608189404 -0.0030000146944075823
v 0.00933830440044403 0.003534796880558133 -0.0030000146944075823
v 0.008520626462996006 0.0028827220667153597 -0.0030000146944075823
f 11377 11378 11379
v 0.008351000025868416 0.00352775608189404 -0.0030000146944075823
v 0.008520626462996006 0.0028827220667153597 -0.0030000146944075823
v 0.007501000072807074 0.0032999992836266756 -0.0030000146944075823
f 11380 11381 11382
v 0.007501000072807074 0.0032999992836266756 -0.0030000146944075823
v 0.008520626462996006 0.0028827220667153597 -0.0030000146944075823
v 0.007501000072807074 0.002650003181770444 -0.0030000146944075823
f 11383 11384 11385
v 0.007501000072807074 0.0032999992836266756 -0.0030000146944075823
v 0.007501000072807074 0.002650003181770444 -0.0030000146944075823
v 0.006651000119745731 0.00352775608189404 -0.0030000146944075823
f 11386 11387 11388
v 0.006651000119745731 0.00352775608189404 -0.0030000146944075823
v 0.007501000072807074 0.002650003181770444 -0.0030000146944075823
v 0.006481373216956854 0.0028827220667153597 -0.0030000146944075823
f 11389 11390 11391
v 0.006651000119745731 0.00352775608189404 -0.0030000146944075823
v 0.006481373216956854 0.0028827220667153597 -0.0030000146944075823
v 0.006028756964951754 0.004149999003857374 -0.0030000146944075823
f 11392 11393 11394
v 0.006028756964951754 0.004149999003857374 -0.0030000146944075823
v 0.006481373216956854 0.0028827220667153597 -0.0030000146944075823
v 0.005663696210831404 0.003534796880558133 -0.0030000146944075823
f 11395 11396 11397
v 0.006028756964951754 0.004149999003857374 -0.0030000146944075823
v 0.005663696210831404 0.003534796880558133 -0.0030000146944075823
v 0.005801000166684389 0.004999998491257429 -0.0030000146944075823
f 11398 11399 11400
v 0.005663696210831404 0.003534796880558133 -0.0030000146944075823
v 0.005209919530898333 0.00447707949206233 -0.0030000146944075823
v 0.005801000166684389 0.004999998491257429 -0.0030000146944075823
f 11401 11402 11403
v 0.005801000166684389 0.004999998491257429 -0.0030000146944075823
v 0.005209919530898333 0.00447707949206233 -0.0030000146944075823
v 0.005209919530898333 0.005522924941033125 -0.0030000146944075823
f 11404 11405 11406
v 0.005801000166684389 0.004999998491257429 -0.0030000146944075823
v 0.005209919530898333 0.005522924941033125 -0.0030000146944075823
v 0.006028756964951754 0.005849997978657484 -0.0030000146944075823
f 11407 11408 11409
v 0.006028756964951754 0.005849997978657484 -0.0030000146944075823
v 0.005209919530898333 0.005522924941033125 -0.0030000146944075823
v 0.005663696210831404 0.0064651998691260815 -0.0030000146944075823
f 11410 11411 11412
v 0.006028756964951754 0.005849997978657484 -0.0030000146944075823
v 0.005663696210831404 0.0064651998691260815 -0.0030000146944075823
v 0.006651000119745731 0.0064722406677901745 -0.0030000146944075823
f 11413 11414 11415
v 0.006651000119745731 0.0064722406677901745 -0.0030000146944075823
v 0.005663696210831404 0.0064651998691260815 -0.0030000146944075823
v 0.006481373216956854 0.007117274682968855 -0.0030000146944075823
f 11416 11417 11418
v 0.006651000119745731 0.0064722406677901745 -0.0030000146944075823
v 0.006481373216956854 0.007117274682968855 -0.0030000146944075823
v 0.007501000072807074 0.006699997466057539 -0.0030000146944075823
f 11419 11420 11421
v 0.007501000072807074 0.006699997466057539 -0.0030000146944075823
v 0.006481373216956854 0.007117274682968855 -0.0030000146944075823
v 0.007501000072807074 0.007350001018494368 -0.0030000146944075823
f 11422 11423 11424
v 0.007501000072807074 0.006699997466057539 -0.0030000146944075823
v 0.007501000072807074 0.007350001018494368 -0.0030000146944075823
v 0.008351000025868416 0.0064722406677901745 -0.0030000146944075823
f 11425 11426 11427
v 0.008351000025868416 0.0064722406677901745 -0.0030000146944075823
v 0.007501000072807074 0.007350001018494368 -0.0030000146944075823
v 0.008520626462996006 0.007117274682968855 -0.0030000146944075823
f 11428 11429 11430
v 0.008351000025868416 0.0064722406677901745 -0.0030000146944075823
v 0.008520626462996006 0.007117274682968855 -0.0030000146944075823
v 0.008973243646323681 0.005849997978657484 -0.0030000146944075823
f 11431 11432 11433
v 0.008973243646323681 0.005849997978657484 -0.0030000146944075823
v 0.008520626462996006 0.007117274682968855 -0.0030000146944075823
v 0.00933830440044403 0.0064651998691260815 -0.0030000146944075823
f 11434 11435 11436
v 0.008973243646323681 0.005849997978657484 -0.0030000146944075823
v 0.00933830440044403 0.0064651998691260815 -0.0030000146944075823
v 0.009201000444591045 0.004999998491257429 -0.0030000146944075823
f 11437 11438 11439
v 0.009201000444591045 0.004999998491257429 -0.0030000146944075823
v 0.00933830440044403 0.0064651998691260815 -0.0030000146944075823
v 0.009792080149054527 0.005522924941033125 -0.0030000146944075823
f 11440 11441 11442
v 0.009201000444591045 0.004999998491257429 -0.0030000146944075823
v 0.009792080149054527 0.005522924941033125 -0.0030000146944075823
v 0.009792080149054527 0.00447707949206233 -0.0030000146944075823
f 11443 11444 11445
v -0.008581559173762798 0.011424998752772808 -0.004999988712370396
v -0.00874902680516243 0.010799999348819256 -0.004999988712370396
v -0.00999900046736002 0.011800001375377178 -0.004999988712370396
f 11446 11447 11448
v 0.030500972643494606 0.011800001375377178 -0.004999988712370396
v 0.030500972643494606 0.008449996821582317 -0.004999988712370396
v 0.009313911199569702 0.008449996821582317 -0.004999988712370396
f 11449 11450 11451
v -0.007499027065932751 -0.0095500024035573 -0.004999988712370396
v -0.008124027401208878 -0.009717469103634357 -0.004999988712370396
v -0.00999900046736002 -0.008449998684227467 -0.004999988712370396
f 11452 11453 11454
v -0.00999900046736002 -0.008449998684227467 -0.004999988712370396
v -0.008124027401208878 -0.009717469103634357 -0.004999988712370396
v -0.008581559173762798 -0.010175001807510853 -0.004999988712370396
f 11455 11456 11457
v -0.00999900046736002 -0.008449998684227467 -0.004999988712370396
v -0.008581559173762798 -0.010175001807510853 -0.004999988712370396
v -0.00999900046736002 -0.011800003238022327 -0.004999988712370396
f 11458 11459 11460
v -0.008581559173762798 -0.010175001807510853 -0.004999988712370396
v -0.00874902680516243 -0.010800001211464405 -0.004999988712370396
v -0.00999900046736002 -0.011800003238022327 -0.004999988712370396
f 11461 11462 11463
v -0.00999900046736002 -0.011800003238022327 -0.004999988712370396
v -0.00874902680516243 -0.010800001211464405 -0.004999988712370396
v -0.008581559173762798 -0.011425000615417957 -0.004999988712370396
f 11464 11465 11466
v -0.00999900046736002 -0.011800003238022327 -0.004999988712370396
v -0.008581559173762798 -0.011425000615417957 -0.004999988712370396
v -0.009770638309419155 -0.012948048301041126 -0.004999988712370396
f 11467 11468 11469
v -0.009770638309419155 -0.012948048301041126 -0.004999988712370396
v -0.008581559173762798 -0.011425000615417957 -0.004999988712370396
v -0.008124027401208878 -0.011882533319294453 -0.004999988712370396
f 11470 11471 11472
v -0.009770638309419155 -0.012948048301041126 -0.004999988712370396
v -0.008124027401208878 -0.011882533319294453 -0.004999988712370396
v -0.009120319969952106 -0.013921317644417286 -0.004999988712370396
f 11473 11474 11475
v -0.009120319969952106 -0.013921317644417286 -0.004999988712370396
v -0.008124027401208878 -0.011882533319294453 -0.004999988712370396
v -0.008147050626575947 -0.014571641571819782 -0.004999988712370396
f 11476 11477 11478
v -0.008147050626575947 -0.014571641571819782 -0.004999988712370396
v -0.008124027401208878 -0.011882533319294453 -0.004999988712370396
v -0.007499027065932751 -0.01205000001937151 -0.004999988712370396
f 11479 11480 11481
v -0.008147050626575947 -0.014571641571819782 -0.004999988712370396
v -0.007499027065932751 -0.01205000001937151 -0.004999988712370396
v -0.0069989999756217 -0.014800001867115498 -0.004999988712370396
f 11482 11483 11484
v -0.0069989999756217 -0.014800001867115498 -0.004999988712370396
v -0.007499027065932751 -0.01205000001937151 -0.004999988712370396
v -0.006874027196317911 -0.011882533319294453 -0.004999988712370396
f 11485 11486 11487
v -0.0069989999756217 -0.014800001867115498 -0.004999988712370396
v -0.006874027196317911 -0.011882533319294453 -0.004999988712370396
v -0.0005529608461074531 -0.014800001867115498 -0.004999988712370396
f 11488 11489 11490
v -0.00641649542376399 -0.011425000615417957 -0.004999988712370396
v -0.006249026861041784 -0.010800001211464405 -0.004999988712370396
v -0.0005529608461074531 -0.008449998684227467 -0.004999988712370396
f 11491 11492 11493
v -0.0005529608461074531 -0.008449998684227467 -0.004999988712370396
v -0.006249026861041784 -0.010800001211464405 -0.004999988712370396
v -0.00641649542376399 -0.010175001807510853 -0.004999988712370396
f 11494 11495 11496
v -0.0005529608461074531 -0.008449998684227467 -0.004999988712370396
v -0.00641649542376399 -0.010175001807510853 -0.004999988712370396
v -0.006874027196317911 -0.009717469103634357 -0.004999988712370396
f 11497 11498 11499
v 0.009313911199569702 -0.008449998684227467 -0.004999988712370396
v 0.030500972643494606 -0.008449998684227467 -0.004999988712370396
v 0.030500972643494606 -0.011800003238022327 -0.004999988712370396
f 11500 11501 11502
v 0.030500972643494606 -0.011800003238022327 -0.004999988712370396
v 0.03027261234819889 -0.012948048301041126 -0.004999988712370396
v 0.029622294008731842 -0.013921317644417286 -0.004999988712370396
f 11503 11504 11505
v -0.0005529608461074531 0.013425002805888653 -0.004999988712370396
v -0.009120319969952106 0.013921323232352734 -0.004999988712370396
v -0.008147050626575947 0.014571639709174633 -0.004999988712370396
f 11506 11507 11508
v -0.00999900046736002 0.011800001375377178 -0.004999988712370396
v -0.00874902680516243 0.010799999348819256 -0.004999988712370396
v -0.00999900046736002 0.008449996821582317 -0.004999988712370396
f 11509 11510 11511
v -0.00874902680516243 0.010799999348819256 -0.004999988712370396
v -0.008581559173762798 0.010174999944865704 -0.004999988712370396
v -0.00999900046736002 0.008449996821582317 -0.004999988712370396
f 11512 11513 11514
v -0.00999900046736002 0.008449996821582317 -0.004999988712370396
v -0.008581559173762798 0.010174999944865704 -0.004999988712370396
v -0.008124027401208878 0.009717467240989208 -0.004999988712370396
f 11515 11516 11517
v -0.00999900046736002 0.008449996821582317 -0.004999988712370396
v -0.008124027401208878 0.009717467240989208 -0.004999988712370396
v -0.007499027065932751 0.009550000540912151 -0.004999988712370396
f 11518 11519 11520
v -0.006249026861041784 0.010799999348819256 -0.004999988712370396
v -0.00641649542376399 0.011424998752772808 -0.004999988712370396
v -0.0005529608461074531 0.013425002805888653 -0.004999988712370396
f 11521 11522 11523
v -0.0005529608461074531 0.013425002805888653 -0.004999988712370396
v -0.00641649542376399 0.011424998752772808 -0.004999988712370396
v -0.006874027196317911 0.011882531456649303 -0.004999988712370396
f 11524 11525 11526
v -0.0005529608461074531 0.013425002805888653 -0.004999988712370396
v -0.006874027196317911 0.011882531456649303 -0.004999988712370396
v -0.009120319969952106 0.013921323232352734 -0.004999988712370396
f 11527 11528 11529
v -0.009120319969952106 0.013921323232352734 -0.004999988712370396
v -0.006874027196317911 0.011882531456649303 -0.004999988712370396
v -0.007499027065932751 0.01204999815672636 -0.004999988712370396
f 11530 11531 11532
v -0.009120319969952106 0.013921323232352734 -0.004999988712370396
v -0.007499027065932751 0.01204999815672636 -0.004999988712370396
v -0.008124027401208878 0.011882531456649303 -0.004999988712370396
f 11533 11534 11535
v -0.008581559173762798 0.011424998752772808 -0.004999988712370396
v -0.00999900046736002 0.011800001375377178 -0.004999988712370396
v -0.008124027401208878 0.011882531456649303 -0.004999988712370396
f 11536 11537 11538
v -0.008124027401208878 0.011882531456649303 -0.004999988712370396
v -0.00999900046736002 0.011800001375377178 -0.004999988712370396
v -0.009770638309419155 0.012948046438395977 -0.004999988712370396
f 11539 11540 11541
v -0.008124027401208878 0.011882531456649303 -0.004999988712370396
v -0.009770638309419155 0.012948046438395977 -0.004999988712370396
v -0.009120319969952106 0.013921323232352734 -0.004999988712370396
f 11542 11543 11544
v -0.0005529608461074531 0.008449996821582317 -0.004999988712370396
v -0.006874027196317911 0.009717467240989208 -0.004999988712370396
v -0.00641649542376399 0.010174999944865704 -0.004999988712370396
f 11545 11546 11547
v -0.005661696195602417 0.0064651998691260815 -0.004999988712370396
v -0.006479373201727867 0.007117274682968855 -0.004999988712370396
v -0.0005529608461074531 0.008449996821582317 -0.004999988712370396
f 11548 11549 11550
v -0.0005529608461074531 0.008449996821582317 -0.004999988712370396
v -0.006479373201727867 0.007117274682968855 -0.004999988712370396
v -0.007499000057578087 0.007350001018494368 -0.004999988712370396
f 11551 11552 11553
v -0.007499000057578087 0.002650003181770444 -0.004999988712370396
v -0.006479373201727867 0.0028827220667153597 -0.004999988712370396
v -0.0005529608461074531 3.0322389044101783e-09 -0.004999988712370396
f 11554 11555 11556
v -0.009748999960720539 0.00741698918864131 -0.004999988712370396
v -0.009932012297213078 0.00759999779984355 -0.004999988712370396
v -0.009499000385403633 0.007350001018494368 -0.004999988712370396
f 11557 11558 11559
v -0.009499000385403633 0.007350001018494368 -0.004999988712370396
v -0.009932012297213078 0.00759999779984355 -0.004999988712370396
v -0.00999900046736002 0.007850001566112041 -0.004999988712370396
f 11560 11561 11562
v -0.009499000385403633 0.007350001018494368 -0.004999988712370396
v -0.00999900046736002 0.007850001566112041 -0.004999988712370396
v -0.007499000057578087 0.007350001018494368 -0.004999988712370396
f 11563 11564 11565
v -0.007499000057578087 0.007350001018494368 -0.004999988712370396
v -0.00999900046736002 0.007850001566112041 -0.004999988712370396
v -0.00999900046736002 0.008449996821582317 -0.004999988712370396
f 11566 11567 11568
v -0.007499000057578087 0.007350001018494368 -0.004999988712370396
v -0.00999900046736002 0.008449996821582317 -0.004999988712370396
v -0.0005529608461074531 0.008449996821582317 -0.004999988712370396
f 11569 11570 11571
v -0.0005529608461074531 0.008449996821582317 -0.004999988712370396
v -0.00999900046736002 0.008449996821582317 -0.004999988712370396
v -0.007499027065932751 0.009550000540912151 -0.004999988712370396
f 11572 11573 11574
v -0.0005529608461074531 0.008449996821582317 -0.004999988712370396
v -0.007499027065932751 0.009550000540912151 -0.004999988712370396
v -0.006874027196317911 0.009717467240989208 -0.004999988712370396
f 11575 11576 11577
v -0.006479373201727867 0.0028827220667153597 -0.004999988712370396
v -0.005661696195602417 0.003534796880558133 -0.004999988712370396
v -0.0005529608461074531 3.0322389044101783e-09 -0.004999988712370396
f 11578 11579 11580
v -0.0005529608461074531 3.0322389044101783e-09 -0.004999988712370396
v -0.005661696195602417 0.003534796880558133 -0.004999988712370396
v -0.005207919515669346 0.00447707949206233 -0.004999988712370396
f 11581 11582 11583
v -0.0005529608461074531 3.0322389044101783e-09 -0.004999988712370396
v -0.005207919515669346 0.00447707949206233 -0.004999988712370396
v -0.0005529608461074531 0.008449996821582317 -0.004999988712370396
f 11584 11585 11586
v -0.0005529608461074531 0.008449996821582317 -0.004999988712370396
v -0.005207919515669346 0.00447707949206233 -0.004999988712370396
v -0.005207919515669346 0.005522924941033125 -0.004999988712370396
f 11587 11588 11589
v -0.0005529608461074531 0.008449996821582317 -0.004999988712370396
v -0.005207919515669346 0.005522924941033125 -0.004999988712370396
v -0.005661696195602417 0.0064651998691260815 -0.004999988712370396
f 11590 11591 11592
v -0.00999900046736002 0.0021500021684914827 -0.004999988712370396
v -0.009932012297213078 0.002399998949840665 -0.004999988712370396
v -0.009748999960720539 0.0025830150116235018 -0.004999988712370396
f 11593 11594 11595
v -0.0005529608461074531 3.0322389044101783e-09 -0.004999988712370396
v -0.00999900046736002 3.0322389044101783e-09 -0.004999988712370396
v -0.007499000057578087 0.002650003181770444 -0.004999988712370396
f 11596 11597 11598
v -0.007499000057578087 0.002650003181770444 -0.004999988712370396
v -0.00999900046736002 3.0322389044101783e-09 -0.004999988712370396
v -0.00999900046736002 0.0021500021684914827 -0.004999988712370396
f 11599 11600 11601
v -0.007499000057578087 0.002650003181770444 -0.004999988712370396
v -0.00999900046736002 0.0021500021684914827 -0.004999988712370396
v -0.009499000385403633 0.002650003181770444 -0.004999988712370396
f 11602 11603 11604
v -0.009499000385403633 0.002650003181770444 -0.004999988712370396
v -0.00999900046736002 0.0021500021684914827 -0.004999988712370396
v -0.009748999960720539 0.0025830150116235018 -0.004999988712370396
f 11605 11606 11607
v -0.007499000057578087 -0.007350001949816942 -0.004999988712370396
v -0.006479373201727867 -0.0071172756142914295 -0.004999988712370396
v -0.0005529608461074531 -0.008449998684227467 -0.004999988712370396
f 11608 11609 11610
v -0.00999900046736002 -0.00785000342875719 -0.004999988712370396
v -0.009932012297213078 -0.007599998731166124 -0.004999988712370396
v -0.009748999960720539 -0.007416990119963884 -0.004999988712370396
f 11611 11612 11613
v -0.006874027196317911 -0.009717469103634357 -0.004999988712370396
v -0.007499027065932751 -0.0095500024035573 -0.004999988712370396
v -0.0005529608461074531 -0.008449998684227467 -0.004999988712370396
f 11614 11615 11616
v -0.0005529608461074531 -0.008449998684227467 -0.004999988712370396
v -0.007499027065932751 -0.0095500024035573 -0.004999988712370396
v -0.00999900046736002 -0.008449998684227467 -0.004999988712370396
f 11617 11618 11619
v -0.0005529608461074531 -0.008449998684227467 -0.004999988712370396
v -0.00999900046736002 -0.008449998684227467 -0.004999988712370396
v -0.007499000057578087 -0.007350001949816942 -0.004999988712370396
f 11620 11621 11622
v -0.007499000057578087 -0.007350001949816942 -0.004999988712370396
v -0.00999900046736002 -0.008449998684227467 -0.004999988712370396
v -0.00999900046736002 -0.00785000342875719 -0.004999988712370396
f 11623 11624 11625
v -0.007499000057578087 -0.007350001949816942 -0.004999988712370396
v -0.00999900046736002 -0.00785000342875719 -0.004999988712370396
v -0.009499000385403633 -0.007350001949816942 -0.004999988712370396
f 11626 11627 11628
v -0.009499000385403633 -0.007350001949816942 -0.004999988712370396
v -0.00999900046736002 -0.00785000342875719 -0.004999988712370396
v -0.009748999960720539 -0.007416990119963884 -0.004999988712370396
f 11629 11630 11631
v -0.006479373201727867 -0.0071172756142914295 -0.004999988712370396
v -0.005661696195602417 -0.006465200800448656 -0.004999988712370396
v -0.0005529608461074531 -0.008449998684227467 -0.004999988712370396
f 11632 11633 11634
v -0.0005529608461074531 -0.008449998684227467 -0.004999988712370396
v -0.005661696195602417 -0.006465200800448656 -0.004999988712370396
v -0.005207919515669346 -0.0055229258723556995 -0.004999988712370396
f 11635 11636 11637
v -0.0005529608461074531 -0.008449998684227467 -0.004999988712370396
v -0.005207919515669346 -0.0055229258723556995 -0.004999988712370396
v -0.0005529608461074531 3.0322389044101783e-09 -0.004999988712370396
f 11638 11639 11640
v -0.0005529608461074531 3.0322389044101783e-09 -0.004999988712370396
v -0.005207919515669346 -0.0055229258723556995 -0.004999988712370396
v -0.005207919515669346 -0.004477072972804308 -0.004999988712370396
f 11641 11642 11643
v -0.009748999960720539 -0.0025830164086073637 -0.004999988712370396
v -0.009932012297213078 -0.002400000346824527 -0.004999988712370396
v -0.009499000385403633 -0.002649997128173709 -0.004999988712370396
f 11644 11645 11646
v -0.009499000385403633 -0.002649997128173709 -0.004999988712370396
v -0.009932012297213078 -0.002400000346824527 -0.004999988712370396
v -0.00999900046736002 -0.0021500035654753447 -0.004999988712370396
f 11647 11648 11649
v -0.009499000385403633 -0.002649997128173709 -0.004999988712370396
v -0.00999900046736002 -0.0021500035654753447 -0.004999988712370396
v -0.007499000057578087 -0.002649997128173709 -0.004999988712370396
f 11650 11651 11652
v -0.007499000057578087 -0.002649997128173709 -0.004999988712370396
v -0.00999900046736002 -0.0021500035654753447 -0.004999988712370396
v -0.00999900046736002 3.0322389044101783e-09 -0.004999988712370396
f 11653 11654 11655
v -0.007499000057578087 -0.002649997128173709 -0.004999988712370396
v -0.00999900046736002 3.0322389044101783e-09 -0.004999988712370396
v -0.006479373201727867 -0.0028827234636992216 -0.004999988712370396
f 11656 11657 11658
v -0.006479373201727867 -0.0028827234636992216 -0.004999988712370396
v -0.00999900046736002 3.0322389044101783e-09 -0.004999988712370396
v -0.0005529608461074531 3.0322389044101783e-09 -0.004999988712370396
f 11659 11660 11661
v -0.006479373201727867 -0.0028827234636992216 -0.004999988712370396
v -0.0005529608461074531 3.0322389044101783e-09 -0.004999988712370396
v -0.005661696195602417 -0.003534798277541995 -0.004999988712370396
f 11662 11663 11664
v -0.005661696195602417 -0.003534798277541995 -0.004999988712370396
v -0.0005529608461074531 3.0322389044101783e-09 -0.004999988712370396
v -0.005207919515669346 -0.004477072972804308 -0.004999988712370396
f 11665 11666 11667
v 0.008520626462996006 0.007117274682968855 -0.004999988712370396
v 0.007501000072807074 0.007350001018494368 -0.004999988712370396
v 0.009313911199569702 0.008449996821582317 -0.004999988712370396
f 11668 11669 11670
v 0.009313911199569702 0.008449996821582317 -0.004999988712370396
v 0.007501000072807074 0.007350001018494368 -0.004999988712370396
v 0.005688061472028494 0.008449996821582317 -0.004999988712370396
f 11671 11672 11673
v 0.006481373216956854 0.0028827220667153597 -0.004999988712370396
v 0.007501000072807074 0.002650003181770444 -0.004999988712370396
v 0.009313911199569702 3.0322389044101783e-09 -0.004999988712370396
f 11674 11675 11676
v 0.007501000072807074 0.002650003181770444 -0.004999988712370396
v 0.008520626462996006 0.0028827220667153597 -0.004999988712370396
v 0.009313911199569702 3.0322389044101783e-09 -0.004999988712370396
f 11677 11678 11679
v 0.009313911199569702 3.0322389044101783e-09 -0.004999988712370396
v 0.008520626462996006 0.0028827220667153597 -0.004999988712370396
v 0.00933830440044403 0.003534796880558133 -0.004999988712370396
f 11680 11681 11682
v 0.009313911199569702 3.0322389044101783e-09 -0.004999988712370396
v 0.00933830440044403 0.003534796880558133 -0.004999988712370396
v 0.030500972643494606 3.0322389044101783e-09 -0.004999988712370396
f 11683 11684 11685
v 0.030500972643494606 3.0322389044101783e-09 -0.004999988712370396
v 0.00933830440044403 0.003534796880558133 -0.004999988712370396
v 0.009792080149054527 0.00447707949206233 -0.004999988712370396
f 11686 11687 11688
v 0.030500972643494606 3.0322389044101783e-09 -0.004999988712370396
v 0.009792080149054527 0.00447707949206233 -0.004999988712370396
v 0.030500972643494606 0.008449996821582317 -0.004999988712370396
f 11689 11690 11691
v 0.030500972643494606 0.008449996821582317 -0.004999988712370396
v 0.009792080149054527 0.00447707949206233 -0.004999988712370396
v 0.009792080149054527 0.005522924941033125 -0.004999988712370396
f 11692 11693 11694
v 0.030500972643494606 0.008449996821582317 -0.004999988712370396
v 0.009792080149054527 0.005522924941033125 -0.004999988712370396
v 0.009313911199569702 0.008449996821582317 -0.004999988712370396
f 11695 11696 11697
v 0.009313911199569702 0.008449996821582317 -0.004999988712370396
v 0.009792080149054527 0.005522924941033125 -0.004999988712370396
v 0.00933830440044403 0.0064651998691260815 -0.004999988712370396
f 11698 11699 11700
v 0.009313911199569702 0.008449996821582317 -0.004999988712370396
v 0.00933830440044403 0.0064651998691260815 -0.004999988712370396
v 0.008520626462996006 0.007117274682968855 -0.004999988712370396
f 11701 11702 11703
v 0.005663696210831404 0.003534796880558133 -0.004999988712370396
v 0.005688061472028494 3.0322389044101783e-09 -0.004999988712370396
v 0.005209919530898333 0.00447707949206233 -0.004999988712370396
f 11704 11705 11706
v 0.005209919530898333 0.00447707949206233 -0.004999988712370396
v 0.005688061472028494 3.0322389044101783e-09 -0.004999988712370396
v -0.0005529608461074531 3.0322389044101783e-09 -0.004999988712370396
f 11707 11708 11709
v 0.005209919530898333 0.00447707949206233 -0.004999988712370396
v -0.0005529608461074531 3.0322389044101783e-09 -0.004999988712370396
v 0.005209919530898333 0.005522924941033125 -0.004999988712370396
f 11710 11711 11712
v 0.005209919530898333 0.005522924941033125 -0.004999988712370396
v -0.0005529608461074531 3.0322389044101783e-09 -0.004999988712370396
v -0.0005529608461074531 0.008449996821582317 -0.004999988712370396
f 11713 11714 11715
v 0.005209919530898333 0.005522924941033125 -0.004999988712370396
v -0.0005529608461074531 0.008449996821582317 -0.004999988712370396
v 0.005663696210831404 0.0064651998691260815 -0.004999988712370396
f 11716 11717 11718
v 0.005663696210831404 0.0064651998691260815 -0.004999988712370396
v -0.0005529608461074531 0.008449996821582317 -0.004999988712370396
v 0.005688061472028494 0.008449996821582317 -0.004999988712370396
f 11719 11720 11721
v 0.005663696210831404 0.0064651998691260815 -0.004999988712370396
v 0.005688061472028494 0.008449996821582317 -0.004999988712370396
v 0.006481373216956854 0.007117274682968855 -0.004999988712370396
f 11722 11723 11724
v 0.006481373216956854 0.007117274682968855 -0.004999988712370396
v 0.005688061472028494 0.008449996821582317 -0.004999988712370396
v 0.007501000072807074 0.007350001018494368 -0.004999988712370396
f 11725 11726 11727
v 0.009313911199569702 3.0322389044101783e-09 -0.004999988712370396
v 0.00933830440044403 -0.003534798277541995 -0.004999988712370396
v 0.008520626462996006 -0.0028827234636992216 -0.004999988712370396
f 11728 11729 11730
v 0.008520626462996006 -0.0028827234636992216 -0.004999988712370396
v 0.007501000072807074 -0.002649997128173709 -0.004999988712370396
v 0.009313911199569702 3.0322389044101783e-09 -0.004999988712370396
f 11731 11732 11733
v 0.009313911199569702 3.0322389044101783e-09 -0.004999988712370396
v 0.007501000072807074 -0.002649997128173709 -0.004999988712370396
v 0.005688061472028494 3.0322389044101783e-09 -0.004999988712370396
f 11734 11735 11736
v 0.009313911199569702 3.0322389044101783e-09 -0.004999988712370396
v 0.005688061472028494 3.0322389044101783e-09 -0.004999988712370396
v 0.006481373216956854 0.0028827220667153597 -0.004999988712370396
f 11737 11738 11739
v 0.006481373216956854 0.0028827220667153597 -0.004999988712370396
v 0.005688061472028494 3.0322389044101783e-09 -0.004999988712370396
v 0.005663696210831404 0.003534796880558133 -0.004999988712370396
f 11740 11741 11742
v 0.00933830440044403 -0.003534798277541995 -0.004999988712370396
v 0.009313911199569702 3.0322389044101783e-09 -0.004999988712370396
v 0.009792080149054527 -0.004477072972804308 -0.004999988712370396
f 11743 11744 11745
v 0.009792080149054527 -0.004477072972804308 -0.004999988712370396
v 0.009313911199569702 3.0322389044101783e-09 -0.004999988712370396
v 0.030500972643494606 3.0322389044101783e-09 -0.004999988712370396
f 11746 11747 11748
v 0.009792080149054527 -0.004477072972804308 -0.004999988712370396
v 0.030500972643494606 3.0322389044101783e-09 -0.004999988712370396
v 0.009792080149054527 -0.0055229258723556995 -0.004999988712370396
f 11749 11750 11751
v 0.009792080149054527 -0.0055229258723556995 -0.004999988712370396
v 0.030500972643494606 3.0322389044101783e-09 -0.004999988712370396
v 0.030500972643494606 -0.008449998684227467 -0.004999988712370396
f 11752 11753 11754
v 0.009792080149054527 -0.0055229258723556995 -0.004999988712370396
v 0.030500972643494606 -0.008449998684227467 -0.004999988712370396
v 0.00933830440044403 -0.006465200800448656 -0.004999988712370396
f 11755 11756 11757
v 0.00933830440044403 -0.006465200800448656 -0.004999988712370396
v 0.030500972643494606 -0.008449998684227467 -0.004999988712370396
v 0.009313911199569702 -0.008449998684227467 -0.004999988712370396
f 11758 11759 11760
v 0.00933830440044403 -0.006465200800448656 -0.004999988712370396
v 0.009313911199569702 -0.008449998684227467 -0.004999988712370396
v 0.008520626462996006 -0.0071172756142914295 -0.004999988712370396
f 11761 11762 11763
v 0.005688061472028494 -0.008449998684227467 -0.004999988712370396
v 0.006481373216956854 -0.0071172756142914295 -0.004999988712370396
v 0.009313911199569702 -0.008449998684227467 -0.004999988712370396
f 11764 11765 11766
v 0.009313911199569702 -0.008449998684227467 -0.004999988712370396
v 0.006481373216956854 -0.0071172756142914295 -0.004999988712370396
v 0.007501000072807074 -0.007350001949816942 -0.004999988712370396
f 11767 11768 11769
v 0.009313911199569702 -0.008449998684227467 -0.004999988712370396
v 0.007501000072807074 -0.007350001949816942 -0.004999988712370396
v 0.008520626462996006 -0.0071172756142914295 -0.004999988712370396
f 11770 11771 11772
v 0.007501000072807074 -0.002649997128173709 -0.004999988712370396
v 0.006481373216956854 -0.0028827234636992216 -0.004999988712370396
v 0.005688061472028494 3.0322389044101783e-09 -0.004999988712370396
f 11773 11774 11775
v 0.005688061472028494 3.0322389044101783e-09 -0.004999988712370396
v 0.006481373216956854 -0.0028827234636992216 -0.004999988712370396
v 0.005663696210831404 -0.003534798277541995 -0.004999988712370396
f 11776 11777 11778
v 0.005688061472028494 3.0322389044101783e-09 -0.004999988712370396
v 0.005663696210831404 -0.003534798277541995 -0.004999988712370396
v -0.0005529608461074531 3.0322389044101783e-09 -0.004999988712370396
f 11779 11780 11781
v -0.0005529608461074531 3.0322389044101783e-09 -0.004999988712370396
v 0.005663696210831404 -0.003534798277541995 -0.004999988712370396
v 0.005209919530898333 -0.004477072972804308 -0.004999988712370396
f 11782 11783 11784
v -0.0005529608461074531 3.0322389044101783e-09 -0.004999988712370396
v 0.005209919530898333 -0.004477072972804308 -0.004999988712370396
v -0.0005529608461074531 -0.008449998684227467 -0.004999988712370396
f 11785 11786 11787
v -0.0005529608461074531 -0.008449998684227467 -0.004999988712370396
v 0.005209919530898333 -0.004477072972804308 -0.004999988712370396
v 0.005209919530898333 -0.0055229258723556995 -0.004999988712370396
f 11788 11789 11790
v -0.0005529608461074531 -0.008449998684227467 -0.004999988712370396
v 0.005209919530898333 -0.0055229258723556995 -0.004999988712370396
v 0.005688061472028494 -0.008449998684227467 -0.004999988712370396
f 11791 11792 11793
v 0.005688061472028494 -0.008449998684227467 -0.004999988712370396
v 0.005209919530898333 -0.0055229258723556995 -0.004999988712370396
v 0.005663696210831404 -0.006465200800448656 -0.004999988712370396
f 11794 11795 11796
v 0.005688061472028494 -0.008449998684227467 -0.004999988712370396
v 0.005663696210831404 -0.006465200800448656 -0.004999988712370396
v 0.006481373216956854 -0.0071172756142914295 -0.004999988712370396
f 11797 11798 11799
v 0.006250972859561443 -0.010800001211464405 -0.004999988712370396
v 0.0064184414222836494 -0.011425000615417957 -0.004999988712370396
v 0.005688061472028494 -0.014800001867115498 -0.004999988712370396
f 11800 11801 11802
v 0.0064184414222836494 -0.010175001807510853 -0.004999988712370396
v 0.006250972859561443 -0.010800001211464405 -0.004999988712370396
v 0.005688061472028494 -0.008449998684227467 -0.004999988712370396
f 11803 11804 11805
v 0.005688061472028494 -0.008449998684227467 -0.004999988712370396
v 0.006250972859561443 -0.010800001211464405 -0.004999988712370396
v 0.005688061472028494 -0.014800001867115498 -0.004999988712370396
f 11806 11807 11808
v 0.005688061472028494 -0.008449998684227467 -0.004999988712370396
v 0.005688061472028494 -0.014800001867115498 -0.004999988712370396
v -0.0005529608461074531 -0.008449998684227467 -0.004999988712370396
f 11809 11810 11811
v -0.0005529608461074531 -0.008449998684227467 -0.004999988712370396
v 0.005688061472028494 -0.014800001867115498 -0.004999988712370396
v -0.0005529608461074531 -0.014800001867115498 -0.004999988712370396
f 11812 11813 11814
v -0.0005529608461074531 -0.008449998684227467 -0.004999988712370396
v -0.0005529608461074531 -0.014800001867115498 -0.004999988712370396
v -0.00641649542376399 -0.011425000615417957 -0.004999988712370396
f 11815 11816 11817
v -0.00641649542376399 -0.011425000615417957 -0.004999988712370396
v -0.0005529608461074531 -0.014800001867115498 -0.004999988712370396
v -0.006874027196317911 -0.011882533319294453 -0.004999988712370396
f 11818 11819 11820
v 0.009313911199569702 -0.008449998684227467 -0.004999988712370396
v 0.008750973269343376 -0.010800001211464405 -0.004999988712370396
v 0.00858350470662117 -0.010175001807510853 -0.004999988712370396
f 11821 11822 11823
v 0.029622294008731842 -0.013921317644417286 -0.004999988712370396
v 0.028649022802710533 -0.014571641571819782 -0.004999988712370396
v 0.030500972643494606 -0.011800003238022327 -0.004999988712370396
f 11824 11825 11826
v 0.030500972643494606 -0.011800003238022327 -0.004999988712370396
v 0.028649022802710533 -0.014571641571819782 -0.004999988712370396
v 0.027500972151756287 -0.014800001867115498 -0.004999988712370396
f 11827 11828 11829
v 0.030500972643494606 -0.011800003238022327 -0.004999988712370396
v 0.027500972151756287 -0.014800001867115498 -0.004999988712370396
v 0.009313911199569702 -0.008449998684227467 -0.004999988712370396
f 11830 11831 11832
v 0.009313911199569702 -0.008449998684227467 -0.004999988712370396
v 0.027500972151756287 -0.014800001867115498 -0.004999988712370396
v 0.009313911199569702 -0.014800001867115498 -0.004999988712370396
f 11833 11834 11835
v 0.009313911199569702 -0.008449998684227467 -0.004999988712370396
v 0.009313911199569702 -0.014800001867115498 -0.004999988712370396
v 0.008750973269343376 -0.010800001211464405 -0.004999988712370396
f 11836 11837 11838
v 0.008750973269343376 -0.010800001211464405 -0.004999988712370396
v 0.009313911199569702 -0.014800001867115498 -0.004999988712370396
v 0.00858350470662117 -0.011425000615417957 -0.004999988712370396
f 11839 11840 11841
v 0.00858350470662117 -0.010175001807510853 -0.004999988712370396
v 0.00812597293406725 -0.009717469103634357 -0.004999988712370396
v 0.009313911199569702 -0.008449998684227467 -0.004999988712370396
f 11842 11843 11844
v 0.009313911199569702 -0.008449998684227467 -0.004999988712370396
v 0.00812597293406725 -0.009717469103634357 -0.004999988712370396
v 0.00750097306445241 -0.0095500024035573 -0.004999988712370396
f 11845 11846 11847
v 0.009313911199569702 -0.008449998684227467 -0.004999988712370396
v 0.00750097306445241 -0.0095500024035573 -0.004999988712370396
v 0.005688061472028494 -0.008449998684227467 -0.004999988712370396
f 11848 11849 11850
v 0.005688061472028494 -0.008449998684227467 -0.004999988712370396
v 0.00750097306445241 -0.0095500024035573 -0.004999988712370396
v 0.00687597319483757 -0.009717469103634357 -0.004999988712370396
f 11851 11852 11853
v 0.005688061472028494 -0.008449998684227467 -0.004999988712370396
v 0.00687597319483757 -0.009717469103634357 -0.004999988712370396
v 0.0064184414222836494 -0.010175001807510853 -0.004999988712370396
f 11854 11855 11856
v 0.0064184414222836494 -0.011425000615417957 -0.004999988712370396
v 0.00687597319483757 -0.011882533319294453 -0.004999988712370396
v 0.005688061472028494 -0.014800001867115498 -0.004999988712370396
f 11857 11858 11859
v 0.005688061472028494 -0.014800001867115498 -0.004999988712370396
v 0.00687597319483757 -0.011882533319294453 -0.004999988712370396
v 0.00750097306445241 -0.01205000001937151 -0.004999988712370396
f 11860 11861 11862
v 0.005688061472028494 -0.014800001867115498 -0.004999988712370396
v 0.00750097306445241 -0.01205000001937151 -0.004999988712370396
v 0.009313911199569702 -0.014800001867115498 -0.004999988712370396
f 11863 11864 11865
v 0.009313911199569702 -0.014800001867115498 -0.004999988712370396
v 0.00750097306445241 -0.01205000001937151 -0.004999988712370396
v 0.00812597293406725 -0.011882533319294453 -0.004999988712370396
f 11866 11867 11868
v 0.009313911199569702 -0.014800001867115498 -0.004999988712370396
v 0.00812597293406725 -0.011882533319294453 -0.004999988712370396
v 0.00858350470662117 -0.011425000615417957 -0.004999988712370396
f 11869 11870 11871
v 0.005688061472028494 0.008449996821582317 -0.004999988712370396
v 0.006250972859561443 0.010799999348819256 -0.004999988712370396
v 0.0064184414222836494 0.010174999944865704 -0.004999988712370396
f 11872 11873 11874
v 0.0064184414222836494 0.010174999944865704 -0.004999988712370396
v 0.00687597319483757 0.009717467240989208 -0.004999988712370396
v 0.005688061472028494 0.008449996821582317 -0.004999988712370396
f 11875 11876 11877
v 0.005688061472028494 0.008449996821582317 -0.004999988712370396
v 0.00687597319483757 0.009717467240989208 -0.004999988712370396
v 0.00750097306445241 0.009550000540912151 -0.004999988712370396
f 11878 11879 11880
v 0.005688061472028494 0.008449996821582317 -0.004999988712370396
v 0.00750097306445241 0.009550000540912151 -0.004999988712370396
v 0.009313911199569702 0.008449996821582317 -0.004999988712370396
f 11881 11882 11883
v 0.009313911199569702 0.008449996821582317 -0.004999988712370396
v 0.00750097306445241 0.009550000540912151 -0.004999988712370396
v 0.00812597293406725 0.009717467240989208 -0.004999988712370396
f 11884 11885 11886
v 0.009313911199569702 0.008449996821582317 -0.004999988712370396
v 0.00812597293406725 0.009717467240989208 -0.004999988712370396
v 0.00858350470662117 0.010174999944865704 -0.004999988712370396
f 11887 11888 11889
v 0.005688061472028494 0.013425002805888653 -0.004999988712370396
v 0.00687597319483757 0.011882531456649303 -0.004999988712370396
v 0.0064184414222836494 0.011424998752772808 -0.004999988712370396
f 11890 11891 11892
v -0.00641649542376399 0.010174999944865704 -0.004999988712370396
v -0.006249026861041784 0.010799999348819256 -0.004999988712370396
v -0.0005529608461074531 0.008449996821582317 -0.004999988712370396
f 11893 11894 11895
v -0.0005529608461074531 0.008449996821582317 -0.004999988712370396
v -0.006249026861041784 0.010799999348819256 -0.004999988712370396
v -0.0005529608461074531 0.013425002805888653 -0.004999988712370396
f 11896 11897 11898
v -0.0005529608461074531 0.008449996821582317 -0.004999988712370396
v -0.0005529608461074531 0.013425002805888653 -0.004999988712370396
v 0.005688061472028494 0.008449996821582317 -0.004999988712370396
f 11899 11900 11901
v 0.005688061472028494 0.008449996821582317 -0.004999988712370396
v -0.0005529608461074531 0.013425002805888653 -0.004999988712370396
v 0.005688061472028494 0.013425002805888653 -0.004999988712370396
f 11902 11903 11904
v 0.005688061472028494 0.008449996821582317 -0.004999988712370396
v 0.005688061472028494 0.013425002805888653 -0.004999988712370396
v 0.006250972859561443 0.010799999348819256 -0.004999988712370396
f 11905 11906 11907
v 0.006250972859561443 0.010799999348819256 -0.004999988712370396
v 0.005688061472028494 0.013425002805888653 -0.004999988712370396
v 0.0064184414222836494 0.011424998752772808 -0.004999988712370396
f 11908 11909 11910
v 0.00858350470662117 0.010174999944865704 -0.004999988712370396
v 0.008750973269343376 0.010799999348819256 -0.004999988712370396
v 0.009313911199569702 0.008449996821582317 -0.004999988712370396
f 11911 11912 11913
v 0.009313911199569702 0.008449996821582317 -0.004999988712370396
v 0.008750973269343376 0.010799999348819256 -0.004999988712370396
v 0.009313911199569702 0.013425002805888653 -0.004999988712370396
f 11914 11915 11916
v 0.009313911199569702 0.008449996821582317 -0.004999988712370396
v 0.009313911199569702 0.013425002805888653 -0.004999988712370396
v 0.030500972643494606 0.011800001375377178 -0.004999988712370396
f 11917 11918 11919
v 0.030500972643494606 0.011800001375377178 -0.004999988712370396
v 0.009313911199569702 0.013425002805888653 -0.004999988712370396
v 0.03027261234819889 0.012948046438395977 -0.004999988712370396
f 11920 11921 11922
v 0.008750973269343376 0.010799999348819256 -0.004999988712370396
v 0.00858350470662117 0.011424998752772808 -0.004999988712370396
v 0.009313911199569702 0.013425002805888653 -0.004999988712370396
f 11923 11924 11925
v 0.009313911199569702 0.013425002805888653 -0.004999988712370396
v 0.00858350470662117 0.011424998752772808 -0.004999988712370396
v 0.00812597293406725 0.011882531456649303 -0.004999988712370396
f 11926 11927 11928
v 0.009313911199569702 0.013425002805888653 -0.004999988712370396
v 0.00812597293406725 0.011882531456649303 -0.004999988712370396
v 0.005688061472028494 0.013425002805888653 -0.004999988712370396
f 11929 11930 11931
v 0.005688061472028494 0.013425002805888653 -0.004999988712370396
v 0.00812597293406725 0.011882531456649303 -0.004999988712370396
v 0.00750097306445241 0.01204999815672636 -0.004999988712370396
f 11932 11933 11934
v 0.005688061472028494 0.013425002805888653 -0.004999988712370396
v 0.00750097306445241 0.01204999815672636 -0.004999988712370396
v 0.00687597319483757 0.011882531456649303 -0.004999988712370396
f 11935 11936 11937
v -0.008147050626575947 0.014571639709174633 -0.004999988712370396
v -0.0069989999756217 0.014800000004470348 -0.004999988712370396
v -0.0005529608461074531 0.013425002805888653 -0.004999988712370396
f 11938 11939 11940
v -0.0005529608461074531 0.013425002805888653 -0.004999988712370396
v -0.0069989999756217 0.014800000004470348 -0.004999988712370396
v -0.0005529608461074531 0.014800000004470348 -0.004999988712370396
f 11941 11942 11943
v -0.0005529608461074531 0.013425002805888653 -0.004999988712370396
v -0.0005529608461074531 0.014800000004470348 -0.004999988712370396
v 0.005688061472028494 0.013425002805888653 -0.004999988712370396
f 11944 11945 11946
v 0.005688061472028494 0.013425002805888653 -0.004999988712370396
v -0.0005529608461074531 0.014800000004470348 -0.004999988712370396
v 0.005688061472028494 0.014800000004470348 -0.004999988712370396
f 11947 11948 11949
v 0.005688061472028494 0.013425002805888653 -0.004999988712370396
v 0.005688061472028494 0.014800000004470348 -0.004999988712370396
v 0.009313911199569702 0.013425002805888653 -0.004999988712370396
f 11950 11951 11952
v 0.009313911199569702 0.013425002805888653 -0.004999988712370396
v 0.005688061472028494 0.014800000004470348 -0.004999988712370396
v 0.009313911199569702 0.014800000004470348 -0.004999988712370396
f 11953 11954 11955
v 0.009313911199569702 0.013425002805888653 -0.004999988712370396
v 0.009313911199569702 0.014800000004470348 -0.004999988712370396
v 0.03027261234819889 0.012948046438395977 -0.004999988712370396
f 11956 11957 11958
v 0.03027261234819889 0.012948046438395977 -0.004999988712370396
v 0.009313911199569702 0.014800000004470348 -0.004999988712370396
v 0.027500972151756287 0.014800000004470348 -0.004999988712370396
f 11959 11960 11961
v 0.03027261234819889 0.012948046438395977 -0.004999988712370396
v 0.027500972151756287 0.014800000004470348 -0.004999988712370396
v 0.029622294008731842 0.013921323232352734 -0.004999988712370396
f 11962 11963 11964
v 0.029622294008731842 0.013921323232352734 -0.004999988712370396
v 0.027500972151756287 0.014800000004470348 -0.004999988712370396
v 0.028649022802710533 0.014571639709174633 -0.004999988712370396
f 11965 11966 11967
v 0.030500972643494606 0.008449996821582317 -0.004999988712370396
v 0.030500972643494606 0.011800001375377178 -0.004999988712370396
v 0.030500972643494606 0.011800001375377178 6.356975390531261e-09
f 11968 11969 11970
v 0.030500972643494606 -0.011800003238022327 6.356975390531261e-09
v 0.030500972643494606 -0.011800003238022327 -0.004999988712370396
v 0.030500972643494606 -0.008449998684227467 -0.004999988712370396
f 11971 11972 11973
v 0.030500972643494606 -0.011800003238022327 6.356975390531261e-09
v 0.030500972643494606 -0.008449998684227467 -0.004999988712370396
v 0.030500972643494606 0.011800001375377178 6.356975390531261e-09
f 11974 11975 11976
v 0.030500972643494606 0.011800001375377178 6.356975390531261e-09
v 0.030500972643494606 -0.008449998684227467 -0.004999988712370396
v 0.030500972643494606 3.0322389044101783e-09 -0.004999988712370396
f 11977 11978 11979
v 0.030500972643494606 0.011800001375377178 6.356975390531261e-09
v 0.030500972643494606 3.0322389044101783e-09 -0.004999988712370396
v 0.030500972643494606 0.008449996821582317 -0.004999988712370396
f 11980 11981 11982
v 0.017172057181596756 0.0008249983657151461 0.004000014625489712
v 0.015783166512846947 0.0011671811807900667 0.004000014625489712
v 0.016951000317931175 3.0322389044101783e-09 0.004000014625489712
f 11983 11984 11985
v 0.016951000317931175 3.0322389044101783e-09 0.004000014625489712
v 0.015783166512846947 0.0011671811807900667 0.004000014625489712
v 0.015550999902188778 3.0322389044101783e-09 0.004000014625489712
f 11986 11987 11988
v 0.016951000317931175 3.0322389044101783e-09 0.004000014625489712
v 0.015550999902188778 3.0322389044101783e-09 0.004000014625489712
v 0.017172057181596756 -0.000824999762699008 0.004000014625489712
f 11989 11990 11991
v 0.017172057181596756 -0.000824999762699008 0.004000014625489712
v 0.015550999902188778 3.0322389044101783e-09 0.004000014625489712
v 0.015783166512846947 -0.0011671825777739286 0.004000014625489712
f 11992 11993 11994
v 0.017172057181596756 -0.000824999762699008 0.004000014625489712
v 0.015783166512846947 -0.0011671825777739286 0.004000014625489712
v 0.017775999382138252 -0.0014289438258856535 0.004000014625489712
f 11995 11996 11997
v 0.020209630951285362 0.0003671601880341768 0.004000014625489712
v 0.02141883224248886 0.0011671811807900667 0.004000014625489712
v 0.01989102177321911 0.001028756843879819 0.004000014625489712
f 11998 11999 12000
v 0.01989102177321911 0.001028756843879819 0.004000014625489712
v 0.02141883224248886 0.0011671811807900667 0.004000014625489712
v 0.020757675170898438 0.0021566778887063265 0.004000014625489712
f 12001 12002 12003
v 0.01989102177321911 0.001028756843879819 0.004000014625489712
v 0.020757675170898438 0.0021566778887063265 0.004000014625489712
v 0.019316907972097397 0.0014865950215607882 0.004000014625489712
f 12004 12005 12006
v 0.019316907972097397 0.0014865950215607882 0.004000014625489712
v 0.020757675170898438 0.0021566778887063265 0.004000014625489712
v 0.019768184050917625 0.00281783496029675 0.004000014625489712
f 12007 12008 12009
v 0.019316907972097397 0.0014865950215607882 0.004000014625489712
v 0.019768184050917625 0.00281783496029675 0.004000014625489712
v 0.01860100030899048 0.0016500011552125216 0.004000014625489712
f 12010 12011 12012
v 0.01860100030899048 0.0016500011552125216 0.004000014625489712
v 0.019768184050917625 0.00281783496029675 0.004000014625489712
v 0.01860100030899048 0.0030500025022774935 0.004000014625489712
f 12013 12014 12015
v 0.01860100030899048 0.0016500011552125216 0.004000014625489712
v 0.01860100030899048 0.0030500025022774935 0.004000014625489712
v 0.017775999382138252 0.0014289424289017916 0.004000014625489712
f 12016 12017 12018
v 0.017775999382138252 0.0014289424289017916 0.004000014625489712
v 0.01860100030899048 0.0030500025022774935 0.004000014625489712
v 0.017433814704418182 0.00281783496029675 0.004000014625489712
f 12019 12020 12021
v 0.017775999382138252 0.0014289424289017916 0.004000014625489712
v 0.017433814704418182 0.00281783496029675 0.004000014625489712
v 0.017172057181596756 0.0008249983657151461 0.004000014625489712
f 12022 12023 12024
v 0.017172057181596756 0.0008249983657151461 0.004000014625489712
v 0.017433814704418182 0.00281783496029675 0.004000014625489712
v 0.01644432358443737 0.0021566778887063265 0.004000014625489712
f 12025 12026 12027
v 0.017172057181596756 0.0008249983657151461 0.004000014625489712
v 0.01644432358443737 0.0021566778887063265 0.004000014625489712
v 0.015783166512846947 0.0011671811807900667 0.004000014625489712
f 12028 12029 12030
v 0.015783166512846947 -0.0011671825777739286 0.004000014625489712
v 0.01644432358443737 -0.0021566792856901884 0.004000014625489712
v 0.017775999382138252 -0.0014289438258856535 0.004000014625489712
f 12031 12032 12033
v 0.017775999382138252 -0.0014289438258856535 0.004000014625489712
v 0.01644432358443737 -0.0021566792856901884 0.004000014625489712
v 0.017433814704418182 -0.002817828906700015 0.004000014625489712
f 12034 12035 12036
v 0.017775999382138252 -0.0014289438258856535 0.004000014625489712
v 0.017433814704418182 -0.002817828906700015 0.004000014625489712
v 0.01860100030899048 -0.0016500025521963835 0.004000014625489712
f 12037 12038 12039
v 0.01860100030899048 -0.0016500025521963835 0.004000014625489712
v 0.017433814704418182 -0.002817828906700015 0.004000014625489712
v 0.01860100030899048 -0.0030499964486807585 0.004000014625489712
f 12040 12041 12042
v 0.01860100030899048 -0.0016500025521963835 0.004000014625489712
v 0.01860100030899048 -0.0030499964486807585 0.004000014625489712
v 0.019316907972097397 -0.00148659641854465 0.004000014625489712
f 12043 12044 12045
v 0.019316907972097397 -0.00148659641854465 0.004000014625489712
v 0.01860100030899048 -0.0030499964486807585 0.004000014625489712
v 0.019768184050917625 -0.002817828906700015 0.004000014625489712
f 12046 12047 12048
v 0.019316907972097397 -0.00148659641854465 0.004000014625489712
v 0.019768184050917625 -0.002817828906700015 0.004000014625489712
v 0.01989102177321911 -0.0010287582408636808 0.004000014625489712
f 12049 12050 12051
v 0.01989102177321911 -0.0010287582408636808 0.004000014625489712
v 0.019768184050917625 -0.002817828906700015 0.004000014625489712
v 0.020757675170898438 -0.0021566792856901884 0.004000014625489712
f 12052 12053 12054
v 0.01989102177321911 -0.0010287582408636808 0.004000014625489712
v 0.020757675170898438 -0.0021566792856901884 0.004000014625489712
v 0.020209630951285362 -0.00036716158501803875 0.004000014625489712
f 12055 12056 12057
v 0.020209630951285362 -0.00036716158501803875 0.004000014625489712
v 0.020757675170898438 -0.0021566792856901884 0.004000014625489712
v 0.02141883224248886 -0.0011671825777739286 0.004000014625489712
f 12058 12059 12060
v 0.020209630951285362 -0.00036716158501803875 0.004000014625489712
v 0.02141883224248886 -0.0011671825777739286 0.004000014625489712
v 0.020209630951285362 0.0003671601880341768 0.004000014625489712
f 12061 12062 12063
v 0.020209630951285362 0.0003671601880341768 0.004000014625489712
v 0.02141883224248886 -0.0011671825777739286 0.004000014625489712
v 0.021650999784469604 3.0322389044101783e-09 0.004000014625489712
f 12064 12065 12066
v 0.020209630951285362 0.0003671601880341768 0.004000014625489712
v 0.021650999784469604 3.0322389044101783e-09 0.004000014625489712
v 0.02141883224248886 0.0011671811807900667 0.004000014625489712
f 12067 12068 12069
v 0.020209630951285362 0.0003671601880341768 6.356975390531261e-09
v 0.01989102177321911 0.001028756843879819 6.356975390531261e-09
v 0.020209630951285362 -0.00036716158501803875 6.356975390531261e-09
f 12070 12071 12072
v 0.020209630951285362 -0.00036716158501803875 6.356975390531261e-09
v 0.01989102177321911 0.001028756843879819 6.356975390531261e-09
v 0.017172057181596756 -0.000824999762699008 6.356975390531261e-09
f 12073 12074 12075
v 0.01989102177321911 -0.0010287582408636808 6.356975390531261e-09
v 0.020209630951285362 -0.00036716158501803875 6.356975390531261e-09
v 0.019316907972097397 -0.00148659641854465 6.356975390531261e-09
f 12076 12077 12078
v 0.019316907972097397 -0.00148659641854465 6.356975390531261e-09
v 0.020209630951285362 -0.00036716158501803875 6.356975390531261e-09
v 0.017172057181596756 -0.000824999762699008 6.356975390531261e-09
f 12079 12080 12081
v 0.019316907972097397 -0.00148659641854465 6.356975390531261e-09
v 0.017172057181596756 -0.000824999762699008 6.356975390531261e-09
v 0.01860100030899048 -0.0016500025521963835 6.356975390531261e-09
f 12082 12083 12084
v 0.01860100030899048 -0.0016500025521963835 6.356975390531261e-09
v 0.017172057181596756 -0.000824999762699008 6.356975390531261e-09
v 0.017775999382138252 -0.0014289438258856535 6.356975390531261e-09
f 12085 12086 12087
v 0.01860100030899048 0.0016500011552125216 6.356975390531261e-09
v 0.017775999382138252 0.0014289424289017916 6.356975390531261e-09
v 0.017172057181596756 0.0008249983657151461 6.356975390531261e-09
f 12088 12089 12090
v 0.01989102177321911 0.001028756843879819 6.356975390531261e-09
v 0.019316907972097397 0.0014865950215607882 6.356975390531261e-09
v 0.017172057181596756 -0.000824999762699008 6.356975390531261e-09
f 12091 12092 12093
v 0.017172057181596756 -0.000824999762699008 6.356975390531261e-09
v 0.019316907972097397 0.0014865950215607882 6.356975390531261e-09
v 0.01860100030899048 0.0016500011552125216 6.356975390531261e-09
f 12094 12095 12096
v 0.017172057181596756 -0.000824999762699008 6.356975390531261e-09
v 0.01860100030899048 0.0016500011552125216 6.356975390531261e-09
v 0.016951000317931175 3.0322389044101783e-09 6.356975390531261e-09
f 12097 12098 12099
v 0.016951000317931175 3.0322389044101783e-09 6.356975390531261e-09
v 0.01860100030899048 0.0016500011552125216 6.356975390531261e-09
v 0.017172057181596756 0.0008249983657151461 6.356975390531261e-09
f 12100 12101 12102
v 0.020757675170898438 0.0021566778887063265 0.00500000175088644
v 0.021246032789349556 0.0036405727732926607 0.00500000175088644
v 0.019768184050917625 0.00281783496029675 0.00500000175088644
f 12103 12104 12105
v 0.019768184050917625 0.00281783496029675 0.00500000175088644
v 0.021246032789349556 0.0036405727732926607 0.00500000175088644
v 0.019991576671600342 0.004279750864952803 0.00500000175088644
f 12106 12107 12108
v 0.019768184050917625 0.00281783496029675 0.00500000175088644
v 0.019991576671600342 0.004279750864952803 0.00500000175088644
v 0.01860100030899048 0.0030500025022774935 0.00500000175088644
f 12109 12110 12111
v 0.01860100030899048 0.0030500025022774935 0.00500000175088644
v 0.019991576671600342 0.004279750864952803 0.00500000175088644
v 0.01860100030899048 0.004499997477978468 0.00500000175088644
f 12112 12113 12114
v 0.01860100030899048 0.0030500025022774935 0.00500000175088644
v 0.01860100030899048 0.004499997477978468 0.00500000175088644
v 0.017433814704418182 0.00281783496029675 0.00500000175088644
f 12115 12116 12117
v 0.017433814704418182 0.00281783496029675 0.00500000175088644
v 0.01860100030899048 0.004499997477978468 0.00500000175088644
v 0.017210423946380615 0.004279750864952803 0.00500000175088644
f 12118 12119 12120
v 0.017433814704418182 0.00281783496029675 0.00500000175088644
v 0.017210423946380615 0.004279750864952803 0.00500000175088644
v 0.01644432358443737 0.0021566778887063265 0.00500000175088644
f 12121 12122 12123
v 0.015783166512846947 -0.0011671825777739286 0.00500000175088644
v 0.014960423111915588 -0.0026450350414961576 0.00500000175088644
v 0.01644432358443737 -0.0021566792856901884 0.00500000175088644
f 12124 12125 12126
v 0.01644432358443737 -0.0021566792856901884 0.00500000175088644
v 0.014960423111915588 -0.0026450350414961576 0.00500000175088644
v 0.015955965965986252 -0.0036405741702765226 0.00500000175088644
f 12127 12128 12129
v 0.01644432358443737 -0.0021566792856901884 0.00500000175088644
v 0.015955965965986252 -0.0036405741702765226 0.00500000175088644
v 0.017433814704418182 -0.002817828906700015 0.00500000175088644
f 12130 12131 12132
v 0.017433814704418182 -0.002817828906700015 0.00500000175088644
v 0.015955965965986252 -0.0036405741702765226 0.00500000175088644
v 0.017210423946380615 -0.004279751796275377 0.00500000175088644
f 12133 12134 12135
v 0.017433814704418182 -0.002817828906700015 0.00500000175088644
v 0.017210423946380615 -0.004279751796275377 0.00500000175088644
v 0.01860100030899048 -0.0030499964486807585 0.00500000175088644
f 12136 12137 12138
v 0.01860100030899048 -0.0030499964486807585 0.00500000175088644
v 0.017210423946380615 -0.004279751796275377 0.00500000175088644
v 0.01860100030899048 -0.0044999984093010426 0.00500000175088644
f 12139 12140 12141
v 0.01860100030899048 -0.0030499964486807585 0.00500000175088644
v 0.01860100030899048 -0.0044999984093010426 0.00500000175088644
v 0.019768184050917625 -0.002817828906700015 0.00500000175088644
f 12142 12143 12144
v 0.019768184050917625 -0.002817828906700015 0.00500000175088644
v 0.01860100030899048 -0.0044999984093010426 0.00500000175088644
v 0.019991576671600342 -0.004279751796275377 0.00500000175088644
f 12145 12146 12147
v 0.019768184050917625 -0.002817828906700015 0.00500000175088644
v 0.019991576671600342 -0.004279751796275377 0.00500000175088644
v 0.020757675170898438 -0.0021566792856901884 0.00500000175088644
f 12148 12149 12150
v 0.017210423946380615 0.004279750864952803 0.00500000175088644
v 0.015955965965986252 0.0036405727732926607 0.00500000175088644
v 0.01644432358443737 0.0021566778887063265 0.00500000175088644
f 12151 12152 12153
v 0.01644432358443737 0.0021566778887063265 0.00500000175088644
v 0.015955965965986252 0.0036405727732926607 0.00500000175088644
v 0.014960423111915588 0.0026450336445122957 0.00500000175088644
f 12154 12155 12156
v 0.01644432358443737 0.0021566778887063265 0.00500000175088644
v 0.014960423111915588 0.0026450336445122957 0.00500000175088644
v 0.015783166512846947 0.0011671811807900667 0.00500000175088644
f 12157 12158 12159
v 0.015783166512846947 0.0011671811807900667 0.00500000175088644
v 0.014960423111915588 0.0026450336445122957 0.00500000175088644
v 0.01432124525308609 0.0013905793894082308 0.00500000175088644
f 12160 12161 12162
v 0.015783166512846947 0.0011671811807900667 0.00500000175088644
v 0.01432124525308609 0.0013905793894082308 0.00500000175088644
v 0.015550999902188778 3.0322389044101783e-09 0.00500000175088644
f 12163 12164 12165
v 0.015550999902188778 3.0322389044101783e-09 0.00500000175088644
v 0.01432124525308609 0.0013905793894082308 0.00500000175088644
v 0.014100999571383 3.0322389044101783e-09 0.00500000175088644
f 12166 12167 12168
v 0.015550999902188778 3.0322389044101783e-09 0.00500000175088644
v 0.014100999571383 3.0322389044101783e-09 0.00500000175088644
v 0.015783166512846947 -0.0011671825777739286 0.00500000175088644
f 12169 12170 12171
v 0.015783166512846947 -0.0011671825777739286 0.00500000175088644
v 0.014100999571383 3.0322389044101783e-09 0.00500000175088644
v 0.01432124525308609 -0.0013905733358114958 0.00500000175088644
f 12172 12173 12174
v 0.015783166512846947 -0.0011671825777739286 0.00500000175088644
v 0.01432124525308609 -0.0013905733358114958 0.00500000175088644
v 0.014960423111915588 -0.0026450350414961576 0.00500000175088644
f 12175 12176 12177
v 0.019991576671600342 -0.004279751796275377 0.00500000175088644
v 0.021246032789349556 -0.0036405741702765226 0.00500000175088644
v 0.020757675170898438 -0.0021566792856901884 0.00500000175088644
f 12178 12179 12180
v 0.020757675170898438 -0.0021566792856901884 0.00500000175088644
v 0.021246032789349556 -0.0036405741702765226 0.00500000175088644
v 0.02224157564342022 -0.0026450350414961576 0.00500000175088644
f 12181 12182 12183
v 0.020757675170898438 -0.0021566792856901884 0.00500000175088644
v 0.02224157564342022 -0.0026450350414961576 0.00500000175088644
v 0.02141883224248886 -0.0011671825777739286 0.00500000175088644
f 12184 12185 12186
v 0.02141883224248886 -0.0011671825777739286 0.00500000175088644
v 0.02224157564342022 -0.0026450350414961576 0.00500000175088644
v 0.022880753502249718 -0.0013905733358114958 0.00500000175088644
f 12187 12188 12189
v 0.02141883224248886 -0.0011671825777739286 0.00500000175088644
v 0.022880753502249718 -0.0013905733358114958 0.00500000175088644
v 0.021650999784469604 3.0322389044101783e-09 0.00500000175088644
f 12190 12191 12192
v 0.021650999784469604 3.0322389044101783e-09 0.00500000175088644
v 0.022880753502249718 -0.0013905733358114958 0.00500000175088644
v 0.023101000115275383 3.0322389044101783e-09 0.00500000175088644
f 12193 12194 12195
v 0.021650999784469604 3.0322389044101783e-09 0.00500000175088644
v 0.023101000115275383 3.0322389044101783e-09 0.00500000175088644
v 0.02141883224248886 0.0011671811807900667 0.00500000175088644
f 12196 12197 12198
v 0.02141883224248886 0.0011671811807900667 0.00500000175088644
v 0.023101000115275383 3.0322389044101783e-09 0.00500000175088644
v 0.022880753502249718 0.0013905793894082308 0.00500000175088644
f 12199 12200 12201
v 0.02141883224248886 0.0011671811807900667 0.00500000175088644
v 0.022880753502249718 0.0013905793894082308 0.00500000175088644
v 0.020757675170898438 0.0021566778887063265 0.00500000175088644
f 12202 12203 12204
v 0.020757675170898438 0.0021566778887063265 0.00500000175088644
v 0.022880753502249718 0.0013905793894082308 0.00500000175088644
v 0.02224157564342022 0.0026450336445122957 0.00500000175088644
f 12205 12206 12207
v 0.020757675170898438 0.0021566778887063265 0.00500000175088644
v 0.02224157564342022 0.0026450336445122957 0.00500000175088644
v 0.021246032789349556 0.0036405727732926607 0.00500000175088644
f 12208 12209 12210
v -0.007499000057578087 -0.002649997128173709 -0.0030000146944075823
v -0.007499000057578087 -0.002649997128173709 -0.004999988712370396
v -0.006479373201727867 -0.0028827234636992216 -0.0030000146944075823
f 12211 12212 12213
v -0.006479373201727867 -0.0028827234636992216 -0.0030000146944075823
v -0.007499000057578087 -0.002649997128173709 -0.004999988712370396
v -0.006479373201727867 -0.0028827234636992216 -0.004999988712370396
f 12214 12215 12216
v -0.006479373201727867 -0.0028827234636992216 -0.0030000146944075823
v -0.006479373201727867 -0.0028827234636992216 -0.004999988712370396
v -0.005661696195602417 -0.003534798277541995 -0.0030000146944075823
f 12217 12218 12219
v -0.005661696195602417 -0.003534798277541995 -0.0030000146944075823
v -0.006479373201727867 -0.0028827234636992216 -0.004999988712370396
v -0.005661696195602417 -0.003534798277541995 -0.004999988712370396
f 12220 12221 12222
v -0.005661696195602417 -0.003534798277541995 -0.0030000146944075823
v -0.005661696195602417 -0.003534798277541995 -0.004999988712370396
v -0.005207919515669346 -0.004477072972804308 -0.0030000146944075823
f 12223 12224 12225
v -0.005207919515669346 -0.004477072972804308 -0.0030000146944075823
v -0.005661696195602417 -0.003534798277541995 -0.004999988712370396
v -0.005207919515669346 -0.004477072972804308 -0.004999988712370396
f 12226 12227 12228
v -0.005207919515669346 -0.004477072972804308 -0.0030000146944075823
v -0.005207919515669346 -0.004477072972804308 -0.004999988712370396
v -0.005207919515669346 -0.0055229258723556995 -0.0030000146944075823
f 12229 12230 12231
v -0.005207919515669346 -0.0055229258723556995 -0.0030000146944075823
v -0.005207919515669346 -0.004477072972804308 -0.004999988712370396
v -0.005207919515669346 -0.0055229258723556995 -0.004999988712370396
f 12232 12233 12234
v -0.005207919515669346 -0.0055229258723556995 -0.0030000146944075823
v -0.005207919515669346 -0.0055229258723556995 -0.004999988712370396
v -0.005661696195602417 -0.006465200800448656 -0.0030000146944075823
f 12235 12236 12237
v -0.005661696195602417 -0.006465200800448656 -0.0030000146944075823
v -0.005207919515669346 -0.0055229258723556995 -0.004999988712370396
v -0.005661696195602417 -0.006465200800448656 -0.004999988712370396
f 12238 12239 12240
v -0.005661696195602417 -0.006465200800448656 -0.0030000146944075823
v -0.005661696195602417 -0.006465200800448656 -0.004999988712370396
v -0.006479373201727867 -0.0071172756142914295 -0.0030000146944075823
f 12241 12242 12243
v -0.006479373201727867 -0.0071172756142914295 -0.0030000146944075823
v -0.005661696195602417 -0.006465200800448656 -0.004999988712370396
v -0.006479373201727867 -0.0071172756142914295 -0.004999988712370396
f 12244 12245 12246
v -0.006479373201727867 -0.0071172756142914295 -0.0030000146944075823
v -0.006479373201727867 -0.0071172756142914295 -0.004999988712370396
v -0.007499000057578087 -0.007350001949816942 -0.0030000146944075823
f 12247 12248 12249
v -0.007499000057578087 -0.007350001949816942 -0.0030000146944075823
v -0.006479373201727867 -0.0071172756142914295 -0.004999988712370396
v -0.007499000057578087 -0.007350001949816942 -0.004999988712370396
f 12250 12251 12252
v -0.007499000057578087 0.007350001018494368 -0.0030000146944075823
v -0.007499000057578087 0.007350001018494368 -0.004999988712370396
v -0.006479373201727867 0.007117274682968855 -0.0030000146944075823
f 12253 12254 12255
v -0.006479373201727867 0.007117274682968855 -0.0030000146944075823
v -0.007499000057578087 0.007350001018494368 -0.004999988712370396
v -0.006479373201727867 0.007117274682968855 -0.004999988712370396
f 12256 12257 12258
v -0.006479373201727867 0.007117274682968855 -0.0030000146944075823
v -0.006479373201727867 0.007117274682968855 -0.004999988712370396
v -0.005661696195602417 0.0064651998691260815 -0.0030000146944075823
f 12259 12260 12261
v -0.005661696195602417 0.0064651998691260815 -0.0030000146944075823
v -0.006479373201727867 0.007117274682968855 -0.004999988712370396
v -0.005661696195602417 0.0064651998691260815 -0.004999988712370396
f 12262 12263 12264
v -0.005661696195602417 0.0064651998691260815 -0.0030000146944075823
v -0.005661696195602417 0.0064651998691260815 -0.004999988712370396
v -0.005207919515669346 0.005522924941033125 -0.0030000146944075823
f 12265 12266 12267
v -0.005207919515669346 0.005522924941033125 -0.0030000146944075823
v -0.005661696195602417 0.0064651998691260815 -0.004999988712370396
v -0.005207919515669346 0.005522924941033125 -0.004999988712370396
f 12268 12269 12270
v -0.005207919515669346 0.005522924941033125 -0.0030000146944075823
v -0.005207919515669346 0.005522924941033125 -0.004999988712370396
v -0.005207919515669346 0.00447707949206233 -0.0030000146944075823
f 12271 12272 12273
v -0.005207919515669346 0.00447707949206233 -0.0030000146944075823
v -0.005207919515669346 0.005522924941033125 -0.004999988712370396
v -0.005207919515669346 0.00447707949206233 -0.004999988712370396
f 12274 12275 12276
v -0.005207919515669346 0.00447707949206233 -0.0030000146944075823
v -0.005207919515669346 0.00447707949206233 -0.004999988712370396
v -0.005661696195602417 0.003534796880558133 -0.0030000146944075823
f 12277 12278 12279
v -0.005661696195602417 0.003534796880558133 -0.0030000146944075823
v -0.005207919515669346 0.00447707949206233 -0.004999988712370396
v -0.005661696195602417 0.003534796880558133 -0.004999988712370396
f 12280 12281 12282
v -0.005661696195602417 0.003534796880558133 -0.0030000146944075823
v -0.005661696195602417 0.003534796880558133 -0.004999988712370396
v -0.006479373201727867 0.0028827220667153597 -0.0030000146944075823
f 12283 12284 12285
v -0.006479373201727867 0.0028827220667153597 -0.0030000146944075823
v -0.005661696195602417 0.003534796880558133 -0.004999988712370396
v -0.006479373201727867 0.0028827220667153597 -0.004999988712370396
f 12286 12287 12288
v -0.006479373201727867 0.0028827220667153597 -0.0030000146944075823
v -0.006479373201727867 0.0028827220667153597 -0.004999988712370396
v -0.007499000057578087 0.002650003181770444 -0.0030000146944075823
f 12289 12290 12291
v -0.007499000057578087 0.002650003181770444 -0.0030000146944075823
v -0.006479373201727867 0.0028827220667153597 -0.004999988712370396
v -0.007499000057578087 0.002650003181770444 -0.004999988712370396
f 12292 12293 12294
v 0.010100999847054482 -0.013424997217953205 6.356975390531261e-09
v 0.010100999847054482 -0.008124996908009052 6.356975390531261e-09
v 0.008986580185592175 -0.008124996908009052 6.356975390531261e-09
f 12295 12296 12297
v 0.010100999847054482 0.0081250024959445 6.356975390531261e-09
v 0.010100999847054482 0.014800000004470348 6.356975390531261e-09
v 0.008986580185592175 0.014800000004470348 6.356975390531261e-09
f 12298 12299 12300
v -0.008348999544978142 -0.006472241599112749 6.356975390531261e-09
v -0.008971243165433407 -0.005849998909980059 6.356975390531261e-09
v -0.008984606713056564 -0.008124996908009052 6.356975390531261e-09
f 12301 12302 12303
v 0.008351000025868416 0.0064722406677901745 6.356975390531261e-09
v 0.008973243646323681 0.005849997978657484 6.356975390531261e-09
v 0.008986580185592175 0.0081250024959445 6.356975390531261e-09
f 12304 12305 12306
v -0.00641649542376399 0.011424998752772808 6.356975390531261e-09
v -0.006249026861041784 0.010799999348819256 6.356975390531261e-09
v 9.999987469200278e-07 0.0081250024959445 6.356975390531261e-09
f 12307 12308 12309
v -0.009120319969952106 -0.013921317644417286 6.356975390531261e-09
v -0.008147050626575947 -0.014571641571819782 6.356975390531261e-09
v -0.008984606713056564 -0.013424997217953205 6.356975390531261e-09
f 12310 12311 12312
v -0.008984606713056564 -0.013424997217953205 6.356975390531261e-09
v -0.008147050626575947 -0.014571641571819782 6.356975390531261e-09
v -0.0069989999756217 -0.014800001867115498 6.356975390531261e-09
f 12313 12314 12315
v -0.008984606713056564 -0.013424997217953205 6.356975390531261e-09
v -0.0069989999756217 -0.014800001867115498 6.356975390531261e-09
v 9.999987469200278e-07 -0.013424997217953205 6.356975390531261e-09
f 12316 12317 12318
v -0.00999900046736002 -0.008124996908009052 6.356975390531261e-09
v -0.00999900046736002 -0.011800003238022327 6.356975390531261e-09
v -0.008984606713056564 -0.013424997217953205 6.356975390531261e-09
f 12319 12320 12321
v -0.008984606713056564 -0.013424997217953205 6.356975390531261e-09
v -0.00999900046736002 -0.011800003238022327 6.356975390531261e-09
v -0.009770638309419155 -0.012948048301041126 6.356975390531261e-09
f 12322 12323 12324
v -0.008984606713056564 -0.013424997217953205 6.356975390531261e-09
v -0.009770638309419155 -0.012948048301041126 6.356975390531261e-09
v -0.009120319969952106 -0.013921317644417286 6.356975390531261e-09
f 12325 12326 12327
v -0.009120319969952106 0.013921323232352734 6.356975390531261e-09
v -0.009770638309419155 0.012948046438395977 6.356975390531261e-09
v -0.008984606713056564 0.0081250024959445 6.356975390531261e-09
f 12328 12329 12330
v -0.008984606713056564 0.0081250024959445 6.356975390531261e-09
v -0.009770638309419155 0.012948046438395977 6.356975390531261e-09
v -0.00999900046736002 0.011800001375377178 6.356975390531261e-09
f 12331 12332 12333
v -0.008984606713056564 0.0081250024959445 6.356975390531261e-09
v -0.00999900046736002 0.011800001375377178 6.356975390531261e-09
v -0.00999900046736002 0.0081250024959445 6.356975390531261e-09
f 12334 12335 12336
v -0.006249026861041784 0.010799999348819256 6.356975390531261e-09
v -0.00641649542376399 0.010174999944865704 6.356975390531261e-09
v 9.999987469200278e-07 0.0081250024959445 6.356975390531261e-09
f 12337 12338 12339
v 9.999987469200278e-07 0.0081250024959445 6.356975390531261e-09
v -0.00641649542376399 0.010174999944865704 6.356975390531261e-09
v -0.006874027196317911 0.009717467240989208 6.356975390531261e-09
f 12340 12341 12342
v 9.999987469200278e-07 0.0081250024959445 6.356975390531261e-09
v -0.006874027196317911 0.009717467240989208 6.356975390531261e-09
v -0.008984606713056564 0.0081250024959445 6.356975390531261e-09
f 12343 12344 12345
v -0.008984606713056564 0.0081250024959445 6.356975390531261e-09
v -0.006874027196317911 0.009717467240989208 6.356975390531261e-09
v -0.007499027065932751 0.009550000540912151 6.356975390531261e-09
f 12346 12347 12348
v -0.008984606713056564 0.0081250024959445 6.356975390531261e-09
v -0.007499027065932751 0.009550000540912151 6.356975390531261e-09
v -0.008124027401208878 0.009717467240989208 6.356975390531261e-09
f 12349 12350 12351
v -0.009120319969952106 0.013921323232352734 6.356975390531261e-09
v -0.008124027401208878 0.011882531456649303 6.356975390531261e-09
v -0.008147050626575947 0.014571639709174633 6.356975390531261e-09
f 12352 12353 12354
v -0.008147050626575947 0.014571639709174633 6.356975390531261e-09
v -0.008124027401208878 0.011882531456649303 6.356975390531261e-09
v -0.007499027065932751 0.01204999815672636 6.356975390531261e-09
f 12355 12356 12357
v -0.008147050626575947 0.014571639709174633 6.356975390531261e-09
v -0.007499027065932751 0.01204999815672636 6.356975390531261e-09
v -0.0069989999756217 0.014800000004470348 6.356975390531261e-09
f 12358 12359 12360
v -0.0069989999756217 0.014800000004470348 6.356975390531261e-09
v -0.007499027065932751 0.01204999815672636 6.356975390531261e-09
v -0.006874027196317911 0.011882531456649303 6.356975390531261e-09
f 12361 12362 12363
v -0.0069989999756217 0.014800000004470348 6.356975390531261e-09
v -0.006874027196317911 0.011882531456649303 6.356975390531261e-09
v 9.999987469200278e-07 0.014800000004470348 6.356975390531261e-09
f 12364 12365 12366
v 9.999987469200278e-07 0.014800000004470348 6.356975390531261e-09
v -0.006874027196317911 0.011882531456649303 6.356975390531261e-09
v -0.00641649542376399 0.011424998752772808 6.356975390531261e-09
f 12367 12368 12369
v -0.008124027401208878 0.009717467240989208 6.356975390531261e-09
v -0.008581559173762798 0.010174999944865704 6.356975390531261e-09
v -0.008984606713056564 0.0081250024959445 6.356975390531261e-09
f 12370 12371 12372
v -0.008984606713056564 0.0081250024959445 6.356975390531261e-09
v -0.008581559173762798 0.010174999944865704 6.356975390531261e-09
v -0.00874902680516243 0.010799999348819256 6.356975390531261e-09
f 12373 12374 12375
v -0.008984606713056564 0.0081250024959445 6.356975390531261e-09
v -0.00874902680516243 0.010799999348819256 6.356975390531261e-09
v -0.009120319969952106 0.013921323232352734 6.356975390531261e-09
f 12376 12377 12378
v -0.009120319969952106 0.013921323232352734 6.356975390531261e-09
v -0.00874902680516243 0.010799999348819256 6.356975390531261e-09
v -0.008581559173762798 0.011424998752772808 6.356975390531261e-09
f 12379 12380 12381
v -0.009120319969952106 0.013921323232352734 6.356975390531261e-09
v -0.008581559173762798 0.011424998752772808 6.356975390531261e-09
v -0.008124027401208878 0.011882531456649303 6.356975390531261e-09
f 12382 12383 12384
v -0.008984606713056564 0.0081250024959445 6.356975390531261e-09
v -0.007499000057578087 0.006699997466057539 6.356975390531261e-09
v 9.999987469200278e-07 0.0081250024959445 6.356975390531261e-09
f 12385 12386 12387
v 9.999987469200278e-07 0.0081250024959445 6.356975390531261e-09
v -0.007499000057578087 0.006699997466057539 6.356975390531261e-09
v -0.006761397700756788 0.006531644146889448 6.356975390531261e-09
f 12388 12389 12390
v 9.999987469200278e-07 0.0081250024959445 6.356975390531261e-09
v -0.006761397700756788 0.006531644146889448 6.356975390531261e-09
v -0.006169886328279972 0.006059932988137007 6.356975390531261e-09
f 12391 12392 12393
v -0.005841622594743967 0.005378286819905043 6.356975390531261e-09
v -0.005841622594743967 0.0046217176131904125 6.356975390531261e-09
v 9.999987469200278e-07 3.0322389044101783e-09 6.356975390531261e-09
f 12394 12395 12396
v 9.999987469200278e-07 3.0322389044101783e-09 6.356975390531261e-09
v -0.005841622594743967 0.0046217176131904125 6.356975390531261e-09
v -0.006169886328279972 0.0039400639943778515 6.356975390531261e-09
f 12397 12398 12399
v 9.999987469200278e-07 3.0322389044101783e-09 6.356975390531261e-09
v -0.006169886328279972 0.0039400639943778515 6.356975390531261e-09
v -0.006761397700756788 0.0034683526027947664 6.356975390531261e-09
f 12400 12401 12402
v -0.007499000057578087 0.0032999992836266756 6.356975390531261e-09
v -0.008348999544978142 0.00352775608189404 6.356975390531261e-09
v -0.008984606713056564 3.0322389044101783e-09 6.356975390531261e-09
f 12403 12404 12405
v -0.008984606713056564 3.0322389044101783e-09 6.356975390531261e-09
v -0.008348999544978142 0.00352775608189404 6.356975390531261e-09
v -0.008971243165433407 0.004149999003857374 6.356975390531261e-09
f 12406 12407 12408
v -0.008984606713056564 3.0322389044101783e-09 6.356975390531261e-09
v -0.008971243165433407 0.004149999003857374 6.356975390531261e-09
v -0.00999900046736002 3.0322389044101783e-09 6.356975390531261e-09
f 12409 12410 12411
v -0.00999900046736002 3.0322389044101783e-09 6.356975390531261e-09
v -0.008971243165433407 0.004149999003857374 6.356975390531261e-09
v -0.009198999963700771 0.004999998491257429 6.356975390531261e-09
f 12412 12413 12414
v -0.00999900046736002 3.0322389044101783e-09 6.356975390531261e-09
v -0.009198999963700771 0.004999998491257429 6.356975390531261e-09
v -0.00999900046736002 0.0081250024959445 6.356975390531261e-09
f 12415 12416 12417
v -0.00999900046736002 0.0081250024959445 6.356975390531261e-09
v -0.009198999963700771 0.004999998491257429 6.356975390531261e-09
v -0.008971243165433407 0.005849997978657484 6.356975390531261e-09
f 12418 12419 12420
v -0.00999900046736002 0.0081250024959445 6.356975390531261e-09
v -0.008971243165433407 0.005849997978657484 6.356975390531261e-09
v -0.008984606713056564 0.0081250024959445 6.356975390531261e-09
f 12421 12422 12423
v -0.008984606713056564 0.0081250024959445 6.356975390531261e-09
v -0.008971243165433407 0.005849997978657484 6.356975390531261e-09
v -0.008348999544978142 0.0064722406677901745 6.356975390531261e-09
f 12424 12425 12426
v -0.008984606713056564 0.0081250024959445 6.356975390531261e-09
v -0.008348999544978142 0.0064722406677901745 6.356975390531261e-09
v -0.007499000057578087 0.006699997466057539 6.356975390531261e-09
f 12427 12428 12429
v 0.006015392951667309 3.0322389044101783e-09 6.356975390531261e-09
v 0.008986580185592175 3.0322389044101783e-09 6.356975390531261e-09
v 0.007501000072807074 0.0032999992836266756 6.356975390531261e-09
f 12430 12431 12432
v 0.010100999847054482 0.0081250024959445 6.356975390531261e-09
v 0.009201000444591045 0.004999998491257429 6.356975390531261e-09
v 0.010100999847054482 3.0322389044101783e-09 6.356975390531261e-09
f 12433 12434 12435
v 0.010100999847054482 3.0322389044101783e-09 6.356975390531261e-09
v 0.009201000444591045 0.004999998491257429 6.356975390531261e-09
v 0.008973243646323681 0.004149999003857374 6.356975390531261e-09
f 12436 12437 12438
v 0.010100999847054482 3.0322389044101783e-09 6.356975390531261e-09
v 0.008973243646323681 0.004149999003857374 6.356975390531261e-09
v 0.008986580185592175 3.0322389044101783e-09 6.356975390531261e-09
f 12439 12440 12441
v 0.008986580185592175 3.0322389044101783e-09 6.356975390531261e-09
v 0.008973243646323681 0.004149999003857374 6.356975390531261e-09
v 0.008351000025868416 0.00352775608189404 6.356975390531261e-09
f 12442 12443 12444
v 0.008986580185592175 3.0322389044101783e-09 6.356975390531261e-09
v 0.008351000025868416 0.00352775608189404 6.356975390531261e-09
v 0.007501000072807074 0.0032999992836266756 6.356975390531261e-09
f 12445 12446 12447
v 0.006028756964951754 0.004149999003857374 6.356975390531261e-09
v 0.005801000166684389 0.004999998491257429 6.356975390531261e-09
v 9.999987469200278e-07 0.0081250024959445 6.356975390531261e-09
f 12448 12449 12450
v 9.999987469200278e-07 0.0081250024959445 6.356975390531261e-09
v 0.005801000166684389 0.004999998491257429 6.356975390531261e-09
v 0.006028756964951754 0.005849997978657484 6.356975390531261e-09
f 12451 12452 12453
v 9.999987469200278e-07 0.0081250024959445 6.356975390531261e-09
v 0.006028756964951754 0.005849997978657484 6.356975390531261e-09
v 0.006015392951667309 0.0081250024959445 6.356975390531261e-09
f 12454 12455 12456
v 0.006015392951667309 0.0081250024959445 6.356975390531261e-09
v 0.006028756964951754 0.005849997978657484 6.356975390531261e-09
v 0.006651000119745731 0.0064722406677901745 6.356975390531261e-09
f 12457 12458 12459
v 0.006015392951667309 0.0081250024959445 6.356975390531261e-09
v 0.006651000119745731 0.0064722406677901745 6.356975390531261e-09
v 0.008986580185592175 0.0081250024959445 6.356975390531261e-09
f 12460 12461 12462
v 0.008986580185592175 0.0081250024959445 6.356975390531261e-09
v 0.006651000119745731 0.0064722406677901745 6.356975390531261e-09
v 0.007501000072807074 0.006699997466057539 6.356975390531261e-09
f 12463 12464 12465
v 0.008986580185592175 0.0081250024959445 6.356975390531261e-09
v 0.007501000072807074 0.006699997466057539 6.356975390531261e-09
v 0.008351000025868416 0.0064722406677901745 6.356975390531261e-09
f 12466 12467 12468
v 0.007501000072807074 0.0032999992836266756 6.356975390531261e-09
v 0.006651000119745731 0.00352775608189404 6.356975390531261e-09
v 0.006015392951667309 3.0322389044101783e-09 6.356975390531261e-09
f 12469 12470 12471
v 0.006015392951667309 3.0322389044101783e-09 6.356975390531261e-09
v 0.006651000119745731 0.00352775608189404 6.356975390531261e-09
v 0.006028756964951754 0.004149999003857374 6.356975390531261e-09
f 12472 12473 12474
v 0.006015392951667309 3.0322389044101783e-09 6.356975390531261e-09
v 0.006028756964951754 0.004149999003857374 6.356975390531261e-09
v 9.999987469200278e-07 3.0322389044101783e-09 6.356975390531261e-09
f 12475 12476 12477
v 9.999987469200278e-07 3.0322389044101783e-09 6.356975390531261e-09
v 0.006028756964951754 0.004149999003857374 6.356975390531261e-09
v 9.999987469200278e-07 0.0081250024959445 6.356975390531261e-09
f 12478 12479 12480
v 9.999987469200278e-07 3.0322389044101783e-09 6.356975390531261e-09
v 9.999987469200278e-07 0.0081250024959445 6.356975390531261e-09
v -0.005841622594743967 0.005378286819905043 6.356975390531261e-09
f 12481 12482 12483
v -0.005841622594743967 0.005378286819905043 6.356975390531261e-09
v 9.999987469200278e-07 0.0081250024959445 6.356975390531261e-09
v -0.006169886328279972 0.006059932988137007 6.356975390531261e-09
f 12484 12485 12486
v 0.008986580185592175 -0.008124996908009052 6.356975390531261e-09
v 0.008351000025868416 -0.006472241599112749 6.356975390531261e-09
v 0.007501000072807074 -0.006699998397380114 6.356975390531261e-09
f 12487 12488 12489
v 0.008986580185592175 -0.008124996908009052 6.356975390531261e-09
v 0.007501000072807074 -0.006699998397380114 6.356975390531261e-09
v 0.006015392951667309 -0.008124996908009052 6.356975390531261e-09
f 12490 12491 12492
v 0.008351000025868416 -0.006472241599112749 6.356975390531261e-09
v 0.008986580185592175 -0.008124996908009052 6.356975390531261e-09
v 0.008973243646323681 -0.005849998909980059 6.356975390531261e-09
f 12493 12494 12495
v 0.008973243646323681 -0.005849998909980059 6.356975390531261e-09
v 0.008986580185592175 -0.008124996908009052 6.356975390531261e-09
v 0.010100999847054482 -0.008124996908009052 6.356975390531261e-09
f 12496 12497 12498
v 0.008973243646323681 -0.005849998909980059 6.356975390531261e-09
v 0.010100999847054482 -0.008124996908009052 6.356975390531261e-09
v 0.009201000444591045 -0.004999999422580004 6.356975390531261e-09
f 12499 12500 12501
v 0.009201000444591045 -0.004999999422580004 6.356975390531261e-09
v 0.010100999847054482 -0.008124996908009052 6.356975390531261e-09
v 0.010100999847054482 3.0322389044101783e-09 6.356975390531261e-09
f 12502 12503 12504
v 0.009201000444591045 -0.004999999422580004 6.356975390531261e-09
v 0.010100999847054482 3.0322389044101783e-09 6.356975390531261e-09
v 0.008973243646323681 -0.004149999935179949 6.356975390531261e-09
f 12505 12506 12507
v 0.008973243646323681 -0.004149999935179949 6.356975390531261e-09
v 0.010100999847054482 3.0322389044101783e-09 6.356975390531261e-09
v 0.008986580185592175 3.0322389044101783e-09 6.356975390531261e-09
f 12508 12509 12510
v 0.008973243646323681 -0.004149999935179949 6.356975390531261e-09
v 0.008986580185592175 3.0322389044101783e-09 6.356975390531261e-09
v 0.008351000025868416 -0.003527757478877902 6.356975390531261e-09
f 12511 12512 12513
v 0.007501000072807074 -0.006699998397380114 6.356975390531261e-09
v 0.006651000119745731 -0.006472241599112749 6.356975390531261e-09
v 0.006015392951667309 -0.008124996908009052 6.356975390531261e-09
f 12514 12515 12516
v 0.006015392951667309 -0.008124996908009052 6.356975390531261e-09
v 0.006651000119745731 -0.006472241599112749 6.356975390531261e-09
v 0.006028756964951754 -0.005849998909980059 6.356975390531261e-09
f 12517 12518 12519
v 0.006015392951667309 -0.008124996908009052 6.356975390531261e-09
v 0.006028756964951754 -0.005849998909980059 6.356975390531261e-09
v 9.999987469200278e-07 -0.008124996908009052 6.356975390531261e-09
f 12520 12521 12522
v 9.999987469200278e-07 -0.008124996908009052 6.356975390531261e-09
v 0.006028756964951754 -0.005849998909980059 6.356975390531261e-09
v 0.005801000166684389 -0.004999999422580004 6.356975390531261e-09
f 12523 12524 12525
v 9.999987469200278e-07 -0.008124996908009052 6.356975390531261e-09
v 0.005801000166684389 -0.004999999422580004 6.356975390531261e-09
v 9.999987469200278e-07 3.0322389044101783e-09 6.356975390531261e-09
f 12526 12527 12528
v 9.999987469200278e-07 3.0322389044101783e-09 6.356975390531261e-09
v 0.005801000166684389 -0.004999999422580004 6.356975390531261e-09
v 0.006028756964951754 -0.004149999935179949 6.356975390531261e-09
f 12529 12530 12531
v 9.999987469200278e-07 3.0322389044101783e-09 6.356975390531261e-09
v 0.006028756964951754 -0.004149999935179949 6.356975390531261e-09
v 0.006015392951667309 3.0322389044101783e-09 6.356975390531261e-09
f 12532 12533 12534
v 0.006015392951667309 3.0322389044101783e-09 6.356975390531261e-09
v 0.006028756964951754 -0.004149999935179949 6.356975390531261e-09
v 0.006651000119745731 -0.003527757478877902 6.356975390531261e-09
f 12535 12536 12537
v 0.006015392951667309 3.0322389044101783e-09 6.356975390531261e-09
v 0.006651000119745731 -0.003527757478877902 6.356975390531261e-09
v 0.008986580185592175 3.0322389044101783e-09 6.356975390531261e-09
f 12538 12539 12540
v 0.008986580185592175 3.0322389044101783e-09 6.356975390531261e-09
v 0.006651000119745731 -0.003527757478877902 6.356975390531261e-09
v 0.007501000072807074 -0.0033000006806105375 6.356975390531261e-09
f 12541 12542 12543
v 0.008986580185592175 3.0322389044101783e-09 6.356975390531261e-09
v 0.007501000072807074 -0.0033000006806105375 6.356975390531261e-09
v 0.008351000025868416 -0.003527757478877902 6.356975390531261e-09
f 12544 12545 12546
v -0.007499000057578087 -0.0033000006806105375 6.356975390531261e-09
v 9.999987469200278e-07 3.0322389044101783e-09 6.356975390531261e-09
v -0.008984606713056564 3.0322389044101783e-09 6.356975390531261e-09
f 12547 12548 12549
v -0.008984606713056564 3.0322389044101783e-09 6.356975390531261e-09
v 9.999987469200278e-07 3.0322389044101783e-09 6.356975390531261e-09
v -0.006761397700756788 0.0034683526027947664 6.356975390531261e-09
f 12550 12551 12552
v -0.008984606713056564 3.0322389044101783e-09 6.356975390531261e-09
v -0.006761397700756788 0.0034683526027947664 6.356975390531261e-09
v -0.007499000057578087 0.0032999992836266756 6.356975390531261e-09
f 12553 12554 12555
v -0.005799000151455402 -0.004999999422580004 6.356975390531261e-09
v 9.999987469200278e-07 -0.008124996908009052 6.356975390531261e-09
v -0.006026756949722767 -0.004149999935179949 6.356975390531261e-09
f 12556 12557 12558
v -0.006026756949722767 -0.004149999935179949 6.356975390531261e-09
v 9.999987469200278e-07 -0.008124996908009052 6.356975390531261e-09
v 9.999987469200278e-07 3.0322389044101783e-09 6.356975390531261e-09
f 12559 12560 12561
v -0.006026756949722767 -0.004149999935179949 6.356975390531261e-09
v 9.999987469200278e-07 3.0322389044101783e-09 6.356975390531261e-09
v -0.006649000104516745 -0.003527757478877902 6.356975390531261e-09
f 12562 12563 12564
v -0.006649000104516745 -0.003527757478877902 6.356975390531261e-09
v 9.999987469200278e-07 3.0322389044101783e-09 6.356975390531261e-09
v -0.007499000057578087 -0.0033000006806105375 6.356975390531261e-09
f 12565 12566 12567
v -0.005799000151455402 -0.004999999422580004 6.356975390531261e-09
v -0.006026756949722767 -0.005849998909980059 6.356975390531261e-09
v 9.999987469200278e-07 -0.008124996908009052 6.356975390531261e-09
f 12568 12569 12570
v 9.999987469200278e-07 -0.008124996908009052 6.356975390531261e-09
v -0.006026756949722767 -0.005849998909980059 6.356975390531261e-09
v -0.006649000104516745 -0.006472241599112749 6.356975390531261e-09
f 12571 12572 12573
v 9.999987469200278e-07 -0.008124996908009052 6.356975390531261e-09
v -0.006649000104516745 -0.006472241599112749 6.356975390531261e-09
v -0.008984606713056564 -0.008124996908009052 6.356975390531261e-09
f 12574 12575 12576
v -0.008984606713056564 -0.008124996908009052 6.356975390531261e-09
v -0.006649000104516745 -0.006472241599112749 6.356975390531261e-09
v -0.007499000057578087 -0.006699998397380114 6.356975390531261e-09
f 12577 12578 12579
v -0.008984606713056564 -0.008124996908009052 6.356975390531261e-09
v -0.007499000057578087 -0.006699998397380114 6.356975390531261e-09
v -0.008348999544978142 -0.006472241599112749 6.356975390531261e-09
f 12580 12581 12582
v -0.00999900046736002 -0.008124996908009052 6.356975390531261e-09
v -0.009198999963700771 -0.004999999422580004 6.356975390531261e-09
v -0.00999900046736002 3.0322389044101783e-09 6.356975390531261e-09
f 12583 12584 12585
v -0.00999900046736002 3.0322389044101783e-09 6.356975390531261e-09
v -0.009198999963700771 -0.004999999422580004 6.356975390531261e-09
v -0.008971243165433407 -0.004149999935179949 6.356975390531261e-09
f 12586 12587 12588
v -0.00999900046736002 3.0322389044101783e-09 6.356975390531261e-09
v -0.008971243165433407 -0.004149999935179949 6.356975390531261e-09
v -0.008984606713056564 3.0322389044101783e-09 6.356975390531261e-09
f 12589 12590 12591
v -0.008984606713056564 3.0322389044101783e-09 6.356975390531261e-09
v -0.008971243165433407 -0.004149999935179949 6.356975390531261e-09
v -0.008348999544978142 -0.003527757478877902 6.356975390531261e-09
f 12592 12593 12594
v -0.008984606713056564 3.0322389044101783e-09 6.356975390531261e-09
v -0.008348999544978142 -0.003527757478877902 6.356975390531261e-09
v -0.007499000057578087 -0.0033000006806105375 6.356975390531261e-09
f 12595 12596 12597
v 0.00858350470662117 0.011424998752772808 6.356975390531261e-09
v 0.008750973269343376 0.010799999348819256 6.356975390531261e-09
v 0.008986580185592175 0.014800000004470348 6.356975390531261e-09
f 12598 12599 12600
v 0.008986580185592175 0.014800000004470348 6.356975390531261e-09
v 0.008750973269343376 0.010799999348819256 6.356975390531261e-09
v 0.008986580185592175 0.0081250024959445 6.356975390531261e-09
f 12601 12602 12603
v 0.008986580185592175 0.014800000004470348 6.356975390531261e-09
v 0.008986580185592175 0.0081250024959445 6.356975390531261e-09
v 0.010100999847054482 0.0081250024959445 6.356975390531261e-09
f 12604 12605 12606
v 0.010100999847054482 0.0081250024959445 6.356975390531261e-09
v 0.008986580185592175 0.0081250024959445 6.356975390531261e-09
v 0.008973243646323681 0.005849997978657484 6.356975390531261e-09
f 12607 12608 12609
v 0.010100999847054482 0.0081250024959445 6.356975390531261e-09
v 0.008973243646323681 0.005849997978657484 6.356975390531261e-09
v 0.009201000444591045 0.004999998491257429 6.356975390531261e-09
f 12610 12611 12612
v 0.008750973269343376 0.010799999348819256 6.356975390531261e-09
v 0.00858350470662117 0.010174999944865704 6.356975390531261e-09
v 0.008986580185592175 0.0081250024959445 6.356975390531261e-09
f 12613 12614 12615
v 0.008986580185592175 0.0081250024959445 6.356975390531261e-09
v 0.00858350470662117 0.010174999944865704 6.356975390531261e-09
v 0.00812597293406725 0.009717467240989208 6.356975390531261e-09
f 12616 12617 12618
v 0.008986580185592175 0.0081250024959445 6.356975390531261e-09
v 0.00812597293406725 0.009717467240989208 6.356975390531261e-09
v 0.006015392951667309 0.0081250024959445 6.356975390531261e-09
f 12619 12620 12621
v 0.006015392951667309 0.0081250024959445 6.356975390531261e-09
v 0.00812597293406725 0.009717467240989208 6.356975390531261e-09
v 0.00750097306445241 0.009550000540912151 6.356975390531261e-09
f 12622 12623 12624
v 0.0064184414222836494 0.011424998752772808 6.356975390531261e-09
v 0.00687597319483757 0.011882531456649303 6.356975390531261e-09
v 0.006015392951667309 0.014800000004470348 6.356975390531261e-09
f 12625 12626 12627
v 0.006015392951667309 0.014800000004470348 6.356975390531261e-09
v 0.00687597319483757 0.011882531456649303 6.356975390531261e-09
v 0.00750097306445241 0.01204999815672636 6.356975390531261e-09
f 12628 12629 12630
v 0.006015392951667309 0.014800000004470348 6.356975390531261e-09
v 0.00750097306445241 0.01204999815672636 6.356975390531261e-09
v 0.008986580185592175 0.014800000004470348 6.356975390531261e-09
f 12631 12632 12633
v 0.008986580185592175 0.014800000004470348 6.356975390531261e-09
v 0.00750097306445241 0.01204999815672636 6.356975390531261e-09
v 0.00812597293406725 0.011882531456649303 6.356975390531261e-09
f 12634 12635 12636
v 0.008986580185592175 0.014800000004470348 6.356975390531261e-09
v 0.00812597293406725 0.011882531456649303 6.356975390531261e-09
v 0.00858350470662117 0.011424998752772808 6.356975390531261e-09
f 12637 12638 12639
v 0.00750097306445241 0.009550000540912151 6.356975390531261e-09
v 0.00687597319483757 0.009717467240989208 6.356975390531261e-09
v 0.006015392951667309 0.0081250024959445 6.356975390531261e-09
f 12640 12641 12642
v 0.006015392951667309 0.0081250024959445 6.356975390531261e-09
v 0.00687597319483757 0.009717467240989208 6.356975390531261e-09
v 0.0064184414222836494 0.010174999944865704 6.356975390531261e-09
f 12643 12644 12645
v 0.006015392951667309 0.0081250024959445 6.356975390531261e-09
v 0.0064184414222836494 0.010174999944865704 6.356975390531261e-09
v 0.006250972859561443 0.010799999348819256 6.356975390531261e-09
f 12646 12647 12648
v -0.00641649542376399 0.011424998752772808 6.356975390531261e-09
v 9.999987469200278e-07 0.0081250024959445 6.356975390531261e-09
v 9.999987469200278e-07 0.014800000004470348 6.356975390531261e-09
f 12649 12650 12651
v 9.999987469200278e-07 0.014800000004470348 6.356975390531261e-09
v 9.999987469200278e-07 0.0081250024959445 6.356975390531261e-09
v 0.006015392951667309 0.0081250024959445 6.356975390531261e-09
f 12652 12653 12654
v 9.999987469200278e-07 0.014800000004470348 6.356975390531261e-09
v 0.006015392951667309 0.0081250024959445 6.356975390531261e-09
v 0.006015392951667309 0.014800000004470348 6.356975390531261e-09
f 12655 12656 12657
v 0.006015392951667309 0.014800000004470348 6.356975390531261e-09
v 0.006015392951667309 0.0081250024959445 6.356975390531261e-09
v 0.006250972859561443 0.010799999348819256 6.356975390531261e-09
f 12658 12659 12660
v 0.006015392951667309 0.014800000004470348 6.356975390531261e-09
v 0.006250972859561443 0.010799999348819256 6.356975390531261e-09
v 0.0064184414222836494 0.011424998752772808 6.356975390531261e-09
f 12661 12662 12663
v 0.006250972859561443 -0.010800001211464405 6.356975390531261e-09
v 0.0064184414222836494 -0.010175001807510853 6.356975390531261e-09
v 0.006015392951667309 -0.008124996908009052 6.356975390531261e-09
f 12664 12665 12666
v 0.00858350470662117 -0.010175001807510853 6.356975390531261e-09
v 0.008750973269343376 -0.010800001211464405 6.356975390531261e-09
v 0.008986580185592175 -0.008124996908009052 6.356975390531261e-09
f 12667 12668 12669
v 0.008986580185592175 -0.008124996908009052 6.356975390531261e-09
v 0.008750973269343376 -0.010800001211464405 6.356975390531261e-09
v 0.008986580185592175 -0.013424997217953205 6.356975390531261e-09
f 12670 12671 12672
v 0.008986580185592175 -0.008124996908009052 6.356975390531261e-09
v 0.008986580185592175 -0.013424997217953205 6.356975390531261e-09
v 0.010100999847054482 -0.013424997217953205 6.356975390531261e-09
f 12673 12674 12675
v 0.0064184414222836494 -0.010175001807510853 6.356975390531261e-09
v 0.00687597319483757 -0.009717469103634357 6.356975390531261e-09
v 0.006015392951667309 -0.008124996908009052 6.356975390531261e-09
f 12676 12677 12678
v 0.006015392951667309 -0.008124996908009052 6.356975390531261e-09
v 0.00687597319483757 -0.009717469103634357 6.356975390531261e-09
v 0.00750097306445241 -0.0095500024035573 6.356975390531261e-09
f 12679 12680 12681
v 0.006015392951667309 -0.008124996908009052 6.356975390531261e-09
v 0.00750097306445241 -0.0095500024035573 6.356975390531261e-09
v 0.008986580185592175 -0.008124996908009052 6.356975390531261e-09
f 12682 12683 12684
v 0.008986580185592175 -0.008124996908009052 6.356975390531261e-09
v 0.00750097306445241 -0.0095500024035573 6.356975390531261e-09
v 0.00812597293406725 -0.009717469103634357 6.356975390531261e-09
f 12685 12686 12687
v 0.008986580185592175 -0.008124996908009052 6.356975390531261e-09
v 0.00812597293406725 -0.009717469103634357 6.356975390531261e-09
v 0.00858350470662117 -0.010175001807510853 6.356975390531261e-09
f 12688 12689 12690
v 0.0064184414222836494 -0.011425000615417957 6.356975390531261e-09
v 0.006250972859561443 -0.010800001211464405 6.356975390531261e-09
v 0.006015392951667309 -0.013424997217953205 6.356975390531261e-09
f 12691 12692 12693
v 0.0064184414222836494 -0.011425000615417957 6.356975390531261e-09
v 0.006015392951667309 -0.013424997217953205 6.356975390531261e-09
v 0.00687597319483757 -0.011882533319294453 6.356975390531261e-09
f 12694 12695 12696
v 0.008750973269343376 -0.010800001211464405 6.356975390531261e-09
v 0.00858350470662117 -0.011425000615417957 6.356975390531261e-09
v 0.008986580185592175 -0.013424997217953205 6.356975390531261e-09
f 12697 12698 12699
v 0.008986580185592175 -0.013424997217953205 6.356975390531261e-09
v 0.00858350470662117 -0.011425000615417957 6.356975390531261e-09
v 0.00812597293406725 -0.011882533319294453 6.356975390531261e-09
f 12700 12701 12702
v 0.008986580185592175 -0.013424997217953205 6.356975390531261e-09
v 0.00812597293406725 -0.011882533319294453 6.356975390531261e-09
v 0.006015392951667309 -0.013424997217953205 6.356975390531261e-09
f 12703 12704 12705
v 0.006015392951667309 -0.013424997217953205 6.356975390531261e-09
v 0.00812597293406725 -0.011882533319294453 6.356975390531261e-09
v 0.00750097306445241 -0.01205000001937151 6.356975390531261e-09
f 12706 12707 12708
v 0.006015392951667309 -0.013424997217953205 6.356975390531261e-09
v 0.00750097306445241 -0.01205000001937151 6.356975390531261e-09
v 0.00687597319483757 -0.011882533319294453 6.356975390531261e-09
f 12709 12710 12711
v -0.008124027401208878 -0.011882533319294453 6.356975390531261e-09
v -0.008581559173762798 -0.011425000615417957 6.356975390531261e-09
v -0.008984606713056564 -0.013424997217953205 6.356975390531261e-09
f 12712 12713 12714
v 0.006250972859561443 -0.010800001211464405 6.356975390531261e-09
v 0.006015392951667309 -0.008124996908009052 6.356975390531261e-09
v 0.006015392951667309 -0.013424997217953205 6.356975390531261e-09
f 12715 12716 12717
v 0.006015392951667309 -0.013424997217953205 6.356975390531261e-09
v 0.006015392951667309 -0.008124996908009052 6.356975390531261e-09
v 9.999987469200278e-07 -0.008124996908009052 6.356975390531261e-09
f 12718 12719 12720
v 0.006015392951667309 -0.013424997217953205 6.356975390531261e-09
v 9.999987469200278e-07 -0.008124996908009052 6.356975390531261e-09
v 9.999987469200278e-07 -0.013424997217953205 6.356975390531261e-09
f 12721 12722 12723
v 9.999987469200278e-07 -0.013424997217953205 6.356975390531261e-09
v 9.999987469200278e-07 -0.008124996908009052 6.356975390531261e-09
v -0.00641649542376399 -0.010175001807510853 6.356975390531261e-09
f 12724 12725 12726
v 9.999987469200278e-07 -0.013424997217953205 6.356975390531261e-09
v -0.00641649542376399 -0.010175001807510853 6.356975390531261e-09
v -0.006249026861041784 -0.010800001211464405 6.356975390531261e-09
f 12727 12728 12729
v -0.00874902680516243 -0.010800001211464405 6.356975390531261e-09
v -0.008581559173762798 -0.010175001807510853 6.356975390531261e-09
v -0.008984606713056564 -0.008124996908009052 6.356975390531261e-09
f 12730 12731 12732
v -0.006249026861041784 -0.010800001211464405 6.356975390531261e-09
v -0.00641649542376399 -0.011425000615417957 6.356975390531261e-09
v 9.999987469200278e-07 -0.013424997217953205 6.356975390531261e-09
f 12733 12734 12735
v 9.999987469200278e-07 -0.013424997217953205 6.356975390531261e-09
v -0.00641649542376399 -0.011425000615417957 6.356975390531261e-09
v -0.006874027196317911 -0.011882533319294453 6.356975390531261e-09
f 12736 12737 12738
v 9.999987469200278e-07 -0.013424997217953205 6.356975390531261e-09
v -0.006874027196317911 -0.011882533319294453 6.356975390531261e-09
v -0.008984606713056564 -0.013424997217953205 6.356975390531261e-09
f 12739 12740 12741
v -0.008984606713056564 -0.013424997217953205 6.356975390531261e-09
v -0.006874027196317911 -0.011882533319294453 6.356975390531261e-09
v -0.007499027065932751 -0.01205000001937151 6.356975390531261e-09
f 12742 12743 12744
v -0.008984606713056564 -0.013424997217953205 6.356975390531261e-09
v -0.007499027065932751 -0.01205000001937151 6.356975390531261e-09
v -0.008124027401208878 -0.011882533319294453 6.356975390531261e-09
f 12745 12746 12747
v -0.008581559173762798 -0.011425000615417957 6.356975390531261e-09
v -0.00874902680516243 -0.010800001211464405 6.356975390531261e-09
v -0.008984606713056564 -0.013424997217953205 6.356975390531261e-09
f 12748 12749 12750
v -0.008984606713056564 -0.013424997217953205 6.356975390531261e-09
v -0.00874902680516243 -0.010800001211464405 6.356975390531261e-09
v -0.008984606713056564 -0.008124996908009052 6.356975390531261e-09
f 12751 12752 12753
v -0.008984606713056564 -0.013424997217953205 6.356975390531261e-09
v -0.008984606713056564 -0.008124996908009052 6.356975390531261e-09
v -0.00999900046736002 -0.008124996908009052 6.356975390531261e-09
f 12754 12755 12756
v -0.00999900046736002 -0.008124996908009052 6.356975390531261e-09
v -0.008984606713056564 -0.008124996908009052 6.356975390531261e-09
v -0.008971243165433407 -0.005849998909980059 6.356975390531261e-09
f 12757 12758 12759
v -0.00999900046736002 -0.008124996908009052 6.356975390531261e-09
v -0.008971243165433407 -0.005849998909980059 6.356975390531261e-09
v -0.009198999963700771 -0.004999999422580004 6.356975390531261e-09
f 12760 12761 12762
v -0.008581559173762798 -0.010175001807510853 6.356975390531261e-09
v -0.008124027401208878 -0.009717469103634357 6.356975390531261e-09
v -0.008984606713056564 -0.008124996908009052 6.356975390531261e-09
f 12763 12764 12765
v -0.008984606713056564 -0.008124996908009052 6.356975390531261e-09
v -0.008124027401208878 -0.009717469103634357 6.356975390531261e-09
v -0.007499027065932751 -0.0095500024035573 6.356975390531261e-09
f 12766 12767 12768
v -0.008984606713056564 -0.008124996908009052 6.356975390531261e-09
v -0.007499027065932751 -0.0095500024035573 6.356975390531261e-09
v 9.999987469200278e-07 -0.008124996908009052 6.356975390531261e-09
f 12769 12770 12771
v 9.999987469200278e-07 -0.008124996908009052 6.356975390531261e-09
v -0.007499027065932751 -0.0095500024035573 6.356975390531261e-09
v -0.006874027196317911 -0.009717469103634357 6.356975390531261e-09
f 12772 12773 12774
v 9.999987469200278e-07 -0.008124996908009052 6.356975390531261e-09
v -0.006874027196317911 -0.009717469103634357 6.356975390531261e-09
v -0.00641649542376399 -0.010175001807510853 6.356975390531261e-09
f 12775 12776 12777
v -0.0069989999756217 -0.014800001867115498 6.356975390531261e-09
v 9.999987469200278e-07 -0.014800001867115498 6.356975390531261e-09
v 9.999987469200278e-07 -0.013424997217953205 6.356975390531261e-09
f 12778 12779 12780
v 9.999987469200278e-07 -0.013424997217953205 6.356975390531261e-09
v 9.999987469200278e-07 -0.014800001867115498 6.356975390531261e-09
v 0.006015392951667309 -0.014800001867115498 6.356975390531261e-09
f 12781 12782 12783
v 9.999987469200278e-07 -0.013424997217953205 6.356975390531261e-09
v 0.006015392951667309 -0.014800001867115498 6.356975390531261e-09
v 0.006015392951667309 -0.013424997217953205 6.356975390531261e-09
f 12784 12785 12786
v 0.006015392951667309 -0.013424997217953205 6.356975390531261e-09
v 0.006015392951667309 -0.014800001867115498 6.356975390531261e-09
v 0.008986580185592175 -0.014800001867115498 6.356975390531261e-09
f 12787 12788 12789
v 0.006015392951667309 -0.013424997217953205 6.356975390531261e-09
v 0.008986580185592175 -0.014800001867115498 6.356975390531261e-09
v 0.008986580185592175 -0.013424997217953205 6.356975390531261e-09
f 12790 12791 12792
v 0.008986580185592175 -0.013424997217953205 6.356975390531261e-09
v 0.008986580185592175 -0.014800001867115498 6.356975390531261e-09
v 0.010100999847054482 -0.014800001867115498 6.356975390531261e-09
f 12793 12794 12795
v 0.008986580185592175 -0.013424997217953205 6.356975390531261e-09
v 0.010100999847054482 -0.014800001867115498 6.356975390531261e-09
v 0.010100999847054482 -0.013424997217953205 6.356975390531261e-09
f 12796 12797 12798
v 0.01419068593531847 0.007881815545260906 6.356975390531261e-09
v 0.01561509259045124 0.0075261699967086315 6.356975390531261e-09
v 0.01708139292895794 0.007599558215588331 6.356975390531261e-09
f 12799 12800 12801
v 0.027500972151756287 0.014800000004470348 6.356975390531261e-09
v 0.011101000010967255 0.014800000004470348 6.356975390531261e-09
v 0.01860100030899048 0.007750000339001417 6.356975390531261e-09
f 12802 12803 12804
v 0.011101000010967255 -0.014800001867115498 6.356975390531261e-09
v 0.027500972151756287 -0.014800001867115498 6.356975390531261e-09
v 0.020455695688724518 -0.007524800021201372 6.356975390531261e-09
f 12805 12806 12807
v 0.023740200325846672 -0.005800959188491106 6.356975390531261e-09
v 0.03027261234819889 -0.012948048301041126 6.356975390531261e-09
v 0.0249791257083416 -0.004402500111609697 6.356975390531261e-09
f 12808 12809 12810
v 0.0249791257083416 -0.004402500111609697 6.356975390531261e-09
v 0.03027261234819889 -0.012948048301041126 6.356975390531261e-09
v 0.030500972643494606 -0.011800003238022327 6.356975390531261e-09
f 12811 12812 12813
v 0.0249791257083416 -0.004402500111609697 6.356975390531261e-09
v 0.030500972643494606 -0.011800003238022327 6.356975390531261e-09
v 0.02584737539291382 -0.002748188329860568 6.356975390531261e-09
f 12814 12815 12816
v 0.020455695688724518 -0.007524800021201372 6.356975390531261e-09
v 0.01860100030899048 -0.007750001270323992 6.356975390531261e-09
v 0.011101000010967255 -0.014800001867115498 6.356975390531261e-09
f 12817 12818 12819
v 0.011101000010967255 -0.014800001867115498 6.356975390531261e-09
v 0.01860100030899048 -0.007750001270323992 6.356975390531261e-09
v 0.01708139292895794 -0.007599559146910906 6.356975390531261e-09
f 12820 12821 12822
v 0.011101000010967255 -0.014800001867115498 6.356975390531261e-09
v 0.01708139292895794 -0.007599559146910906 6.356975390531261e-09
v 0.011101000010967255 -0.012502503581345081 6.356975390531261e-09
f 12823 12824 12825
v 0.01860100030899048 0.007750000339001417 6.356975390531261e-09
v 0.011101000010967255 0.014800000004470348 6.356975390531261e-09
v 0.01708139292895794 0.007599558215588331 6.356975390531261e-09
f 12826 12827 12828
v 0.01708139292895794 0.007599558215588331 6.356975390531261e-09
v 0.011101000010967255 0.014800000004470348 6.356975390531261e-09
v 0.011101000010967255 0.012502501718699932 6.356975390531261e-09
f 12829 12830 12831
v 0.01708139292895794 0.007599558215588331 6.356975390531261e-09
v 0.011101000010967255 0.012502501718699932 6.356975390531261e-09
v 0.011316542513668537 0.011050271801650524 6.356975390531261e-09
f 12832 12833 12834
v 0.029622294008731842 -0.013921317644417286 6.356975390531261e-09
v 0.03027261234819889 -0.012948048301041126 6.356975390531261e-09
v 0.028649022802710533 -0.014571641571819782 6.356975390531261e-09
f 12835 12836 12837
v 0.028649022802710533 -0.014571641571819782 6.356975390531261e-09
v 0.03027261234819889 -0.012948048301041126 6.356975390531261e-09
v 0.023740200325846672 -0.005800959188491106 6.356975390531261e-09
f 12838 12839 12840
v 0.028649022802710533 -0.014571641571819782 6.356975390531261e-09
v 0.023740200325846672 -0.005800959188491106 6.356975390531261e-09
v 0.027500972151756287 -0.014800001867115498 6.356975390531261e-09
f 12841 12842 12843
v 0.027500972151756287 -0.014800001867115498 6.356975390531261e-09
v 0.023740200325846672 -0.005800959188491106 6.356975390531261e-09
v 0.02220260538160801 -0.006862286943942308 6.356975390531261e-09
f 12844 12845 12846
v 0.027500972151756287 -0.014800001867115498 6.356975390531261e-09
v 0.02220260538160801 -0.006862286943942308 6.356975390531261e-09
v 0.020455695688724518 -0.007524800021201372 6.356975390531261e-09
f 12847 12848 12849
v 0.011316542513668537 0.011050271801650524 6.356975390531261e-09
v 0.011944585479795933 0.009723248891532421 6.356975390531261e-09
v 0.01708139292895794 0.007599558215588331 6.356975390531261e-09
f 12850 12851 12852
v 0.01708139292895794 0.007599558215588331 6.356975390531261e-09
v 0.011944585479795933 0.009723248891532421 6.356975390531261e-09
v 0.012930980883538723 0.008635851554572582 6.356975390531261e-09
f 12853 12854 12855
v 0.01708139292895794 0.007599558215588331 6.356975390531261e-09
v 0.012930980883538723 0.008635851554572582 6.356975390531261e-09
v 0.01419068593531847 0.007881815545260906 6.356975390531261e-09
f 12856 12857 12858
v 0.01860100030899048 0.007750000339001417 6.356975390531261e-09
v 0.020455695688724518 0.0075247990898787975 6.356975390531261e-09
v 0.027500972151756287 0.014800000004470348 6.356975390531261e-09
f 12859 12860 12861
v 0.027500972151756287 0.014800000004470348 6.356975390531261e-09
v 0.020455695688724518 0.0075247990898787975 6.356975390531261e-09
v 0.02220260538160801 0.006862286012619734 6.356975390531261e-09
f 12862 12863 12864
v 0.027500972151756287 0.014800000004470348 6.356975390531261e-09
v 0.02220260538160801 0.006862286012619734 6.356975390531261e-09
v 0.028649022802710533 0.014571639709174633 6.356975390531261e-09
f 12865 12866 12867
v 0.028649022802710533 0.014571639709174633 6.356975390531261e-09
v 0.02220260538160801 0.006862286012619734 6.356975390531261e-09
v 0.023740200325846672 0.005800958257168531 6.356975390531261e-09
f 12868 12869 12870
v 0.028649022802710533 0.014571639709174633 6.356975390531261e-09
v 0.023740200325846672 0.005800958257168531 6.356975390531261e-09
v 0.029622294008731842 0.013921323232352734 6.356975390531261e-09
f 12871 12872 12873
v 0.0249791257083416 0.004402499180287123 6.356975390531261e-09
v 0.030500972643494606 0.011800001375377178 6.356975390531261e-09
v 0.023740200325846672 0.005800958257168531 6.356975390531261e-09
f 12874 12875 12876
v 0.023740200325846672 0.005800958257168531 6.356975390531261e-09
v 0.030500972643494606 0.011800001375377178 6.356975390531261e-09
v 0.03027261234819889 0.012948046438395977 6.356975390531261e-09
f 12877 12878 12879
v 0.023740200325846672 0.005800958257168531 6.356975390531261e-09
v 0.03027261234819889 0.012948046438395977 6.356975390531261e-09
v 0.029622294008731842 0.013921323232352734 6.356975390531261e-09
f 12880 12881 12882
v 0.0249791257083416 0.004402499180287123 6.356975390531261e-09
v 0.02584737539291382 0.002748186932876706 6.356975390531261e-09
v 0.030500972643494606 0.011800001375377178 6.356975390531261e-09
f 12883 12884 12885
v 0.030500972643494606 0.011800001375377178 6.356975390531261e-09
v 0.02584737539291382 0.002748186932876706 6.356975390531261e-09
v 0.026294494047760963 0.0009341568220406771 6.356975390531261e-09
f 12886 12887 12888
v 0.030500972643494606 0.011800001375377178 6.356975390531261e-09
v 0.026294494047760963 0.0009341568220406771 6.356975390531261e-09
v 0.030500972643494606 -0.011800003238022327 6.356975390531261e-09
f 12889 12890 12891
v 0.030500972643494606 -0.011800003238022327 6.356975390531261e-09
v 0.026294494047760963 0.0009341568220406771 6.356975390531261e-09
v 0.026294494047760963 -0.000934158219024539 6.356975390531261e-09
f 12892 12893 12894
v 0.030500972643494606 -0.011800003238022327 6.356975390531261e-09
v 0.026294494047760963 -0.000934158219024539 6.356975390531261e-09
v 0.02584737539291382 -0.002748188329860568 6.356975390531261e-09
f 12895 12896 12897
v 0.012930980883538723 -0.008635853417217731 6.356975390531261e-09
v 0.01708139292895794 -0.007599559146910906 6.356975390531261e-09
v 0.01419068593531847 -0.007881817407906055 6.356975390531261e-09
f 12898 12899 12900
v 0.01419068593531847 -0.007881817407906055 6.356975390531261e-09
v 0.01708139292895794 -0.007599559146910906 6.356975390531261e-09
v 0.01561509259045124 -0.007526163477450609 6.356975390531261e-09
f 12901 12902 12903
v 0.012930980883538723 -0.008635853417217731 6.356975390531261e-09
v 0.011944585479795933 -0.00972325075417757 6.356975390531261e-09
v 0.01708139292895794 -0.007599559146910906 6.356975390531261e-09
f 12904 12905 12906
v 0.01708139292895794 -0.007599559146910906 6.356975390531261e-09
v 0.011944585479795933 -0.00972325075417757 6.356975390531261e-09
v 0.011316542513668537 -0.011050273664295673 6.356975390531261e-09
f 12907 12908 12909
v 0.01708139292895794 -0.007599559146910906 6.356975390531261e-09
v 0.011316542513668537 -0.011050273664295673 6.356975390531261e-09
v 0.011101000010967255 -0.012502503581345081 6.356975390531261e-09
f 12910 12911 12912
v 0.01860100030899048 -0.007750001270323992 0.004000014625489712
v 0.01860100030899048 -0.007750001270323992 6.356975390531261e-09
v 0.020455695688724518 -0.007524800021201372 6.356975390531261e-09
f 12913 12914 12915
v 0.01860100030899048 -0.007750001270323992 0.004000014625489712
v 0.020455695688724518 -0.007524800021201372 6.356975390531261e-09
v 0.020455695688724518 -0.007524800021201372 0.004000014625489712
f 12916 12917 12918
v 0.020455695688724518 -0.007524800021201372 0.004000014625489712
v 0.020455695688724518 -0.007524800021201372 6.356975390531261e-09
v 0.02220260538160801 -0.006862286943942308 6.356975390531261e-09
f 12919 12920 12921
v 0.020455695688724518 -0.007524800021201372 0.004000014625489712
v 0.02220260538160801 -0.006862286943942308 6.356975390531261e-09
v 0.02220260538160801 -0.006862286943942308 0.004000014625489712
f 12922 12923 12924
v 0.02220260538160801 -0.006862286943942308 0.004000014625489712
v 0.02220260538160801 -0.006862286943942308 6.356975390531261e-09
v 0.023740200325846672 -0.005800959188491106 6.356975390531261e-09
f 12925 12926 12927
v 0.02220260538160801 -0.006862286943942308 0.004000014625489712
v 0.023740200325846672 -0.005800959188491106 6.356975390531261e-09
v 0.023740200325846672 -0.005800959188491106 0.004000014625489712
f 12928 12929 12930
v 0.023740200325846672 -0.005800959188491106 0.004000014625489712
v 0.023740200325846672 -0.005800959188491106 6.356975390531261e-09
v 0.0249791257083416 -0.004402500111609697 6.356975390531261e-09
f 12931 12932 12933
v 0.023740200325846672 -0.005800959188491106 0.004000014625489712
v 0.0249791257083416 -0.004402500111609697 6.356975390531261e-09
v 0.0249791257083416 -0.004402500111609697 0.004000014625489712
f 12934 12935 12936
v 0.0249791257083416 -0.004402500111609697 0.004000014625489712
v 0.0249791257083416 -0.004402500111609697 6.356975390531261e-09
v 0.02584737539291382 -0.002748188329860568 6.356975390531261e-09
f 12937 12938 12939
v 0.0249791257083416 -0.004402500111609697 0.004000014625489712
v 0.02584737539291382 -0.002748188329860568 6.356975390531261e-09
v 0.02584737539291382 -0.002748188329860568 0.004000014625489712
f 12940 12941 12942
v 0.02584737539291382 -0.002748188329860568 0.004000014625489712
v 0.02584737539291382 -0.002748188329860568 6.356975390531261e-09
v 0.026294494047760963 -0.000934158219024539 6.356975390531261e-09
f 12943 12944 12945
v 0.02584737539291382 -0.002748188329860568 0.004000014625489712
v 0.026294494047760963 -0.000934158219024539 6.356975390531261e-09
v 0.026294494047760963 -0.000934158219024539 0.004000014625489712
f 12946 12947 12948
v 0.026294494047760963 -0.000934158219024539 0.004000014625489712
v 0.026294494047760963 -0.000934158219024539 6.356975390531261e-09
v 0.026294494047760963 0.0009341568220406771 6.356975390531261e-09
f 12949 12950 12951
v 0.026294494047760963 -0.000934158219024539 0.004000014625489712
v 0.026294494047760963 0.0009341568220406771 6.356975390531261e-09
v 0.026294494047760963 0.0009341568220406771 0.004000014625489712
f 12952 12953 12954
v 0.026294494047760963 0.0009341568220406771 0.004000014625489712
v 0.026294494047760963 0.0009341568220406771 6.356975390531261e-09
v 0.02584737539291382 0.002748186932876706 6.356975390531261e-09
f 12955 12956 12957
v 0.026294494047760963 0.0009341568220406771 0.004000014625489712
v 0.02584737539291382 0.002748186932876706 6.356975390531261e-09
v 0.02584737539291382 0.002748186932876706 0.004000014625489712
f 12958 12959 12960
v 0.02584737539291382 0.002748186932876706 0.004000014625489712
v 0.02584737539291382 0.002748186932876706 6.356975390531261e-09
v 0.0249791257083416 0.004402499180287123 6.356975390531261e-09
f 12961 12962 12963
v 0.02584737539291382 0.002748186932876706 0.004000014625489712
v 0.0249791257083416 0.004402499180287123 6.356975390531261e-09
v 0.0249791257083416 0.004402499180287123 0.004000014625489712
f 12964 12965 12966
v 0.0249791257083416 0.004402499180287123 0.004000014625489712
v 0.0249791257083416 0.004402499180287123 6.356975390531261e-09
v 0.023740200325846672 0.005800958257168531 6.356975390531261e-09
f 12967 12968 12969
v 0.0249791257083416 0.004402499180287123 0.004000014625489712
v 0.023740200325846672 0.005800958257168531 6.356975390531261e-09
v 0.023740200325846672 0.005800958257168531 0.004000014625489712
f 12970 12971 12972
v 0.023740200325846672 0.005800958257168531 0.004000014625489712
v 0.023740200325846672 0.005800958257168531 6.356975390531261e-09
v 0.02220260538160801 0.006862286012619734 6.356975390531261e-09
f 12973 12974 12975
v 0.023740200325846672 0.005800958257168531 0.004000014625489712
v 0.02220260538160801 0.006862286012619734 6.356975390531261e-09
v 0.02220260538160801 0.006862286012619734 0.004000014625489712
f 12976 12977 12978
v 0.02220260538160801 0.006862286012619734 0.004000014625489712
v 0.02220260538160801 0.006862286012619734 6.356975390531261e-09
v 0.020455695688724518 0.0075247990898787975 6.356975390531261e-09
f 12979 12980 12981
v 0.02220260538160801 0.006862286012619734 0.004000014625489712
v 0.020455695688724518 0.0075247990898787975 6.356975390531261e-09
v 0.020455695688724518 0.0075247990898787975 0.004000014625489712
f 12982 12983 12984
v 0.020455695688724518 0.0075247990898787975 0.004000014625489712
v 0.020455695688724518 0.0075247990898787975 6.356975390531261e-09
v 0.01860100030899048 0.007750000339001417 6.356975390531261e-09
f 12985 12986 12987
v 0.020455695688724518 0.0075247990898787975 0.004000014625489712
v 0.01860100030899048 0.007750000339001417 6.356975390531261e-09
v 0.01860100030899048 0.007750000339001417 0.004000014625489712
f 12988 12989 12990
v 0.01860100030899048 -0.0044999984093010426 0.00500000175088644
v 0.01860100030899048 -0.0044999984093010426 0.004000014625489712
v 0.019991576671600342 -0.004279751796275377 0.004000014625489712
f 12991 12992 12993
v 0.01860100030899048 -0.0044999984093010426 0.00500000175088644
v 0.019991576671600342 -0.004279751796275377 0.004000014625489712
v 0.019991576671600342 -0.004279751796275377 0.00500000175088644
f 12994 12995 12996
v 0.019991576671600342 -0.004279751796275377 0.00500000175088644
v 0.019991576671600342 -0.004279751796275377 0.004000014625489712
v 0.021246032789349556 -0.0036405741702765226 0.004000014625489712
f 12997 12998 12999
v 0.019991576671600342 -0.004279751796275377 0.00500000175088644
v 0.021246032789349556 -0.0036405741702765226 0.004000014625489712
v 0.021246032789349556 -0.0036405741702765226 0.00500000175088644
f 13000 13001 13002
v 0.021246032789349556 -0.0036405741702765226 0.00500000175088644
v 0.021246032789349556 -0.0036405741702765226 0.004000014625489712
v 0.02224157564342022 -0.0026450350414961576 0.004000014625489712
f 13003 13004 13005
v 0.021246032789349556 -0.0036405741702765226 0.00500000175088644
v 0.02224157564342022 -0.0026450350414961576 0.004000014625489712
v 0.02224157564342022 -0.0026450350414961576 0.00500000175088644
f 13006 13007 13008
v 0.02224157564342022 -0.0026450350414961576 0.00500000175088644
v 0.02224157564342022 -0.0026450350414961576 0.004000014625489712
v 0.022880753502249718 -0.0013905733358114958 0.004000014625489712
f 13009 13010 13011
v 0.02224157564342022 -0.0026450350414961576 0.00500000175088644
v 0.022880753502249718 -0.0013905733358114958 0.004000014625489712
v 0.022880753502249718 -0.0013905733358114958 0.00500000175088644
f 13012 13013 13014
v 0.022880753502249718 -0.0013905733358114958 0.00500000175088644
v 0.022880753502249718 -0.0013905733358114958 0.004000014625489712
v 0.023101000115275383 3.0322389044101783e-09 0.004000014625489712
f 13015 13016 13017
v 0.022880753502249718 -0.0013905733358114958 0.00500000175088644
v 0.023101000115275383 3.0322389044101783e-09 0.004000014625489712
v 0.023101000115275383 3.0322389044101783e-09 0.00500000175088644
f 13018 13019 13020
v 0.023101000115275383 3.0322389044101783e-09 0.00500000175088644
v 0.023101000115275383 3.0322389044101783e-09 0.004000014625489712
v 0.022880753502249718 0.0013905793894082308 0.004000014625489712
f 13021 13022 13023
v 0.023101000115275383 3.0322389044101783e-09 0.00500000175088644
v 0.022880753502249718 0.0013905793894082308 0.004000014625489712
v 0.022880753502249718 0.0013905793894082308 0.00500000175088644
f 13024 13025 13026
v 0.022880753502249718 0.0013905793894082308 0.00500000175088644
v 0.022880753502249718 0.0013905793894082308 0.004000014625489712
v 0.02224157564342022 0.0026450336445122957 0.004000014625489712
f 13027 13028 13029
v 0.022880753502249718 0.0013905793894082308 0.00500000175088644
v 0.02224157564342022 0.0026450336445122957 0.004000014625489712
v 0.02224157564342022 0.0026450336445122957 0.00500000175088644
f 13030 13031 13032
v 0.02224157564342022 0.0026450336445122957 0.00500000175088644
v 0.02224157564342022 0.0026450336445122957 0.004000014625489712
v 0.021246032789349556 0.0036405727732926607 0.004000014625489712
f 13033 13034 13035
v 0.02224157564342022 0.0026450336445122957 0.00500000175088644
v 0.021246032789349556 0.0036405727732926607 0.004000014625489712
v 0.021246032789349556 0.0036405727732926607 0.00500000175088644
f 13036 13037 13038
v 0.021246032789349556 0.0036405727732926607 0.00500000175088644
v 0.021246032789349556 0.0036405727732926607 0.004000014625489712
v 0.019991576671600342 0.004279750864952803 0.004000014625489712
f 13039 13040 13041
v 0.021246032789349556 0.0036405727732926607 0.00500000175088644
v 0.019991576671600342 0.004279750864952803 0.004000014625489712
v 0.019991576671600342 0.004279750864952803 0.00500000175088644
f 13042 13043 13044
v 0.019991576671600342 0.004279750864952803 0.00500000175088644
v 0.019991576671600342 0.004279750864952803 0.004000014625489712
v 0.01860100030899048 0.004499997477978468 0.004000014625489712
f 13045 13046 13047
v 0.019991576671600342 0.004279750864952803 0.00500000175088644
v 0.01860100030899048 0.004499997477978468 0.004000014625489712
v 0.01860100030899048 0.004499997477978468 0.00500000175088644
f 13048 13049 13050
v 0.01860100030899048 0.0030500025022774935 0.00500000175088644
v 0.01860100030899048 0.0030500025022774935 0.004000014625489712
v 0.019768184050917625 0.00281783496029675 0.00500000175088644
f 13051 13052 13053
v 0.019768184050917625 0.00281783496029675 0.00500000175088644
v 0.01860100030899048 0.0030500025022774935 0.004000014625489712
v 0.019768184050917625 0.00281783496029675 0.004000014625489712
f 13054 13055 13056
v 0.019768184050917625 0.00281783496029675 0.00500000175088644
v 0.019768184050917625 0.00281783496029675 0.004000014625489712
v 0.020757675170898438 0.0021566778887063265 0.00500000175088644
f 13057 13058 13059
v 0.020757675170898438 0.0021566778887063265 0.00500000175088644
v 0.019768184050917625 0.00281783496029675 0.004000014625489712
v 0.020757675170898438 0.0021566778887063265 0.004000014625489712
f 13060 13061 13062
v 0.020757675170898438 0.0021566778887063265 0.00500000175088644
v 0.020757675170898438 0.0021566778887063265 0.004000014625489712
v 0.02141883224248886 0.0011671811807900667 0.00500000175088644
f 13063 13064 13065
v 0.02141883224248886 0.0011671811807900667 0.00500000175088644
v 0.020757675170898438 0.0021566778887063265 0.004000014625489712
v 0.02141883224248886 0.0011671811807900667 0.004000014625489712
f 13066 13067 13068
v 0.02141883224248886 0.0011671811807900667 0.00500000175088644
v 0.02141883224248886 0.0011671811807900667 0.004000014625489712
v 0.021650999784469604 3.0322389044101783e-09 0.00500000175088644
f 13069 13070 13071
v 0.021650999784469604 3.0322389044101783e-09 0.00500000175088644
v 0.02141883224248886 0.0011671811807900667 0.004000014625489712
v 0.021650999784469604 3.0322389044101783e-09 0.004000014625489712
f 13072 13073 13074
v 0.021650999784469604 3.0322389044101783e-09 0.00500000175088644
v 0.021650999784469604 3.0322389044101783e-09 0.004000014625489712
v 0.02141883224248886 -0.0011671825777739286 0.00500000175088644
f 13075 13076 13077
v 0.02141883224248886 -0.0011671825777739286 0.00500000175088644
v 0.021650999784469604 3.0322389044101783e-09 0.004000014625489712
v 0.02141883224248886 -0.0011671825777739286 0.004000014625489712
f 13078 13079 13080
v 0.02141883224248886 -0.0011671825777739286 0.00500000175088644
v 0.02141883224248886 -0.0011671825777739286 0.004000014625489712
v 0.020757675170898438 -0.0021566792856901884 0.00500000175088644
f 13081 13082 13083
v 0.020757675170898438 -0.0021566792856901884 0.00500000175088644
v 0.02141883224248886 -0.0011671825777739286 0.004000014625489712
v 0.020757675170898438 -0.0021566792856901884 0.004000014625489712
f 13084 13085 13086
v 0.020757675170898438 -0.0021566792856901884 0.00500000175088644
v 0.020757675170898438 -0.0021566792856901884 0.004000014625489712
v 0.019768184050917625 -0.002817828906700015 0.00500000175088644
f 13087 13088 13089
v 0.019768184050917625 -0.002817828906700015 0.00500000175088644
v 0.020757675170898438 -0.0021566792856901884 0.004000014625489712
v 0.019768184050917625 -0.002817828906700015 0.004000014625489712
f 13090 13091 13092
v 0.019768184050917625 -0.002817828906700015 0.00500000175088644
v 0.019768184050917625 -0.002817828906700015 0.004000014625489712
v 0.01860100030899048 -0.0030499964486807585 0.00500000175088644
f 13093 13094 13095
v 0.01860100030899048 -0.0030499964486807585 0.00500000175088644
v 0.019768184050917625 -0.002817828906700015 0.004000014625489712
v 0.01860100030899048 -0.0030499964486807585 0.004000014625489712
f 13096 13097 13098
v 0.01860100030899048 -0.0016500025521963835 6.356975390531261e-09
v 0.01860100030899048 -0.0016500025521963835 0.004000014625489712
v 0.019316907972097397 -0.00148659641854465 6.356975390531261e-09
f 13099 13100 13101
v 0.019316907972097397 -0.00148659641854465 6.356975390531261e-09
v 0.01860100030899048 -0.0016500025521963835 0.004000014625489712
v 0.019316907972097397 -0.00148659641854465 0.004000014625489712
f 13102 13103 13104
v 0.019316907972097397 -0.00148659641854465 6.356975390531261e-09
v 0.019316907972097397 -0.00148659641854465 0.004000014625489712
v 0.01989102177321911 -0.0010287582408636808 6.356975390531261e-09
f 13105 13106 13107
v 0.01989102177321911 -0.0010287582408636808 6.356975390531261e-09
v 0.019316907972097397 -0.00148659641854465 0.004000014625489712
v 0.01989102177321911 -0.0010287582408636808 0.004000014625489712
f 13108 13109 13110
v 0.01989102177321911 -0.0010287582408636808 6.356975390531261e-09
v 0.01989102177321911 -0.0010287582408636808 0.004000014625489712
v 0.020209630951285362 -0.00036716158501803875 6.356975390531261e-09
f 13111 13112 13113
v 0.020209630951285362 -0.00036716158501803875 6.356975390531261e-09
v 0.01989102177321911 -0.0010287582408636808 0.004000014625489712
v 0.020209630951285362 -0.00036716158501803875 0.004000014625489712
f 13114 13115 13116
v 0.020209630951285362 -0.00036716158501803875 6.356975390531261e-09
v 0.020209630951285362 -0.00036716158501803875 0.004000014625489712
v 0.020209630951285362 0.0003671601880341768 6.356975390531261e-09
f 13117 13118 13119
v 0.020209630951285362 0.0003671601880341768 6.356975390531261e-09
v 0.020209630951285362 -0.00036716158501803875 0.004000014625489712
v 0.020209630951285362 0.0003671601880341768 0.004000014625489712
f 13120 13121 13122
v 0.020209630951285362 0.0003671601880341768 6.356975390531261e-09
v 0.020209630951285362 0.0003671601880341768 0.004000014625489712
v 0.01989102177321911 0.001028756843879819 6.356975390531261e-09
f 13123 13124 13125
v 0.01989102177321911 0.001028756843879819 6.356975390531261e-09
v 0.020209630951285362 0.0003671601880341768 0.004000014625489712
v 0.01989102177321911 0.001028756843879819 0.004000014625489712
f 13126 13127 13128
v 0.01989102177321911 0.001028756843879819 6.356975390531261e-09
v 0.01989102177321911 0.001028756843879819 0.004000014625489712
v 0.019316907972097397 0.0014865950215607882 6.356975390531261e-09
f 13129 13130 13131
v 0.019316907972097397 0.0014865950215607882 6.356975390531261e-09
v 0.01989102177321911 0.001028756843879819 0.004000014625489712
v 0.019316907972097397 0.0014865950215607882 0.004000014625489712
f 13132 13133 13134
v 0.019316907972097397 0.0014865950215607882 6.356975390531261e-09
v 0.019316907972097397 0.0014865950215607882 0.004000014625489712
v 0.01860100030899048 0.0016500011552125216 6.356975390531261e-09
f 13135 13136 13137
v 0.01860100030899048 0.0016500011552125216 6.356975390531261e-09
v 0.019316907972097397 0.0014865950215607882 0.004000014625489712
v 0.01860100030899048 0.0016500011552125216 0.004000014625489712
f 13138 13139 13140
v 0.007501000072807074 -0.006699998397380114 -0.0030000146944075823
v 0.007501000072807074 -0.006699998397380114 6.356975390531261e-09
v 0.008351000025868416 -0.006472241599112749 -0.0030000146944075823
f 13141 13142 13143
v 0.008351000025868416 -0.006472241599112749 -0.0030000146944075823
v 0.007501000072807074 -0.006699998397380114 6.356975390531261e-09
v 0.008351000025868416 -0.006472241599112749 6.356975390531261e-09
f 13144 13145 13146
v 0.008351000025868416 -0.006472241599112749 -0.0030000146944075823
v 0.008351000025868416 -0.006472241599112749 6.356975390531261e-09
v 0.008973243646323681 -0.005849998909980059 -0.0030000146944075823
f 13147 13148 13149
v 0.008973243646323681 -0.005849998909980059 -0.0030000146944075823
v 0.008351000025868416 -0.006472241599112749 6.356975390531261e-09
v 0.008973243646323681 -0.005849998909980059 6.356975390531261e-09
f 13150 13151 13152
v 0.008973243646323681 -0.005849998909980059 -0.0030000146944075823
v 0.008973243646323681 -0.005849998909980059 6.356975390531261e-09
v 0.009201000444591045 -0.004999999422580004 -0.0030000146944075823
f 13153 13154 13155
v 0.009201000444591045 -0.004999999422580004 -0.0030000146944075823
v 0.008973243646323681 -0.005849998909980059 6.356975390531261e-09
v 0.009201000444591045 -0.004999999422580004 6.356975390531261e-09
f 13156 13157 13158
v 0.009201000444591045 -0.004999999422580004 -0.0030000146944075823
v 0.009201000444591045 -0.004999999422580004 6.356975390531261e-09
v 0.008973243646323681 -0.004149999935179949 -0.0030000146944075823
f 13159 13160 13161
v 0.008973243646323681 -0.004149999935179949 -0.0030000146944075823
v 0.009201000444591045 -0.004999999422580004 6.356975390531261e-09
v 0.008973243646323681 -0.004149999935179949 6.356975390531261e-09
f 13162 13163 13164
v 0.008973243646323681 -0.004149999935179949 -0.0030000146944075823
v 0.008973243646323681 -0.004149999935179949 6.356975390531261e-09
v 0.008351000025868416 -0.003527757478877902 -0.0030000146944075823
f 13165 13166 13167
v 0.008351000025868416 -0.003527757478877902 -0.0030000146944075823
v 0.008973243646323681 -0.004149999935179949 6.356975390531261e-09
v 0.008351000025868416 -0.003527757478877902 6.356975390531261e-09
f 13168 13169 13170
v 0.008351000025868416 -0.003527757478877902 -0.0030000146944075823
v 0.008351000025868416 -0.003527757478877902 6.356975390531261e-09
v 0.007501000072807074 -0.0033000006806105375 -0.0030000146944075823
f 13171 13172 13173
v 0.007501000072807074 -0.0033000006806105375 -0.0030000146944075823
v 0.008351000025868416 -0.003527757478877902 6.356975390531261e-09
v 0.007501000072807074 -0.0033000006806105375 6.356975390531261e-09
f 13174 13175 13176
v -0.007499000057578087 -0.006699998397380114 -0.0030000146944075823
v -0.007499000057578087 -0.006699998397380114 6.356975390531261e-09
v -0.006649000104516745 -0.006472241599112749 -0.0030000146944075823
f 13177 13178 13179
v -0.006649000104516745 -0.006472241599112749 -0.0030000146944075823
v -0.007499000057578087 -0.006699998397380114 6.356975390531261e-09
v -0.006649000104516745 -0.006472241599112749 6.356975390531261e-09
f 13180 13181 13182
v -0.006649000104516745 -0.006472241599112749 -0.0030000146944075823
v -0.006649000104516745 -0.006472241599112749 6.356975390531261e-09
v -0.006026756949722767 -0.005849998909980059 -0.0030000146944075823
f 13183 13184 13185
v -0.006026756949722767 -0.005849998909980059 -0.0030000146944075823
v -0.006649000104516745 -0.006472241599112749 6.356975390531261e-09
v -0.006026756949722767 -0.005849998909980059 6.356975390531261e-09
f 13186 13187 13188
v -0.006026756949722767 -0.005849998909980059 -0.0030000146944075823
v -0.006026756949722767 -0.005849998909980059 6.356975390531261e-09
v -0.005799000151455402 -0.004999999422580004 -0.0030000146944075823
f 13189 13190 13191
v -0.005799000151455402 -0.004999999422580004 -0.0030000146944075823
v -0.006026756949722767 -0.005849998909980059 6.356975390531261e-09
v -0.005799000151455402 -0.004999999422580004 6.356975390531261e-09
f 13192 13193 13194
v -0.005799000151455402 -0.004999999422580004 -0.0030000146944075823
v -0.005799000151455402 -0.004999999422580004 6.356975390531261e-09
v -0.006026756949722767 -0.004149999935179949 -0.0030000146944075823
f 13195 13196 13197
v -0.006026756949722767 -0.004149999935179949 -0.0030000146944075823
v -0.005799000151455402 -0.004999999422580004 6.356975390531261e-09
v -0.006026756949722767 -0.004149999935179949 6.356975390531261e-09
f 13198 13199 13200
v -0.006026756949722767 -0.004149999935179949 -0.0030000146944075823
v -0.006026756949722767 -0.004149999935179949 6.356975390531261e-09
v -0.006649000104516745 -0.003527757478877902 -0.0030000146944075823
f 13201 13202 13203
v -0.006649000104516745 -0.003527757478877902 -0.0030000146944075823
v -0.006026756949722767 -0.004149999935179949 6.356975390531261e-09
v -0.006649000104516745 -0.003527757478877902 6.356975390531261e-09
f 13204 13205 13206
v -0.006649000104516745 -0.003527757478877902 -0.0030000146944075823
v -0.006649000104516745 -0.003527757478877902 6.356975390531261e-09
v -0.007499000057578087 -0.0033000006806105375 -0.0030000146944075823
f 13207 13208 13209
v -0.007499000057578087 -0.0033000006806105375 -0.0030000146944075823
v -0.006649000104516745 -0.003527757478877902 6.356975390531261e-09
v -0.007499000057578087 -0.0033000006806105375 6.356975390531261e-09
f 13210 13211 13212
v -0.007499000057578087 0.0032999992836266756 -0.0030000146944075823
v -0.007499000057578087 0.0032999992836266756 6.356975390531261e-09
v -0.006761397700756788 0.0034683526027947664 -0.0030000146944075823
f 13213 13214 13215
v -0.006761397700756788 0.0034683526027947664 -0.0030000146944075823
v -0.007499000057578087 0.0032999992836266756 6.356975390531261e-09
v -0.006761397700756788 0.0034683526027947664 6.356975390531261e-09
f 13216 13217 13218
v -0.006761397700756788 0.0034683526027947664 -0.0030000146944075823
v -0.006761397700756788 0.0034683526027947664 6.356975390531261e-09
v -0.006169886328279972 0.0039400639943778515 -0.0030000146944075823
f 13219 13220 13221
v -0.006169886328279972 0.0039400639943778515 -0.0030000146944075823
v -0.006761397700756788 0.0034683526027947664 6.356975390531261e-09
v -0.006169886328279972 0.0039400639943778515 6.356975390531261e-09
f 13222 13223 13224
v -0.006169886328279972 0.0039400639943778515 -0.0030000146944075823
v -0.006169886328279972 0.0039400639943778515 6.356975390531261e-09
v -0.005841622594743967 0.0046217176131904125 -0.0030000146944075823
f 13225 13226 13227
v -0.005841622594743967 0.0046217176131904125 -0.0030000146944075823
v -0.006169886328279972 0.0039400639943778515 6.356975390531261e-09
v -0.005841622594743967 0.0046217176131904125 6.356975390531261e-09
f 13228 13229 13230
v -0.005841622594743967 0.0046217176131904125 -0.0030000146944075823
v -0.005841622594743967 0.0046217176131904125 6.356975390531261e-09
v -0.005841622594743967 0.005378286819905043 -0.0030000146944075823
f 13231 13232 13233
v -0.005841622594743967 0.005378286819905043 -0.0030000146944075823
v -0.005841622594743967 0.0046217176131904125 6.356975390531261e-09
v -0.005841622594743967 0.005378286819905043 6.356975390531261e-09
f 13234 13235 13236
v -0.005841622594743967 0.005378286819905043 -0.0030000146944075823
v -0.005841622594743967 0.005378286819905043 6.356975390531261e-09
v -0.006169886328279972 0.006059932988137007 -0.0030000146944075823
f 13237 13238 13239
v -0.006169886328279972 0.006059932988137007 -0.0030000146944075823
v -0.005841622594743967 0.005378286819905043 6.356975390531261e-09
v -0.006169886328279972 0.006059932988137007 6.356975390531261e-09
f 13240 13241 13242
v -0.006169886328279972 0.006059932988137007 -0.0030000146944075823
v -0.006169886328279972 0.006059932988137007 6.356975390531261e-09
v -0.006761397700756788 0.006531644146889448 -0.0030000146944075823
f 13243 13244 13245
v -0.006761397700756788 0.006531644146889448 -0.0030000146944075823
v -0.006169886328279972 0.006059932988137007 6.356975390531261e-09
v -0.006761397700756788 0.006531644146889448 6.356975390531261e-09
f 13246 13247 13248
v -0.006761397700756788 0.006531644146889448 -0.0030000146944075823
v -0.006761397700756788 0.006531644146889448 6.356975390531261e-09
v -0.007499000057578087 0.006699997466057539 -0.0030000146944075823
f 13249 13250 13251
v -0.007499000057578087 0.006699997466057539 -0.0030000146944075823
v -0.006761397700756788 0.006531644146889448 6.356975390531261e-09
v -0.007499000057578087 0.006699997466057539 6.356975390531261e-09
f 13252 13253 13254
v 0.007501000072807074 0.0032999992836266756 -0.0030000146944075823
v 0.007501000072807074 0.0032999992836266756 6.356975390531261e-09
v 0.008351000025868416 0.00352775608189404 -0.0030000146944075823
f 13255 13256 13257
v 0.008351000025868416 0.00352775608189404 -0.0030000146944075823
v 0.007501000072807074 0.0032999992836266756 6.356975390531261e-09
v 0.008351000025868416 0.00352775608189404 6.356975390531261e-09
f 13258 13259 13260
v 0.008351000025868416 0.00352775608189404 -0.0030000146944075823
v 0.008351000025868416 0.00352775608189404 6.356975390531261e-09
v 0.008973243646323681 0.004149999003857374 -0.0030000146944075823
f 13261 13262 13263
v 0.008973243646323681 0.004149999003857374 -0.0030000146944075823
v 0.008351000025868416 0.00352775608189404 6.356975390531261e-09
v 0.008973243646323681 0.004149999003857374 6.356975390531261e-09
f 13264 13265 13266
v 0.008973243646323681 0.004149999003857374 -0.0030000146944075823
v 0.008973243646323681 0.004149999003857374 6.356975390531261e-09
v 0.009201000444591045 0.004999998491257429 -0.0030000146944075823
f 13267 13268 13269
v 0.009201000444591045 0.004999998491257429 -0.0030000146944075823
v 0.008973243646323681 0.004149999003857374 6.356975390531261e-09
v 0.009201000444591045 0.004999998491257429 6.356975390531261e-09
f 13270 13271 13272
v 0.009201000444591045 0.004999998491257429 -0.0030000146944075823
v 0.009201000444591045 0.004999998491257429 6.356975390531261e-09
v 0.008973243646323681 0.005849997978657484 -0.0030000146944075823
f 13273 13274 13275
v 0.008973243646323681 0.005849997978657484 -0.0030000146944075823
v 0.009201000444591045 0.004999998491257429 6.356975390531261e-09
v 0.008973243646323681 0.005849997978657484 6.356975390531261e-09
f 13276 13277 13278
v 0.008973243646323681 0.005849997978657484 -0.0030000146944075823
v 0.008973243646323681 0.005849997978657484 6.356975390531261e-09
v 0.008351000025868416 0.0064722406677901745 -0.0030000146944075823
f 13279 13280 13281
v 0.008351000025868416 0.0064722406677901745 -0.0030000146944075823
v 0.008973243646323681 0.005849997978657484 6.356975390531261e-09
v 0.008351000025868416 0.0064722406677901745 6.356975390531261e-09
f 13282 13283 13284
v 0.008351000025868416 0.0064722406677901745 -0.0030000146944075823
v 0.008351000025868416 0.0064722406677901745 6.356975390531261e-09
v 0.007501000072807074 0.006699997466057539 -0.0030000146944075823
f 13285 13286 13287
v 0.007501000072807074 0.006699997466057539 -0.0030000146944075823
v 0.008351000025868416 0.0064722406677901745 6.356975390531261e-09
v 0.007501000072807074 0.006699997466057539 6.356975390531261e-09
f 13288 13289 13290
v 0.007501000072807074 0.007350001018494368 -0.0030000146944075823
v 0.007501000072807074 0.007350001018494368 -0.004999988712370396
v 0.008520626462996006 0.007117274682968855 -0.0030000146944075823
f 13291 13292 13293
v 0.008520626462996006 0.007117274682968855 -0.0030000146944075823
v 0.007501000072807074 0.007350001018494368 -0.004999988712370396
v 0.008520626462996006 0.007117274682968855 -0.004999988712370396
f 13294 13295 13296
v 0.008520626462996006 0.007117274682968855 -0.0030000146944075823
v 0.008520626462996006 0.007117274682968855 -0.004999988712370396
v 0.00933830440044403 0.0064651998691260815 -0.0030000146944075823
f 13297 13298 13299
v 0.00933830440044403 0.0064651998691260815 -0.0030000146944075823
v 0.008520626462996006 0.007117274682968855 -0.004999988712370396
v 0.00933830440044403 0.0064651998691260815 -0.004999988712370396
f 13300 13301 13302
v 0.00933830440044403 0.0064651998691260815 -0.0030000146944075823
v 0.00933830440044403 0.0064651998691260815 -0.004999988712370396
v 0.009792080149054527 0.005522924941033125 -0.0030000146944075823
f 13303 13304 13305
v 0.009792080149054527 0.005522924941033125 -0.0030000146944075823
v 0.00933830440044403 0.0064651998691260815 -0.004999988712370396
v 0.009792080149054527 0.005522924941033125 -0.004999988712370396
f 13306 13307 13308
v 0.009792080149054527 0.005522924941033125 -0.0030000146944075823
v 0.009792080149054527 0.005522924941033125 -0.004999988712370396
v 0.009792080149054527 0.00447707949206233 -0.0030000146944075823
f 13309 13310 13311
v 0.009792080149054527 0.00447707949206233 -0.0030000146944075823
v 0.009792080149054527 0.005522924941033125 -0.004999988712370396
v 0.009792080149054527 0.00447707949206233 -0.004999988712370396
f 13312 13313 13314
v 0.009792080149054527 0.00447707949206233 -0.0030000146944075823
v 0.009792080149054527 0.00447707949206233 -0.004999988712370396
v 0.00933830440044403 0.003534796880558133 -0.0030000146944075823
f 13315 13316 13317
v 0.00933830440044403 0.003534796880558133 -0.0030000146944075823
v 0.009792080149054527 0.00447707949206233 -0.004999988712370396
v 0.00933830440044403 0.003534796880558133 -0.004999988712370396
f 13318 13319 13320
v 0.00933830440044403 0.003534796880558133 -0.0030000146944075823
v 0.00933830440044403 0.003534796880558133 -0.004999988712370396
v 0.008520626462996006 0.0028827220667153597 -0.0030000146944075823
f 13321 13322 13323
v 0.008520626462996006 0.0028827220667153597 -0.0030000146944075823
v 0.00933830440044403 0.003534796880558133 -0.004999988712370396
v 0.008520626462996006 0.0028827220667153597 -0.004999988712370396
f 13324 13325 13326
v 0.008520626462996006 0.0028827220667153597 -0.0030000146944075823
v 0.008520626462996006 0.0028827220667153597 -0.004999988712370396
v 0.007501000072807074 0.002650003181770444 -0.0030000146944075823
f 13327 13328 13329
v 0.007501000072807074 0.002650003181770444 -0.0030000146944075823
v 0.008520626462996006 0.0028827220667153597 -0.004999988712370396
v 0.007501000072807074 0.002650003181770444 -0.004999988712370396
f 13330 13331 13332
v 0.007501000072807074 -0.002649997128173709 -0.0030000146944075823
v 0.007501000072807074 -0.002649997128173709 -0.004999988712370396
v 0.008520626462996006 -0.0028827234636992216 -0.0030000146944075823
f 13333 13334 13335
v 0.008520626462996006 -0.0028827234636992216 -0.0030000146944075823
v 0.007501000072807074 -0.002649997128173709 -0.004999988712370396
v 0.008520626462996006 -0.0028827234636992216 -0.004999988712370396
f 13336 13337 13338
v 0.008520626462996006 -0.0028827234636992216 -0.0030000146944075823
v 0.008520626462996006 -0.0028827234636992216 -0.004999988712370396
v 0.00933830440044403 -0.003534798277541995 -0.0030000146944075823
f 13339 13340 13341
v 0.00933830440044403 -0.003534798277541995 -0.0030000146944075823
v 0.008520626462996006 -0.0028827234636992216 -0.004999988712370396
v 0.00933830440044403 -0.003534798277541995 -0.004999988712370396
f 13342 13343 13344
v 0.00933830440044403 -0.003534798277541995 -0.0030000146944075823
v 0.00933830440044403 -0.003534798277541995 -0.004999988712370396
v 0.009792080149054527 -0.004477072972804308 -0.0030000146944075823
f 13345 13346 13347
v 0.009792080149054527 -0.004477072972804308 -0.0030000146944075823
v 0.00933830440044403 -0.003534798277541995 -0.004999988712370396
v 0.009792080149054527 -0.004477072972804308 -0.004999988712370396
f 13348 13349 13350
v 0.009792080149054527 -0.004477072972804308 -0.0030000146944075823
v 0.009792080149054527 -0.004477072972804308 -0.004999988712370396
v 0.009792080149054527 -0.0055229258723556995 -0.0030000146944075823
f 13351 13352 13353
v 0.009792080149054527 -0.0055229258723556995 -0.0030000146944075823
v 0.009792080149054527 -0.004477072972804308 -0.004999988712370396
v 0.009792080149054527 -0.0055229258723556995 -0.004999988712370396
f 13354 13355 13356
v 0.009792080149054527 -0.0055229258723556995 -0.0030000146944075823
v 0.009792080149054527 -0.0055229258723556995 -0.004999988712370396
v 0.00933830440044403 -0.006465200800448656 -0.0030000146944075823
f 13357 13358 13359
v 0.00933830440044403 -0.006465200800448656 -0.0030000146944075823
v 0.009792080149054527 -0.0055229258723556995 -0.004999988712370396
v 0.00933830440044403 -0.006465200800448656 -0.004999988712370396
f 13360 13361 13362
v 0.00933830440044403 -0.006465200800448656 -0.0030000146944075823
v 0.00933830440044403 -0.006465200800448656 -0.004999988712370396
v 0.008520626462996006 -0.0071172756142914295 -0.0030000146944075823
f 13363 13364 13365
v 0.008520626462996006 -0.0071172756142914295 -0.0030000146944075823
v 0.00933830440044403 -0.006465200800448656 -0.004999988712370396
v 0.008520626462996006 -0.0071172756142914295 -0.004999988712370396
f 13366 13367 13368
v 0.008520626462996006 -0.0071172756142914295 -0.0030000146944075823
v 0.008520626462996006 -0.0071172756142914295 -0.004999988712370396
v 0.007501000072807074 -0.007350001949816942 -0.0030000146944075823
f 13369 13370 13371
v 0.007501000072807074 -0.007350001949816942 -0.0030000146944075823
v 0.008520626462996006 -0.0071172756142914295 -0.004999988712370396
v 0.007501000072807074 -0.007350001949816942 -0.004999988712370396
f 13372 13373 13374
v -0.007499027065932751 0.01204999815672636 6.356975390531261e-09
v -0.007499027065932751 0.01204999815672636 -0.004999988712370396
v -0.006874027196317911 0.011882531456649303 6.356975390531261e-09
f 13375 13376 13377
v -0.006874027196317911 0.011882531456649303 6.356975390531261e-09
v -0.007499027065932751 0.01204999815672636 -0.004999988712370396
v -0.006874027196317911 0.011882531456649303 -0.004999988712370396
f 13378 13379 13380
v -0.006874027196317911 0.011882531456649303 6.356975390531261e-09
v -0.006874027196317911 0.011882531456649303 -0.004999988712370396
v -0.00641649542376399 0.011424998752772808 6.356975390531261e-09
f 13381 13382 13383
v -0.00641649542376399 0.011424998752772808 6.356975390531261e-09
v -0.006874027196317911 0.011882531456649303 -0.004999988712370396
v -0.00641649542376399 0.011424998752772808 -0.004999988712370396
f 13384 13385 13386
v -0.00641649542376399 0.011424998752772808 6.356975390531261e-09
v -0.00641649542376399 0.011424998752772808 -0.004999988712370396
v -0.006249026861041784 0.010799999348819256 6.356975390531261e-09
f 13387 13388 13389
v -0.006249026861041784 0.010799999348819256 6.356975390531261e-09
v -0.00641649542376399 0.011424998752772808 -0.004999988712370396
v -0.006249026861041784 0.010799999348819256 -0.004999988712370396
f 13390 13391 13392
v -0.006249026861041784 0.010799999348819256 6.356975390531261e-09
v -0.006249026861041784 0.010799999348819256 -0.004999988712370396
v -0.00641649542376399 0.010174999944865704 6.356975390531261e-09
f 13393 13394 13395
v -0.00641649542376399 0.010174999944865704 6.356975390531261e-09
v -0.006249026861041784 0.010799999348819256 -0.004999988712370396
v -0.00641649542376399 0.010174999944865704 -0.004999988712370396
f 13396 13397 13398
v -0.00641649542376399 0.010174999944865704 6.356975390531261e-09
v -0.00641649542376399 0.010174999944865704 -0.004999988712370396
v -0.006874027196317911 0.009717467240989208 6.356975390531261e-09
f 13399 13400 13401
v -0.006874027196317911 0.009717467240989208 6.356975390531261e-09
v -0.00641649542376399 0.010174999944865704 -0.004999988712370396
v -0.006874027196317911 0.009717467240989208 -0.004999988712370396
f 13402 13403 13404
v -0.006874027196317911 0.009717467240989208 6.356975390531261e-09
v -0.006874027196317911 0.009717467240989208 -0.004999988712370396
v -0.007499027065932751 0.009550000540912151 6.356975390531261e-09
f 13405 13406 13407
v -0.007499027065932751 0.009550000540912151 6.356975390531261e-09
v -0.006874027196317911 0.009717467240989208 -0.004999988712370396
v -0.007499027065932751 0.009550000540912151 -0.004999988712370396
f 13408 13409 13410
v 0.00750097306445241 -0.0095500024035573 6.356975390531261e-09
v 0.00750097306445241 -0.0095500024035573 -0.004999988712370396
v 0.00812597293406725 -0.009717469103634357 6.356975390531261e-09
f 13411 13412 13413
v 0.00812597293406725 -0.009717469103634357 6.356975390531261e-09
v 0.00750097306445241 -0.0095500024035573 -0.004999988712370396
v 0.00812597293406725 -0.009717469103634357 -0.004999988712370396
f 13414 13415 13416
v 0.00812597293406725 -0.009717469103634357 6.356975390531261e-09
v 0.00812597293406725 -0.009717469103634357 -0.004999988712370396
v 0.00858350470662117 -0.010175001807510853 6.356975390531261e-09
f 13417 13418 13419
v 0.00858350470662117 -0.010175001807510853 6.356975390531261e-09
v 0.00812597293406725 -0.009717469103634357 -0.004999988712370396
v 0.00858350470662117 -0.010175001807510853 -0.004999988712370396
f 13420 13421 13422
v 0.00858350470662117 -0.010175001807510853 6.356975390531261e-09
v 0.00858350470662117 -0.010175001807510853 -0.004999988712370396
v 0.008750973269343376 -0.010800001211464405 6.356975390531261e-09
f 13423 13424 13425
v 0.008750973269343376 -0.010800001211464405 6.356975390531261e-09
v 0.00858350470662117 -0.010175001807510853 -0.004999988712370396
v 0.008750973269343376 -0.010800001211464405 -0.004999988712370396
f 13426 13427 13428
v 0.008750973269343376 -0.010800001211464405 6.356975390531261e-09
v 0.008750973269343376 -0.010800001211464405 -0.004999988712370396
v 0.00858350470662117 -0.011425000615417957 6.356975390531261e-09
f 13429 13430 13431
v 0.00858350470662117 -0.011425000615417957 6.356975390531261e-09
v 0.008750973269343376 -0.010800001211464405 -0.004999988712370396
v 0.00858350470662117 -0.011425000615417957 -0.004999988712370396
f 13432 13433 13434
v 0.00858350470662117 -0.011425000615417957 6.356975390531261e-09
v 0.00858350470662117 -0.011425000615417957 -0.004999988712370396
v 0.00812597293406725 -0.011882533319294453 6.356975390531261e-09
f 13435 13436 13437
v 0.00812597293406725 -0.011882533319294453 6.356975390531261e-09
v 0.00858350470662117 -0.011425000615417957 -0.004999988712370396
v 0.00812597293406725 -0.011882533319294453 -0.004999988712370396
f 13438 13439 13440
v 0.00812597293406725 -0.011882533319294453 6.356975390531261e-09
v 0.00812597293406725 -0.011882533319294453 -0.004999988712370396
v 0.00750097306445241 -0.01205000001937151 6.356975390531261e-09
f 13441 13442 13443
v 0.00750097306445241 -0.01205000001937151 6.356975390531261e-09
v 0.00812597293406725 -0.011882533319294453 -0.004999988712370396
v 0.00750097306445241 -0.01205000001937151 -0.004999988712370396
f 13444 13445 13446
v 0.00750097306445241 0.01204999815672636 6.356975390531261e-09
v 0.00750097306445241 0.01204999815672636 -0.004999988712370396
v 0.00812597293406725 0.011882531456649303 6.356975390531261e-09
f 13447 13448 13449
v 0.00812597293406725 0.011882531456649303 6.356975390531261e-09
v 0.00750097306445241 0.01204999815672636 -0.004999988712370396
v 0.00812597293406725 0.011882531456649303 -0.004999988712370396
f 13450 13451 13452
v 0.00812597293406725 0.011882531456649303 6.356975390531261e-09
v 0.00812597293406725 0.011882531456649303 -0.004999988712370396
v 0.00858350470662117 0.011424998752772808 6.356975390531261e-09
f 13453 13454 13455
v 0.00858350470662117 0.011424998752772808 6.356975390531261e-09
v 0.00812597293406725 0.011882531456649303 -0.004999988712370396
v 0.00858350470662117 0.011424998752772808 -0.004999988712370396
f 13456 13457 13458
v 0.00858350470662117 0.011424998752772808 6.356975390531261e-09
v 0.00858350470662117 0.011424998752772808 -0.004999988712370396
v 0.008750973269343376 0.010799999348819256 6.356975390531261e-09
f 13459 13460 13461
v 0.008750973269343376 0.010799999348819256 6.356975390531261e-09
v 0.00858350470662117 0.011424998752772808 -0.004999988712370396
v 0.008750973269343376 0.010799999348819256 -0.004999988712370396
f 13462 13463 13464
v 0.008750973269343376 0.010799999348819256 6.356975390531261e-09
v 0.008750973269343376 0.010799999348819256 -0.004999988712370396
v 0.00858350470662117 0.010174999944865704 6.356975390531261e-09
f 13465 13466 13467
v 0.00858350470662117 0.010174999944865704 6.356975390531261e-09
v 0.008750973269343376 0.010799999348819256 -0.004999988712370396
v 0.00858350470662117 0.010174999944865704 -0.004999988712370396
f 13468 13469 13470
v 0.00858350470662117 0.010174999944865704 6.356975390531261e-09
v 0.00858350470662117 0.010174999944865704 -0.004999988712370396
v 0.00812597293406725 0.009717467240989208 6.356975390531261e-09
f 13471 13472 13473
v 0.00812597293406725 0.009717467240989208 6.356975390531261e-09
v 0.00858350470662117 0.010174999944865704 -0.004999988712370396
v 0.00812597293406725 0.009717467240989208 -0.004999988712370396
f 13474 13475 13476
v 0.00812597293406725 0.009717467240989208 6.356975390531261e-09
v 0.00812597293406725 0.009717467240989208 -0.004999988712370396
v 0.00750097306445241 0.009550000540912151 6.356975390531261e-09
f 13477 13478 13479
v 0.00750097306445241 0.009550000540912151 6.356975390531261e-09
v 0.00812597293406725 0.009717467240989208 -0.004999988712370396
v 0.00750097306445241 0.009550000540912151 -0.004999988712370396
f 13480 13481 13482
v -0.007499027065932751 -0.0095500024035573 6.356975390531261e-09
v -0.007499027065932751 -0.0095500024035573 -0.004999988712370396
v -0.006874027196317911 -0.009717469103634357 6.356975390531261e-09
f 13483 13484 13485
v -0.006874027196317911 -0.009717469103634357 6.356975390531261e-09
v -0.007499027065932751 -0.0095500024035573 -0.004999988712370396
v -0.006874027196317911 -0.009717469103634357 -0.004999988712370396
f 13486 13487 13488
v -0.006874027196317911 -0.009717469103634357 6.356975390531261e-09
v -0.006874027196317911 -0.009717469103634357 -0.004999988712370396
v -0.00641649542376399 -0.010175001807510853 6.356975390531261e-09
f 13489 13490 13491
v -0.00641649542376399 -0.010175001807510853 6.356975390531261e-09
v -0.006874027196317911 -0.009717469103634357 -0.004999988712370396
v -0.00641649542376399 -0.010175001807510853 -0.004999988712370396
f 13492 13493 13494
v -0.00641649542376399 -0.010175001807510853 6.356975390531261e-09
v -0.00641649542376399 -0.010175001807510853 -0.004999988712370396
v -0.006249026861041784 -0.010800001211464405 6.356975390531261e-09
f 13495 13496 13497
v -0.006249026861041784 -0.010800001211464405 6.356975390531261e-09
v -0.00641649542376399 -0.010175001807510853 -0.004999988712370396
v -0.006249026861041784 -0.010800001211464405 -0.004999988712370396
f 13498 13499 13500
v -0.006249026861041784 -0.010800001211464405 6.356975390531261e-09
v -0.006249026861041784 -0.010800001211464405 -0.004999988712370396
v -0.00641649542376399 -0.011425000615417957 6.356975390531261e-09
f 13501 13502 13503
v -0.00641649542376399 -0.011425000615417957 6.356975390531261e-09
v -0.006249026861041784 -0.010800001211464405 -0.004999988712370396
v -0.00641649542376399 -0.011425000615417957 -0.004999988712370396
f 13504 13505 13506
v -0.00641649542376399 -0.011425000615417957 6.356975390531261e-09
v -0.00641649542376399 -0.011425000615417957 -0.004999988712370396
v -0.006874027196317911 -0.011882533319294453 6.356975390531261e-09
f 13507 13508 13509
v -0.006874027196317911 -0.011882533319294453 6.356975390531261e-09
v -0.00641649542376399 -0.011425000615417957 -0.004999988712370396
v -0.006874027196317911 -0.011882533319294453 -0.004999988712370396
f 13510 13511 13512
v -0.006874027196317911 -0.011882533319294453 6.356975390531261e-09
v -0.006874027196317911 -0.011882533319294453 -0.004999988712370396
v -0.007499027065932751 -0.01205000001937151 6.356975390531261e-09
f 13513 13514 13515
v -0.007499027065932751 -0.01205000001937151 6.356975390531261e-09
v -0.006874027196317911 -0.011882533319294453 -0.004999988712370396
v -0.007499027065932751 -0.01205000001937151 -0.004999988712370396
f 13516 13517 13518
v 0.01708139292895794 0.007599558215588331 0.0020000103395432234
v 0.01708139292895794 0.007599558215588331 6.356975390531261e-09
v 0.01561509259045124 0.0075261699967086315 0.0020000103395432234
f 13519 13520 13521
v 0.01561509259045124 0.0075261699967086315 0.0020000103395432234
v 0.01708139292895794 0.007599558215588331 6.356975390531261e-09
v 0.01561509259045124 0.0075261699967086315 6.356975390531261e-09
f 13522 13523 13524
v 0.01561509259045124 0.0075261699967086315 0.0020000103395432234
v 0.01561509259045124 0.0075261699967086315 6.356975390531261e-09
v 0.01419068593531847 0.007881815545260906 0.0020000103395432234
f 13525 13526 13527
v 0.01419068593531847 0.007881815545260906 0.0020000103395432234
v 0.01561509259045124 0.0075261699967086315 6.356975390531261e-09
v 0.01419068593531847 0.007881815545260906 6.356975390531261e-09
f 13528 13529 13530
v 0.01419068593531847 0.007881815545260906 0.0020000103395432234
v 0.01419068593531847 0.007881815545260906 6.356975390531261e-09
v 0.012930980883538723 0.008635851554572582 0.0020000103395432234
f 13531 13532 13533
v 0.012930980883538723 0.008635851554572582 0.0020000103395432234
v 0.01419068593531847 0.007881815545260906 6.356975390531261e-09
v 0.012930980883538723 0.008635851554572582 6.356975390531261e-09
f 13534 13535 13536
v 0.012930980883538723 0.008635851554572582 0.0020000103395432234
v 0.012930980883538723 0.008635851554572582 6.356975390531261e-09
v 0.011944585479795933 0.009723248891532421 0.0020000103395432234
f 13537 13538 13539
v 0.011944585479795933 0.009723248891532421 0.0020000103395432234
v 0.012930980883538723 0.008635851554572582 6.356975390531261e-09
v 0.011944585479795933 0.009723248891532421 6.356975390531261e-09
f 13540 13541 13542
v 0.011944585479795933 0.009723248891532421 0.0020000103395432234
v 0.011944585479795933 0.009723248891532421 6.356975390531261e-09
v 0.011316542513668537 0.011050271801650524 0.0020000103395432234
f 13543 13544 13545
v 0.011316542513668537 0.011050271801650524 0.0020000103395432234
v 0.011944585479795933 0.009723248891532421 6.356975390531261e-09
v 0.011316542513668537 0.011050271801650524 6.356975390531261e-09
f 13546 13547 13548
v 0.011316542513668537 0.011050271801650524 0.0020000103395432234
v 0.011316542513668537 0.011050271801650524 6.356975390531261e-09
v 0.011101000010967255 0.012502501718699932 0.0020000103395432234
f 13549 13550 13551
v 0.011101000010967255 0.012502501718699932 0.0020000103395432234
v 0.011316542513668537 0.011050271801650524 6.356975390531261e-09
v 0.011101000010967255 0.012502501718699932 6.356975390531261e-09
f 13552 13553 13554
