# Generated from gripper_LR_link.STL
v -0.00750097306445241 -0.009100002236664295 -0.008000009693205357
v -0.00750097306445241 -0.009100002236664295 -0.004999988712370396
v -0.008350973017513752 -0.00932775903493166 -0.008000009693205357
f 1 2 3
v -0.008350973017513752 -0.00932775903493166 -0.008000009693205357
v -0.00750097306445241 -0.009100002236664295 -0.004999988712370396
v -0.008350973017513752 -0.00932775903493166 -0.004999988712370396
f 4 5 6
v -0.008350973017513752 -0.00932775903493166 -0.008000009693205357
v -0.008350973017513752 -0.00932775903493166 -0.004999988712370396
v -0.008973215706646442 -0.00995000172406435 -0.008000009693205357
f 7 8 9
v -0.008973215706646442 -0.00995000172406435 -0.008000009693205357
v -0.008350973017513752 -0.00932775903493166 -0.004999988712370396
v -0.008973215706646442 -0.00995000172406435 -0.004999988712370396
f 10 11 12
v -0.008973215706646442 -0.00995000172406435 -0.008000009693205357
v -0.008973215706646442 -0.00995000172406435 -0.004999988712370396
v -0.009200973436236382 -0.010800001211464405 -0.008000009693205357
f 13 14 15
v -0.009200973436236382 -0.010800001211464405 -0.008000009693205357
v -0.008973215706646442 -0.00995000172406435 -0.004999988712370396
v -0.009200973436236382 -0.010800001211464405 -0.004999988712370396
f 16 17 18
v -0.009200973436236382 -0.010800001211464405 -0.008000009693205357
v -0.009200973436236382 -0.010800001211464405 -0.004999988712370396
v -0.008973215706646442 -0.01165000069886446 -0.008000009693205357
f 19 20 21
v -0.008973215706646442 -0.01165000069886446 -0.008000009693205357
v -0.009200973436236382 -0.010800001211464405 -0.004999988712370396
v -0.008973215706646442 -0.01165000069886446 -0.004999988712370396
f 22 23 24
v -0.008973215706646442 -0.01165000069886446 -0.008000009693205357
v -0.008973215706646442 -0.01165000069886446 -0.004999988712370396
v -0.008350973017513752 -0.01227224338799715 -0.008000009693205357
f 25 26 27
v -0.008350973017513752 -0.01227224338799715 -0.008000009693205357
v -0.008973215706646442 -0.01165000069886446 -0.004999988712370396
v -0.008350973017513752 -0.01227224338799715 -0.004999988712370396
f 28 29 30
v -0.008350973017513752 -0.01227224338799715 -0.008000009693205357
v -0.008350973017513752 -0.01227224338799715 -0.004999988712370396
v -0.00750097306445241 -0.012500000186264515 -0.008000009693205357
f 31 32 33
v -0.00750097306445241 -0.012500000186264515 -0.008000009693205357
v -0.008350973017513752 -0.01227224338799715 -0.004999988712370396
v -0.00750097306445241 -0.012500000186264515 -0.004999988712370396
f 34 35 36
v 0.007499027065932751 -0.009100002236664295 -0.008000009693205357
v 0.007499027065932751 -0.009100002236664295 -0.004999988712370396
v 0.0066490271128714085 -0.00932775903493166 -0.008000009693205357
f 37 38 39
v 0.0066490271128714085 -0.00932775903493166 -0.008000009693205357
v 0.007499027065932751 -0.009100002236664295 -0.004999988712370396
v 0.0066490271128714085 -0.00932775903493166 -0.004999988712370396
f 40 41 42
v 0.0066490271128714085 -0.00932775903493166 -0.008000009693205357
v 0.0066490271128714085 -0.00932775903493166 -0.004999988712370396
v 0.006026783958077431 -0.00995000172406435 -0.008000009693205357
f 43 44 45
v 0.006026783958077431 -0.00995000172406435 -0.008000009693205357
v 0.0066490271128714085 -0.00932775903493166 -0.004999988712370396
v 0.006026783958077431 -0.00995000172406435 -0.004999988712370396
f 46 47 48
v 0.006026783958077431 -0.00995000172406435 -0.008000009693205357
v 0.006026783958077431 -0.00995000172406435 -0.004999988712370396
v 0.005799027159810066 -0.010800001211464405 -0.008000009693205357
f 49 50 51
v 0.005799027159810066 -0.010800001211464405 -0.008000009693205357
v 0.006026783958077431 -0.00995000172406435 -0.004999988712370396
v 0.005799027159810066 -0.010800001211464405 -0.004999988712370396
f 52 53 54
v 0.005799027159810066 -0.010800001211464405 -0.008000009693205357
v 0.005799027159810066 -0.010800001211464405 -0.004999988712370396
v 0.006026783958077431 -0.01165000069886446 -0.008000009693205357
f 55 56 57
v 0.006026783958077431 -0.01165000069886446 -0.008000009693205357
v 0.005799027159810066 -0.010800001211464405 -0.004999988712370396
v 0.006026783958077431 -0.01165000069886446 -0.004999988712370396
f 58 59 60
v 0.006026783958077431 -0.01165000069886446 -0.008000009693205357
v 0.006026783958077431 -0.01165000069886446 -0.004999988712370396
v 0.0066490271128714085 -0.01227224338799715 -0.008000009693205357
f 61 62 63
v 0.0066490271128714085 -0.01227224338799715 -0.008000009693205357
v 0.006026783958077431 -0.01165000069886446 -0.004999988712370396
v 0.0066490271128714085 -0.01227224338799715 -0.004999988712370396
f 64 65 66
v 0.0066490271128714085 -0.01227224338799715 -0.008000009693205357
v 0.0066490271128714085 -0.01227224338799715 -0.004999988712370396
v 0.007499027065932751 -0.012500000186264515 -0.008000009693205357
f 67 68 69
v 0.007499027065932751 -0.012500000186264515 -0.008000009693205357
v 0.0066490271128714085 -0.01227224338799715 -0.004999988712370396
v 0.007499027065932751 -0.012500000186264515 -0.004999988712370396
f 70 71 72
v 0.007499027065932751 0.012499998323619366 -0.008000009693205357
v 0.007499027065932751 0.012499998323619366 -0.004999988712370396
v 0.006761424709111452 0.012331645004451275 -0.008000009693205357
f 73 74 75
v 0.006761424709111452 0.012331645004451275 -0.008000009693205357
v 0.007499027065932751 0.012499998323619366 -0.004999988712370396
v 0.006761424709111452 0.012331645004451275 -0.004999988712370396
f 76 77 78
v 0.006761424709111452 0.012331645004451275 -0.008000009693205357
v 0.006761424709111452 0.012331645004451275 -0.004999988712370396
v 0.006169913336634636 0.011859933845698833 -0.008000009693205357
f 79 80 81
v 0.006169913336634636 0.011859933845698833 -0.008000009693205357
v 0.006761424709111452 0.012331645004451275 -0.004999988712370396
v 0.006169913336634636 0.011859933845698833 -0.004999988712370396
f 82 83 84
v 0.006169913336634636 0.011859933845698833 -0.008000009693205357
v 0.006169913336634636 0.011859933845698833 -0.004999988712370396
v 0.005841649603098631 0.01117828767746687 -0.008000009693205357
f 85 86 87
v 0.005841649603098631 0.01117828767746687 -0.008000009693205357
v 0.006169913336634636 0.011859933845698833 -0.004999988712370396
v 0.005841649603098631 0.01117828767746687 -0.004999988712370396
f 88 89 90
v 0.005841649603098631 0.01117828767746687 -0.008000009693205357
v 0.005841649603098631 0.01117828767746687 -0.004999988712370396
v 0.005841649603098631 0.010421711020171642 -0.008000009693205357
f 91 92 93
v 0.005841649603098631 0.010421711020171642 -0.008000009693205357
v 0.005841649603098631 0.01117828767746687 -0.004999988712370396
v 0.005841649603098631 0.010421711020171642 -0.004999988712370396
f 94 95 96
v 0.005841649603098631 0.010421711020171642 -0.008000009693205357
v 0.005841649603098631 0.010421711020171642 -0.004999988712370396
v 0.006169913336634636 0.009740064851939678 -0.008000009693205357
f 97 98 99
v 0.006169913336634636 0.009740064851939678 -0.008000009693205357
v 0.005841649603098631 0.010421711020171642 -0.004999988712370396
v 0.006169913336634636 0.009740064851939678 -0.004999988712370396
f 100 101 102
v 0.006169913336634636 0.009740064851939678 -0.008000009693205357
v 0.006169913336634636 0.009740064851939678 -0.004999988712370396
v 0.006761424709111452 0.009268353693187237 -0.008000009693205357
f 103 104 105
v 0.006761424709111452 0.009268353693187237 -0.008000009693205357
v 0.006169913336634636 0.009740064851939678 -0.004999988712370396
v 0.006761424709111452 0.009268353693187237 -0.004999988712370396
f 106 107 108
v 0.006761424709111452 0.009268353693187237 -0.008000009693205357
v 0.006761424709111452 0.009268353693187237 -0.004999988712370396
v 0.007499027065932751 0.009100000374019146 -0.008000009693205357
f 109 110 111
v 0.007499027065932751 0.009100000374019146 -0.008000009693205357
v 0.006761424709111452 0.009268353693187237 -0.004999988712370396
v 0.007499027065932751 0.009100000374019146 -0.004999988712370396
f 112 113 114
v -0.00750097306445241 0.012499998323619366 -0.008000009693205357
v -0.00750097306445241 0.012499998323619366 -0.004999988712370396
v -0.008350973017513752 0.012272241525352001 -0.008000009693205357
f 115 116 117
v -0.008350973017513752 0.012272241525352001 -0.008000009693205357
v -0.00750097306445241 0.012499998323619366 -0.004999988712370396
v -0.008350973017513752 0.012272241525352001 -0.004999988712370396
f 118 119 120
v -0.008350973017513752 0.012272241525352001 -0.008000009693205357
v -0.008350973017513752 0.012272241525352001 -0.004999988712370396
v -0.008973215706646442 0.01164999883621931 -0.008000009693205357
f 121 122 123
v -0.008973215706646442 0.01164999883621931 -0.008000009693205357
v -0.008350973017513752 0.012272241525352001 -0.004999988712370396
v -0.008973215706646442 0.01164999883621931 -0.004999988712370396
f 124 125 126
v -0.008973215706646442 0.01164999883621931 -0.008000009693205357
v -0.008973215706646442 0.01164999883621931 -0.004999988712370396
v -0.009200973436236382 0.010799999348819256 -0.008000009693205357
f 127 128 129
v -0.009200973436236382 0.010799999348819256 -0.008000009693205357
v -0.008973215706646442 0.01164999883621931 -0.004999988712370396
v -0.009200973436236382 0.010799999348819256 -0.004999988712370396
f 130 131 132
v -0.009200973436236382 0.010799999348819256 -0.008000009693205357
v -0.009200973436236382 0.010799999348819256 -0.004999988712370396
v -0.008973215706646442 0.009949999861419201 -0.008000009693205357
f 133 134 135
v -0.008973215706646442 0.009949999861419201 -0.008000009693205357
v -0.009200973436236382 0.010799999348819256 -0.004999988712370396
v -0.008973215706646442 0.009949999861419201 -0.004999988712370396
f 136 137 138
v -0.008973215706646442 0.009949999861419201 -0.008000009693205357
v -0.008973215706646442 0.009949999861419201 -0.004999988712370396
v -0.008350973017513752 0.00932775717228651 -0.008000009693205357
f 139 140 141
v -0.008350973017513752 0.00932775717228651 -0.008000009693205357
v -0.008973215706646442 0.009949999861419201 -0.004999988712370396
v -0.008350973017513752 0.00932775717228651 -0.004999988712370396
f 142 143 144
v -0.008350973017513752 0.00932775717228651 -0.008000009693205357
v -0.008350973017513752 0.00932775717228651 -0.004999988712370396
v -0.00750097306445241 0.009100000374019146 -0.008000009693205357
f 145 146 147
v -0.00750097306445241 0.009100000374019146 -0.008000009693205357
v -0.008350973017513752 0.00932775717228651 -0.004999988712370396
v -0.00750097306445241 0.009100000374019146 -0.004999988712370396
f 148 149 150
v -0.012987807393074036 0.013576428405940533 -0.06601215153932571
v -0.008000945672392845 0.013576428405940533 -0.06601215153932571
v -0.012952889315783978 0.013030502013862133 -0.06613234430551529
f 151 152 153
v -0.012952889315783978 0.013030502013862133 -0.06613234430551529
v -0.008000945672392845 0.013576428405940533 -0.06601215153932571
v -0.008000945672392845 0.012926424853503704 -0.0661863163113594
f 154 155 156
v -0.012952889315783978 0.013030502013862133 -0.06613234430551529
v -0.008000945672392845 0.012926424853503704 -0.0661863163113594
v -0.01293693296611309 0.012925530783832073 -0.06618683785200119
f 157 158 159
v -0.01293693296611309 0.012925530783832073 -0.06618683785200119
v -0.008000945672392845 0.012926424853503704 -0.0661863163113594
v -0.012839115224778652 0.012549283914268017 -0.06651530414819717
f 160 161 162
v -0.012839115224778652 0.012549283914268017 -0.06651530414819717
v -0.008000945672392845 0.012926424853503704 -0.0661863163113594
v -0.008000945672392845 0.012450593523681164 -0.06666215509176254
f 163 164 165
v -0.012839115224778652 0.012549283914268017 -0.06651530414819717
v -0.008000945672392845 0.012450593523681164 -0.06666215509176254
v -0.012794112786650658 0.012449945323169231 -0.06666328758001328
f 166 167 168
v -0.012794112786650658 0.012449945323169231 -0.06666328758001328
v -0.008000945672392845 0.012450593523681164 -0.06666215509176254
v -0.01266492996364832 0.012297744862735271 -0.06707771867513657
f 169 170 171
v -0.01266492996364832 0.012297744862735271 -0.06707771867513657
v -0.008000945672392845 0.012450593523681164 -0.06666215509176254
v -0.008000945672392845 0.012276428751647472 -0.06731215864419937
f 172 173 174
v -0.01266492996364832 0.012297744862735271 -0.06707771867513657
v -0.008000945672392845 0.012276428751647472 -0.06731215864419937
v -0.012589681893587112 0.012276428751647472 -0.06731238216161728
f 175 176 177
v -0.008000945672392845 0.012450593523681164 -0.0679621621966362
v -0.012373513542115688 0.012449960224330425 -0.06796104460954666
v -0.008000945672392845 0.012276428751647472 -0.06731215864419937
f 178 179 180
v -0.008000945672392845 0.012276428751647472 -0.06731215864419937
v -0.012373513542115688 0.012449960224330425 -0.06796104460954666
v -0.01245174277573824 0.012345577590167522 -0.06773049384355545
f 181 182 183
v -0.008000945672392845 0.012276428751647472 -0.06731215864419937
v -0.01245174277573824 0.012345577590167522 -0.06773049384355545
v -0.012589681893587112 0.012276428751647472 -0.06731238216161728
f 184 185 186
v -0.008000945672392845 0.012926424853503704 -0.06843798607587814
v -0.008000945672392845 0.013576428405940533 -0.06861215084791183
v -0.012143957428634167 0.013576428405940533 -0.06861215084791183
f 187 188 189
v -0.012143957428634167 0.013576428405940533 -0.06861215084791183
v -0.012170270085334778 0.013147520832717419 -0.06853935867547989
v -0.008000945672392845 0.012926424853503704 -0.06843798607587814
f 190 191 192
v -0.008000945672392845 0.012926424853503704 -0.06843798607587814
v -0.012170270085334778 0.013147520832717419 -0.06853935867547989
v -0.012206955812871456 0.01292488258332014 -0.06843709200620651
f 193 194 195
v -0.008000945672392845 0.012926424853503704 -0.06843798607587814
v -0.012206955812871456 0.01292488258332014 -0.06843709200620651
v -0.008000945672392845 0.012450593523681164 -0.0679621621966362
f 196 197 198
v -0.008000945672392845 0.012450593523681164 -0.0679621621966362
v -0.012206955812871456 0.01292488258332014 -0.06843709200620651
v -0.012283277697861195 0.012647288851439953 -0.06822138279676437
f 199 200 201
v -0.008000945672392845 0.012450593523681164 -0.0679621621966362
v -0.012283277697861195 0.012647288851439953 -0.06822138279676437
v -0.012373513542115688 0.012449960224330425 -0.06796104460954666
f 202 203 204
v 0.007999054156243801 0.014843831770122051 -0.06760143488645554
v 0.012663056142628193 0.014855111949145794 -0.06707771867513657
v 0.007999054156243801 0.014843831770122051 -0.0670228824019432
f 205 206 207
v 0.007999054156243801 0.014843831770122051 -0.0670228824019432
v 0.012663056142628193 0.014855111949145794 -0.06707771867513657
v 0.012837241403758526 0.014603572897613049 -0.06651530414819717
f 208 209 210
v 0.007999054156243801 0.014843831770122051 -0.0670228824019432
v 0.012837241403758526 0.014603572897613049 -0.06651530414819717
v 0.007999054156243801 0.014592806808650494 -0.06650162488222122
f 211 212 213
v 0.007999054156243801 0.014592806808650494 -0.06650162488222122
v 0.012837241403758526 0.014603572897613049 -0.06651530414819717
v 0.012951014563441277 0.01412236224859953 -0.06613234430551529
f 214 215 216
v 0.007999054156243801 0.014592806808650494 -0.06650162488222122
v 0.012951014563441277 0.01412236224859953 -0.06613234430551529
v 0.007999054156243801 0.014140474610030651 -0.06614089757204056
f 217 218 219
v 0.007999054156243801 0.014140474610030651 -0.06614089757204056
v 0.012951014563441277 0.01412236224859953 -0.06613234430551529
v 0.012985932640731335 0.013576428405940533 -0.06601215153932571
f 220 221 222
v 0.007999054156243801 0.014140474610030651 -0.06614089757204056
v 0.012985932640731335 0.013576428405940533 -0.06601215153932571
v 0.007999054156243801 0.013576428405940533 -0.06601215153932571
f 223 224 225
v 0.012281405739486217 0.014505567960441113 -0.06822138279676437
v 0.012424571439623833 0.014779153279960155 -0.06780556589365005
v 0.007999054156243801 0.014843831770122051 -0.06760143488645554
f 226 227 228
v 0.012424571439623833 0.014779153279960155 -0.06780556589365005
v 0.012449869886040688 0.014807279221713543 -0.06773050874471664
v 0.007999054156243801 0.014843831770122051 -0.06760143488645554
f 229 230 231
v 0.007999054156243801 0.014843831770122051 -0.06760143488645554
v 0.012449869886040688 0.014807279221713543 -0.06773050874471664
v 0.012492997571825981 0.014843839220702648 -0.06760139018297195
f 232 233 234
v 0.007999054156243801 0.014843831770122051 -0.06760143488645554
v 0.012492997571825981 0.014843839220702648 -0.06760139018297195
v 0.012663056142628193 0.014855111949145794 -0.06707771867513657
f 235 236 237
v 0.007999054156243801 0.014843831770122051 -0.06760143488645554
v 0.007999054156243801 0.014592806808650494 -0.06812269240617752
v 0.012281405739486217 0.014505567960441113 -0.06822138279676437
f 238 239 240
v 0.012281405739486217 0.014505567960441113 -0.06822138279676437
v 0.007999054156243801 0.014592806808650494 -0.06812269240617752
v 0.007999054156243801 0.014140474610030651 -0.06848341971635818
f 241 242 243
v 0.012281405739486217 0.014505567960441113 -0.06822138279676437
v 0.007999054156243801 0.014140474610030651 -0.06848341971635818
v 0.012188727036118507 0.014141741208732128 -0.06848280876874924
f 244 245 246
v 0.007999054156243801 0.013576428405940533 -0.06861215084791183
v 0.01214208547025919 0.013576428405940533 -0.06861215084791183
v 0.007999054156243801 0.014140474610030651 -0.06848341971635818
f 247 248 249
v 0.007999054156243801 0.014140474610030651 -0.06848341971635818
v 0.01214208547025919 0.013576428405940533 -0.06861215084791183
v 0.0121683981269598 0.014005335979163647 -0.06853935867547989
f 250 251 252
v 0.007999054156243801 0.014140474610030651 -0.06848341971635818
v 0.0121683981269598 0.014005335979163647 -0.06853935867547989
v 0.012188727036118507 0.014141741208732128 -0.06848280876874924
f 253 254 255
v -0.011000946164131165 0.0043151481077075005 -0.04861215502023697
v -0.015000945888459682 0.0043151481077075005 -0.04861215502023697
v -0.011000946164131165 0.0036651520058512688 -0.04843799024820328
f 256 257 258
v -0.011000946164131165 0.0036651520058512688 -0.04843799024820328
v -0.015000945888459682 0.0043151481077075005 -0.04861215502023697
v -0.015000945888459682 0.0036651520058512688 -0.04843799024820328
f 259 260 261
v -0.011000946164131165 0.0036651520058512688 -0.04843799024820328
v -0.015000945888459682 0.0036651520058512688 -0.04843799024820328
v -0.011000946164131165 0.0031893206760287285 -0.04796215146780014
f 262 263 264
v -0.011000946164131165 0.0031893206760287285 -0.04796215146780014
v -0.015000945888459682 0.0036651520058512688 -0.04843799024820328
v -0.015000945888459682 0.0031893206760287285 -0.04796215146780014
f 265 266 267
v -0.011000946164131165 0.0031893206760287285 -0.04796215146780014
v -0.015000945888459682 0.0031893206760287285 -0.04796215146780014
v -0.011000946164131165 0.00301514845341444 -0.047312162816524506
f 268 269 270
v -0.011000946164131165 0.00301514845341444 -0.047312162816524506
v -0.015000945888459682 0.0031893206760287285 -0.04796215146780014
v -0.015000945888459682 0.00301514845341444 -0.047312162816524506
f 271 272 273
v -0.011000946164131165 0.00301514845341444 -0.047312162816524506
v -0.015000945888459682 0.00301514845341444 -0.047312162816524506
v -0.011000946164131165 0.0031893206760287285 -0.04666215926408768
f 274 275 276
v -0.015000945888459682 0.00301514845341444 -0.047312162816524506
v -0.015000945888459682 0.0031893206760287285 -0.04666215926408768
v -0.011000946164131165 0.0031893206760287285 -0.04666215926408768
f 277 278 279
v -0.011000946164131165 0.0031893206760287285 -0.04666215926408768
v -0.015000945888459682 0.0031893206760287285 -0.04666215926408768
v -0.015000945888459682 0.003657984547317028 -0.04619049280881882
f 280 281 282
v -0.011000946164131165 0.0031893206760287285 -0.04666215926408768
v -0.015000945888459682 0.003657984547317028 -0.04619049280881882
v -0.011000946164131165 0.0036651520058512688 -0.04618632048368454
f 283 284 285
v -0.011000946164131165 0.0036651520058512688 -0.04618632048368454
v -0.015000945888459682 0.003657984547317028 -0.04619049280881882
v -0.015000945888459682 0.0036651520058512688 -0.04618632048368454
f 286 287 288
v -0.011000946164131165 0.0036651520058512688 -0.04618632048368454
v -0.015000945888459682 0.0036651520058512688 -0.04618632048368454
v -0.011000946164131165 0.0043151481077075005 -0.04601215571165085
f 289 290 291
v -0.011000946164131165 0.0043151481077075005 -0.04601215571165085
v -0.015000945888459682 0.0036651520058512688 -0.04618632048368454
v -0.015000945888459682 0.0043151481077075005 -0.04601215571165085
f 292 293 294
v 0.010999053716659546 0.0043151481077075005 -0.04861215502023697
v 0.014999054372310638 0.0043151481077075005 -0.04861215502023697
v 0.010999053716659546 0.004879201762378216 -0.048483408987522125
f 295 296 297
v 0.010999053716659546 0.004879201762378216 -0.048483408987522125
v 0.014999054372310638 0.0043151481077075005 -0.04861215502023697
v 0.014999054372310638 0.004879201762378216 -0.048483408987522125
f 298 299 300
v 0.010999053716659546 0.004879201762378216 -0.048483408987522125
v 0.014999054372310638 0.004879201762378216 -0.048483408987522125
v 0.010999053716659546 0.005331533960998058 -0.048122696578502655
f 301 302 303
v 0.010999053716659546 0.005331533960998058 -0.048122696578502655
v 0.014999054372310638 0.004879201762378216 -0.048483408987522125
v 0.014999054372310638 0.005331533960998058 -0.048122696578502655
f 304 305 306
v 0.010999053716659546 0.005331533960998058 -0.048122696578502655
v 0.014999054372310638 0.005331533960998058 -0.048122696578502655
v 0.010999053716659546 0.005582558922469616 -0.04760143905878067
f 307 308 309
v 0.010999053716659546 0.005582558922469616 -0.04760143905878067
v 0.014999054372310638 0.005331533960998058 -0.048122696578502655
v 0.014999054372310638 0.005582558922469616 -0.04760143905878067
f 310 311 312
v 0.010999053716659546 0.005582558922469616 -0.04760143905878067
v 0.014999054372310638 0.005582558922469616 -0.04760143905878067
v 0.010999053716659546 0.005582558922469616 -0.04702287167310715
f 313 314 315
v 0.010999053716659546 0.005582558922469616 -0.04702287167310715
v 0.014999054372310638 0.005582558922469616 -0.04760143905878067
v 0.014999054372310638 0.005582558922469616 -0.04702287167310715
f 316 317 318
v 0.010999053716659546 0.005582558922469616 -0.04702287167310715
v 0.014999054372310638 0.005582558922469616 -0.04702287167310715
v 0.010999053716659546 0.005331533960998058 -0.04650161415338516
f 319 320 321
v 0.010999053716659546 0.005331533960998058 -0.04650161415338516
v 0.014999054372310638 0.005582558922469616 -0.04702287167310715
v 0.014999054372310638 0.005331533960998058 -0.04650161415338516
f 322 323 324
v 0.010999053716659546 0.005331533960998058 -0.04650161415338516
v 0.014999054372310638 0.005331533960998058 -0.04650161415338516
v 0.010999053716659546 0.004879201762378216 -0.04614090174436569
f 325 326 327
v 0.010999053716659546 0.004879201762378216 -0.04614090174436569
v 0.014999054372310638 0.005331533960998058 -0.04650161415338516
v 0.014999054372310638 0.004879201762378216 -0.04614090174436569
f 328 329 330
v 0.010999053716659546 0.004879201762378216 -0.04614090174436569
v 0.014999054372310638 0.004879201762378216 -0.04614090174436569
v 0.010999053716659546 0.0043151481077075005 -0.04601215571165085
f 331 332 333
v 0.010999053716659546 0.0043151481077075005 -0.04601215571165085
v 0.014999054372310638 0.004879201762378216 -0.04614090174436569
v 0.014999054372310638 0.0043151481077075005 -0.04601215571165085
f 334 335 336
v -0.020389078184962273 -0.00037280196556821465 -0.02361215092241764
v -0.016500946134328842 -0.00037280196556821465 -0.02361215092241764
v -0.016500946134328842 5.656009307131171e-05 -0.023539209738373756
f 337 338 339
v -0.020389078184962273 -0.00037280196556821465 -0.02361215092241764
v -0.016500946134328842 5.656009307131171e-05 -0.023539209738373756
v -0.02044394053518772 0.0001461086212657392 -0.023504087701439857
f 340 341 342
v -0.02044394053518772 0.0001461086212657392 -0.023504087701439857
v -0.016500946134328842 5.656009307131171e-05 -0.023539209738373756
v -0.016500946134328842 0.0005867508589290082 -0.023189226165413857
f 343 344 345
v -0.02044394053518772 0.0001461086212657392 -0.023504087701439857
v -0.016500946134328842 0.0005867508589290082 -0.023189226165413857
v -0.02059895731508732 0.0005746660172007978 -0.023202160373330116
f 346 347 348
v -0.02059895731508732 0.0005746660172007978 -0.023202160373330116
v -0.016500946134328842 0.0005867508589290082 -0.023189226165413857
v -0.020820723846554756 0.0008405399858020246 -0.022778788581490517
f 349 350 351
v -0.020820723846554756 0.0008405399858020246 -0.022778788581490517
v -0.016500946134328842 0.0005867508589290082 -0.023189226165413857
v -0.016500946134328842 0.0008877990185283124 -0.022629806771874428
f 352 353 354
v -0.020820723846554756 0.0008405399858020246 -0.022778788581490517
v -0.016500946134328842 0.0008877990185283124 -0.022629806771874428
v -0.020900603383779526 0.0008881417452357709 -0.0226286593824625
f 355 356 357
v -0.020900603383779526 0.0008881417452357709 -0.0226286593824625
v -0.016500946134328842 0.0008877990185283124 -0.022629806771874428
v -0.021075021475553513 0.0009271753369830549 -0.0223050806671381
f 358 359 360
v -0.021075021475553513 0.0009271753369830549 -0.0223050806671381
v -0.016500946134328842 0.0008877990185283124 -0.022629806771874428
v -0.016500946134328842 0.0008877990185283124 -0.021994510665535927
f 361 362 363
v -0.021075021475553513 0.0009271753369830549 -0.0223050806671381
v -0.016500946134328842 0.0008877990185283124 -0.021994510665535927
v -0.021244971081614494 0.0008880299865268171 -0.021995151415467262
f 364 365 366
v -0.021244971081614494 0.0008880299865268171 -0.021995151415467262
v -0.016500946134328842 0.0008877990185283124 -0.021994510665535927
v -0.021334543824195862 0.000836002582218498 -0.021833861246705055
f 367 368 369
v -0.021334543824195862 0.000836002582218498 -0.021833861246705055
v -0.016500946134328842 0.0008877990185283124 -0.021994510665535927
v -0.016500946134328842 0.0005867508589290082 -0.021435091271996498
f 370 371 372
v -0.021334543824195862 0.000836002582218498 -0.021833861246705055
v -0.016500946134328842 0.0005867508589290082 -0.021435091271996498
v -0.02156953141093254 0.0005700764595530927 -0.02141728438436985
f 373 374 375
v -0.02156953141093254 0.0005700764595530927 -0.02141728438436985
v -0.016500946134328842 0.0005867508589290082 -0.021435091271996498
v -0.016500946134328842 5.656009307131171e-05 -0.021085107699036598
f 376 377 378
v -0.02156953141093254 0.0005700764595530927 -0.02141728438436985
v -0.016500946134328842 5.656009307131171e-05 -0.021085107699036598
v -0.021738974377512932 0.00015138363232836127 -0.021122554317116737
f 379 380 381
v -0.021738974377512932 0.00015138363232836127 -0.021122554317116737
v -0.016500946134328842 5.656009307131171e-05 -0.021085107699036598
v -0.021803105250000954 -0.00036204332718625665 -0.0210121963173151
f 382 383 384
v -0.021803105250000954 -0.00036204332718625665 -0.0210121963173151
v -0.016500946134328842 5.656009307131171e-05 -0.021085107699036598
v -0.016500946134328842 -0.00037280196556821465 -0.02101215161383152
f 385 386 387
v -0.021803105250000954 -0.00036204332718625665 -0.0210121963173151
v -0.016500946134328842 -0.00037280196556821465 -0.02101215161383152
v -0.021803129464387894 -0.00037280196556821465 -0.02101215161383152
f 388 389 390
v 0.013499054126441479 -0.0013323547318577766 -0.023189226165413857
v 0.023793108761310577 -0.0009268420399166644 -0.023488188162446022
v 0.013499054126441479 -0.000802164024207741 -0.023539209738373756
f 391 392 393
v 0.013499054126441479 -0.000802164024207741 -0.023539209738373756
v 0.023793108761310577 -0.0009268420399166644 -0.023488188162446022
v 0.02377416379749775 -0.00037280196556821465 -0.02361215092241764
f 394 395 396
v 0.013499054126441479 -0.000802164024207741 -0.023539209738373756
v 0.02377416379749775 -0.00037280196556821465 -0.02361215092241764
v 0.013499054126441479 -0.00037280196556821465 -0.02361215092241764
f 397 398 399
v 0.013499054126441479 -0.001633395440876484 -0.022629806771874428
v 0.023851368576288223 -0.0014097662642598152 -0.023096183314919472
v 0.013499054126441479 -0.0013323547318577766 -0.023189226165413857
f 400 401 402
v 0.013499054126441479 -0.0013323547318577766 -0.023189226165413857
v 0.023851368576288223 -0.0014097662642598152 -0.023096183314919472
v 0.02383778803050518 -0.0013325037434697151 -0.023189062252640724
f 403 404 405
v 0.013499054126441479 -0.0013323547318577766 -0.023189226165413857
v 0.02383778803050518 -0.0013325037434697151 -0.023189062252640724
v 0.023793108761310577 -0.0009268420399166644 -0.023488188162446022
f 406 407 408
v 0.024005355313420296 -0.0016335593536496162 -0.021994346752762794
v 0.023960497230291367 -0.001672801561653614 -0.022312158718705177
v 0.013499054126441479 -0.001633395440876484 -0.021994510665535927
f 409 410 411
v 0.013499054126441479 -0.001633395440876484 -0.021994510665535927
v 0.023960497230291367 -0.001672801561653614 -0.022312158718705177
v 0.023933444172143936 -0.001657162792980671 -0.02251320518553257
f 412 413 414
v 0.013499054126441479 -0.001633395440876484 -0.021994510665535927
v 0.023933444172143936 -0.001657162792980671 -0.02251320518553257
v 0.013499054126441479 -0.001633395440876484 -0.022629806771874428
f 415 416 417
v 0.013499054126441479 -0.001633395440876484 -0.022629806771874428
v 0.023933444172143936 -0.001657162792980671 -0.02251320518553257
v 0.02391747385263443 -0.0016334177926182747 -0.022629717364907265
f 418 419 420
v 0.013499054126441479 -0.001633395440876484 -0.022629806771874428
v 0.02391747385263443 -0.0016334177926182747 -0.022629717364907265
v 0.023851368576288223 -0.0014097662642598152 -0.023096183314919472
f 421 422 423
v 0.024005355313420296 -0.0016335593536496162 -0.021994346752762794
v 0.013499054126441479 -0.001633395440876484 -0.021994510665535927
v 0.024041051045060158 -0.0015518562868237495 -0.021764496341347694
f 424 425 426
v 0.024041051045060158 -0.0015518562868237495 -0.021764496341347694
v 0.013499054126441479 -0.001633395440876484 -0.021994510665535927
v 0.013499054126441479 -0.0013323547318577766 -0.021435091271996498
f 427 428 429
v 0.024041051045060158 -0.0015518562868237495 -0.021764496341347694
v 0.013499054126441479 -0.0013323547318577766 -0.021435091271996498
v 0.02409696765244007 -0.0013325484469532967 -0.02143525518476963
f 430 431 432
v 0.02409696765244007 -0.0013325484469532967 -0.02143525518476963
v 0.013499054126441479 -0.0013323547318577766 -0.021435091271996498
v 0.02411830611526966 -0.0012102993205189705 -0.021317699924111366
f 433 434 435
v 0.02411830611526966 -0.0012102993205189705 -0.021317699924111366
v 0.013499054126441479 -0.0013323547318577766 -0.021435091271996498
v 0.013499054126441479 -0.000802164024207741 -0.021085107699036598
f 436 437 438
v 0.02411830611526966 -0.0012102993205189705 -0.021317699924111366
v 0.013499054126441479 -0.000802164024207741 -0.021085107699036598
v 0.024162661284208298 -0.000802462047431618 -0.021085137501358986
f 439 440 441
v 0.024162661284208298 -0.000802462047431618 -0.021085137501358986
v 0.013499054126441479 -0.000802164024207741 -0.021085107699036598
v 0.024168062955141068 -0.0007149996818043292 -0.02105780877172947
f 442 443 444
v 0.024168062955141068 -0.0007149996818043292 -0.02105780877172947
v 0.013499054126441479 -0.000802164024207741 -0.021085107699036598
v 0.013499054126441479 -0.00037280196556821465 -0.02101215161383152
f 445 446 447
v 0.024168062955141068 -0.0007149996818043292 -0.02105780877172947
v 0.013499054126441479 -0.00037280196556821465 -0.02101215161383152
v 0.024177173152565956 -0.00037280196556821465 -0.02101215161383152
f 448 449 450
v -0.00750097306445241 0.008449996821582317 -0.008000009693205357
v -0.00750097306445241 0.008449996821582317 -0.010000013746321201
v -0.008675972931087017 0.008764843456447124 -0.008000009693205357
f 451 452 453
v -0.008675972931087017 0.008764843456447124 -0.008000009693205357
v -0.00750097306445241 0.008449996821582317 -0.010000013746321201
v -0.008675972931087017 0.008764843456447124 -0.010000013746321201
f 454 455 456
v -0.008675972931087017 0.008764843456447124 -0.008000009693205357
v -0.008675972931087017 0.008764843456447124 -0.010000013746321201
v -0.009536132216453552 0.009624998085200787 -0.008000009693205357
f 457 458 459
v -0.009536132216453552 0.009624998085200787 -0.008000009693205357
v -0.008675972931087017 0.008764843456447124 -0.010000013746321201
v -0.009536132216453552 0.009624998085200787 -0.010000013746321201
f 460 461 462
v -0.009536132216453552 0.009624998085200787 -0.008000009693205357
v -0.009536132216453552 0.009624998085200787 -0.010000013746321201
v -0.009850973263382912 0.010799999348819256 -0.008000009693205357
f 463 464 465
v -0.009850973263382912 0.010799999348819256 -0.008000009693205357
v -0.009536132216453552 0.009624998085200787 -0.010000013746321201
v -0.009850973263382912 0.010799999348819256 -0.010000013746321201
f 466 467 468
v -0.009850973263382912 0.010799999348819256 -0.008000009693205357
v -0.009850973263382912 0.010799999348819256 -0.010000013746321201
v -0.009536132216453552 0.011975000612437725 -0.008000009693205357
f 469 470 471
v -0.009536132216453552 0.011975000612437725 -0.008000009693205357
v -0.009850973263382912 0.010799999348819256 -0.010000013746321201
v -0.009536132216453552 0.011975000612437725 -0.010000013746321201
f 472 473 474
v -0.009536132216453552 0.011975000612437725 -0.008000009693205357
v -0.009536132216453552 0.011975000612437725 -0.010000013746321201
v -0.008675972931087017 0.012835162691771984 -0.008000009693205357
f 475 476 477
v -0.008675972931087017 0.012835162691771984 -0.008000009693205357
v -0.009536132216453552 0.011975000612437725 -0.010000013746321201
v -0.008675972931087017 0.012835162691771984 -0.010000013746321201
f 478 479 480
v -0.008675972931087017 0.012835162691771984 -0.008000009693205357
v -0.008675972931087017 0.012835162691771984 -0.010000013746321201
v -0.00750097306445241 0.013150001876056194 -0.008000009693205357
f 481 482 483
v -0.00750097306445241 0.013150001876056194 -0.008000009693205357
v -0.008675972931087017 0.012835162691771984 -0.010000013746321201
v -0.00750097306445241 0.013150001876056194 -0.010000013746321201
f 484 485 486
v 0.007499027065932751 0.008449996821582317 -0.008000009693205357
v 0.007499027065932751 0.008449996821582317 -0.010000013746321201
v 0.006324027199298143 0.008764843456447124 -0.008000009693205357
f 487 488 489
v 0.006324027199298143 0.008764843456447124 -0.008000009693205357
v 0.007499027065932751 0.008449996821582317 -0.010000013746321201
v 0.006324027199298143 0.008764843456447124 -0.010000013746321201
f 490 491 492
v 0.006324027199298143 0.008764843456447124 -0.008000009693205357
v 0.006324027199298143 0.008764843456447124 -0.010000013746321201
v 0.005463867448270321 0.009624998085200787 -0.008000009693205357
f 493 494 495
v 0.005463867448270321 0.009624998085200787 -0.008000009693205357
v 0.006324027199298143 0.008764843456447124 -0.010000013746321201
v 0.005463867448270321 0.009624998085200787 -0.010000013746321201
f 496 497 498
v 0.005463867448270321 0.009624998085200787 -0.008000009693205357
v 0.005463867448270321 0.009624998085200787 -0.010000013746321201
v 0.005149026867002249 0.010799999348819256 -0.008000009693205357
f 499 500 501
v 0.005149026867002249 0.010799999348819256 -0.008000009693205357
v 0.005463867448270321 0.009624998085200787 -0.010000013746321201
v 0.005149026867002249 0.010799999348819256 -0.010000013746321201
f 502 503 504
v 0.005149026867002249 0.010799999348819256 -0.008000009693205357
v 0.005149026867002249 0.010799999348819256 -0.010000013746321201
v 0.005463867448270321 0.011975000612437725 -0.008000009693205357
f 505 506 507
v 0.005463867448270321 0.011975000612437725 -0.008000009693205357
v 0.005149026867002249 0.010799999348819256 -0.010000013746321201
v 0.005463867448270321 0.011975000612437725 -0.010000013746321201
f 508 509 510
v 0.005463867448270321 0.011975000612437725 -0.008000009693205357
v 0.005463867448270321 0.011975000612437725 -0.010000013746321201
v 0.006324027199298143 0.012835162691771984 -0.008000009693205357
f 511 512 513
v 0.006324027199298143 0.012835162691771984 -0.008000009693205357
v 0.005463867448270321 0.011975000612437725 -0.010000013746321201
v 0.006324027199298143 0.012835162691771984 -0.010000013746321201
f 514 515 516
v 0.006324027199298143 0.012835162691771984 -0.008000009693205357
v 0.006324027199298143 0.012835162691771984 -0.010000013746321201
v 0.007499027065932751 0.013150001876056194 -0.008000009693205357
f 517 518 519
v 0.007499027065932751 0.013150001876056194 -0.008000009693205357
v 0.006324027199298143 0.012835162691771984 -0.010000013746321201
v 0.007499027065932751 0.013150001876056194 -0.010000013746321201
f 520 521 522
v 0.007499027065932751 -0.013149996288120747 -0.008000009693205357
v 0.007499027065932751 -0.013149996288120747 -0.010000013746321201
v 0.006324027199298143 -0.012835157103836536 -0.008000009693205357
f 523 524 525
v 0.006324027199298143 -0.012835157103836536 -0.008000009693205357
v 0.007499027065932751 -0.013149996288120747 -0.010000013746321201
v 0.006324027199298143 -0.012835157103836536 -0.010000013746321201
f 526 527 528
v 0.006324027199298143 -0.012835157103836536 -0.008000009693205357
v 0.006324027199298143 -0.012835157103836536 -0.010000013746321201
v 0.005463867448270321 -0.011975002475082874 -0.008000009693205357
f 529 530 531
v 0.005463867448270321 -0.011975002475082874 -0.008000009693205357
v 0.006324027199298143 -0.012835157103836536 -0.010000013746321201
v 0.005463867448270321 -0.011975002475082874 -0.010000013746321201
f 532 533 534
v 0.005463867448270321 -0.011975002475082874 -0.008000009693205357
v 0.005463867448270321 -0.011975002475082874 -0.010000013746321201
v 0.005149026867002249 -0.010800001211464405 -0.008000009693205357
f 535 536 537
v 0.005149026867002249 -0.010800001211464405 -0.008000009693205357
v 0.005463867448270321 -0.011975002475082874 -0.010000013746321201
v 0.005149026867002249 -0.010800001211464405 -0.010000013746321201
f 538 539 540
v 0.005149026867002249 -0.010800001211464405 -0.008000009693205357
v 0.005149026867002249 -0.010800001211464405 -0.010000013746321201
v 0.005463867448270321 -0.009624999947845936 -0.008000009693205357
f 541 542 543
v 0.005463867448270321 -0.009624999947845936 -0.008000009693205357
v 0.005149026867002249 -0.010800001211464405 -0.010000013746321201
v 0.005463867448270321 -0.009624999947845936 -0.010000013746321201
f 544 545 546
v 0.005463867448270321 -0.009624999947845936 -0.008000009693205357
v 0.005463867448270321 -0.009624999947845936 -0.010000013746321201
v 0.006324027199298143 -0.008764837868511677 -0.008000009693205357
f 547 548 549
v 0.006324027199298143 -0.008764837868511677 -0.008000009693205357
v 0.005463867448270321 -0.009624999947845936 -0.010000013746321201
v 0.006324027199298143 -0.008764837868511677 -0.010000013746321201
f 550 551 552
v 0.006324027199298143 -0.008764837868511677 -0.008000009693205357
v 0.006324027199298143 -0.008764837868511677 -0.010000013746321201
v 0.007499027065932751 -0.008449998684227467 -0.008000009693205357
f 553 554 555
v 0.007499027065932751 -0.008449998684227467 -0.008000009693205357
v 0.006324027199298143 -0.008764837868511677 -0.010000013746321201
v 0.007499027065932751 -0.008449998684227467 -0.010000013746321201
f 556 557 558
v -0.00750097306445241 -0.013149996288120747 -0.008000009693205357
v -0.00750097306445241 -0.013149996288120747 -0.010000013746321201
v -0.008675972931087017 -0.012835157103836536 -0.008000009693205357
f 559 560 561
v -0.008675972931087017 -0.012835157103836536 -0.008000009693205357
v -0.00750097306445241 -0.013149996288120747 -0.010000013746321201
v -0.008675972931087017 -0.012835157103836536 -0.010000013746321201
f 562 563 564
v -0.008675972931087017 -0.012835157103836536 -0.008000009693205357
v -0.008675972931087017 -0.012835157103836536 -0.010000013746321201
v -0.009536132216453552 -0.011975002475082874 -0.008000009693205357
f 565 566 567
v -0.009536132216453552 -0.011975002475082874 -0.008000009693205357
v -0.008675972931087017 -0.012835157103836536 -0.010000013746321201
v -0.009536132216453552 -0.011975002475082874 -0.010000013746321201
f 568 569 570
v -0.009536132216453552 -0.011975002475082874 -0.008000009693205357
v -0.009536132216453552 -0.011975002475082874 -0.010000013746321201
v -0.009850973263382912 -0.010800001211464405 -0.008000009693205357
f 571 572 573
v -0.009850973263382912 -0.010800001211464405 -0.008000009693205357
v -0.009536132216453552 -0.011975002475082874 -0.010000013746321201
v -0.009850973263382912 -0.010800001211464405 -0.010000013746321201
f 574 575 576
v -0.009850973263382912 -0.010800001211464405 -0.008000009693205357
v -0.009850973263382912 -0.010800001211464405 -0.010000013746321201
v -0.009536132216453552 -0.009624999947845936 -0.008000009693205357
f 577 578 579
v -0.009536132216453552 -0.009624999947845936 -0.008000009693205357
v -0.009850973263382912 -0.010800001211464405 -0.010000013746321201
v -0.009536132216453552 -0.009624999947845936 -0.010000013746321201
f 580 581 582
v -0.009536132216453552 -0.009624999947845936 -0.008000009693205357
v -0.009536132216453552 -0.009624999947845936 -0.010000013746321201
v -0.008675972931087017 -0.008764837868511677 -0.008000009693205357
f 583 584 585
v -0.008675972931087017 -0.008764837868511677 -0.008000009693205357
v -0.009536132216453552 -0.009624999947845936 -0.010000013746321201
v -0.008675972931087017 -0.008764837868511677 -0.010000013746321201
f 586 587 588
v -0.008675972931087017 -0.008764837868511677 -0.008000009693205357
v -0.008675972931087017 -0.008764837868511677 -0.010000013746321201
v -0.00750097306445241 -0.008449998684227467 -0.008000009693205357
f 589 590 591
v -0.00750097306445241 -0.008449998684227467 -0.008000009693205357
v -0.008675972931087017 -0.008764837868511677 -0.010000013746321201
v -0.00750097306445241 -0.008449998684227467 -0.010000013746321201
f 592 593 594
v -0.024721043184399605 -0.014320102520287037 -0.010000013746321201
v -0.028514286503195763 -0.014320102520287037 -0.010000013746321201
v -0.028485989198088646 -0.014131498523056507 -0.010036938823759556
f 595 596 597
v -0.028485989198088646 -0.014131498523056507 -0.010036938823759556
v -0.028478896245360374 -0.014085044153034687 -0.010058694519102573
v -0.02491040900349617 -0.014086690731346607 -0.01005783025175333
f 598 599 600
v -0.02491040900349617 -0.014086690731346607 -0.01005783025175333
v -0.028478896245360374 -0.014085044153034687 -0.010058694519102573
v -0.028466006740927696 -0.01400150079280138 -0.010114663280546665
f 601 602 603
v -0.02491040900349617 -0.014086690731346607 -0.01005783025175333
v -0.028466006740927696 -0.01400150079280138 -0.010114663280546665
v -0.02485678531229496 -0.014013205654919147 -0.010105275548994541
f 604 605 606
v -0.02485678531229496 -0.014013205654919147 -0.010105275548994541
v -0.028466006740927696 -0.01400150079280138 -0.010114663280546665
v -0.028457913547754288 -0.013949600048363209 -0.01016425434499979
f 607 608 609
v -0.02485678531229496 -0.014013205654919147 -0.010105275548994541
v -0.028457913547754288 -0.013949600048363209 -0.01016425434499979
v -0.024790722876787186 -0.013946895487606525 -0.010167264379560947
f 610 611 612
v -0.024721043184399605 -0.014320102520287037 -0.010000013746321201
v -0.028485989198088646 -0.014131498523056507 -0.010036938823759556
v -0.02469131164252758 -0.014141221530735493 -0.01003312412649393
f 613 614 615
v -0.02469131164252758 -0.014141221530735493 -0.01003312412649393
v -0.028485989198088646 -0.014131498523056507 -0.010036938823759556
v -0.02491040900349617 -0.014086690731346607 -0.01005783025175333
f 616 617 618
v -0.02469131164252758 -0.014141221530735493 -0.01003312412649393
v -0.02491040900349617 -0.014086690731346607 -0.01005783025175333
v -0.024669161066412926 -0.014086690731346607 -0.01005783025175333
f 619 620 621
v -0.028442220762372017 -0.013850254006683826 -0.01032900158315897
v -0.02462862804532051 -0.013850254006683826 -0.01032900158315897
v -0.02844732068479061 -0.013882351107895374 -0.01025839988142252
f 622 623 624
v -0.02844732068479061 -0.013882351107895374 -0.01025839988142252
v -0.02462862804532051 -0.013850254006683826 -0.01032900158315897
v -0.024790722876787186 -0.013946895487606525 -0.010167264379560947
f 625 626 627
v -0.02844732068479061 -0.013882351107895374 -0.01025839988142252
v -0.024790722876787186 -0.013946895487606525 -0.010167264379560947
v -0.028451325371861458 -0.013907675631344318 -0.010217332281172276
f 628 629 630
v -0.028451325371861458 -0.013907675631344318 -0.010217332281172276
v -0.024790722876787186 -0.013946895487606525 -0.010167264379560947
v -0.028457913547754288 -0.013949600048363209 -0.01016425434499979
f 631 632 633
v -0.028485989198088646 -0.014131498523056507 -0.010036938823759556
v -0.028514286503195763 -0.014320102520287037 -0.010000013746321201
v -0.02935638092458248 -0.013937738724052906 -0.010000013746321201
f 634 635 636
v -0.02979223243892193 -0.012907442636787891 -0.01047562900930643
v -0.029791779816150665 -0.012907062657177448 -0.010500007309019566
v -0.029091322794556618 -0.01351377833634615 -0.010500007309019566
f 637 638 639
v -0.030121760442852974 -0.012467560358345509 -0.01036533061414957
v -0.029983969405293465 -0.012653668411076069 -0.010500007309019566
v -0.029791779816150665 -0.012907062657177448 -0.010500007309019566
f 640 641 642
v -0.029791779816150665 -0.012907062657177448 -0.010500007309019566
v -0.02979223243892193 -0.012907442636787891 -0.01047562900930643
v -0.030121760442852974 -0.012467560358345509 -0.01036533061414957
f 643 644 645
v -0.030121760442852974 -0.012467560358345509 -0.01036533061414957
v -0.02979223243892193 -0.012907442636787891 -0.01047562900930643
v -0.029839295893907547 -0.012947243638336658 -0.010258429683744907
f 646 647 648
v -0.030121760442852974 -0.012467560358345509 -0.01036533061414957
v -0.029839295893907547 -0.012947243638336658 -0.010258429683744907
v -0.030226031318306923 -0.01236011553555727 -0.01026409212499857
f 649 650 651
v -0.030226031318306923 -0.01236011553555727 -0.01026409212499857
v -0.029839295893907547 -0.012947243638336658 -0.010258429683744907
v -0.030274802818894386 -0.012326647527515888 -0.010216974653303623
f 652 653 654
v -0.030274802818894386 -0.012326647527515888 -0.010216974653303623
v -0.029839295893907547 -0.012947243638336658 -0.010258429683744907
v -0.029930219054222107 -0.013024126179516315 -0.01011472288519144
f 655 656 657
v -0.030274802818894386 -0.012326647527515888 -0.010216974653303623
v -0.029930219054222107 -0.013024126179516315 -0.01011472288519144
v -0.03034539334475994 -0.01230930257588625 -0.010148965753614902
f 658 659 660
v -0.03034539334475994 -0.01230930257588625 -0.010148965753614902
v -0.029930219054222107 -0.013024126179516315 -0.01011472288519144
v -0.030394263565540314 -0.012330775149166584 -0.010102027095854282
f 661 662 663
v -0.030394263565540314 -0.012330775149166584 -0.010102027095854282
v -0.029930219054222107 -0.013024126179516315 -0.01011472288519144
v -0.03008989617228508 -0.013159145601093769 -0.010012143291532993
f 664 665 666
v -0.030394263565540314 -0.012330775149166584 -0.010102027095854282
v -0.03008989617228508 -0.013159145601093769 -0.010012143291532993
v -0.030441107228398323 -0.012396332807838917 -0.010057174600660801
f 667 668 669
v -0.02935638092458248 -0.013937738724052906 -0.010000013746321201
v -0.030073845759034157 -0.013342832215130329 -0.010000013746321201
v -0.03008989617228508 -0.013159145601093769 -0.010012143291532993
f 670 671 672
v -0.03008989617228508 -0.013159145601093769 -0.010012143291532993
v -0.030073845759034157 -0.013342832215130329 -0.010000013746321201
v -0.030150581151247025 -0.013206970877945423 -0.01000105682760477
f 673 674 675
v -0.03008989617228508 -0.013159145601093769 -0.010012143291532993
v -0.030150581151247025 -0.013206970877945423 -0.01000105682760477
v -0.030441107228398323 -0.012396332807838917 -0.010057174600660801
f 676 677 678
v -0.028485989198088646 -0.014131498523056507 -0.010036938823759556
v -0.02935638092458248 -0.013937738724052906 -0.010000013746321201
v -0.028478896245360374 -0.014085044153034687 -0.010058694519102573
f 679 680 681
v -0.028457913547754288 -0.013949600048363209 -0.01016425434499979
v -0.028466006740927696 -0.01400150079280138 -0.010114663280546665
v -0.029187431558966637 -0.013667498715221882 -0.01011472288519144
f 682 683 684
v -0.029187431558966637 -0.013667498715221882 -0.01011472288519144
v -0.028466006740927696 -0.01400150079280138 -0.010114663280546665
v -0.028478896245360374 -0.014085044153034687 -0.010058694519102573
f 685 686 687
v -0.029187431558966637 -0.013667498715221882 -0.01011472288519144
v -0.028478896245360374 -0.014085044153034687 -0.010058694519102573
v -0.02929828315973282 -0.013844815082848072 -0.010012143291532993
f 688 689 690
v -0.02929828315973282 -0.013844815082848072 -0.010012143291532993
v -0.028478896245360374 -0.014085044153034687 -0.010058694519102573
v -0.02935638092458248 -0.013937738724052906 -0.010000013746321201
f 691 692 693
v -0.028529949486255646 -0.013788011856377125 -0.010500007309019566
v -0.028447309508919716 -0.013833743520081043 -0.010374301113188267
v -0.029091637581586838 -0.013514277525246143 -0.01047562900930643
f 694 695 696
v -0.029091637581586838 -0.013514277525246143 -0.01047562900930643
v -0.028447309508919716 -0.013833743520081043 -0.010374301113188267
v -0.028442220762372017 -0.013850254006683826 -0.01032900158315897
f 697 698 699
v -0.029091637581586838 -0.013514277525246143 -0.01047562900930643
v -0.028442220762372017 -0.013850254006683826 -0.01032900158315897
v -0.029124310240149498 -0.013566535897552967 -0.010258429683744907
f 700 701 702
v -0.029124310240149498 -0.013566535897552967 -0.010258429683744907
v -0.028442220762372017 -0.013850254006683826 -0.01032900158315897
v -0.02844732068479061 -0.013882351107895374 -0.01025839988142252
f 703 704 705
v -0.029124310240149498 -0.013566535897552967 -0.010258429683744907
v -0.02844732068479061 -0.013882351107895374 -0.01025839988142252
v -0.029187431558966637 -0.013667498715221882 -0.01011472288519144
f 706 707 708
v -0.029187431558966637 -0.013667498715221882 -0.01011472288519144
v -0.02844732068479061 -0.013882351107895374 -0.01025839988142252
v -0.028451325371861458 -0.013907675631344318 -0.010217332281172276
f 709 710 711
v -0.029187431558966637 -0.013667498715221882 -0.01011472288519144
v -0.028451325371861458 -0.013907675631344318 -0.010217332281172276
v -0.028457913547754288 -0.013949600048363209 -0.01016425434499979
f 712 713 714
v -0.02935638092458248 -0.013937738724052906 -0.010000013746321201
v -0.03008989617228508 -0.013159145601093769 -0.010012143291532993
v -0.02929828315973282 -0.013844815082848072 -0.010012143291532993
f 715 716 717
v -0.02929828315973282 -0.013844815082848072 -0.010012143291532993
v -0.03008989617228508 -0.013159145601093769 -0.010012143291532993
v -0.029930219054222107 -0.013024126179516315 -0.01011472288519144
f 718 719 720
v -0.02929828315973282 -0.013844815082848072 -0.010012143291532993
v -0.029930219054222107 -0.013024126179516315 -0.01011472288519144
v -0.029187431558966637 -0.013667498715221882 -0.01011472288519144
f 721 722 723
v -0.029187431558966637 -0.013667498715221882 -0.01011472288519144
v -0.029930219054222107 -0.013024126179516315 -0.01011472288519144
v -0.029839295893907547 -0.012947243638336658 -0.010258429683744907
f 724 725 726
v -0.029187431558966637 -0.013667498715221882 -0.01011472288519144
v -0.029839295893907547 -0.012947243638336658 -0.010258429683744907
v -0.029124310240149498 -0.013566535897552967 -0.010258429683744907
f 727 728 729
v -0.029124310240149498 -0.013566535897552967 -0.010258429683744907
v -0.029839295893907547 -0.012947243638336658 -0.010258429683744907
v -0.02979223243892193 -0.012907442636787891 -0.01047562900930643
f 730 731 732
v -0.029124310240149498 -0.013566535897552967 -0.010258429683744907
v -0.02979223243892193 -0.012907442636787891 -0.01047562900930643
v -0.029091637581586838 -0.013514277525246143 -0.01047562900930643
f 733 734 735
v -0.029091637581586838 -0.013514277525246143 -0.01047562900930643
v -0.02979223243892193 -0.012907442636787891 -0.01047562900930643
v -0.029091322794556618 -0.01351377833634615 -0.010500007309019566
f 736 737 738
v -0.029091637581586838 -0.013514277525246143 -0.01047562900930643
v -0.029091322794556618 -0.01351377833634615 -0.010500007309019566
v -0.028529949486255646 -0.013788011856377125 -0.010500007309019566
f 739 740 741
v 0.014952553436160088 0.007650102488696575 -0.04495447129011154
v 0.014916529878973961 0.007734502665698528 -0.04489407688379288
v 0.014961207285523415 0.007621164433658123 -0.04458054155111313
f 742 743 744
v 0.013999054208397865 0.008055205456912518 -0.0436718687415123
v 0.014469916932284832 0.008013824932277203 -0.04388309270143509
v 0.014371211640536785 0.008095058612525463 -0.044136203825473785
f 745 746 747
v 0.01548069529235363 0.00725139956921339 -0.043726153671741486
v 0.0155095886439085 0.0070544658228755 -0.043773286044597626
v 0.015293517149984837 0.007123890332877636 -0.04405500739812851
f 748 749 750
v 0.015247114934027195 0.00761722307652235 -0.04365377873182297
v 0.015393373556435108 0.007439310662448406 -0.043686844408512115
v 0.015204884111881256 0.0074703274294734 -0.04396364837884903
f 751 752 753
v 0.0150669040158391 0.0077595217153429985 -0.04363357275724411
v 0.014836509712040424 0.007822397165000439 -0.044094376266002655
v 0.01473324280232191 0.00792239885777235 -0.043623797595500946
f 754 755 756
v 0.01473324280232191 0.00792239885777235 -0.043623797595500946
v 0.014836509712040424 0.007822397165000439 -0.044094376266002655
v 0.014469916932284832 0.008013824932277203 -0.04388309270143509
f 757 758 759
v 0.01473324280232191 0.00792239885777235 -0.043623797595500946
v 0.014469916932284832 0.008013824932277203 -0.04388309270143509
v 0.014581532217562199 0.007970462553203106 -0.043626122176647186
f 760 761 762
v 0.014581532217562199 0.007970462553203106 -0.043626122176647186
v 0.014469916932284832 0.008013824932277203 -0.04388309270143509
v 0.013999054208397865 0.008055205456912518 -0.0436718687415123
f 763 764 765
v 0.014371211640536785 0.008095058612525463 -0.044136203825473785
v 0.014469916932284832 0.008013824932277203 -0.04388309270143509
v 0.014446082524955273 0.008084396831691265 -0.04423192888498306
f 766 767 768
v 0.014446082524955273 0.008084396831691265 -0.04423192888498306
v 0.014469916932284832 0.008013824932277203 -0.04388309270143509
v 0.014836509712040424 0.007822397165000439 -0.044094376266002655
f 769 770 771
v 0.014446082524955273 0.008084396831691265 -0.04423192888498306
v 0.014836509712040424 0.007822397165000439 -0.044094376266002655
v 0.014689866453409195 0.00799048226326704 -0.04456310719251633
f 772 773 774
v 0.014916529878973961 0.007734502665698528 -0.04489407688379288
v 0.014778275974094868 0.007921303622424603 -0.044688157737255096
v 0.014961207285523415 0.007621164433658123 -0.04458054155111313
f 775 776 777
v 0.014961207285523415 0.007621164433658123 -0.04458054155111313
v 0.014778275974094868 0.007921303622424603 -0.044688157737255096
v 0.014689866453409195 0.00799048226326704 -0.04456310719251633
f 778 779 780
v 0.014961207285523415 0.007621164433658123 -0.04458054155111313
v 0.014689866453409195 0.00799048226326704 -0.04456310719251633
v 0.015058359131217003 0.0075316233560442924 -0.04426579922437668
f 781 782 783
v 0.015058359131217003 0.0075316233560442924 -0.04426579922437668
v 0.014689866453409195 0.00799048226326704 -0.04456310719251633
v 0.014836509712040424 0.007822397165000439 -0.044094376266002655
f 784 785 786
v 0.015058359131217003 0.0075316233560442924 -0.04426579922437668
v 0.014836509712040424 0.007822397165000439 -0.044094376266002655
v 0.015204884111881256 0.0074703274294734 -0.04396364837884903
f 787 788 789
v 0.015204884111881256 0.0074703274294734 -0.04396364837884903
v 0.014836509712040424 0.007822397165000439 -0.044094376266002655
v 0.0150669040158391 0.0077595217153429985 -0.04363357275724411
f 790 791 792
v 0.015204884111881256 0.0074703274294734 -0.04396364837884903
v 0.0150669040158391 0.0077595217153429985 -0.04363357275724411
v 0.015247114934027195 0.00761722307652235 -0.04365377873182297
f 793 794 795
v 0.014999054372310638 0.007373827509582043 -0.045069240033626556
v 0.014952553436160088 0.007650102488696575 -0.04495447129011154
v 0.01503177173435688 0.007287624292075634 -0.04471942037343979
f 796 797 798
v 0.01503177173435688 0.007287624292075634 -0.04471942037343979
v 0.014952553436160088 0.007650102488696575 -0.04495447129011154
v 0.014961207285523415 0.007621164433658123 -0.04458054155111313
f 799 800 801
v 0.01503177173435688 0.007287624292075634 -0.04471942037343979
v 0.014961207285523415 0.007621164433658123 -0.04458054155111313
v 0.015131271444261074 0.00720271747559309 -0.04437489062547684
f 802 803 804
v 0.015131271444261074 0.00720271747559309 -0.04437489062547684
v 0.014961207285523415 0.007621164433658123 -0.04458054155111313
v 0.015058359131217003 0.0075316233560442924 -0.04426579922437668
f 805 806 807
v 0.015131271444261074 0.00720271747559309 -0.04437489062547684
v 0.015058359131217003 0.0075316233560442924 -0.04426579922437668
v 0.015293517149984837 0.007123890332877636 -0.04405500739812851
f 808 809 810
v 0.015293517149984837 0.007123890332877636 -0.04405500739812851
v 0.015058359131217003 0.0075316233560442924 -0.04426579922437668
v 0.015204884111881256 0.0074703274294734 -0.04396364837884903
f 811 812 813
v 0.015293517149984837 0.007123890332877636 -0.04405500739812851
v 0.015204884111881256 0.0074703274294734 -0.04396364837884903
v 0.01548069529235363 0.00725139956921339 -0.043726153671741486
f 814 815 816
v 0.01548069529235363 0.00725139956921339 -0.043726153671741486
v 0.015204884111881256 0.0074703274294734 -0.04396364837884903
v 0.015393373556435108 0.007439310662448406 -0.043686844408512115
f 817 818 819
v 0.01552021224051714 0.006920556537806988 -0.043780528008937836
v 0.015524027869105339 0.006897765211760998 -0.04377608746290207
v 0.015178126282989979 0.006890962831676006 -0.04430047422647476
f 820 821 822
v 0.01500560250133276 0.006890664808452129 -0.044965945184230804
v 0.014999054372310638 0.006890702061355114 -0.0451262965798378
v 0.014999054372310638 0.007133985869586468 -0.04511298984289169
f 823 824 825
v 0.0155095886439085 0.0070544658228755 -0.043773286044597626
v 0.01552021224051714 0.006920556537806988 -0.043780528008937836
v 0.015293517149984837 0.007123890332877636 -0.04405500739812851
f 826 827 828
v 0.015293517149984837 0.007123890332877636 -0.04405500739812851
v 0.01552021224051714 0.006920556537806988 -0.043780528008937836
v 0.015178126282989979 0.006890962831676006 -0.04430047422647476
f 829 830 831
v 0.015293517149984837 0.007123890332877636 -0.04405500739812851
v 0.015178126282989979 0.006890962831676006 -0.04430047422647476
v 0.015131271444261074 0.00720271747559309 -0.04437489062547684
f 832 833 834
v 0.015131271444261074 0.00720271747559309 -0.04437489062547684
v 0.015178126282989979 0.006890962831676006 -0.04430047422647476
v 0.015135391615331173 0.006890635006129742 -0.044401876628398895
f 835 836 837
v 0.015131271444261074 0.00720271747559309 -0.04437489062547684
v 0.015135391615331173 0.006890635006129742 -0.044401876628398895
v 0.01503177173435688 0.007287624292075634 -0.04471942037343979
f 838 839 840
v 0.01503177173435688 0.007287624292075634 -0.04471942037343979
v 0.015135391615331173 0.006890635006129742 -0.044401876628398895
v 0.01500560250133276 0.006890664808452129 -0.044965945184230804
f 841 842 843
v 0.01503177173435688 0.007287624292075634 -0.04471942037343979
v 0.01500560250133276 0.006890664808452129 -0.044965945184230804
v 0.014999054372310638 0.007373827509582043 -0.045069240033626556
f 844 845 846
v 0.014999054372310638 0.007373827509582043 -0.045069240033626556
v 0.01500560250133276 0.006890664808452129 -0.044965945184230804
v 0.014999054372310638 0.007133985869586468 -0.04511298984289169
f 847 848 849
v 0.014999054372310638 0.0033984212204813957 -0.04512610286474228
v 0.014999054372310638 0.006890702061355114 -0.0451262965798378
v 0.015000621788203716 0.0033984212204813957 -0.04504666477441788
f 850 851 852
v 0.015000621788203716 0.0033984212204813957 -0.04504666477441788
v 0.014999054372310638 0.006890702061355114 -0.0451262965798378
v 0.01500560250133276 0.006890664808452129 -0.044965945184230804
f 853 854 855
v 0.015000621788203716 0.0033984212204813957 -0.04504666477441788
v 0.01500560250133276 0.006890664808452129 -0.044965945184230804
v 0.015149388462305069 0.0033984361216425896 -0.04436510056257248
f 856 857 858
v 0.015524027869105339 0.006897765211760998 -0.04377608746290207
v 0.015523997135460377 0.0033984435722231865 -0.04377574473619461
v 0.015178126282989979 0.006890962831676006 -0.04430047422647476
f 859 860 861
v 0.015178126282989979 0.006890962831676006 -0.04430047422647476
v 0.015523997135460377 0.0033984435722231865 -0.04377574473619461
v 0.015149388462305069 0.0033984361216425896 -0.04436510056257248
f 862 863 864
v 0.015178126282989979 0.006890962831676006 -0.04430047422647476
v 0.015149388462305069 0.0033984361216425896 -0.04436510056257248
v 0.015135391615331173 0.006890635006129742 -0.044401876628398895
f 865 866 867
v 0.015135391615331173 0.006890635006129742 -0.044401876628398895
v 0.015149388462305069 0.0033984361216425896 -0.04436510056257248
v 0.01500560250133276 0.006890664808452129 -0.044965945184230804
f 868 869 870
v 0.015069922432303429 0.0013350946828722954 -0.04342193156480789
v 0.014999054372310638 0.0018102852627635002 -0.04457221180200577
v 0.015045645646750927 0.0022583631798624992 -0.044351063668727875
f 871 872 873
v 0.015045645646750927 0.0022583631798624992 -0.044351063668727875
v 0.014999054372310638 0.0018102852627635002 -0.04457221180200577
v 0.014999054372310638 0.0029272912070155144 -0.04507630318403244
f 874 875 876
v 0.015014027245342731 -0.0002411800087429583 -0.0411578044295311
v 0.014999054372310638 -0.00047072494635358453 -0.041241355240345
v 0.014999054372310638 0.00011360918870195746 -0.0425514355301857
f 877 878 879
v 0.015014027245342731 -0.0002411800087429583 -0.0411578044295311
v 0.014999054372310638 0.00011360918870195746 -0.0425514355301857
v 0.01512929704040289 0.00019640004029497504 -0.04099852591753006
f 880 881 882
v 0.01512929704040289 0.00019640004029497504 -0.04099852591753006
v 0.015500825829803944 0.0010024188086390495 -0.04135628789663315
v 0.015342001803219318 0.0005816323100589216 -0.04085830599069595
f 883 884 885
v 0.015342001803219318 0.0005816323100589216 -0.04085830599069595
v 0.015500825829803944 0.0010024188086390495 -0.04135628789663315
v 0.015570882707834244 0.0008449432789348066 -0.040762461721897125
f 886 887 888
v 0.015570882707834244 0.0008449432789348066 -0.040762461721897125
v 0.015500825829803944 0.0010024188086390495 -0.04135628789663315
v 0.016050945967435837 0.0011840490624308586 -0.0406390056014061
f 889 890 891
v 0.016050945967435837 0.0011840490624308586 -0.0406390056014061
v 0.015500825829803944 0.0010024188086390495 -0.04135628789663315
v 0.016106227412819862 0.0014275116845965385 -0.04116838425397873
f 892 893 894
v 0.016050945967435837 0.0011840490624308586 -0.0406390056014061
v 0.016106227412819862 0.0014275116845965385 -0.04116838425397873
v 0.016253676265478134 0.0012732399627566338 -0.04060652107000351
f 895 896 897
v 0.015957530587911606 0.001614871434867382 -0.041738249361515045
v 0.01657242141664028 0.0018316758796572685 -0.04162081331014633
v 0.016808802261948586 0.0015913797542452812 -0.04104086011648178
f 898 899 900
v 0.01657242141664028 0.0018316758796572685 -0.04162081331014633
v 0.01568041741847992 0.0020773662254214287 -0.042788125574588776
v 0.016164124011993408 0.002289692871272564 -0.04255344718694687
f 901 902 903
v 0.016164124011993408 0.002289692871272564 -0.04255344718694687
v 0.01568041741847992 0.0020773662254214287 -0.042788125574588776
v 0.015446687117218971 0.0026828600093722343 -0.043635688722133636
f 904 905 906
v 0.016164124011993408 0.002289692871272564 -0.04255344718694687
v 0.015446687117218971 0.0026828600093722343 -0.043635688722133636
v 0.015762776136398315 0.0028559966012835503 -0.04337657243013382
f 907 908 909
v 0.015762776136398315 0.0028559966012835503 -0.04337657243013382
v 0.015446687117218971 0.0026828600093722343 -0.043635688722133636
v 0.015358013100922108 0.003042931668460369 -0.04392676800489426
f 910 911 912
v 0.015762776136398315 0.0028559966012835503 -0.04337657243013382
v 0.015358013100922108 0.003042931668460369 -0.04392676800489426
v 0.015551522374153137 0.0033102957531809807 -0.04374193400144577
f 913 914 915
v 0.015551522374153137 0.0033102957531809807 -0.04374193400144577
v 0.015358013100922108 0.003042931668460369 -0.04392676800489426
v 0.015149388462305069 0.0033984361216425896 -0.04436510056257248
f 916 917 918
v 0.015551522374153137 0.0033102957531809807 -0.04374193400144577
v 0.015149388462305069 0.0033984361216425896 -0.04436510056257248
v 0.015523997135460377 0.0033984435722231865 -0.04377574473619461
f 919 920 921
v 0.014999054372310638 0.0029272912070155144 -0.04507630318403244
v 0.014999054372310638 0.0033984212204813957 -0.04512610286474228
v 0.015000621788203716 0.0033984212204813957 -0.04504666477441788
f 922 923 924
v 0.014999054372310638 0.00011360918870195746 -0.0425514355301857
v 0.014999054372310638 0.0006230128346942365 -0.043367959558963776
v 0.015069922432303429 0.0013350946828722954 -0.04342193156480789
f 925 926 927
v 0.015069922432303429 0.0013350946828722954 -0.04342193156480789
v 0.014999054372310638 0.0006230128346942365 -0.043367959558963776
v 0.014999054372310638 0.0009338734089396894 -0.04376452416181564
f 928 929 930
v 0.015069922432303429 0.0013350946828722954 -0.04342193156480789
v 0.014999054372310638 0.0009338734089396894 -0.04376452416181564
v 0.014999054372310638 0.0018102852627635002 -0.04457221180200577
f 931 932 933
v 0.015957530587911606 0.001614871434867382 -0.041738249361515045
v 0.015431078150868416 0.0012052534148097038 -0.04196012765169144
v 0.015303270891308784 0.00174016784876585 -0.0430760458111763
f 934 935 936
v 0.015303270891308784 0.00174016784876585 -0.0430760458111763
v 0.015431078150868416 0.0012052534148097038 -0.04196012765169144
v 0.015098655596375465 0.0006616217433474958 -0.04225458949804306
f 937 938 939
v 0.016998358070850372 0.0014086244627833366 -0.04055721312761307
v 0.016253676265478134 0.0012732399627566338 -0.04060652107000351
v 0.016808802261948586 0.0015913797542452812 -0.04104086011648178
f 940 941 942
v 0.016808802261948586 0.0015913797542452812 -0.04104086011648178
v 0.016253676265478134 0.0012732399627566338 -0.04060652107000351
v 0.016106227412819862 0.0014275116845965385 -0.04116838425397873
f 943 944 945
v 0.016808802261948586 0.0015913797542452812 -0.04104086011648178
v 0.016106227412819862 0.0014275116845965385 -0.04116838425397873
v 0.015957530587911606 0.001614871434867382 -0.041738249361515045
f 946 947 948
v 0.015957530587911606 0.001614871434867382 -0.041738249361515045
v 0.016106227412819862 0.0014275116845965385 -0.04116838425397873
v 0.015500825829803944 0.0010024188086390495 -0.04135628789663315
f 949 950 951
v 0.015957530587911606 0.001614871434867382 -0.041738249361515045
v 0.015500825829803944 0.0010024188086390495 -0.04135628789663315
v 0.015431078150868416 0.0012052534148097038 -0.04196012765169144
f 952 953 954
v 0.015431078150868416 0.0012052534148097038 -0.04196012765169144
v 0.015500825829803944 0.0010024188086390495 -0.04135628789663315
v 0.01512929704040289 0.00019640004029497504 -0.04099852591753006
f 955 956 957
v 0.015431078150868416 0.0012052534148097038 -0.04196012765169144
v 0.01512929704040289 0.00019640004029497504 -0.04099852591753006
v 0.015098655596375465 0.0006616217433474958 -0.04225458949804306
f 958 959 960
v 0.01657242141664028 0.0018316758796572685 -0.04162081331014633
v 0.015957530587911606 0.001614871434867382 -0.041738249361515045
v 0.01568041741847992 0.0020773662254214287 -0.042788125574588776
f 961 962 963
v 0.01568041741847992 0.0020773662254214287 -0.042788125574588776
v 0.015957530587911606 0.001614871434867382 -0.041738249361515045
v 0.015303270891308784 0.00174016784876585 -0.0430760458111763
f 964 965 966
v 0.01568041741847992 0.0020773662254214287 -0.042788125574588776
v 0.015303270891308784 0.00174016784876585 -0.0430760458111763
v 0.015446687117218971 0.0026828600093722343 -0.043635688722133636
f 967 968 969
v 0.015446687117218971 0.0026828600093722343 -0.043635688722133636
v 0.015303270891308784 0.00174016784876585 -0.0430760458111763
v 0.015197434462606907 0.0024825138971209526 -0.04397331923246384
f 970 971 972
v 0.015446687117218971 0.0026828600093722343 -0.043635688722133636
v 0.015197434462606907 0.0024825138971209526 -0.04397331923246384
v 0.015358013100922108 0.003042931668460369 -0.04392676800489426
f 973 974 975
v 0.015358013100922108 0.003042931668460369 -0.04392676800489426
v 0.015197434462606907 0.0024825138971209526 -0.04397331923246384
v 0.015157708898186684 0.002937386743724346 -0.04427362233400345
f 976 977 978
v 0.015358013100922108 0.003042931668460369 -0.04392676800489426
v 0.015157708898186684 0.002937386743724346 -0.04427362233400345
v 0.015149388462305069 0.0033984361216425896 -0.04436510056257248
f 979 980 981
v 0.01512929704040289 0.00019640004029497504 -0.04099852591753006
v 0.014999054372310638 0.00011360918870195746 -0.0425514355301857
v 0.015098655596375465 0.0006616217433474958 -0.04225458949804306
f 982 983 984
v 0.015098655596375465 0.0006616217433474958 -0.04225458949804306
v 0.014999054372310638 0.00011360918870195746 -0.0425514355301857
v 0.015069922432303429 0.0013350946828722954 -0.04342193156480789
f 985 986 987
v 0.015098655596375465 0.0006616217433474958 -0.04225458949804306
v 0.015069922432303429 0.0013350946828722954 -0.04342193156480789
v 0.015303270891308784 0.00174016784876585 -0.0430760458111763
f 988 989 990
v 0.015303270891308784 0.00174016784876585 -0.0430760458111763
v 0.015069922432303429 0.0013350946828722954 -0.04342193156480789
v 0.015045645646750927 0.0022583631798624992 -0.044351063668727875
f 991 992 993
v 0.015303270891308784 0.00174016784876585 -0.0430760458111763
v 0.015045645646750927 0.0022583631798624992 -0.044351063668727875
v 0.015197434462606907 0.0024825138971209526 -0.04397331923246384
f 994 995 996
v 0.015197434462606907 0.0024825138971209526 -0.04397331923246384
v 0.015045645646750927 0.0022583631798624992 -0.044351063668727875
v 0.014999054372310638 0.0029272912070155144 -0.04507630318403244
f 997 998 999
v 0.015197434462606907 0.0024825138971209526 -0.04397331923246384
v 0.014999054372310638 0.0029272912070155144 -0.04507630318403244
v 0.015157708898186684 0.002937386743724346 -0.04427362233400345
f 1000 1001 1002
v 0.015157708898186684 0.002937386743724346 -0.04427362233400345
v 0.014999054372310638 0.0029272912070155144 -0.04507630318403244
v 0.015000621788203716 0.0033984212204813957 -0.04504666477441788
f 1003 1004 1005
v 0.015157708898186684 0.002937386743724346 -0.04427362233400345
v 0.015000621788203716 0.0033984212204813957 -0.04504666477441788
v 0.015149388462305069 0.0033984361216425896 -0.04436510056257248
f 1006 1007 1008
v 0.016998358070850372 0.0014086244627833366 -0.04055721312761307
v 0.016999054700136185 0.00010299956193193793 -0.03697004169225693
v 0.016253676265478134 0.0012732399627566338 -0.04060652107000351
f 1009 1010 1011
v 0.016253676265478134 0.0012732399627566338 -0.04060652107000351
v 0.016999054700136185 0.00010299956193193793 -0.03697004169225693
v 0.016246767714619637 -3.501499304547906e-05 -0.03702027350664139
f 1012 1013 1014
v 0.016253676265478134 0.0012732399627566338 -0.04060652107000351
v 0.016246767714619637 -3.501499304547906e-05 -0.03702027350664139
v 0.016050945967435837 0.0011840490624308586 -0.0406390056014061
f 1015 1016 1017
v 0.016050945967435837 0.0011840490624308586 -0.0406390056014061
v 0.016246767714619637 -3.501499304547906e-05 -0.03702027350664139
v 0.015591520816087723 -0.0004412057460285723 -0.03716810792684555
f 1018 1019 1020
v 0.016050945967435837 0.0011840490624308586 -0.0406390056014061
v 0.015591520816087723 -0.0004412057460285723 -0.03716810792684555
v 0.015570882707834244 0.0008449432789348066 -0.040762461721897125
f 1021 1022 1023
v 0.015570882707834244 0.0008449432789348066 -0.040762461721897125
v 0.015591520816087723 -0.0004412057460285723 -0.03716810792684555
v 0.015342001803219318 0.0005816323100589216 -0.04085830599069595
f 1024 1025 1026
v 0.015342001803219318 0.0005816323100589216 -0.04085830599069595
v 0.015591520816087723 -0.0004412057460285723 -0.03716810792684555
v 0.01515310350805521 -0.0010530846193432808 -0.0373908206820488
f 1027 1028 1029
v 0.015342001803219318 0.0005816323100589216 -0.04085830599069595
v 0.01515310350805521 -0.0010530846193432808 -0.0373908206820488
v 0.01512929704040289 0.00019640004029497504 -0.04099852591753006
f 1030 1031 1032
v 0.01512929704040289 0.00019640004029497504 -0.04099852591753006
v 0.01515310350805521 -0.0010530846193432808 -0.0373908206820488
v 0.015014027245342731 -0.0002411800087429583 -0.0411578044295311
f 1033 1034 1035
v 0.015014027245342731 -0.0002411800087429583 -0.0411578044295311
v 0.01515310350805521 -0.0010530846193432808 -0.0373908206820488
v 0.014999054372310638 -0.001776379533112049 -0.037654079496860504
f 1036 1037 1038
v 0.015014027245342731 -0.0002411800087429583 -0.0411578044295311
v 0.014999054372310638 -0.001776379533112049 -0.037654079496860504
v 0.014999054372310638 -0.00047072494635358453 -0.041241355240345
f 1039 1040 1041
v 0.01526772789657116 -0.0034838812425732613 -0.03274456411600113
v 0.01514272391796112 -0.003025670535862446 -0.034062035381793976
v 0.015299891121685505 -0.0023400308564305305 -0.03382503241300583
f 1042 1043 1044
v 0.023956427350640297 -0.010815654881298542 -0.010751389898359776
v 0.023885026574134827 -0.011113700456917286 -0.010806792415678501
v 0.02185729332268238 -0.010081295855343342 -0.013775222934782505
f 1045 1046 1047
v 0.021847346797585487 -0.0071165310218930244 -0.017134541645646095
v 0.022715764120221138 -0.0076943980529904366 -0.01554685179144144
v 0.022993916645646095 -0.008415711112320423 -0.013880574144423008
f 1048 1049 1050
v 0.022993916645646095 -0.008415711112320423 -0.013880574144423008
v 0.022715764120221138 -0.0076943980529904366 -0.01554685179144144
v 0.023552482947707176 -0.008201909251511097 -0.01415249053388834
f 1051 1052 1053
v 0.022993916645646095 -0.008415711112320423 -0.013880574144423008
v 0.023552482947707176 -0.008201909251511097 -0.01415249053388834
v 0.02549009583890438 -0.009234321303665638 -0.011315965093672276
f 1054 1055 1056
v 0.022993916645646095 -0.008415711112320423 -0.013880574144423008
v 0.02125600166618824 -0.007320013828575611 -0.016901159659028053
v 0.021847346797585487 -0.0071165310218930244 -0.017134541645646095
f 1057 1058 1059
v 0.021847346797585487 -0.0071165310218930244 -0.017134541645646095
v 0.02125600166618824 -0.007320013828575611 -0.016901159659028053
v 0.019764434546232224 -0.006177489645779133 -0.0200508926063776
f 1060 1061 1062
v 0.021847346797585487 -0.0071165310218930244 -0.017134541645646095
v 0.019764434546232224 -0.006177489645779133 -0.0200508926063776
v 0.020254865288734436 -0.005870913155376911 -0.02055683173239231
f 1063 1064 1065
v 0.020254865288734436 -0.005870913155376911 -0.02055683173239231
v 0.019764434546232224 -0.006177489645779133 -0.0200508926063776
v 0.018528439104557037 -0.004995410330593586 -0.02330976165831089
f 1066 1067 1068
v 0.020254865288734436 -0.005870913155376911 -0.02055683173239231
v 0.018528439104557037 -0.004995410330593586 -0.02330976165831089
v 0.019176969304680824 -0.00481474120169878 -0.023458654060959816
f 1069 1070 1071
v 0.019176969304680824 -0.00481474120169878 -0.023458654060959816
v 0.018528439104557037 -0.004995410330593586 -0.02330976165831089
v 0.0184601079672575 -0.003941995091736317 -0.0258565042167902
f 1072 1073 1074
v 0.0184601079672575 -0.003941995091736317 -0.0258565042167902
v 0.018528439104557037 -0.004995410330593586 -0.02330976165831089
v 0.01755630597472191 -0.003781248815357685 -0.02665717341005802
f 1075 1076 1077
v 0.0184601079672575 -0.003941995091736317 -0.0258565042167902
v 0.01755630597472191 -0.003781248815357685 -0.02665717341005802
v 0.01822878047823906 -0.003613022156059742 -0.026760349050164223
f 1078 1079 1080
v 0.016853993758559227 -0.0025427090004086494 -0.030071893706917763
v 0.017366627231240273 -0.0019389288499951363 -0.031359873712062836
v 0.01822878047823906 -0.003613022156059742 -0.026760349050164223
f 1081 1082 1083
v 0.016426434740424156 -0.0012876661494374275 -0.03353222459554672
v 0.017136339098215103 -0.0011462913826107979 -0.03353763371706009
v 0.017366627231240273 -0.0019389288499951363 -0.031359873712062836
f 1084 1085 1086
v 0.016246767714619637 -3.501499304547906e-05 -0.03702027350664139
v 0.016999054700136185 0.00010299956193193793 -0.03697004169225693
v 0.017136339098215103 -0.0011462913826107979 -0.03353763371706009
f 1087 1088 1089
v 0.022993916645646095 -0.008415711112320423 -0.013880574144423008
v 0.022455494850873947 -0.008852330036461353 -0.013702415861189365
v 0.02125600166618824 -0.007320013828575611 -0.016901159659028053
f 1090 1091 1092
v 0.02125600166618824 -0.007320013828575611 -0.016901159659028053
v 0.022455494850873947 -0.008852330036461353 -0.013702415861189365
v 0.020687269046902657 -0.0077544571831822395 -0.01676359213888645
f 1093 1094 1095
v 0.02125600166618824 -0.007320013828575611 -0.016901159659028053
v 0.020687269046902657 -0.0077544571831822395 -0.01676359213888645
v 0.019764434546232224 -0.006177489645779133 -0.0200508926063776
f 1096 1097 1098
v 0.019764434546232224 -0.006177489645779133 -0.0200508926063776
v 0.020687269046902657 -0.0077544571831822395 -0.01676359213888645
v 0.019168216735124588 -0.0066095562651753426 -0.019956374540925026
f 1099 1100 1101
v 0.019764434546232224 -0.006177489645779133 -0.0200508926063776
v 0.019168216735124588 -0.0066095562651753426 -0.019956374540925026
v 0.018528439104557037 -0.004995410330593586 -0.02330976165831089
f 1102 1103 1104
v 0.018528439104557037 -0.004995410330593586 -0.02330976165831089
v 0.019168216735124588 -0.0066095562651753426 -0.019956374540925026
v 0.01790773496031761 -0.005424869246780872 -0.023260632529854774
f 1105 1106 1107
v 0.018528439104557037 -0.004995410330593586 -0.02330976165831089
v 0.01790773496031761 -0.005424869246780872 -0.023260632529854774
v 0.01755630597472191 -0.003781248815357685 -0.02665717341005802
f 1108 1109 1110
v 0.01755630597472191 -0.003781248815357685 -0.02665717341005802
v 0.01790773496031761 -0.005424869246780872 -0.023260632529854774
v 0.016914360225200653 -0.004207891412079334 -0.0266555342823267
f 1111 1112 1113
v 0.022455494850873947 -0.008852330036461353 -0.013702415861189365
v 0.022057315334677696 -0.009446841664612293 -0.01366951409727335
v 0.020687269046902657 -0.0077544571831822395 -0.01676359213888645
f 1114 1115 1116
v 0.020687269046902657 -0.0077544571831822395 -0.01676359213888645
v 0.022057315334677696 -0.009446841664612293 -0.01366951409727335
v 0.02027231827378273 -0.008354266174137592 -0.016766155138611794
f 1117 1118 1119
v 0.020687269046902657 -0.0077544571831822395 -0.01676359213888645
v 0.02027231827378273 -0.008354266174137592 -0.016766155138611794
v 0.019168216735124588 -0.0066095562651753426 -0.019956374540925026
f 1120 1121 1122
v 0.019168216735124588 -0.0066095562651753426 -0.019956374540925026
v 0.02027231827378273 -0.008354266174137592 -0.016766155138611794
v 0.018739473074674606 -0.007215057499706745 -0.01999574340879917
f 1123 1124 1125
v 0.019168216735124588 -0.0066095562651753426 -0.019956374540925026
v 0.018739473074674606 -0.007215057499706745 -0.01999574340879917
v 0.01790773496031761 -0.005424869246780872 -0.023260632529854774
f 1126 1127 1128
v 0.01790773496031761 -0.005424869246780872 -0.023260632529854774
v 0.018739473074674606 -0.007215057499706745 -0.01999574340879917
v 0.017468290403485298 -0.006036450155079365 -0.023337790742516518
f 1129 1130 1131
v 0.01790773496031761 -0.005424869246780872 -0.023260632529854774
v 0.017468290403485298 -0.006036450155079365 -0.023337790742516518
v 0.016914360225200653 -0.004207891412079334 -0.0266555342823267
f 1132 1133 1134
v 0.016914360225200653 -0.004207891412079334 -0.0266555342823267
v 0.017468290403485298 -0.006036450155079365 -0.023337790742516518
v 0.016467347741127014 -0.00482593197375536 -0.026771241798996925
f 1135 1136 1137
v 0.02549009583890438 -0.009234321303665638 -0.011315965093672276
v 0.024966737255454063 -0.009457682259380817 -0.011008196510374546
v 0.022993916645646095 -0.008415711112320423 -0.013880574144423008
f 1138 1139 1140
v 0.022993916645646095 -0.008415711112320423 -0.013880574144423008
v 0.024966737255454063 -0.009457682259380817 -0.011008196510374546
v 0.024461206048727036 -0.009896268136799335 -0.010792010463774204
f 1141 1142 1143
v 0.022993916645646095 -0.008415711112320423 -0.013880574144423008
v 0.024461206048727036 -0.009896268136799335 -0.010792010463774204
v 0.022455494850873947 -0.008852330036461353 -0.013702415861189365
f 1144 1145 1146
v 0.022455494850873947 -0.008852330036461353 -0.013702415861189365
v 0.024461206048727036 -0.009896268136799335 -0.010792010463774204
v 0.024082690477371216 -0.010485884733498096 -0.010725223459303379
f 1147 1148 1149
v 0.022455494850873947 -0.008852330036461353 -0.013702415861189365
v 0.024082690477371216 -0.010485884733498096 -0.010725223459303379
v 0.022057315334677696 -0.009446841664612293 -0.01366951409727335
f 1150 1151 1152
v 0.022057315334677696 -0.009446841664612293 -0.01366951409727335
v 0.024082690477371216 -0.010485884733498096 -0.010725223459303379
v 0.024052700027823448 -0.010553059168159962 -0.010727369226515293
f 1153 1154 1155
v 0.022057315334677696 -0.009446841664612293 -0.01366951409727335
v 0.024052700027823448 -0.010553059168159962 -0.010727369226515293
v 0.023956427350640297 -0.010815654881298542 -0.010751389898359776
f 1156 1157 1158
v 0.023956427350640297 -0.010815654881298542 -0.010751389898359776
v 0.02185729332268238 -0.010081295855343342 -0.013775222934782505
v 0.022057315334677696 -0.009446841664612293 -0.01366951409727335
f 1159 1160 1161
v 0.022057315334677696 -0.009446841664612293 -0.01366951409727335
v 0.02185729332268238 -0.010081295855343342 -0.013775222934782505
v 0.021258153021335602 -0.009738785214722157 -0.014760040678083897
f 1162 1163 1164
v 0.022057315334677696 -0.009446841664612293 -0.01366951409727335
v 0.021258153021335602 -0.009738785214722157 -0.014760040678083897
v 0.02027231827378273 -0.008354266174137592 -0.016766155138611794
f 1165 1166 1167
v 0.02027231827378273 -0.008354266174137592 -0.016766155138611794
v 0.021258153021335602 -0.009738785214722157 -0.014760040678083897
v 0.020072847604751587 -0.00899591762572527 -0.016896003857254982
f 1168 1169 1170
v 0.02027231827378273 -0.008354266174137592 -0.016766155138611794
v 0.020072847604751587 -0.00899591762572527 -0.016896003857254982
v 0.018739473074674606 -0.007215057499706745 -0.01999574340879917
f 1171 1172 1173
v 0.018739473074674606 -0.007215057499706745 -0.01999574340879917
v 0.020072847604751587 -0.00899591762572527 -0.016896003857254982
v 0.018543343991041183 -0.007864435203373432 -0.02014929987490177
f 1174 1175 1176
v 0.018739473074674606 -0.007215057499706745 -0.01999574340879917
v 0.018543343991041183 -0.007864435203373432 -0.02014929987490177
v 0.017468290403485298 -0.006036450155079365 -0.023337790742516518
f 1177 1178 1179
v 0.017468290403485298 -0.006036450155079365 -0.023337790742516518
v 0.018543343991041183 -0.007864435203373432 -0.02014929987490177
v 0.017278267070651054 -0.006694120354950428 -0.023514265194535255
f 1180 1181 1182
v 0.017468290403485298 -0.006036450155079365 -0.023337790742516518
v 0.017278267070651054 -0.006694120354950428 -0.023514265194535255
v 0.016467347741127014 -0.00482593197375536 -0.026771241798996925
f 1183 1184 1185
v 0.016467347741127014 -0.00482593197375536 -0.026771241798996925
v 0.017278267070651054 -0.006694120354950428 -0.023514265194535255
v 0.016406962648034096 -0.005660523660480976 -0.026486137881875038
f 1186 1187 1188
v 0.016467347741127014 -0.00482593197375536 -0.026771241798996925
v 0.016406962648034096 -0.005660523660480976 -0.026486137881875038
v 0.016285976395010948 -0.005492408759891987 -0.026969516649842262
f 1189 1190 1191
v 0.01822878047823906 -0.003613022156059742 -0.026760349050164223
v 0.01755630597472191 -0.003781248815357685 -0.02665717341005802
v 0.016853993758559227 -0.0025427090004086494 -0.030071893706917763
f 1192 1193 1194
v 0.016853993758559227 -0.0025427090004086494 -0.030071893706917763
v 0.01755630597472191 -0.003781248815357685 -0.02665717341005802
v 0.016914360225200653 -0.004207891412079334 -0.0266555342823267
f 1195 1196 1197
v 0.016853993758559227 -0.0025427090004086494 -0.030071893706917763
v 0.016914360225200653 -0.004207891412079334 -0.0266555342823267
v 0.01619422622025013 -0.00296629685908556 -0.03011971153318882
f 1198 1199 1200
v 0.01619422622025013 -0.00296629685908556 -0.03011971153318882
v 0.016914360225200653 -0.004207891412079334 -0.0266555342823267
v 0.016467347741127014 -0.00482593197375536 -0.026771241798996925
f 1201 1202 1203
v 0.01619422622025013 -0.00296629685908556 -0.03011971153318882
v 0.016467347741127014 -0.00482593197375536 -0.026771241798996925
v 0.01574283093214035 -0.0035911696031689644 -0.03027438558638096
f 1204 1205 1206
v 0.01574283093214035 -0.0035911696031689644 -0.03027438558638096
v 0.016467347741127014 -0.00482593197375536 -0.026771241798996925
v 0.016285976395010948 -0.005492408759891987 -0.026969516649842262
f 1207 1208 1209
v 0.01574283093214035 -0.0035911696031689644 -0.03027438558638096
v 0.016285976395010948 -0.005492408759891987 -0.026969516649842262
v 0.015572511591017246 -0.004266989417374134 -0.030492911115288734
f 1210 1211 1212
v 0.017366627231240273 -0.0019389288499951363 -0.031359873712062836
v 0.016853993758559227 -0.0025427090004086494 -0.030071893706917763
v 0.016426434740424156 -0.0012876661494374275 -0.03353222459554672
f 1213 1214 1215
v 0.016426434740424156 -0.0012876661494374275 -0.03353222459554672
v 0.016853993758559227 -0.0025427090004086494 -0.030071893706917763
v 0.01619422622025013 -0.00296629685908556 -0.03011971153318882
f 1216 1217 1218
v 0.016426434740424156 -0.0012876661494374275 -0.03353222459554672
v 0.01619422622025013 -0.00296629685908556 -0.03011971153318882
v 0.01575249247252941 -0.0017079832032322884 -0.033631227910518646
f 1219 1220 1221
v 0.01575249247252941 -0.0017079832032322884 -0.033631227910518646
v 0.01619422622025013 -0.00296629685908556 -0.03011971153318882
v 0.01574283093214035 -0.0035911696031689644 -0.03027438558638096
f 1222 1223 1224
v 0.01575249247252941 -0.0017079832032322884 -0.033631227910518646
v 0.01574283093214035 -0.0035911696031689644 -0.03027438558638096
v 0.015299891121685505 -0.0023400308564305305 -0.03382503241300583
f 1225 1226 1227
v 0.015299891121685505 -0.0023400308564305305 -0.03382503241300583
v 0.01574283093214035 -0.0035911696031689644 -0.03027438558638096
v 0.015572511591017246 -0.004266989417374134 -0.030492911115288734
f 1228 1229 1230
v 0.015299891121685505 -0.0023400308564305305 -0.03382503241300583
v 0.015572511591017246 -0.004266989417374134 -0.030492911115288734
v 0.01526772789657116 -0.0034838812425732613 -0.03274456411600113
f 1231 1232 1233
v 0.017136339098215103 -0.0011462913826107979 -0.03353763371706009
v 0.016426434740424156 -0.0012876661494374275 -0.03353222459554672
v 0.016246767714619637 -3.501499304547906e-05 -0.03702027350664139
f 1234 1235 1236
v 0.016246767714619637 -3.501499304547906e-05 -0.03702027350664139
v 0.016426434740424156 -0.0012876661494374275 -0.03353222459554672
v 0.01575249247252941 -0.0017079832032322884 -0.033631227910518646
f 1237 1238 1239
v 0.016246767714619637 -3.501499304547906e-05 -0.03702027350664139
v 0.01575249247252941 -0.0017079832032322884 -0.033631227910518646
v 0.015591520816087723 -0.0004412057460285723 -0.03716810792684555
f 1240 1241 1242
v 0.015591520816087723 -0.0004412057460285723 -0.03716810792684555
v 0.01575249247252941 -0.0017079832032322884 -0.033631227910518646
v 0.015299891121685505 -0.0023400308564305305 -0.03382503241300583
f 1243 1244 1245
v 0.015591520816087723 -0.0004412057460285723 -0.03716810792684555
v 0.015299891121685505 -0.0023400308564305305 -0.03382503241300583
v 0.01515310350805521 -0.0010530846193432808 -0.0373908206820488
f 1246 1247 1248
v 0.01515310350805521 -0.0010530846193432808 -0.0373908206820488
v 0.015299891121685505 -0.0023400308564305305 -0.03382503241300583
v 0.01514272391796112 -0.003025670535862446 -0.034062035381793976
f 1249 1250 1251
v 0.01515310350805521 -0.0010530846193432808 -0.0373908206820488
v 0.01514272391796112 -0.003025670535862446 -0.034062035381793976
v 0.014999054372310638 -0.001776379533112049 -0.037654079496860504
f 1252 1253 1254
v 0.023956427350640297 -0.010815654881298542 -0.010751389898359776
v 0.02397756278514862 -0.011113700456917286 -0.01069145742803812
v 0.023885026574134827 -0.011113700456917286 -0.010806792415678501
f 1255 1256 1257
v 0.024966737255454063 -0.009457682259380817 -0.011008196510374546
v 0.02549009583890438 -0.009234321303665638 -0.011315965093672276
v 0.02549009583890438 -0.009652999229729176 -0.010633849538862705
f 1258 1259 1260
v 0.024461206048727036 -0.009896268136799335 -0.010792010463774204
v 0.02465725876390934 -0.009785671718418598 -0.010757946409285069
v 0.024082690477371216 -0.010485884733498096 -0.010725223459303379
f 1261 1262 1263
v 0.024082690477371216 -0.010485884733498096 -0.010725223459303379
v 0.02465725876390934 -0.009785671718418598 -0.010757946409285069
v 0.02465725876390934 -0.010389869101345539 -0.010331922210752964
f 1264 1265 1266
v 0.024082690477371216 -0.010485884733498096 -0.010725223459303379
v 0.02465725876390934 -0.010389869101345539 -0.010331922210752964
v 0.024052700027823448 -0.010553059168159962 -0.010727369226515293
f 1267 1268 1269
v 0.024052700027823448 -0.010553059168159962 -0.010727369226515293
v 0.02465725876390934 -0.010389869101345539 -0.010331922210752964
v 0.023956427350640297 -0.010815654881298542 -0.010751389898359776
f 1270 1271 1272
v 0.023956427350640297 -0.010815654881298542 -0.010751389898359776
v 0.02465725876390934 -0.010389869101345539 -0.010331922210752964
v 0.02465725876390934 -0.011113700456917286 -0.010181658901274204
f 1273 1274 1275
v 0.023956427350640297 -0.010815654881298542 -0.010751389898359776
v 0.02465725876390934 -0.011113700456917286 -0.010181658901274204
v 0.02397756278514862 -0.011113700456917286 -0.01069145742803812
f 1276 1277 1278
v 0.02549009583890438 -0.011113700456917286 -0.010000013746321201
v 0.02465725876390934 -0.011113700456917286 -0.010181658901274204
v 0.02549009583890438 -0.010317553766071796 -0.01016529742628336
f 1279 1280 1281
v 0.02549009583890438 -0.010317553766071796 -0.01016529742628336
v 0.02465725876390934 -0.011113700456917286 -0.010181658901274204
v 0.02465725876390934 -0.010389869101345539 -0.010331922210752964
f 1282 1283 1284
v 0.02549009583890438 -0.010317553766071796 -0.01016529742628336
v 0.02465725876390934 -0.010389869101345539 -0.010331922210752964
v 0.02549009583890438 -0.009652999229729176 -0.010633849538862705
f 1285 1286 1287
v 0.02549009583890438 -0.009652999229729176 -0.010633849538862705
v 0.02465725876390934 -0.010389869101345539 -0.010331922210752964
v 0.02465725876390934 -0.009785671718418598 -0.010757946409285069
f 1288 1289 1290
v 0.02549009583890438 -0.009652999229729176 -0.010633849538862705
v 0.02465725876390934 -0.009785671718418598 -0.010757946409285069
v 0.024966737255454063 -0.009457682259380817 -0.011008196510374546
f 1291 1292 1293
v 0.024966737255454063 -0.009457682259380817 -0.011008196510374546
v 0.02465725876390934 -0.009785671718418598 -0.010757946409285069
v 0.024461206048727036 -0.009896268136799335 -0.010792010463774204
f 1294 1295 1296
v 0.028110777959227562 -0.010775615461170673 -0.010028772987425327
v 0.028110764920711517 -0.011113700456917286 -0.010000013746321201
v 0.02549009583890438 -0.011113700456917286 -0.010000013746321201
f 1297 1298 1299
v 0.028110777959227562 -0.010775615461170673 -0.010028772987425327
v 0.02549009583890438 -0.011113700456917286 -0.010000013746321201
v 0.0281108096241951 -0.010119249112904072 -0.010264747776091099
f 1300 1301 1302
v 0.02549009583890438 -0.011113700456917286 -0.010000013746321201
v 0.02549009583890438 -0.010317553766071796 -0.01016529742628336
v 0.0281108096241951 -0.010119249112904072 -0.010264747776091099
f 1303 1304 1305
v 0.0281108096241951 -0.010119249112904072 -0.010264747776091099
v 0.02549009583890438 -0.010317553766071796 -0.01016529742628336
v 0.02549009583890438 -0.009652999229729176 -0.010633849538862705
f 1306 1307 1308
v 0.0281108096241951 -0.010119249112904072 -0.010264747776091099
v 0.02549009583890438 -0.009652999229729176 -0.010633849538862705
v 0.028110839426517487 -0.0095834257081151 -0.010712259449064732
f 1309 1310 1311
v 0.028110839426517487 -0.0095834257081151 -0.010712259449064732
v 0.02549009583890438 -0.009652999229729176 -0.010633849538862705
v 0.02549009583890438 -0.009234321303665638 -0.011315965093672276
f 1312 1313 1314
v 0.028110839426517487 -0.0095834257081151 -0.010712259449064732
v 0.02549009583890438 -0.009234321303665638 -0.011315965093672276
v 0.028110869228839874 -0.009234403260052204 -0.011315726675093174
f 1315 1316 1317
v 0.030483124777674675 -0.010033820755779743 -0.01001425925642252
v 0.030498981475830078 -0.010342028923332691 -0.010000013746321201
v 0.03021799959242344 -0.01054858136922121 -0.010000013746321201
f 1318 1319 1320
v 0.029067780822515488 -0.010501322336494923 -0.010062807239592075
v 0.028947453945875168 -0.010023620910942554 -0.010262184776365757
v 0.029766572639346123 -0.009846066124737263 -0.010182672180235386
f 1321 1322 1323
v 0.028366675600409508 -0.011106741614639759 -0.010000013746321201
v 0.028110764920711517 -0.011113700456917286 -0.010000013746321201
v 0.028110777959227562 -0.010775615461170673 -0.010028772987425327
f 1324 1325 1326
v 0.028947453945875168 -0.010023620910942554 -0.010262184776365757
v 0.029067780822515488 -0.010501322336494923 -0.010062807239592075
v 0.0281108096241951 -0.010119249112904072 -0.010264747776091099
f 1327 1328 1329
v 0.030084695667028427 -0.009216670878231525 -0.010305517353117466
v 0.029858822003006935 -0.00903343129903078 -0.01052310410887003
v 0.02991362102329731 -0.008908388204872608 -0.01051779929548502
f 1330 1331 1332
v 0.0303224865347147 -0.009367142803966999 -0.01015883032232523
v 0.030084695667028427 -0.009216670878231525 -0.010305517353117466
v 0.030106263235211372 -0.008959946222603321 -0.010359072126448154
f 1333 1334 1335
v 0.030106263235211372 -0.008959946222603321 -0.010359072126448154
v 0.030084695667028427 -0.009216670878231525 -0.010305517353117466
v 0.02991362102329731 -0.008908388204872608 -0.01051779929548502
f 1336 1337 1338
v 0.030106263235211372 -0.008959946222603321 -0.010359072126448154
v 0.02991362102329731 -0.008908388204872608 -0.01051779929548502
v 0.030045732855796814 -0.00887752790004015 -0.01041602436453104
f 1339 1340 1341
v 0.030045732855796814 -0.00887752790004015 -0.01041602436453104
v 0.02991362102329731 -0.008908388204872608 -0.01051779929548502
v 0.029908224940299988 -0.008757536299526691 -0.010545575059950352
f 1342 1343 1344
v 0.030045732855796814 -0.00887752790004015 -0.01041602436453104
v 0.029908224940299988 -0.008757536299526691 -0.010545575059950352
v 0.029909316450357437 -0.008718368597328663 -0.010545932687819004
f 1345 1346 1347
v 0.029909316450357437 -0.008718368597328663 -0.010545932687819004
v 0.029908224940299988 -0.008757536299526691 -0.010545575059950352
v 0.029893092811107635 -0.008706499822437763 -0.010561489500105381
f 1348 1349 1350
v 0.029858822003006935 -0.00903343129903078 -0.01052310410887003
v 0.030084695667028427 -0.009216670878231525 -0.010305517353117466
v 0.029698416590690613 -0.009165984578430653 -0.010577135719358921
f 1351 1352 1353
v 0.029698416590690613 -0.009165984578430653 -0.010577135719358921
v 0.030084695667028427 -0.009216670878231525 -0.010305517353117466
v 0.02956254594027996 -0.009528559632599354 -0.01040943805128336
f 1354 1355 1356
v 0.029698416590690613 -0.009165984578430653 -0.010577135719358921
v 0.02956254594027996 -0.009528559632599354 -0.01040943805128336
v 0.02939409390091896 -0.009266410954296589 -0.010704957880079746
f 1357 1358 1359
v 0.02939409390091896 -0.009266410954296589 -0.010704957880079746
v 0.02956254594027996 -0.009528559632599354 -0.01040943805128336
v 0.028844162821769714 -0.009613548405468464 -0.010584377683699131
f 1360 1361 1362
v 0.02939409390091896 -0.009266410954296589 -0.010704957880079746
v 0.028844162821769714 -0.009613548405468464 -0.010584377683699131
v 0.029182950034737587 -0.009297487325966358 -0.01079865638166666
f 1363 1364 1365
v 0.029182950034737587 -0.009297487325966358 -0.01079865638166666
v 0.028844162821769714 -0.009613548405468464 -0.010584377683699131
v 0.02846818044781685 -0.009585094638168812 -0.010686510242521763
f 1366 1367 1368
v 0.029182950034737587 -0.009297487325966358 -0.01079865638166666
v 0.02846818044781685 -0.009585094638168812 -0.010686510242521763
v 0.0283539779484272 -0.009273712523281574 -0.01119216624647379
f 1369 1370 1371
v 0.0283539779484272 -0.009273712523281574 -0.01119216624647379
v 0.02846818044781685 -0.009585094638168812 -0.010686510242521763
v 0.02814176119863987 -0.009239849634468555 -0.01130052749067545
f 1372 1373 1374
v 0.02814176119863987 -0.009239849634468555 -0.01130052749067545
v 0.02846818044781685 -0.009585094638168812 -0.010686510242521763
v 0.028110839426517487 -0.0095834257081151 -0.010712259449064732
f 1375 1376 1377
v 0.02814176119863987 -0.009239849634468555 -0.01130052749067545
v 0.028110839426517487 -0.0095834257081151 -0.010712259449064732
v 0.028110869228839874 -0.009234403260052204 -0.011315726675093174
f 1378 1379 1380
v 0.0281108096241951 -0.010119249112904072 -0.010264747776091099
v 0.029067780822515488 -0.010501322336494923 -0.010062807239592075
v 0.028110777959227562 -0.010775615461170673 -0.010028772987425327
f 1381 1382 1383
v 0.028110777959227562 -0.010775615461170673 -0.010028772987425327
v 0.029067780822515488 -0.010501322336494923 -0.010062807239592075
v 0.02877413108944893 -0.011065875180065632 -0.010000013746321201
f 1384 1385 1386
v 0.028110777959227562 -0.010775615461170673 -0.010028772987425327
v 0.02877413108944893 -0.011065875180065632 -0.010000013746321201
v 0.028366675600409508 -0.011106741614639759 -0.010000013746321201
f 1387 1388 1389
v 0.03034559078514576 -0.009427961893379688 -0.010137789882719517
v 0.030350973829627037 -0.009442863054573536 -0.010132902301847935
v 0.03011304885149002 -0.009654407389461994 -0.01015352550894022
f 1390 1391 1392
v 0.03011304885149002 -0.009654407389461994 -0.01015352550894022
v 0.030350973829627037 -0.009442863054573536 -0.010132902301847935
v 0.030483124777674675 -0.010033820755779743 -0.01001425925642252
f 1393 1394 1395
v 0.03011304885149002 -0.009654407389461994 -0.01015352550894022
v 0.030483124777674675 -0.010033820755779743 -0.01001425925642252
v 0.029766572639346123 -0.009846066124737263 -0.010182672180235386
f 1396 1397 1398
v 0.029766572639346123 -0.009846066124737263 -0.010182672180235386
v 0.030483124777674675 -0.010033820755779743 -0.01001425925642252
v 0.03021799959242344 -0.01054858136922121 -0.010000013746321201
f 1399 1400 1401
v 0.029766572639346123 -0.009846066124737263 -0.010182672180235386
v 0.03021799959242344 -0.01054858136922121 -0.010000013746321201
v 0.029067780822515488 -0.010501322336494923 -0.010062807239592075
f 1402 1403 1404
v 0.029067780822515488 -0.010501322336494923 -0.010062807239592075
v 0.03021799959242344 -0.01054858136922121 -0.010000013746321201
v 0.029373088851571083 -0.01093252468854189 -0.010000013746321201
f 1405 1406 1407
v 0.029067780822515488 -0.010501322336494923 -0.010062807239592075
v 0.029373088851571083 -0.01093252468854189 -0.010000013746321201
v 0.02877413108944893 -0.011065875180065632 -0.010000013746321201
f 1408 1409 1410
v 0.0303224865347147 -0.009367142803966999 -0.01015883032232523
v 0.03034559078514576 -0.009427961893379688 -0.010137789882719517
v 0.030084695667028427 -0.009216670878231525 -0.010305517353117466
f 1411 1412 1413
v 0.030084695667028427 -0.009216670878231525 -0.010305517353117466
v 0.03034559078514576 -0.009427961893379688 -0.010137789882719517
v 0.03011304885149002 -0.009654407389461994 -0.01015352550894022
f 1414 1415 1416
v 0.030084695667028427 -0.009216670878231525 -0.010305517353117466
v 0.03011304885149002 -0.009654407389461994 -0.01015352550894022
v 0.02956254594027996 -0.009528559632599354 -0.01040943805128336
f 1417 1418 1419
v 0.02956254594027996 -0.009528559632599354 -0.01040943805128336
v 0.03011304885149002 -0.009654407389461994 -0.01015352550894022
v 0.029766572639346123 -0.009846066124737263 -0.010182672180235386
f 1420 1421 1422
v 0.02956254594027996 -0.009528559632599354 -0.01040943805128336
v 0.029766572639346123 -0.009846066124737263 -0.010182672180235386
v 0.028844162821769714 -0.009613548405468464 -0.010584377683699131
f 1423 1424 1425
v 0.028844162821769714 -0.009613548405468464 -0.010584377683699131
v 0.029766572639346123 -0.009846066124737263 -0.010182672180235386
v 0.028947453945875168 -0.010023620910942554 -0.010262184776365757
f 1426 1427 1428
v 0.028844162821769714 -0.009613548405468464 -0.010584377683699131
v 0.028947453945875168 -0.010023620910942554 -0.010262184776365757
v 0.02846818044781685 -0.009585094638168812 -0.010686510242521763
f 1429 1430 1431
v 0.02846818044781685 -0.009585094638168812 -0.010686510242521763
v 0.028947453945875168 -0.010023620910942554 -0.010262184776365757
v 0.0281108096241951 -0.010119249112904072 -0.010264747776091099
f 1432 1433 1434
v 0.02846818044781685 -0.009585094638168812 -0.010686510242521763
v 0.0281108096241951 -0.010119249112904072 -0.010264747776091099
v 0.028110839426517487 -0.0095834257081151 -0.010712259449064732
f 1435 1436 1437
v 0.023885002359747887 -0.012829233892261982 -0.010806881822645664
v 0.023885026574134827 -0.011113700456917286 -0.010806792415678501
v 0.02397756278514862 -0.011113700456917286 -0.01069145742803812
f 1438 1439 1440
v 0.023885002359747887 -0.012829233892261982 -0.010806881822645664
v 0.02397756278514862 -0.011113700456917286 -0.01069145742803812
v 0.02420167252421379 -0.012829226441681385 -0.010470294393599033
f 1441 1442 1443
v 0.02420167252421379 -0.012829226441681385 -0.010470294393599033
v 0.02397756278514862 -0.011113700456917286 -0.01069145742803812
v 0.02465725876390934 -0.011113700456917286 -0.010181658901274204
f 1444 1445 1446
v 0.02420167252421379 -0.012829226441681385 -0.010470294393599033
v 0.02465725876390934 -0.011113700456917286 -0.010181658901274204
v 0.024591853842139244 -0.012829218991100788 -0.010213070549070835
f 1447 1448 1449
v 0.02549009583890438 -0.011113700456917286 -0.010000013746321201
v 0.025490112602710724 -0.012829204089939594 -0.010000013746321201
v 0.02465725876390934 -0.011113700456917286 -0.010181658901274204
f 1450 1451 1452
v 0.02465725876390934 -0.011113700456917286 -0.010181658901274204
v 0.025490112602710724 -0.012829204089939594 -0.010000013746321201
v 0.024805551394820213 -0.012829211540520191 -0.01012080255895853
f 1453 1454 1455
v 0.02465725876390934 -0.011113700456917286 -0.010181658901274204
v 0.024805551394820213 -0.012829211540520191 -0.01012080255895853
v 0.024591853842139244 -0.012829218991100788 -0.010213070549070835
f 1456 1457 1458
v 0.023885002359747887 -0.012829233892261982 -0.010806881822645664
v 0.02420167252421379 -0.012829226441681385 -0.010470294393599033
v 0.023892642930150032 -0.01285765040665865 -0.010796182788908482
f 1459 1460 1461
v 0.023892642930150032 -0.01285765040665865 -0.010796182788908482
v 0.02420167252421379 -0.012829226441681385 -0.010470294393599033
v 0.023908359929919243 -0.013087612576782703 -0.010731571353971958
f 1462 1463 1464
v 0.02384771779179573 -0.01325311977416277 -0.010721706785261631
v 0.024149887263774872 -0.01335249561816454 -0.010418497957289219
v 0.023718098178505898 -0.013386336155235767 -0.010754370130598545
f 1465 1466 1467
v 0.023718098178505898 -0.013386336155235767 -0.010754370130598545
v 0.024149887263774872 -0.01335249561816454 -0.010418497957289219
v 0.023770103231072426 -0.013710272498428822 -0.01047124806791544
f 1468 1469 1470
v 0.023718098178505898 -0.013386336155235767 -0.010754370130598545
v 0.023770103231072426 -0.013710272498428822 -0.01047124806791544
v 0.02357666939496994 -0.013460506685078144 -0.010807299055159092
f 1471 1472 1473
v 0.02357666939496994 -0.013460506685078144 -0.010807299055159092
v 0.023770103231072426 -0.013710272498428822 -0.01047124806791544
v 0.023363882675766945 -0.013520014472305775 -0.010897600091993809
f 1474 1475 1476
v 0.023363882675766945 -0.013520014472305775 -0.010897600091993809
v 0.023770103231072426 -0.013710272498428822 -0.01047124806791544
v 0.02317417412996292 -0.01384573895484209 -0.010606848634779453
f 1477 1478 1479
v 0.023363882675766945 -0.013520014472305775 -0.010897600091993809
v 0.02317417412996292 -0.01384573895484209 -0.010606848634779453
v 0.023085080087184906 -0.013546389527618885 -0.011026882566511631
f 1480 1481 1482
v 0.022634269669651985 -0.013525073416531086 -0.011222445406019688
v 0.022526782006025314 -0.013490972109138966 -0.011316114105284214
v 0.02252909727394581 -0.013491292484104633 -0.011315220035612583
f 1483 1484 1485
v 0.02401263266801834 -0.014023427851498127 -0.010210656560957432
v 0.024285810068249702 -0.014376168139278889 -0.010050647892057896
v 0.023467393592000008 -0.01441472489386797 -0.010168367065489292
f 1486 1487 1488
v 0.023467393592000008 -0.01441472489386797 -0.010168367065489292
v 0.024285810068249702 -0.014376168139278889 -0.010050647892057896
v 0.023936256766319275 -0.014710639603435993 -0.010030501522123814
f 1489 1490 1491
v 0.024464718997478485 -0.0147999944165349 -0.010000013746321201
v 0.023936256766319275 -0.014710639603435993 -0.010030501522123814
v 0.024647660553455353 -0.014658537693321705 -0.010000013746321201
f 1492 1493 1494
v 0.024647660553455353 -0.014658537693321705 -0.010000013746321201
v 0.023936256766319275 -0.014710639603435993 -0.010030501522123814
v 0.024285810068249702 -0.014376168139278889 -0.010050647892057896
f 1495 1496 1497
v 0.024647660553455353 -0.014658537693321705 -0.010000013746321201
v 0.024285810068249702 -0.014376168139278889 -0.010050647892057896
v 0.024911032989621162 -0.014399525709450245 -0.010000013746321201
f 1498 1499 1500
v 0.024911032989621162 -0.014399525709450245 -0.010000013746321201
v 0.024285810068249702 -0.014376168139278889 -0.010050647892057896
v 0.02401263266801834 -0.014023427851498127 -0.010210656560957432
f 1501 1502 1503
v 0.024911032989621162 -0.014399525709450245 -0.010000013746321201
v 0.02401263266801834 -0.014023427851498127 -0.010210656560957432
v 0.025223346427083015 -0.013942536897957325 -0.010000013746321201
f 1504 1505 1506
v 0.025223346427083015 -0.013942536897957325 -0.010000013746321201
v 0.02401263266801834 -0.014023427851498127 -0.010210656560957432
v 0.024491578340530396 -0.013519597239792347 -0.010186784900724888
f 1507 1508 1509
v 0.025223346427083015 -0.013942536897957325 -0.010000013746321201
v 0.024491578340530396 -0.013519597239792347 -0.010186784900724888
v 0.025249695405364037 -0.013890338130295277 -0.010000013746321201
f 1510 1511 1512
v 0.024591853842139244 -0.012829218991100788 -0.010213070549070835
v 0.024149887263774872 -0.01335249561816454 -0.010418497957289219
v 0.02420167252421379 -0.012829226441681385 -0.010470294393599033
f 1513 1514 1515
v 0.02420167252421379 -0.012829226441681385 -0.010470294393599033
v 0.024149887263774872 -0.01335249561816454 -0.010418497957289219
v 0.02384771779179573 -0.01325311977416277 -0.010721706785261631
f 1516 1517 1518
v 0.02420167252421379 -0.012829226441681385 -0.010470294393599033
v 0.02384771779179573 -0.01325311977416277 -0.010721706785261631
v 0.023908359929919243 -0.013087612576782703 -0.010731571353971958
f 1519 1520 1521
v 0.02252909727394581 -0.013491292484104633 -0.011315220035612583
v 0.022537067532539368 -0.013492998667061329 -0.011310511268675327
v 0.022634269669651985 -0.013525073416531086 -0.011222445406019688
f 1522 1523 1524
v 0.022634269669651985 -0.013525073416531086 -0.011222445406019688
v 0.022537067532539368 -0.013492998667061329 -0.011310511268675327
v 0.02271326072514057 -0.01352266687899828 -0.011215084232389927
f 1525 1526 1527
v 0.022634269669651985 -0.013525073416531086 -0.011222445406019688
v 0.02271326072514057 -0.01352266687899828 -0.011215084232389927
v 0.022765429690480232 -0.013595868833363056 -0.011052780784666538
f 1528 1529 1530
v 0.022765429690480232 -0.013595868833363056 -0.011052780784666538
v 0.02271326072514057 -0.01352266687899828 -0.011215084232389927
v 0.023085080087184906 -0.013546389527618885 -0.011026882566511631
f 1531 1532 1533
v 0.022765429690480232 -0.013595868833363056 -0.011052780784666538
v 0.023085080087184906 -0.013546389527618885 -0.011026882566511631
v 0.023095889016985893 -0.013981078751385212 -0.010501437820494175
f 1534 1535 1536
v 0.023095889016985893 -0.013981078751385212 -0.010501437820494175
v 0.023085080087184906 -0.013546389527618885 -0.011026882566511631
v 0.02317417412996292 -0.01384573895484209 -0.010606848634779453
f 1537 1538 1539
v 0.023095889016985893 -0.013981078751385212 -0.010501437820494175
v 0.02317417412996292 -0.01384573895484209 -0.010606848634779453
v 0.023467393592000008 -0.01441472489386797 -0.010168367065489292
f 1540 1541 1542
v 0.023467393592000008 -0.01441472489386797 -0.010168367065489292
v 0.02317417412996292 -0.01384573895484209 -0.010606848634779453
v 0.023770103231072426 -0.013710272498428822 -0.01047124806791544
f 1543 1544 1545
v 0.023467393592000008 -0.01441472489386797 -0.010168367065489292
v 0.023770103231072426 -0.013710272498428822 -0.01047124806791544
v 0.02401263266801834 -0.014023427851498127 -0.010210656560957432
f 1546 1547 1548
v 0.02401263266801834 -0.014023427851498127 -0.010210656560957432
v 0.023770103231072426 -0.013710272498428822 -0.01047124806791544
v 0.024149887263774872 -0.01335249561816454 -0.010418497957289219
f 1549 1550 1551
v 0.02401263266801834 -0.014023427851498127 -0.010210656560957432
v 0.024149887263774872 -0.01335249561816454 -0.010418497957289219
v 0.024491578340530396 -0.013519597239792347 -0.010186784900724888
f 1552 1553 1554
v 0.024491578340530396 -0.013519597239792347 -0.010186784900724888
v 0.024149887263774872 -0.01335249561816454 -0.010418497957289219
v 0.024591853842139244 -0.012829218991100788 -0.010213070549070835
f 1555 1556 1557
v 0.024491578340530396 -0.013519597239792347 -0.010186784900724888
v 0.024591853842139244 -0.012829218991100788 -0.010213070549070835
v 0.025249695405364037 -0.013890338130295277 -0.010000013746321201
f 1558 1559 1560
v 0.025249695405364037 -0.013890338130295277 -0.010000013746321201
v 0.024591853842139244 -0.012829218991100788 -0.010213070549070835
v 0.024805551394820213 -0.012829211540520191 -0.01012080255895853
f 1561 1562 1563
v 0.025249695405364037 -0.013890338130295277 -0.010000013746321201
v 0.024805551394820213 -0.012829211540520191 -0.01012080255895853
v 0.025490112602710724 -0.012829204089939594 -0.010000013746321201
f 1564 1565 1566
v 0.023936256766319275 -0.014710639603435993 -0.010030501522123814
v 0.024464718997478485 -0.0147999944165349 -0.010000013746321201
v 0.019243543967604637 -0.014302370138466358 -0.010237508453428745
f 1567 1568 1569
v 0.019243543967604637 -0.014302370138466358 -0.010237508453428745
v 0.024464718997478485 -0.0147999944165349 -0.010000013746321201
v 0.01936686970293522 -0.014800001867115498 -0.010000013746321201
f 1570 1571 1572
v 0.019243543967604637 -0.014302370138466358 -0.010237508453428745
v 0.01936686970293522 -0.014800001867115498 -0.010000013746321201
v 0.019206229597330093 -0.014302370138466358 -0.010237508453428745
f 1573 1574 1575
v 0.018492253497242928 -0.013525073416531086 -0.011222445406019688
v 0.022634269669651985 -0.013525073416531086 -0.011222445406019688
v 0.01886754482984543 -0.013803143985569477 -0.010708236135542393
f 1576 1577 1578
v 0.01886754482984543 -0.013803143985569477 -0.010708236135542393
v 0.022634269669651985 -0.013525073416531086 -0.011222445406019688
v 0.022765429690480232 -0.013595868833363056 -0.011052780784666538
f 1579 1580 1581
v 0.01886754482984543 -0.013803143985569477 -0.010708236135542393
v 0.022765429690480232 -0.013595868833363056 -0.011052780784666538
v 0.01905844546854496 -0.014020663686096668 -0.010462486185133457
f 1582 1583 1584
v 0.01905844546854496 -0.014020663686096668 -0.010462486185133457
v 0.022765429690480232 -0.013595868833363056 -0.011052780784666538
v 0.023095889016985893 -0.013981078751385212 -0.010501437820494175
f 1585 1586 1587
v 0.01905844546854496 -0.014020663686096668 -0.010462486185133457
v 0.023095889016985893 -0.013981078751385212 -0.010501437820494175
v 0.019243543967604637 -0.014302370138466358 -0.010237508453428745
f 1588 1589 1590
v 0.019243543967604637 -0.014302370138466358 -0.010237508453428745
v 0.023095889016985893 -0.013981078751385212 -0.010501437820494175
v 0.023467393592000008 -0.01441472489386797 -0.010168367065489292
f 1591 1592 1593
v 0.019243543967604637 -0.014302370138466358 -0.010237508453428745
v 0.023467393592000008 -0.01441472489386797 -0.010168367065489292
v 0.023936256766319275 -0.014710639603435993 -0.010030501522123814
f 1594 1595 1596
v -0.020742319524288177 -0.002080698497593403 -0.013477885164320469
v 0.016199246048927307 -0.002080698497593403 -0.013477885164320469
v -0.02108157053589821 -0.0021648304536938667 -0.013034188188612461
f 1597 1598 1599
v -0.02108157053589821 -0.0021648304536938667 -0.013034188188612461
v 0.016199246048927307 -0.002080698497593403 -0.013477885164320469
v 0.01672622188925743 -0.0023091183975338936 -0.012574457563459873
f 1600 1601 1602
v -0.02108157053589821 -0.0021648304536938667 -0.013034188188612461
v 0.01672622188925743 -0.0023091183975338936 -0.012574457563459873
v -0.021786754950881004 -0.002493743784725666 -0.012162053026258945
f 1603 1604 1605
v -0.021786754950881004 -0.002493743784725666 -0.012162053026258945
v 0.01672622188925743 -0.0023091183975338936 -0.012574457563459873
v -0.022435493767261505 -0.002991032786667347 -0.011418485082685947
f 1606 1607 1608
v -0.022435493767261505 -0.002991032786667347 -0.011418485082685947
v 0.01672622188925743 -0.0023091183975338936 -0.012574457563459873
v 0.017230333760380745 -0.0027211280539631844 -0.011776917614042759
f 1609 1610 1611
v -0.022435493767261505 -0.002991032786667347 -0.011418485082685947
v 0.017230333760380745 -0.0027211280539631844 -0.011776917614042759
v -0.022831358015537262 -0.0034056873992085457 -0.010995619930326939
f 1612 1613 1614
v -0.022831358015537262 -0.0034056873992085457 -0.010995619930326939
v 0.017230333760380745 -0.0027211280539631844 -0.011776917614042759
v 0.017720595002174377 -0.003328968770802021 -0.011064850725233555
f 1615 1616 1617
v -0.022831358015537262 -0.0034056873992085457 -0.010995619930326939
v 0.017720595002174377 -0.003328968770802021 -0.011064850725233555
v -0.02301165647804737 -0.0036319317296147346 -0.010810964740812778
f 1618 1619 1620
v -0.02301165647804737 -0.0036319317296147346 -0.010810964740812778
v 0.017720595002174377 -0.003328968770802021 -0.011064850725233555
v 0.018130453303456306 -0.004068349488079548 -0.010523372329771519
f 1621 1622 1623
v -0.02301165647804737 -0.0036319317296147346 -0.010810964740812778
v 0.018130453303456306 -0.004068349488079548 -0.010523372329771519
v 0.018443800508975983 -0.004920748062431812 -0.01016166154295206
f 1624 1625 1626
v 0.018653003498911858 -0.006046478636562824 -0.010000013746321201
v -0.023993536829948425 -0.006046478636562824 -0.010000013746321201
v 0.018628111109137535 -0.0058184461668133736 -0.010006510652601719
f 1627 1628 1629
v 0.018628111109137535 -0.0058184461668133736 -0.010006510652601719
v -0.023993536829948425 -0.006046478636562824 -0.010000013746321201
v -0.02380887046456337 -0.005184982903301716 -0.010093861259520054
f 1630 1631 1632
v 0.018628111109137535 -0.0058184461668133736 -0.010006510652601719
v -0.02380887046456337 -0.005184982903301716 -0.010093861259520054
v 0.018443800508975983 -0.004920748062431812 -0.01016166154295206
f 1633 1634 1635
v 0.018443800508975983 -0.004920748062431812 -0.01016166154295206
v -0.02380887046456337 -0.005184982903301716 -0.010093861259520054
v -0.02347538061439991 -0.0043717073276638985 -0.010367476381361485
f 1636 1637 1638
v 0.018443800508975983 -0.004920748062431812 -0.01016166154295206
v -0.02347538061439991 -0.0043717073276638985 -0.010367476381361485
v -0.02301165647804737 -0.0036319317296147346 -0.010810964740812778
f 1639 1640 1641
v 0.029937608167529106 0.004236887209117413 -0.010000013746321201
v 0.03049902617931366 0.003729480318725109 -0.010000013746321201
v 0.029991133138537407 0.003519284538924694 -0.010066413320600986
f 1642 1643 1644
v 0.030222531408071518 0.002394641749560833 -0.010250442661345005
v 0.030061636120080948 0.002269628457725048 -0.010372721590101719
v 0.029761681333184242 0.0025933263823390007 -0.010468565858900547
f 1645 1646 1647
v 0.02697102166712284 0.0033561168238520622 -0.011286281980574131
v 0.02697102352976799 0.0037244735285639763 -0.010677062906324863
v 0.027473313733935356 0.0037663308903574944 -0.01059111300855875
f 1648 1649 1650
v 0.02697104960680008 0.0047868965193629265 -0.010048442520201206
v 0.026971064507961273 0.005224431864917278 -0.010000013746321201
v 0.028419572860002518 0.005002337507903576 -0.010000013746321201
f 1651 1652 1653
v 0.028218163177371025 0.004345911554992199 -0.01012157741934061
v 0.02803030237555504 0.0037336451932787895 -0.010503732599318027
v 0.026971040293574333 0.004438030533492565 -0.010161095298826694
f 1654 1655 1656
v 0.026971040293574333 0.004438030533492565 -0.010161095298826694
v 0.02803030237555504 0.0037336451932787895 -0.010503732599318027
v 0.027473313733935356 0.0037663308903574944 -0.01059111300855875
f 1657 1658 1659
v 0.026971040293574333 0.004438030533492565 -0.010161095298826694
v 0.027473313733935356 0.0037663308903574944 -0.01059111300855875
v 0.02697102725505829 0.003901946358382702 -0.010499649681150913
f 1660 1661 1662
v 0.02697102725505829 0.003901946358382702 -0.010499649681150913
v 0.027473313733935356 0.0037663308903574944 -0.01059111300855875
v 0.02697102352976799 0.0037244735285639763 -0.010677062906324863
f 1663 1664 1665
v 0.027406873181462288 0.0033270595595240593 -0.011274539865553379
v 0.027896588668227196 0.003297845833003521 -0.011093848384916782
v 0.0278372410684824 0.0031044213101267815 -0.011757695116102695
f 1666 1667 1668
v 0.026971034705638885 0.0032395897433161736 -0.012245737947523594
v 0.02697102352976799 0.003301742486655712 -0.011449300684034824
v 0.027386508882045746 0.003192405216395855 -0.012011193670332432
f 1669 1670 1671
v 0.027386508882045746 0.003192405216395855 -0.012011193670332432
v 0.02697102352976799 0.003301742486655712 -0.011449300684034824
v 0.027406873181462288 0.0033270595595240593 -0.011274539865553379
f 1672 1673 1674
v 0.027386508882045746 0.003192405216395855 -0.012011193670332432
v 0.027406873181462288 0.0033270595595240593 -0.011274539865553379
v 0.02750943973660469 0.0031720129773020744 -0.01194217149168253
f 1675 1676 1677
v 0.02750943973660469 0.0031720129773020744 -0.01194217149168253
v 0.027406873181462288 0.0033270595595240593 -0.011274539865553379
v 0.0278372410684824 0.0031044213101267815 -0.011757695116102695
f 1678 1679 1680
v 0.029820801690220833 0.0021087108179926872 -0.010611199773848057
v 0.029494117945432663 0.0024255095049738884 -0.010802739299833775
v 0.029622044414281845 0.0025001121684908867 -0.010626995004713535
f 1681 1682 1683
v 0.029622044414281845 0.0025001121684908867 -0.010626995004713535
v 0.029494117945432663 0.0024255095049738884 -0.010802739299833775
v 0.02871045470237732 0.0028344644233584404 -0.01125242654234171
f 1684 1685 1686
v 0.029622044414281845 0.0025001121684908867 -0.010626995004713535
v 0.02871045470237732 0.0028344644233584404 -0.01125242654234171
v 0.028794756159186363 0.002931813709437847 -0.010991477407515049
f 1687 1688 1689
v 0.028794756159186363 0.002931813709437847 -0.010991477407515049
v 0.02871045470237732 0.0028344644233584404 -0.01125242654234171
v 0.028539029881358147 0.002898293547332287 -0.011353247798979282
f 1690 1691 1692
v 0.028794756159186363 0.002931813709437847 -0.010991477407515049
v 0.028539029881358147 0.002898293547332287 -0.011353247798979282
v 0.028395721688866615 0.003211851231753826 -0.010918342508375645
f 1693 1694 1695
v 0.028395721688866615 0.003211851231753826 -0.010918342508375645
v 0.028539029881358147 0.002898293547332287 -0.011353247798979282
v 0.028286460787057877 0.002981993369758129 -0.011501097120344639
f 1696 1697 1698
v 0.028395721688866615 0.003211851231753826 -0.010918342508375645
v 0.028286460787057877 0.002981993369758129 -0.011501097120344639
v 0.027896588668227196 0.003297845833003521 -0.011093848384916782
f 1699 1700 1701
v 0.027896588668227196 0.003297845833003521 -0.011093848384916782
v 0.028286460787057877 0.002981993369758129 -0.011501097120344639
v 0.027892407029867172 0.0030912188813090324 -0.011726492084562778
f 1702 1703 1704
v 0.027896588668227196 0.003297845833003521 -0.011093848384916782
v 0.027892407029867172 0.0030912188813090324 -0.011726492084562778
v 0.0278372410684824 0.0031044213101267815 -0.011757695116102695
f 1705 1706 1707
v 0.030222531408071518 0.002394641749560833 -0.010250442661345005
v 0.029912088066339493 0.001952516846358776 -0.010543190874159336
v 0.030061636120080948 0.002269628457725048 -0.010372721590101719
f 1708 1709 1710
v 0.030061636120080948 0.002269628457725048 -0.010372721590101719
v 0.029912088066339493 0.001952516846358776 -0.010543190874159336
v 0.02989305928349495 0.0019342554733157158 -0.010561489500105381
f 1711 1712 1713
v 0.030061636120080948 0.002269628457725048 -0.010372721590101719
v 0.02989305928349495 0.0019342554733157158 -0.010561489500105381
v 0.029888661578297615 0.0019576353952288628 -0.010565393604338169
f 1714 1715 1716
v 0.030087629333138466 0.0028109056875109673 -0.010211163200438023
v 0.030433719977736473 0.003040607087314129 -0.01005821768194437
v 0.03041609190404415 0.0029574213549494743 -0.010074072517454624
f 1717 1718 1719
v 0.030087629333138466 0.0028109056875109673 -0.010211163200438023
v 0.02913959138095379 0.003435562364757061 -0.010340743698179722
v 0.030433719977736473 0.003040607087314129 -0.01005821768194437
f 1720 1721 1722
v 0.030433719977736473 0.003040607087314129 -0.01005821768194437
v 0.02913959138095379 0.003435562364757061 -0.010340743698179722
v 0.029991133138537407 0.003519284538924694 -0.010066413320600986
f 1723 1724 1725
v 0.030433719977736473 0.003040607087314129 -0.01005821768194437
v 0.029991133138537407 0.003519284538924694 -0.010066413320600986
v 0.03044046461582184 0.0030757365748286247 -0.010052167810499668
f 1726 1727 1728
v 0.03044046461582184 0.0030757365748286247 -0.010052167810499668
v 0.029991133138537407 0.003519284538924694 -0.010066413320600986
v 0.03049902617931366 0.003729480318725109 -0.010000013746321201
f 1729 1730 1731
v 0.02944778837263584 0.003885778598487377 -0.010083251632750034
v 0.029770351946353912 0.004356990568339825 -0.010000013746321201
v 0.029937608167529106 0.004236887209117413 -0.010000013746321201
f 1732 1733 1734
v 0.029770351946353912 0.004356990568339825 -0.010000013746321201
v 0.02944778837263584 0.003885778598487377 -0.010083251632750034
v 0.028805822134017944 0.004866930656135082 -0.010000013746321201
f 1735 1736 1737
v 0.028805822134017944 0.004866930656135082 -0.010000013746321201
v 0.02944778837263584 0.003885778598487377 -0.010083251632750034
v 0.028218163177371025 0.004345911554992199 -0.01012157741934061
f 1738 1739 1740
v 0.028805822134017944 0.004866930656135082 -0.010000013746321201
v 0.028218163177371025 0.004345911554992199 -0.01012157741934061
v 0.028419572860002518 0.005002337507903576 -0.010000013746321201
f 1741 1742 1743
v 0.028419572860002518 0.005002337507903576 -0.010000013746321201
v 0.028218163177371025 0.004345911554992199 -0.01012157741934061
v 0.026971040293574333 0.004438030533492565 -0.010161095298826694
f 1744 1745 1746
v 0.028419572860002518 0.005002337507903576 -0.010000013746321201
v 0.026971040293574333 0.004438030533492565 -0.010161095298826694
v 0.02697104960680008 0.0047868965193629265 -0.010048442520201206
f 1747 1748 1749
v 0.029937608167529106 0.004236887209117413 -0.010000013746321201
v 0.029991133138537407 0.003519284538924694 -0.010066413320600986
v 0.02944778837263584 0.003885778598487377 -0.010083251632750034
f 1750 1751 1752
v 0.02944778837263584 0.003885778598487377 -0.010083251632750034
v 0.029991133138537407 0.003519284538924694 -0.010066413320600986
v 0.02913959138095379 0.003435562364757061 -0.010340743698179722
f 1753 1754 1755
v 0.02944778837263584 0.003885778598487377 -0.010083251632750034
v 0.02913959138095379 0.003435562364757061 -0.010340743698179722
v 0.028218163177371025 0.004345911554992199 -0.01012157741934061
f 1756 1757 1758
v 0.028218163177371025 0.004345911554992199 -0.01012157741934061
v 0.02913959138095379 0.003435562364757061 -0.010340743698179722
v 0.028591414913535118 0.0036235330626368523 -0.01042016688734293
f 1759 1760 1761
v 0.028218163177371025 0.004345911554992199 -0.01012157741934061
v 0.028591414913535118 0.0036235330626368523 -0.01042016688734293
v 0.02803030237555504 0.0037336451932787895 -0.010503732599318027
f 1762 1763 1764
v 0.029888661578297615 0.0019576353952288628 -0.010565393604338169
v 0.029820801690220833 0.0021087108179926872 -0.010611199773848057
v 0.030061636120080948 0.002269628457725048 -0.010372721590101719
f 1765 1766 1767
v 0.030061636120080948 0.002269628457725048 -0.010372721590101719
v 0.029820801690220833 0.0021087108179926872 -0.010611199773848057
v 0.029622044414281845 0.0025001121684908867 -0.010626995004713535
f 1768 1769 1770
v 0.030061636120080948 0.002269628457725048 -0.010372721590101719
v 0.029622044414281845 0.0025001121684908867 -0.010626995004713535
v 0.029761681333184242 0.0025933263823390007 -0.010468565858900547
f 1771 1772 1773
v 0.029761681333184242 0.0025933263823390007 -0.010468565858900547
v 0.029622044414281845 0.0025001121684908867 -0.010626995004713535
v 0.028794756159186363 0.002931813709437847 -0.010991477407515049
f 1774 1775 1776
v 0.029761681333184242 0.0025933263823390007 -0.010468565858900547
v 0.028794756159186363 0.002931813709437847 -0.010991477407515049
v 0.02888881415128708 0.0030692173168063164 -0.010749184526503086
f 1777 1778 1779
v 0.02888881415128708 0.0030692173168063164 -0.010749184526503086
v 0.028794756159186363 0.002931813709437847 -0.010991477407515049
v 0.028395721688866615 0.003211851231753826 -0.010918342508375645
f 1780 1781 1782
v 0.02697102352976799 0.003301742486655712 -0.011449300684034824
v 0.02697102166712284 0.0033561168238520622 -0.011286281980574131
v 0.027406873181462288 0.0033270595595240593 -0.011274539865553379
f 1783 1784 1785
v 0.027406873181462288 0.0033270595595240593 -0.011274539865553379
v 0.02697102166712284 0.0033561168238520622 -0.011286281980574131
v 0.027473313733935356 0.0037663308903574944 -0.01059111300855875
f 1786 1787 1788
v 0.027406873181462288 0.0033270595595240593 -0.011274539865553379
v 0.027473313733935356 0.0037663308903574944 -0.01059111300855875
v 0.027896588668227196 0.003297845833003521 -0.011093848384916782
f 1789 1790 1791
v 0.027896588668227196 0.003297845833003521 -0.011093848384916782
v 0.027473313733935356 0.0037663308903574944 -0.01059111300855875
v 0.02803030237555504 0.0037336451932787895 -0.010503732599318027
f 1792 1793 1794
v 0.027896588668227196 0.003297845833003521 -0.011093848384916782
v 0.02803030237555504 0.0037336451932787895 -0.010503732599318027
v 0.028395721688866615 0.003211851231753826 -0.010918342508375645
f 1795 1796 1797
v 0.028395721688866615 0.003211851231753826 -0.010918342508375645
v 0.02803030237555504 0.0037336451932787895 -0.010503732599318027
v 0.028591414913535118 0.0036235330626368523 -0.01042016688734293
f 1798 1799 1800
v 0.028395721688866615 0.003211851231753826 -0.010918342508375645
v 0.028591414913535118 0.0036235330626368523 -0.01042016688734293
v 0.02888881415128708 0.0030692173168063164 -0.010749184526503086
f 1801 1802 1803
v 0.02888881415128708 0.0030692173168063164 -0.010749184526503086
v 0.028591414913535118 0.0036235330626368523 -0.01042016688734293
v 0.02913959138095379 0.003435562364757061 -0.010340743698179722
f 1804 1805 1806
v 0.02888881415128708 0.0030692173168063164 -0.010749184526503086
v 0.02913959138095379 0.003435562364757061 -0.010340743698179722
v 0.029761681333184242 0.0025933263823390007 -0.010468565858900547
f 1807 1808 1809
v 0.029761681333184242 0.0025933263823390007 -0.010468565858900547
v 0.02913959138095379 0.003435562364757061 -0.010340743698179722
v 0.030087629333138466 0.0028109056875109673 -0.010211163200438023
f 1810 1811 1812
v 0.029761681333184242 0.0025933263823390007 -0.010468565858900547
v 0.030087629333138466 0.0028109056875109673 -0.010211163200438023
v 0.030222531408071518 0.002394641749560833 -0.010250442661345005
f 1813 1814 1815
v 0.030222531408071518 0.002394641749560833 -0.010250442661345005
v 0.030087629333138466 0.0028109056875109673 -0.010211163200438023
v 0.03041609190404415 0.0029574213549494743 -0.010074072517454624
f 1816 1817 1818
v 0.02697102166712284 0.0033561168238520622 -0.011286281980574131
v -0.026829876005649567 0.003514113835990429 -0.01096328441053629
v 0.02697102352976799 0.0037244735285639763 -0.010677062906324863
f 1819 1820 1821
v 0.02697102352976799 0.0037244735285639763 -0.010677062906324863
v -0.026829876005649567 0.003514113835990429 -0.01096328441053629
v -0.026829738169908524 0.0037258369848132133 -0.010675542987883091
f 1822 1823 1824
v 0.02697102352976799 0.0037244735285639763 -0.010677062906324863
v -0.026829738169908524 0.0037258369848132133 -0.010675542987883091
v 0.02697102725505829 0.003901946358382702 -0.010499649681150913
f 1825 1826 1827
v 0.026971034705638885 0.0032395897433161736 -0.012245737947523594
v -0.026830388233065605 0.0032395971938967705 -0.01224579755216837
v 0.02697102352976799 0.003301742486655712 -0.011449300684034824
f 1828 1829 1830
v 0.02697102352976799 0.003301742486655712 -0.011449300684034824
v -0.026830388233065605 0.0032395971938967705 -0.01224579755216837
v -0.026830144226551056 0.0032621128484606743 -0.011613600887358189
f 1831 1832 1833
v 0.02697102352976799 0.003301742486655712 -0.011449300684034824
v -0.026830144226551056 0.0032621128484606743 -0.011613600887358189
v 0.02697102166712284 0.0033561168238520622 -0.011286281980574131
f 1834 1835 1836
v 0.02697102166712284 0.0033561168238520622 -0.011286281980574131
v -0.026830144226551056 0.0032621128484606743 -0.011613600887358189
v -0.026830065995454788 0.003311137668788433 -0.011417531408369541
f 1837 1838 1839
v 0.02697102166712284 0.0033561168238520622 -0.011286281980574131
v -0.026830065995454788 0.003311137668788433 -0.011417531408369541
v -0.026829876005649567 0.003514113835990429 -0.01096328441053629
f 1840 1841 1842
v -0.02682933770120144 0.004586930386722088 -0.010104321874678135
v -0.026829088106751442 0.005224431864917278 -0.010000013746321201
v 0.026971064507961273 0.005224431864917278 -0.010000013746321201
f 1843 1844 1845
v -0.026829738169908524 0.0037258369848132133 -0.010675542987883091
v -0.026829605922102928 0.003973814658820629 -0.010439240373671055
v 0.02697102725505829 0.003901946358382702 -0.010499649681150913
f 1846 1847 1848
v 0.02697102725505829 0.003901946358382702 -0.010499649681150913
v -0.026829605922102928 0.003973814658820629 -0.010439240373671055
v -0.02682941034436226 0.004411990754306316 -0.010172449983656406
f 1849 1850 1851
v 0.02697102725505829 0.003901946358382702 -0.010499649681150913
v -0.02682941034436226 0.004411990754306316 -0.010172449983656406
v 0.026971040293574333 0.004438030533492565 -0.010161095298826694
f 1852 1853 1854
v 0.026971040293574333 0.004438030533492565 -0.010161095298826694
v -0.02682941034436226 0.004411990754306316 -0.010172449983656406
v -0.02682933770120144 0.004586930386722088 -0.010104321874678135
f 1855 1856 1857
v 0.026971040293574333 0.004438030533492565 -0.010161095298826694
v -0.02682933770120144 0.004586930386722088 -0.010104321874678135
v 0.02697104960680008 0.0047868965193629265 -0.010048442520201206
f 1858 1859 1860
v 0.02697104960680008 0.0047868965193629265 -0.010048442520201206
v -0.02682933770120144 0.004586930386722088 -0.010104321874678135
v 0.026971064507961273 0.005224431864917278 -0.010000013746321201
f 1861 1862 1863
v -0.027834968641400337 0.0033142296597361565 -0.011068844236433506
v -0.028877023607492447 0.003092612139880657 -0.010738634504377842
v -0.029113609343767166 0.0034630773589015007 -0.010337972082197666
f 1864 1865 1866
v -0.029974622651934624 0.00355509202927351 -0.010066860355436802
v -0.02940315008163452 0.0039164600893855095 -0.010084294714033604
v -0.029113609343767166 0.0034630773589015007 -0.010337972082197666
f 1867 1868 1869
v -0.030440686270594597 0.0030780835077166557 -0.010057740844786167
v -0.030095834285020828 0.0028390688821673393 -0.010212265886366367
v -0.030307834967970848 0.0025898469612002373 -0.010185264982283115
f 1870 1871 1872
v -0.030291220173239708 0.002545940689742565 -0.010201388038694859
v -0.029789099469780922 0.0021832315251231194 -0.01065164152532816
v -0.030033722519874573 0.0020799068734049797 -0.010451101697981358
f 1873 1874 1875
v -0.030033722519874573 0.0020799068734049797 -0.010451101697981358
v -0.029789099469780922 0.0021832315251231194 -0.01065164152532816
v -0.02988489717245102 0.0020210323855280876 -0.010592603124678135
f 1876 1877 1878
v -0.030033722519874573 0.0020799068734049797 -0.010451101697981358
v -0.02988489717245102 0.0020210323855280876 -0.010592603124678135
v -0.029907118529081345 0.001936870627105236 -0.010575645603239536
f 1879 1880 1881
v -0.030307834967970848 0.0025898469612002373 -0.010185264982283115
v -0.030095834285020828 0.0028390688821673393 -0.010212265886366367
v -0.030291220173239708 0.002545940689742565 -0.010201388038694859
f 1882 1883 1884
v -0.027797427028417587 0.0031798435375094414 -0.01140564028173685
v -0.02799364924430847 0.003059769980609417 -0.011630558408796787
v -0.028785381466150284 0.0029491139575839043 -0.010983430780470371
f 1885 1886 1887
v -0.028785381466150284 0.0029491139575839043 -0.010983430780470371
v -0.02799364924430847 0.003059769980609417 -0.011630558408796787
v -0.028717203065752983 0.002842220477759838 -0.011237912811338902
f 1888 1889 1890
v -0.028785381466150284 0.0029491139575839043 -0.010983430780470371
v -0.028717203065752983 0.002842220477759838 -0.011237912811338902
v -0.029074721038341522 0.0026924340054392815 -0.011042647995054722
f 1891 1892 1893
v -0.026830144226551056 0.0032621128484606743 -0.011613600887358189
v -0.026830388233065605 0.0032395971938967705 -0.01224579755216837
v -0.02684212476015091 0.0032389191910624504 -0.012240462936460972
f 1894 1895 1896
v -0.02731035090982914 0.0033395765349268913 -0.011244320310652256
v -0.026830065995454788 0.003311137668788433 -0.011417531408369541
v -0.026830144226551056 0.0032621128484606743 -0.011613600887358189
f 1897 1898 1899
v -0.02777744270861149 0.003108474425971508 -0.011744850315153599
v -0.02731035090982914 0.0033395765349268913 -0.011244320310652256
v -0.02729020081460476 0.003192703239619732 -0.012001329101622105
f 1900 1901 1902
v -0.02729020081460476 0.003192703239619732 -0.012001329101622105
v -0.02731035090982914 0.0033395765349268913 -0.011244320310652256
v -0.026830144226551056 0.0032621128484606743 -0.011613600887358189
f 1903 1904 1905
v -0.02729020081460476 0.003192703239619732 -0.012001329101622105
v -0.026830144226551056 0.0032621128484606743 -0.011613600887358189
v -0.02693789266049862 0.0032315878197550774 -0.012188666500151157
f 1906 1907 1908
v -0.02693789266049862 0.0032315878197550774 -0.012188666500151157
v -0.026830144226551056 0.0032621128484606743 -0.011613600887358189
v -0.02684212476015091 0.0032389191910624504 -0.012240462936460972
f 1909 1910 1911
v -0.02682941034436226 0.004411990754306316 -0.010172449983656406
v -0.026829605922102928 0.003973814658820629 -0.010439240373671055
v -0.02736944705247879 0.003772611729800701 -0.010586255230009556
f 1912 1913 1914
v -0.02736944705247879 0.003772611729800701 -0.010586255230009556
v -0.026829605922102928 0.003973814658820629 -0.010439240373671055
v -0.026829738169908524 0.0037258369848132133 -0.010675542987883091
f 1915 1916 1917
v -0.02736944705247879 0.003772611729800701 -0.010586255230009556
v -0.026829738169908524 0.0037258369848132133 -0.010675542987883091
v -0.02731035090982914 0.0033395765349268913 -0.011244320310652256
f 1918 1919 1920
v -0.02731035090982914 0.0033395765349268913 -0.011244320310652256
v -0.026829738169908524 0.0037258369848132133 -0.010675542987883091
v -0.026829876005649567 0.003514113835990429 -0.01096328441053629
f 1921 1922 1923
v -0.02731035090982914 0.0033395765349268913 -0.011244320310652256
v -0.026829876005649567 0.003514113835990429 -0.01096328441053629
v -0.026830065995454788 0.003311137668788433 -0.011417531408369541
f 1924 1925 1926
v -0.026829088106751442 0.005224431864917278 -0.010000013746321201
v -0.02682933770120144 0.004586930386722088 -0.010104321874678135
v -0.027168186381459236 0.005213628523051739 -0.010000013746321201
f 1927 1928 1929
v -0.027168186381459236 0.005213628523051739 -0.010000013746321201
v -0.02682933770120144 0.004586930386722088 -0.010104321874678135
v -0.028123455122113228 0.004346947185695171 -0.010125660337507725
f 1930 1931 1932
v -0.029712390154600143 0.00440069567412138 -0.010000013746321201
v -0.029093516990542412 0.004735144786536694 -0.010000013746321201
v -0.028123455122113228 0.004346947185695171 -0.010125660337507725
f 1933 1934 1935
v -0.028123455122113228 0.004346947185695171 -0.010125660337507725
v -0.029093516990542412 0.004735144786536694 -0.010000013746321201
v -0.02831118181347847 0.005018952302634716 -0.010000013746321201
f 1936 1937 1938
v -0.028123455122113228 0.004346947185695171 -0.010125660337507725
v -0.02831118181347847 0.005018952302634716 -0.010000013746321201
v -0.027168186381459236 0.005213628523051739 -0.010000013746321201
f 1939 1940 1941
v -0.029974622651934624 0.00355509202927351 -0.010066860355436802
v -0.03044590726494789 0.003106514923274517 -0.01005279365926981
v -0.030454466119408607 0.0031563816592097282 -0.010044717229902744
f 1942 1943 1944
v -0.029974622651934624 0.00355509202927351 -0.010066860355436802
v -0.029113609343767166 0.0034630773589015007 -0.010337972082197666
v -0.029642121866345406 0.003195839934051037 -0.010269307531416416
f 1945 1946 1947
v -0.029642121866345406 0.003195839934051037 -0.010269307531416416
v -0.029113609343767166 0.0034630773589015007 -0.010337972082197666
v -0.028877023607492447 0.003092612139880657 -0.010738634504377842
f 1948 1949 1950
v -0.029642121866345406 0.003195839934051037 -0.010269307531416416
v -0.028877023607492447 0.003092612139880657 -0.010738634504377842
v -0.029357384890317917 0.002888190560042858 -0.010593139566481113
f 1951 1952 1953
v -0.03044590726494789 0.003106514923274517 -0.01005279365926981
v -0.029974622651934624 0.00355509202927351 -0.010066860355436802
v -0.030440686270594597 0.0030780835077166557 -0.010057740844786167
f 1954 1955 1956
v -0.030440686270594597 0.0030780835077166557 -0.010057740844786167
v -0.029974622651934624 0.00355509202927351 -0.010066860355436802
v -0.029642121866345406 0.003195839934051037 -0.010269307531416416
f 1957 1958 1959
v -0.030440686270594597 0.0030780835077166557 -0.010057740844786167
v -0.029642121866345406 0.003195839934051037 -0.010269307531416416
v -0.030095834285020828 0.0028390688821673393 -0.010212265886366367
f 1960 1961 1962
v -0.030095834285020828 0.0028390688821673393 -0.010212265886366367
v -0.029642121866345406 0.003195839934051037 -0.010269307531416416
v -0.029357384890317917 0.002888190560042858 -0.010593139566481113
f 1963 1964 1965
v -0.030095834285020828 0.0028390688821673393 -0.010212265886366367
v -0.029357384890317917 0.002888190560042858 -0.010593139566481113
v -0.029774069786071777 0.0026151640340685844 -0.010470532812178135
f 1966 1967 1968
v -0.02682933770120144 0.004586930386722088 -0.010104321874678135
v -0.02682941034436226 0.004411990754306316 -0.010172449983656406
v -0.028123455122113228 0.004346947185695171 -0.010125660337507725
f 1969 1970 1971
v -0.028123455122113228 0.004346947185695171 -0.010125660337507725
v -0.02682941034436226 0.004411990754306316 -0.010172449983656406
v -0.02736944705247879 0.003772611729800701 -0.010586255230009556
f 1972 1973 1974
v -0.028123455122113228 0.004346947185695171 -0.010125660337507725
v -0.02736944705247879 0.003772611729800701 -0.010586255230009556
v -0.0279557928442955 0.0037467507645487785 -0.010498308576643467
f 1975 1976 1977
v -0.0279557928442955 0.0037467507645487785 -0.010498308576643467
v -0.02736944705247879 0.003772611729800701 -0.010586255230009556
v -0.02731035090982914 0.0033395765349268913 -0.011244320310652256
f 1978 1979 1980
v -0.030291220173239708 0.002545940689742565 -0.010201388038694859
v -0.030095834285020828 0.0028390688821673393 -0.010212265886366367
v -0.029789099469780922 0.0021832315251231194 -0.01065164152532816
f 1981 1982 1983
v -0.029789099469780922 0.0021832315251231194 -0.01065164152532816
v -0.030095834285020828 0.0028390688821673393 -0.010212265886366367
v -0.029774069786071777 0.0026151640340685844 -0.010470532812178135
f 1984 1985 1986
v -0.029789099469780922 0.0021832315251231194 -0.01065164152532816
v -0.029774069786071777 0.0026151640340685844 -0.010470532812178135
v -0.02959909662604332 0.0023718206211924553 -0.01075857225805521
f 1987 1988 1989
v -0.02959909662604332 0.0023718206211924553 -0.01075857225805521
v -0.029774069786071777 0.0026151640340685844 -0.010470532812178135
v -0.029357384890317917 0.002888190560042858 -0.010593139566481113
f 1990 1991 1992
v -0.02959909662604332 0.0023718206211924553 -0.01075857225805521
v -0.029357384890317917 0.002888190560042858 -0.010593139566481113
v -0.029074721038341522 0.0026924340054392815 -0.011042647995054722
f 1993 1994 1995
v -0.029074721038341522 0.0026924340054392815 -0.011042647995054722
v -0.029357384890317917 0.002888190560042858 -0.010593139566481113
v -0.028877023607492447 0.003092612139880657 -0.010738634504377842
f 1996 1997 1998
v -0.029074721038341522 0.0026924340054392815 -0.011042647995054722
v -0.028877023607492447 0.003092612139880657 -0.010738634504377842
v -0.028785381466150284 0.0029491139575839043 -0.010983430780470371
f 1999 2000 2001
v -0.028785381466150284 0.0029491139575839043 -0.010983430780470371
v -0.028877023607492447 0.003092612139880657 -0.010738634504377842
v -0.027834968641400337 0.0033142296597361565 -0.011068844236433506
f 2002 2003 2004
v -0.028785381466150284 0.0029491139575839043 -0.010983430780470371
v -0.027834968641400337 0.0033142296597361565 -0.011068844236433506
v -0.027797427028417587 0.0031798435375094414 -0.01140564028173685
f 2005 2006 2007
v -0.030454466119408607 0.0031563816592097282 -0.010044717229902744
v -0.030500972643494606 0.003755795769393444 -0.010000013746321201
v -0.029974622651934624 0.00355509202927351 -0.010066860355436802
f 2008 2009 2010
v -0.029974622651934624 0.00355509202927351 -0.010066860355436802
v -0.030500972643494606 0.003755795769393444 -0.010000013746321201
v -0.029712390154600143 0.00440069567412138 -0.010000013746321201
f 2011 2012 2013
v -0.029974622651934624 0.00355509202927351 -0.010066860355436802
v -0.029712390154600143 0.00440069567412138 -0.010000013746321201
v -0.02940315008163452 0.0039164600893855095 -0.010084294714033604
f 2014 2015 2016
v -0.02940315008163452 0.0039164600893855095 -0.010084294714033604
v -0.029712390154600143 0.00440069567412138 -0.010000013746321201
v -0.028123455122113228 0.004346947185695171 -0.010125660337507725
f 2017 2018 2019
v -0.02940315008163452 0.0039164600893855095 -0.010084294714033604
v -0.028123455122113228 0.004346947185695171 -0.010125660337507725
v -0.029113609343767166 0.0034630773589015007 -0.010337972082197666
f 2020 2021 2022
v -0.029113609343767166 0.0034630773589015007 -0.010337972082197666
v -0.028123455122113228 0.004346947185695171 -0.010125660337507725
v -0.0279557928442955 0.0037467507645487785 -0.010498308576643467
f 2023 2024 2025
v -0.029113609343767166 0.0034630773589015007 -0.010337972082197666
v -0.0279557928442955 0.0037467507645487785 -0.010498308576643467
v -0.027834968641400337 0.0033142296597361565 -0.011068844236433506
f 2026 2027 2028
v -0.027834968641400337 0.0033142296597361565 -0.011068844236433506
v -0.0279557928442955 0.0037467507645487785 -0.010498308576643467
v -0.02731035090982914 0.0033395765349268913 -0.011244320310652256
f 2029 2030 2031
v -0.027834968641400337 0.0033142296597361565 -0.011068844236433506
v -0.02731035090982914 0.0033395765349268913 -0.011244320310652256
v -0.027797427028417587 0.0031798435375094414 -0.01140564028173685
f 2032 2033 2034
v -0.027797427028417587 0.0031798435375094414 -0.01140564028173685
v -0.02731035090982914 0.0033395765349268913 -0.011244320310652256
v -0.02777744270861149 0.003108474425971508 -0.011744850315153599
f 2035 2036 2037
v -0.027797427028417587 0.0031798435375094414 -0.01140564028173685
v -0.02777744270861149 0.003108474425971508 -0.011744850315153599
v -0.02799364924430847 0.003059769980609417 -0.011630558408796787
f 2038 2039 2040
v 0.014099027030169964 0.014800000004470348 0.00779998954385519
v 0.010099027305841446 0.014800000004470348 0.00779998954385519
v 0.014099027030169964 -0.014800001867115498 0.00779998954385519
f 2041 2042 2043
v 0.014099027030169964 -0.014800001867115498 0.00779998954385519
v 0.010099027305841446 0.014800000004470348 0.00779998954385519
v 0.010099027305841446 -0.014800001867115498 0.00779998954385519
f 2044 2045 2046
v 0.010099027305841446 0.014800000004470348 0.00779998954385519
v 0.010099027305841446 0.014800000004470348 -0.004999988712370396
v 0.010099027305841446 -0.014800001867115498 0.00779998954385519
f 2047 2048 2049
v 0.010099027305841446 -0.014800001867115498 0.00779998954385519
v 0.010099027305841446 0.014800000004470348 -0.004999988712370396
v 0.010099027305841446 -0.014800001867115498 -0.004999988712370396
f 2050 2051 2052
v 0.014099027030169964 -0.014800001867115498 0.00779998954385519
v 0.014099027030169964 -0.014800001867115498 -0.004999988712370396
v 0.014099027030169964 0.014800000004470348 0.00779998954385519
f 2053 2054 2055
v 0.014099027030169964 0.014800000004470348 0.00779998954385519
v 0.014099027030169964 -0.014800001867115498 -0.004999988712370396
v 0.014099027030169964 0.014800000004470348 -0.004999988712370396
f 2056 2057 2058
v -0.006171859335154295 -0.011859935708343983 -0.008000009693205357
v -0.00584359560161829 -0.011178282089531422 -0.008000009693205357
v -0.005150972865521908 -0.010800001211464405 -0.008000009693205357
f 2059 2060 2061
v -0.005150972865521908 -0.010800001211464405 -0.008000009693205357
v -0.00584359560161829 -0.011178282089531422 -0.008000009693205357
v -0.00584359560161829 -0.010421712882816792 -0.008000009693205357
f 2062 2063 2064
v -0.005150972865521908 -0.010800001211464405 -0.008000009693205357
v -0.00584359560161829 -0.010421712882816792 -0.008000009693205357
v -0.00546581344678998 -0.009624999947845936 -0.008000009693205357
f 2065 2066 2067
v -0.00546581344678998 -0.009624999947845936 -0.008000009693205357
v -0.00584359560161829 -0.010421712882816792 -0.008000009693205357
v -0.006171859335154295 -0.009740066714584827 -0.008000009693205357
f 2068 2069 2070
v -0.00546581344678998 -0.009624999947845936 -0.008000009693205357
v -0.006171859335154295 -0.009740066714584827 -0.008000009693205357
v -0.006325973197817802 -0.008764837868511677 -0.008000009693205357
f 2071 2072 2073
v -0.006325973197817802 -0.008764837868511677 -0.008000009693205357
v -0.006171859335154295 -0.009740066714584827 -0.008000009693205357
v -0.006763370707631111 -0.009268355555832386 -0.008000009693205357
f 2074 2075 2076
v -0.006325973197817802 -0.008764837868511677 -0.008000009693205357
v -0.006763370707631111 -0.009268355555832386 -0.008000009693205357
v -0.00750097306445241 -0.008449998684227467 -0.008000009693205357
f 2077 2078 2079
v -0.00750097306445241 -0.008449998684227467 -0.008000009693205357
v -0.006763370707631111 -0.009268355555832386 -0.008000009693205357
v -0.00750097306445241 -0.009100002236664295 -0.008000009693205357
f 2080 2081 2082
v -0.00750097306445241 -0.008449998684227467 -0.008000009693205357
v -0.00750097306445241 -0.009100002236664295 -0.008000009693205357
v -0.008675972931087017 -0.008764837868511677 -0.008000009693205357
f 2083 2084 2085
v -0.008675972931087017 -0.008764837868511677 -0.008000009693205357
v -0.00750097306445241 -0.009100002236664295 -0.008000009693205357
v -0.008350973017513752 -0.00932775903493166 -0.008000009693205357
f 2086 2087 2088
v -0.008675972931087017 -0.008764837868511677 -0.008000009693205357
v -0.008350973017513752 -0.00932775903493166 -0.008000009693205357
v -0.009536132216453552 -0.009624999947845936 -0.008000009693205357
f 2089 2090 2091
v -0.009536132216453552 -0.009624999947845936 -0.008000009693205357
v -0.008350973017513752 -0.00932775903493166 -0.008000009693205357
v -0.008973215706646442 -0.00995000172406435 -0.008000009693205357
f 2092 2093 2094
v -0.009536132216453552 -0.009624999947845936 -0.008000009693205357
v -0.008973215706646442 -0.00995000172406435 -0.008000009693205357
v -0.009850973263382912 -0.010800001211464405 -0.008000009693205357
f 2095 2096 2097
v -0.009850973263382912 -0.010800001211464405 -0.008000009693205357
v -0.008973215706646442 -0.00995000172406435 -0.008000009693205357
v -0.009200973436236382 -0.010800001211464405 -0.008000009693205357
f 2098 2099 2100
v -0.009850973263382912 -0.010800001211464405 -0.008000009693205357
v -0.009200973436236382 -0.010800001211464405 -0.008000009693205357
v -0.009536132216453552 -0.011975002475082874 -0.008000009693205357
f 2101 2102 2103
v -0.009536132216453552 -0.011975002475082874 -0.008000009693205357
v -0.009200973436236382 -0.010800001211464405 -0.008000009693205357
v -0.008973215706646442 -0.01165000069886446 -0.008000009693205357
f 2104 2105 2106
v -0.009536132216453552 -0.011975002475082874 -0.008000009693205357
v -0.008973215706646442 -0.01165000069886446 -0.008000009693205357
v -0.008675972931087017 -0.012835157103836536 -0.008000009693205357
f 2107 2108 2109
v -0.008675972931087017 -0.012835157103836536 -0.008000009693205357
v -0.008973215706646442 -0.01165000069886446 -0.008000009693205357
v -0.008350973017513752 -0.01227224338799715 -0.008000009693205357
f 2110 2111 2112
v -0.008675972931087017 -0.012835157103836536 -0.008000009693205357
v -0.008350973017513752 -0.01227224338799715 -0.008000009693205357
v -0.00750097306445241 -0.013149996288120747 -0.008000009693205357
f 2113 2114 2115
v -0.00750097306445241 -0.013149996288120747 -0.008000009693205357
v -0.008350973017513752 -0.01227224338799715 -0.008000009693205357
v -0.00750097306445241 -0.012500000186264515 -0.008000009693205357
f 2116 2117 2118
v -0.00750097306445241 -0.013149996288120747 -0.008000009693205357
v -0.00750097306445241 -0.012500000186264515 -0.008000009693205357
v -0.006325973197817802 -0.012835157103836536 -0.008000009693205357
f 2119 2120 2121
v -0.006325973197817802 -0.012835157103836536 -0.008000009693205357
v -0.00750097306445241 -0.012500000186264515 -0.008000009693205357
v -0.006763370707631111 -0.012331646867096424 -0.008000009693205357
f 2122 2123 2124
v -0.006325973197817802 -0.012835157103836536 -0.008000009693205357
v -0.006763370707631111 -0.012331646867096424 -0.008000009693205357
v -0.00546581344678998 -0.011975002475082874 -0.008000009693205357
f 2125 2126 2127
v -0.00546581344678998 -0.011975002475082874 -0.008000009693205357
v -0.006763370707631111 -0.012331646867096424 -0.008000009693205357
v -0.006171859335154295 -0.011859935708343983 -0.008000009693205357
f 2128 2129 2130
v -0.00546581344678998 -0.011975002475082874 -0.008000009693205357
v -0.006171859335154295 -0.011859935708343983 -0.008000009693205357
v -0.005150972865521908 -0.010800001211464405 -0.008000009693205357
f 2131 2132 2133
v 0.008828140795230865 -0.011859935708343983 -0.008000009693205357
v 0.009156404063105583 -0.011178282089531422 -0.008000009693205357
v 0.009849026799201965 -0.010800001211464405 -0.008000009693205357
f 2134 2135 2136
v 0.009849026799201965 -0.010800001211464405 -0.008000009693205357
v 0.009156404063105583 -0.011178282089531422 -0.008000009693205357
v 0.009156404063105583 -0.010421712882816792 -0.008000009693205357
f 2137 2138 2139
v 0.009849026799201965 -0.010800001211464405 -0.008000009693205357
v 0.009156404063105583 -0.010421712882816792 -0.008000009693205357
v 0.00953418668359518 -0.009624999947845936 -0.008000009693205357
f 2140 2141 2142
v 0.00953418668359518 -0.009624999947845936 -0.008000009693205357
v 0.009156404063105583 -0.010421712882816792 -0.008000009693205357
v 0.008828140795230865 -0.009740066714584827 -0.008000009693205357
f 2143 2144 2145
v 0.00953418668359518 -0.009624999947845936 -0.008000009693205357
v 0.008828140795230865 -0.009740066714584827 -0.008000009693205357
v 0.008674027398228645 -0.008764837868511677 -0.008000009693205357
f 2146 2147 2148
v 0.008674027398228645 -0.008764837868511677 -0.008000009693205357
v 0.008828140795230865 -0.009740066714584827 -0.008000009693205357
v 0.008236628957092762 -0.009268355555832386 -0.008000009693205357
f 2149 2150 2151
v 0.008674027398228645 -0.008764837868511677 -0.008000009693205357
v 0.008236628957092762 -0.009268355555832386 -0.008000009693205357
v 0.007499027065932751 -0.008449998684227467 -0.008000009693205357
f 2152 2153 2154
v 0.007499027065932751 -0.008449998684227467 -0.008000009693205357
v 0.008236628957092762 -0.009268355555832386 -0.008000009693205357
v 0.007499027065932751 -0.009100002236664295 -0.008000009693205357
f 2155 2156 2157
v 0.007499027065932751 -0.008449998684227467 -0.008000009693205357
v 0.007499027065932751 -0.009100002236664295 -0.008000009693205357
v 0.006324027199298143 -0.008764837868511677 -0.008000009693205357
f 2158 2159 2160
v 0.006324027199298143 -0.008764837868511677 -0.008000009693205357
v 0.007499027065932751 -0.009100002236664295 -0.008000009693205357
v 0.0066490271128714085 -0.00932775903493166 -0.008000009693205357
f 2161 2162 2163
v 0.006324027199298143 -0.008764837868511677 -0.008000009693205357
v 0.0066490271128714085 -0.00932775903493166 -0.008000009693205357
v 0.005463867448270321 -0.009624999947845936 -0.008000009693205357
f 2164 2165 2166
v 0.005463867448270321 -0.009624999947845936 -0.008000009693205357
v 0.0066490271128714085 -0.00932775903493166 -0.008000009693205357
v 0.006026783958077431 -0.00995000172406435 -0.008000009693205357
f 2167 2168 2169
v 0.005463867448270321 -0.009624999947845936 -0.008000009693205357
v 0.006026783958077431 -0.00995000172406435 -0.008000009693205357
v 0.005149026867002249 -0.010800001211464405 -0.008000009693205357
f 2170 2171 2172
v 0.005149026867002249 -0.010800001211464405 -0.008000009693205357
v 0.006026783958077431 -0.00995000172406435 -0.008000009693205357
v 0.005799027159810066 -0.010800001211464405 -0.008000009693205357
f 2173 2174 2175
v 0.005149026867002249 -0.010800001211464405 -0.008000009693205357
v 0.005799027159810066 -0.010800001211464405 -0.008000009693205357
v 0.005463867448270321 -0.011975002475082874 -0.008000009693205357
f 2176 2177 2178
v 0.005463867448270321 -0.011975002475082874 -0.008000009693205357
v 0.005799027159810066 -0.010800001211464405 -0.008000009693205357
v 0.006026783958077431 -0.01165000069886446 -0.008000009693205357
f 2179 2180 2181
v 0.005463867448270321 -0.011975002475082874 -0.008000009693205357
v 0.006026783958077431 -0.01165000069886446 -0.008000009693205357
v 0.006324027199298143 -0.012835157103836536 -0.008000009693205357
f 2182 2183 2184
v 0.006324027199298143 -0.012835157103836536 -0.008000009693205357
v 0.006026783958077431 -0.01165000069886446 -0.008000009693205357
v 0.0066490271128714085 -0.01227224338799715 -0.008000009693205357
f 2185 2186 2187
v 0.006324027199298143 -0.012835157103836536 -0.008000009693205357
v 0.0066490271128714085 -0.01227224338799715 -0.008000009693205357
v 0.007499027065932751 -0.013149996288120747 -0.008000009693205357
f 2188 2189 2190
v 0.007499027065932751 -0.013149996288120747 -0.008000009693205357
v 0.0066490271128714085 -0.01227224338799715 -0.008000009693205357
v 0.007499027065932751 -0.012500000186264515 -0.008000009693205357
f 2191 2192 2193
v 0.007499027065932751 -0.013149996288120747 -0.008000009693205357
v 0.007499027065932751 -0.012500000186264515 -0.008000009693205357
v 0.008674027398228645 -0.012835157103836536 -0.008000009693205357
f 2194 2195 2196
v 0.008674027398228645 -0.012835157103836536 -0.008000009693205357
v 0.007499027065932751 -0.012500000186264515 -0.008000009693205357
v 0.008236628957092762 -0.012331646867096424 -0.008000009693205357
f 2197 2198 2199
v 0.008674027398228645 -0.012835157103836536 -0.008000009693205357
v 0.008236628957092762 -0.012331646867096424 -0.008000009693205357
v 0.00953418668359518 -0.011975002475082874 -0.008000009693205357
f 2200 2201 2202
v 0.00953418668359518 -0.011975002475082874 -0.008000009693205357
v 0.008236628957092762 -0.012331646867096424 -0.008000009693205357
v 0.008828140795230865 -0.011859935708343983 -0.008000009693205357
f 2203 2204 2205
v 0.00953418668359518 -0.011975002475082874 -0.008000009693205357
v 0.008828140795230865 -0.011859935708343983 -0.008000009693205357
v 0.009849026799201965 -0.010800001211464405 -0.008000009693205357
f 2206 2207 2208
v 0.006169913336634636 0.011859933845698833 -0.008000009693205357
v 0.005841649603098631 0.01117828767746687 -0.008000009693205357
v 0.005149026867002249 0.010799999348819256 -0.008000009693205357
f 2209 2210 2211
v 0.005149026867002249 0.010799999348819256 -0.008000009693205357
v 0.005841649603098631 0.01117828767746687 -0.008000009693205357
v 0.005841649603098631 0.010421711020171642 -0.008000009693205357
f 2212 2213 2214
v 0.005149026867002249 0.010799999348819256 -0.008000009693205357
v 0.005841649603098631 0.010421711020171642 -0.008000009693205357
v 0.005463867448270321 0.009624998085200787 -0.008000009693205357
f 2215 2216 2217
v 0.005463867448270321 0.009624998085200787 -0.008000009693205357
v 0.005841649603098631 0.010421711020171642 -0.008000009693205357
v 0.006169913336634636 0.009740064851939678 -0.008000009693205357
f 2218 2219 2220
v 0.005463867448270321 0.009624998085200787 -0.008000009693205357
v 0.006169913336634636 0.009740064851939678 -0.008000009693205357
v 0.006324027199298143 0.008764843456447124 -0.008000009693205357
f 2221 2222 2223
v 0.006324027199298143 0.008764843456447124 -0.008000009693205357
v 0.006169913336634636 0.009740064851939678 -0.008000009693205357
v 0.006761424709111452 0.009268353693187237 -0.008000009693205357
f 2224 2225 2226
v 0.006324027199298143 0.008764843456447124 -0.008000009693205357
v 0.006761424709111452 0.009268353693187237 -0.008000009693205357
v 0.007499027065932751 0.008449996821582317 -0.008000009693205357
f 2227 2228 2229
v 0.007499027065932751 0.008449996821582317 -0.008000009693205357
v 0.006761424709111452 0.009268353693187237 -0.008000009693205357
v 0.007499027065932751 0.009100000374019146 -0.008000009693205357
f 2230 2231 2232
v 0.007499027065932751 0.008449996821582317 -0.008000009693205357
v 0.007499027065932751 0.009100000374019146 -0.008000009693205357
v 0.008674027398228645 0.008764843456447124 -0.008000009693205357
f 2233 2234 2235
v 0.008674027398228645 0.008764843456447124 -0.008000009693205357
v 0.007499027065932751 0.009100000374019146 -0.008000009693205357
v 0.008349026553332806 0.00932775717228651 -0.008000009693205357
f 2236 2237 2238
v 0.008674027398228645 0.008764843456447124 -0.008000009693205357
v 0.008349026553332806 0.00932775717228651 -0.008000009693205357
v 0.00953418668359518 0.009624998085200787 -0.008000009693205357
f 2239 2240 2241
v 0.00953418668359518 0.009624998085200787 -0.008000009693205357
v 0.008349026553332806 0.00932775717228651 -0.008000009693205357
v 0.00897127017378807 0.009949999861419201 -0.008000009693205357
f 2242 2243 2244
v 0.00953418668359518 0.009624998085200787 -0.008000009693205357
v 0.00897127017378807 0.009949999861419201 -0.008000009693205357
v 0.009849026799201965 0.010799999348819256 -0.008000009693205357
f 2245 2246 2247
v 0.009849026799201965 0.010799999348819256 -0.008000009693205357
v 0.00897127017378807 0.009949999861419201 -0.008000009693205357
v 0.009199026972055435 0.010799999348819256 -0.008000009693205357
f 2248 2249 2250
v 0.009849026799201965 0.010799999348819256 -0.008000009693205357
v 0.009199026972055435 0.010799999348819256 -0.008000009693205357
v 0.00953418668359518 0.011975000612437725 -0.008000009693205357
f 2251 2252 2253
v 0.00953418668359518 0.011975000612437725 -0.008000009693205357
v 0.009199026972055435 0.010799999348819256 -0.008000009693205357
v 0.00897127017378807 0.01164999883621931 -0.008000009693205357
f 2254 2255 2256
v 0.00953418668359518 0.011975000612437725 -0.008000009693205357
v 0.00897127017378807 0.01164999883621931 -0.008000009693205357
v 0.008674027398228645 0.012835162691771984 -0.008000009693205357
f 2257 2258 2259
v 0.008674027398228645 0.012835162691771984 -0.008000009693205357
v 0.00897127017378807 0.01164999883621931 -0.008000009693205357
v 0.008349026553332806 0.012272241525352001 -0.008000009693205357
f 2260 2261 2262
v 0.008674027398228645 0.012835162691771984 -0.008000009693205357
v 0.008349026553332806 0.012272241525352001 -0.008000009693205357
v 0.007499027065932751 0.013150001876056194 -0.008000009693205357
f 2263 2264 2265
v 0.007499027065932751 0.013150001876056194 -0.008000009693205357
v 0.008349026553332806 0.012272241525352001 -0.008000009693205357
v 0.007499027065932751 0.012499998323619366 -0.008000009693205357
f 2266 2267 2268
v 0.007499027065932751 0.013150001876056194 -0.008000009693205357
v 0.007499027065932751 0.012499998323619366 -0.008000009693205357
v 0.006324027199298143 0.012835162691771984 -0.008000009693205357
f 2269 2270 2271
v 0.006324027199298143 0.012835162691771984 -0.008000009693205357
v 0.007499027065932751 0.012499998323619366 -0.008000009693205357
v 0.006761424709111452 0.012331645004451275 -0.008000009693205357
f 2272 2273 2274
v 0.006324027199298143 0.012835162691771984 -0.008000009693205357
v 0.006761424709111452 0.012331645004451275 -0.008000009693205357
v 0.005463867448270321 0.011975000612437725 -0.008000009693205357
f 2275 2276 2277
v 0.005463867448270321 0.011975000612437725 -0.008000009693205357
v 0.006761424709111452 0.012331645004451275 -0.008000009693205357
v 0.006169913336634636 0.011859933845698833 -0.008000009693205357
f 2278 2279 2280
v 0.005463867448270321 0.011975000612437725 -0.008000009693205357
v 0.006169913336634636 0.011859933845698833 -0.008000009693205357
v 0.005149026867002249 0.010799999348819256 -0.008000009693205357
f 2281 2282 2283
v -0.006171859335154295 0.009740064851939678 -0.008000009693205357
v -0.00584359560161829 0.010421711020171642 -0.008000009693205357
v -0.005150972865521908 0.010799999348819256 -0.008000009693205357
f 2284 2285 2286
v -0.005150972865521908 0.010799999348819256 -0.008000009693205357
v -0.00584359560161829 0.010421711020171642 -0.008000009693205357
v -0.00584359560161829 0.01117828767746687 -0.008000009693205357
f 2287 2288 2289
v -0.005150972865521908 0.010799999348819256 -0.008000009693205357
v -0.00584359560161829 0.01117828767746687 -0.008000009693205357
v -0.00546581344678998 0.011975000612437725 -0.008000009693205357
f 2290 2291 2292
v -0.00546581344678998 0.011975000612437725 -0.008000009693205357
v -0.00584359560161829 0.01117828767746687 -0.008000009693205357
v -0.006171859335154295 0.011859933845698833 -0.008000009693205357
f 2293 2294 2295
v -0.00546581344678998 0.011975000612437725 -0.008000009693205357
v -0.006171859335154295 0.011859933845698833 -0.008000009693205357
v -0.006325973197817802 0.012835162691771984 -0.008000009693205357
f 2296 2297 2298
v -0.006325973197817802 0.012835162691771984 -0.008000009693205357
v -0.006171859335154295 0.011859933845698833 -0.008000009693205357
v -0.006763370707631111 0.012331645004451275 -0.008000009693205357
f 2299 2300 2301
v -0.006325973197817802 0.012835162691771984 -0.008000009693205357
v -0.006763370707631111 0.012331645004451275 -0.008000009693205357
v -0.00750097306445241 0.013150001876056194 -0.008000009693205357
f 2302 2303 2304
v -0.00750097306445241 0.013150001876056194 -0.008000009693205357
v -0.006763370707631111 0.012331645004451275 -0.008000009693205357
v -0.00750097306445241 0.012499998323619366 -0.008000009693205357
f 2305 2306 2307
v -0.00750097306445241 0.013150001876056194 -0.008000009693205357
v -0.00750097306445241 0.012499998323619366 -0.008000009693205357
v -0.008675972931087017 0.012835162691771984 -0.008000009693205357
f 2308 2309 2310
v -0.008675972931087017 0.012835162691771984 -0.008000009693205357
v -0.00750097306445241 0.012499998323619366 -0.008000009693205357
v -0.008350973017513752 0.012272241525352001 -0.008000009693205357
f 2311 2312 2313
v -0.008675972931087017 0.012835162691771984 -0.008000009693205357
v -0.008350973017513752 0.012272241525352001 -0.008000009693205357
v -0.009536132216453552 0.011975000612437725 -0.008000009693205357
f 2314 2315 2316
v -0.009536132216453552 0.011975000612437725 -0.008000009693205357
v -0.008350973017513752 0.012272241525352001 -0.008000009693205357
v -0.008973215706646442 0.01164999883621931 -0.008000009693205357
f 2317 2318 2319
v -0.009536132216453552 0.011975000612437725 -0.008000009693205357
v -0.008973215706646442 0.01164999883621931 -0.008000009693205357
v -0.009850973263382912 0.010799999348819256 -0.008000009693205357
f 2320 2321 2322
v -0.009850973263382912 0.010799999348819256 -0.008000009693205357
v -0.008973215706646442 0.01164999883621931 -0.008000009693205357
v -0.009200973436236382 0.010799999348819256 -0.008000009693205357
f 2323 2324 2325
v -0.009850973263382912 0.010799999348819256 -0.008000009693205357
v -0.009200973436236382 0.010799999348819256 -0.008000009693205357
v -0.009536132216453552 0.009624998085200787 -0.008000009693205357
f 2326 2327 2328
v -0.009536132216453552 0.009624998085200787 -0.008000009693205357
v -0.009200973436236382 0.010799999348819256 -0.008000009693205357
v -0.008973215706646442 0.009949999861419201 -0.008000009693205357
f 2329 2330 2331
v -0.009536132216453552 0.009624998085200787 -0.008000009693205357
v -0.008973215706646442 0.009949999861419201 -0.008000009693205357
v -0.008675972931087017 0.008764843456447124 -0.008000009693205357
f 2332 2333 2334
v -0.008675972931087017 0.008764843456447124 -0.008000009693205357
v -0.008973215706646442 0.009949999861419201 -0.008000009693205357
v -0.008350973017513752 0.00932775717228651 -0.008000009693205357
f 2335 2336 2337
v -0.008675972931087017 0.008764843456447124 -0.008000009693205357
v -0.008350973017513752 0.00932775717228651 -0.008000009693205357
v -0.00750097306445241 0.008449996821582317 -0.008000009693205357
f 2338 2339 2340
v -0.00750097306445241 0.008449996821582317 -0.008000009693205357
v -0.008350973017513752 0.00932775717228651 -0.008000009693205357
v -0.00750097306445241 0.009100000374019146 -0.008000009693205357
f 2341 2342 2343
v -0.00750097306445241 0.008449996821582317 -0.008000009693205357
v -0.00750097306445241 0.009100000374019146 -0.008000009693205357
v -0.006325973197817802 0.008764843456447124 -0.008000009693205357
f 2344 2345 2346
v -0.006325973197817802 0.008764843456447124 -0.008000009693205357
v -0.00750097306445241 0.009100000374019146 -0.008000009693205357
v -0.006763370707631111 0.009268353693187237 -0.008000009693205357
f 2347 2348 2349
v -0.006325973197817802 0.008764843456447124 -0.008000009693205357
v -0.006763370707631111 0.009268353693187237 -0.008000009693205357
v -0.00546581344678998 0.009624998085200787 -0.008000009693205357
f 2350 2351 2352
v -0.00546581344678998 0.009624998085200787 -0.008000009693205357
v -0.006763370707631111 0.009268353693187237 -0.008000009693205357
v -0.006171859335154295 0.009740064851939678 -0.008000009693205357
f 2353 2354 2355
v -0.00546581344678998 0.009624998085200787 -0.008000009693205357
v -0.006171859335154295 0.009740064851939678 -0.008000009693205357
v -0.005150972865521908 0.010799999348819256 -0.008000009693205357
f 2356 2357 2358
v 0.03049902617931366 -0.011800003238022327 -0.010000013746321201
v 0.03049902617931366 -0.011800003238022327 -0.004999988712370396
v 0.030097102746367455 -0.013299998827278614 -0.004999988712370396
f 2359 2360 2361
v 0.03049902617931366 -0.011800003238022327 -0.010000013746321201
v 0.030097102746367455 -0.013299998827278614 -0.004999988712370396
v 0.030097102746367455 -0.013299998827278614 -0.010000013746321201
f 2362 2363 2364
v 0.030097102746367455 -0.013299998827278614 -0.010000013746321201
v 0.030097102746367455 -0.013299998827278614 -0.004999988712370396
v 0.028999026864767075 -0.014398072846233845 -0.004999988712370396
f 2365 2366 2367
v 0.030097102746367455 -0.013299998827278614 -0.010000013746321201
v 0.028999026864767075 -0.014398072846233845 -0.004999988712370396
v 0.028999026864767075 -0.014398072846233845 -0.010000013746321201
f 2368 2369 2370
v 0.028999026864767075 -0.014398072846233845 -0.010000013746321201
v 0.028999026864767075 -0.014398072846233845 -0.004999988712370396
v 0.02749902755022049 -0.014800001867115498 -0.004999988712370396
f 2371 2372 2373
v 0.028999026864767075 -0.014398072846233845 -0.010000013746321201
v 0.02749902755022049 -0.014800001867115498 -0.004999988712370396
v 0.02749902755022049 -0.014800001867115498 -0.010000013746321201
f 2374 2375 2376
v 0.03049902617931366 0.011800001375377178 -0.004999988712370396
v 0.03049902617931366 0.011800001375377178 -0.010000013746321201
v 0.030097102746367455 0.013299996964633465 -0.010000013746321201
f 2377 2378 2379
v 0.03049902617931366 0.011800001375377178 -0.004999988712370396
v 0.030097102746367455 0.013299996964633465 -0.010000013746321201
v 0.030097102746367455 0.013299996964633465 -0.004999988712370396
f 2380 2381 2382
v 0.030097102746367455 0.013299996964633465 -0.004999988712370396
v 0.030097102746367455 0.013299996964633465 -0.010000013746321201
v 0.028999026864767075 0.014398078434169292 -0.010000013746321201
f 2383 2384 2385
v 0.030097102746367455 0.013299996964633465 -0.004999988712370396
v 0.028999026864767075 0.014398078434169292 -0.010000013746321201
v 0.028999026864767075 0.014398078434169292 -0.004999988712370396
f 2386 2387 2388
v 0.028999026864767075 0.014398078434169292 -0.004999988712370396
v 0.028999026864767075 0.014398078434169292 -0.010000013746321201
v 0.02749902755022049 0.014800000004470348 -0.010000013746321201
f 2389 2390 2391
v 0.028999026864767075 0.014398078434169292 -0.004999988712370396
v 0.02749902755022049 0.014800000004470348 -0.010000013746321201
v 0.02749902755022049 0.014800000004470348 -0.004999988712370396
f 2392 2393 2394
v -0.027500972151756287 -0.014800001867115498 -0.010000013746321201
v -0.027500972151756287 -0.014800001867115498 -0.004999988712370396
v -0.028539324179291725 -0.014614571817219257 -0.004999988712370396
f 2395 2396 2397
v -0.027500972151756287 -0.014800001867115498 -0.010000013746321201
v -0.028539324179291725 -0.014614571817219257 -0.004999988712370396
v -0.028539324179291725 -0.014614571817219257 -0.010000013746321201
f 2398 2399 2400
v -0.028539324179291725 -0.014614571817219257 -0.010000013746321201
v -0.028539324179291725 -0.014614571817219257 -0.004999988712370396
v -0.029622294008731842 -0.013921317644417286 -0.004999988712370396
f 2401 2402 2403
v -0.028539324179291725 -0.014614571817219257 -0.010000013746321201
v -0.029622294008731842 -0.013921317644417286 -0.004999988712370396
v -0.029622294008731842 -0.013921317644417286 -0.010000013746321201
f 2404 2405 2406
v -0.029622294008731842 -0.013921317644417286 -0.010000013746321201
v -0.029622294008731842 -0.013921317644417286 -0.004999988712370396
v -0.030073845759034157 -0.013342832215130329 -0.010000013746321201
f 2407 2408 2409
v -0.030073845759034157 -0.013342832215130329 -0.010000013746321201
v -0.029622294008731842 -0.013921317644417286 -0.004999988712370396
v -0.030315546318888664 -0.012838353402912617 -0.004999988712370396
f 2410 2411 2412
v -0.030073845759034157 -0.013342832215130329 -0.010000013746321201
v -0.030315546318888664 -0.012838353402912617 -0.004999988712370396
v -0.030150581151247025 -0.013206970877945423 -0.01000105682760477
f 2413 2414 2415
v -0.030150581151247025 -0.013206970877945423 -0.01000105682760477
v -0.030315546318888664 -0.012838353402912617 -0.004999988712370396
v -0.030441107228398323 -0.012396332807838917 -0.010057174600660801
f 2416 2417 2418
v -0.030441107228398323 -0.012396332807838917 -0.010057174600660801
v -0.030315546318888664 -0.012838353402912617 -0.004999988712370396
v -0.030500972643494606 -0.011800003238022327 -0.004999988712370396
f 2419 2420 2421
v -0.030441107228398323 -0.012396332807838917 -0.010057174600660801
v -0.030500972643494606 -0.011800003238022327 -0.004999988712370396
v -0.030500972643494606 -0.011800003238022327 -0.010000013746321201
f 2422 2423 2424
v -0.027500972151756287 0.014800000004470348 -0.004999988712370396
v -0.027500972151756287 0.014800000004470348 -0.010000013746321201
v -0.028649022802710533 0.014571639709174633 -0.010000013746321201
f 2425 2426 2427
v -0.027500972151756287 0.014800000004470348 -0.004999988712370396
v -0.028649022802710533 0.014571639709174633 -0.010000013746321201
v -0.028649022802710533 0.014571639709174633 -0.004999988712370396
f 2428 2429 2430
v -0.028649022802710533 0.014571639709174633 -0.004999988712370396
v -0.028649022802710533 0.014571639709174633 -0.010000013746321201
v -0.029622294008731842 0.013921323232352734 -0.010000013746321201
f 2431 2432 2433
v -0.028649022802710533 0.014571639709174633 -0.004999988712370396
v -0.029622294008731842 0.013921323232352734 -0.010000013746321201
v -0.029622294008731842 0.013921323232352734 -0.004999988712370396
f 2434 2435 2436
v -0.029622294008731842 0.013921323232352734 -0.004999988712370396
v -0.029622294008731842 0.013921323232352734 -0.010000013746321201
v -0.03027261234819889 0.012948053888976574 -0.010000013746321201
f 2437 2438 2439
v -0.029622294008731842 0.013921323232352734 -0.004999988712370396
v -0.03027261234819889 0.012948053888976574 -0.010000013746321201
v -0.03027261234819889 0.012948053888976574 -0.004999988712370396
f 2440 2441 2442
v -0.03027261234819889 0.012948053888976574 -0.004999988712370396
v -0.03027261234819889 0.012948053888976574 -0.010000013746321201
v -0.030500972643494606 0.011800001375377178 -0.010000013746321201
f 2443 2444 2445
v -0.03027261234819889 0.012948053888976574 -0.004999988712370396
v -0.030500972643494606 0.011800001375377178 -0.010000013746321201
v -0.030500972643494606 0.011800001375377178 -0.004999988712370396
f 2446 2447 2448
v 0.02749902755022049 0.014800000004470348 -0.010000013746321201
v -0.027500972151756287 0.014800000004470348 -0.010000013746321201
v 0.010099027305841446 0.014800000004470348 -0.004999988712370396
f 2449 2450 2451
v 0.010099027305841446 0.014800000004470348 -0.004999988712370396
v -0.027500972151756287 0.014800000004470348 -0.010000013746321201
v -0.027500972151756287 0.014800000004470348 -0.004999988712370396
f 2452 2453 2454
v 0.02749902755022049 0.014800000004470348 -0.004999988712370396
v 0.02749902755022049 0.014800000004470348 -0.010000013746321201
v 0.014099027030169964 0.014800000004470348 -0.004999988712370396
f 2455 2456 2457
v 0.014099027030169964 0.014800000004470348 -0.004999988712370396
v 0.02749902755022049 0.014800000004470348 -0.010000013746321201
v 0.010099027305841446 0.014800000004470348 -0.004999988712370396
f 2458 2459 2460
v 0.014099027030169964 0.014800000004470348 -0.004999988712370396
v 0.010099027305841446 0.014800000004470348 -0.004999988712370396
v 0.014099027030169964 0.014800000004470348 0.00779998954385519
f 2461 2462 2463
v 0.014099027030169964 0.014800000004470348 0.00779998954385519
v 0.010099027305841446 0.014800000004470348 -0.004999988712370396
v 0.010099027305841446 0.014800000004470348 0.00779998954385519
f 2464 2465 2466
v 0.014099027030169964 -0.014800001867115498 -0.004999988712370396
v 0.014099027030169964 -0.014800001867115498 0.00779998954385519
v 0.010099027305841446 -0.014800001867115498 0.00779998954385519
f 2467 2468 2469
v -0.027500972151756287 -0.014800001867115498 -0.004999988712370396
v -0.027500972151756287 -0.014800001867115498 -0.010000013746321201
v 0.010099027305841446 -0.014800001867115498 -0.004999988712370396
f 2470 2471 2472
v 0.010099027305841446 -0.014800001867115498 -0.004999988712370396
v -0.027500972151756287 -0.014800001867115498 -0.010000013746321201
v 0.01936686970293522 -0.014800001867115498 -0.010000013746321201
f 2473 2474 2475
v 0.010099027305841446 -0.014800001867115498 0.00779998954385519
v 0.010099027305841446 -0.014800001867115498 -0.004999988712370396
v 0.014099027030169964 -0.014800001867115498 -0.004999988712370396
f 2476 2477 2478
v 0.014099027030169964 -0.014800001867115498 -0.004999988712370396
v 0.010099027305841446 -0.014800001867115498 -0.004999988712370396
v 0.01936686970293522 -0.014800001867115498 -0.010000013746321201
f 2479 2480 2481
v 0.014099027030169964 -0.014800001867115498 -0.004999988712370396
v 0.01936686970293522 -0.014800001867115498 -0.010000013746321201
v 0.02749902755022049 -0.014800001867115498 -0.004999988712370396
f 2482 2483 2484
v 0.02749902755022049 -0.014800001867115498 -0.004999988712370396
v 0.01936686970293522 -0.014800001867115498 -0.010000013746321201
v 0.024464718997478485 -0.0147999944165349 -0.010000013746321201
f 2485 2486 2487
v 0.02749902755022049 -0.014800001867115498 -0.004999988712370396
v 0.024464718997478485 -0.0147999944165349 -0.010000013746321201
v 0.02749902755022049 -0.014800001867115498 -0.010000013746321201
f 2488 2489 2490
v -0.026464281603693962 -0.01155920047312975 -0.014336877502501011
v -0.026362234726548195 -0.011879791505634785 -0.014369153417646885
v -0.029787776991724968 -0.012911786325275898 -0.010693543590605259
f 2491 2492 2493
v -0.029787776991724968 -0.012911786325275898 -0.010693543590605259
v -0.026362234726548195 -0.011879791505634785 -0.014369153417646885
v -0.029396243393421173 -0.013295498676598072 -0.010910236276686192
f 2494 2495 2496
v -0.028710495680570602 -0.013715368695557117 -0.010699593462049961
v -0.028752926737070084 -0.013696280308067799 -0.010745787061750889
v -0.02569354884326458 -0.01249889750033617 -0.014041834510862827
f 2497 2498 2499
v -0.02569354884326458 -0.01249889750033617 -0.014041834510862827
v -0.028752926737070084 -0.013696280308067799 -0.010745787061750889
v -0.025950852781534195 -0.012379069812595844 -0.014210903085768223
f 2500 2501 2502
v -0.02569354884326458 -0.01249889750033617 -0.014041834510862827
v -0.025950852781534195 -0.012379069812595844 -0.014210903085768223
v -0.024646900594234467 -0.012021494098007679 -0.015353464521467686
f 2503 2504 2505
v -0.024646900594234467 -0.012021494098007679 -0.015353464521467686
v -0.025950852781534195 -0.012379069812595844 -0.014210903085768223
v -0.022967202588915825 -0.010916908271610737 -0.0182215366512537
f 2506 2507 2508
v -0.024646900594234467 -0.012021494098007679 -0.015353464521467686
v -0.022967202588915825 -0.010916908271610737 -0.0182215366512537
v -0.02268635667860508 -0.011031200177967548 -0.018074283376336098
f 2509 2510 2511
v -0.02268635667860508 -0.011031200177967548 -0.018074283376336098
v -0.022967202588915825 -0.010916908271610737 -0.0182215366512537
v -0.02160543017089367 -0.010420595295727253 -0.019751915708184242
f 2512 2513 2514
v -0.02160543017089367 -0.010420595295727253 -0.019751915708184242
v -0.022967202588915825 -0.010916908271610737 -0.0182215366512537
v -0.020390303805470467 -0.009355326183140278 -0.022504756227135658
f 2515 2516 2517
v -0.02160543017089367 -0.010420595295727253 -0.019751915708184242
v -0.020390303805470467 -0.009355326183140278 -0.022504756227135658
v -0.020087698474526405 -0.009463523514568806 -0.02238144911825657
f 2518 2519 2520
v -0.020087698474526405 -0.009463523514568806 -0.02238144911825657
v -0.020390303805470467 -0.009355326183140278 -0.022504756227135658
v -0.01871432363986969 -0.008464758284389973 -0.025125542655587196
f 2521 2522 2523
v -0.01871432363986969 -0.008464758284389973 -0.025125542655587196
v -0.020390303805470467 -0.009355326183140278 -0.022504756227135658
v -0.01824568770825863 -0.007709448225796223 -0.027019048109650612
f 2524 2525 2526
v -0.01871432363986969 -0.008464758284389973 -0.025125542655587196
v -0.01824568770825863 -0.007709448225796223 -0.027019048109650612
v -0.017923330888152122 -0.007810984738171101 -0.02692175842821598
f 2527 2528 2529
v -0.017923330888152122 -0.007810984738171101 -0.02692175842821598
v -0.01824568770825863 -0.007709448225796223 -0.027019048109650612
v -0.016748374328017235 -0.006684479303658009 -0.030016804113984108
f 2530 2531 2532
v -0.016748374328017235 -0.006684479303658009 -0.030016804113984108
v -0.01824568770825863 -0.007709448225796223 -0.027019048109650612
v -0.01655864715576172 -0.005994428880512714 -0.03172283619642258
f 2533 2534 2535
v -0.016748374328017235 -0.006684479303658009 -0.030016804113984108
v -0.01655864715576172 -0.005994428880512714 -0.03172283619642258
v -0.016218775883316994 -0.00608875323086977 -0.031653545796871185
f 2536 2537 2538
v -0.016218775883316994 -0.00608875323086977 -0.031653545796871185
v -0.01655864715576172 -0.005994428880512714 -0.03172283619642258
v -0.015462479554116726 -0.005085413344204426 -0.034410201013088226
f 2539 2540 2541
v -0.015462479554116726 -0.005085413344204426 -0.034410201013088226
v -0.01655864715576172 -0.005994428880512714 -0.03172283619642258
v -0.015346513129770756 -0.004226607270538807 -0.03657130151987076
f 2542 2543 2544
v -0.015462479554116726 -0.005085413344204426 -0.034410201013088226
v -0.015346513129770756 -0.004226607270538807 -0.03657130151987076
v -0.014991611242294312 -0.004313175566494465 -0.036531902849674225
f 2545 2546 2547
v -0.014991611242294312 -0.004313175566494465 -0.036531902849674225
v -0.015346513129770756 -0.004226607270538807 -0.03657130151987076
v -0.014367688447237015 -0.002892625518143177 -0.04043484479188919
f 2548 2549 2550
v -0.014367688447237015 -0.002892625518143177 -0.04043484479188919
v -0.015346513129770756 -0.004226607270538807 -0.03657130151987076
v -0.01461703795939684 -0.0024237530305981636 -0.04151574522256851
f 2551 2552 2553
v -0.014367688447237015 -0.002892625518143177 -0.04043484479188919
v -0.01461703795939684 -0.0024237530305981636 -0.04151574522256851
v -0.014249853789806366 -0.002502051182091236 -0.04150792211294174
f 2554 2555 2556
v -0.01400094572454691 -0.000673254078719765 -0.0465325191617012
v -0.014249853789806366 -0.002502051182091236 -0.04150792211294174
v -0.01434706337749958 -0.0006151693523861468 -0.04651137441396713
f 2557 2558 2559
v -0.01434706337749958 -0.0006151693523861468 -0.04651137441396713
v -0.014249853789806366 -0.002502051182091236 -0.04150792211294174
v -0.01461703795939684 -0.0024237530305981636 -0.04151574522256851
f 2560 2561 2562
v -0.01434706337749958 -0.0006151693523861468 -0.04651137441396713
v -0.01461703795939684 -0.0024237530305981636 -0.04151574522256851
v -0.01470786239951849 -0.00039785081753507257 -0.04643227905035019
f 2563 2564 2565
v -0.01707451604306698 -0.005489935167133808 -0.031696759164333344
v -0.015972185879945755 -0.003373485989868641 -0.036385975778102875
v -0.015876993536949158 -0.003720601089298725 -0.03649342805147171
f 2566 2567 2568
v -0.015876993536949158 -0.003720601089298725 -0.03649342805147171
v -0.015972185879945755 -0.003373485989868641 -0.036385975778102875
v -0.015244971960783005 -0.0015623616054654121 -0.04126442223787308
f 2569 2570 2571
v -0.015876993536949158 -0.003720601089298725 -0.03649342805147171
v -0.015244971960783005 -0.0015623616054654121 -0.04126442223787308
v -0.015157182700932026 -0.001916167326271534 -0.04138461500406265
f 2572 2573 2574
v -0.015157182700932026 -0.001916167326271534 -0.04138461500406265
v -0.015244971960783005 -0.0015623616054654121 -0.04126442223787308
v -0.015000945888459682 0.00026644294848665595 -0.04619049280881882
f 2575 2576 2577
v -0.015157182700932026 -0.001916167326271534 -0.04138461500406265
v -0.015000945888459682 0.00026644294848665595 -0.04619049280881882
v -0.014939137734472752 -5.880469689145684e-05 -0.04630886763334274
f 2578 2579 2580
v -0.018742119893431664 -0.00720639992505312 -0.027042889967560768
v -0.017879614606499672 -0.005941768176853657 -0.02946803905069828
v -0.01707451604306698 -0.005489935167133808 -0.031696759164333344
f 2581 2582 2583
v -0.01707451604306698 -0.005489935167133808 -0.031696759164333344
v -0.017879614606499672 -0.005941768176853657 -0.02946803905069828
v -0.01717528887093067 -0.005149063654243946 -0.03160326927900314
f 2584 2585 2586
v -0.01707451604306698 -0.005489935167133808 -0.031696759164333344
v -0.01717528887093067 -0.005149063654243946 -0.03160326927900314
v -0.015972185879945755 -0.003373485989868641 -0.036385975778102875
f 2587 2588 2589
v -0.026184769347310066 -0.012164202518761158 -0.014325999654829502
v -0.02341112494468689 -0.010416475124657154 -0.018337929621338844
v -0.02322116494178772 -0.01070330012589693 -0.01831456460058689
f 2590 2591 2592
v -0.02322116494178772 -0.01070330012589693 -0.01831456460058689
v -0.02341112494468689 -0.010416475124657154 -0.018337929621338844
v -0.02086266502737999 -0.008853633888065815 -0.022576207295060158
f 2593 2594 2595
v -0.02322116494178772 -0.01070330012589693 -0.01831456460058689
v -0.02086266502737999 -0.008853633888065815 -0.022576207295060158
v -0.020662344992160797 -0.009143133647739887 -0.022573823109269142
f 2596 2597 2598
v -0.020662344992160797 -0.009143133647739887 -0.022573823109269142
v -0.02086266502737999 -0.008853633888065815 -0.022576207295060158
v -0.018742119893431664 -0.00720639992505312 -0.027042889967560768
f 2599 2600 2601
v -0.020662344992160797 -0.009143133647739887 -0.022573823109269142
v -0.018742119893431664 -0.00720639992505312 -0.027042889967560768
v -0.01853366382420063 -0.007498820312321186 -0.027062395587563515
f 2602 2603 2604
v -0.01853366382420063 -0.007498820312321186 -0.027062395587563515
v -0.018742119893431664 -0.00720639992505312 -0.027042889967560768
v -0.01707451604306698 -0.005489935167133808 -0.031696759164333344
f 2605 2606 2607
v -0.01853366382420063 -0.007498820312321186 -0.027062395587563515
v -0.01707451604306698 -0.005489935167133808 -0.031696759164333344
v -0.01686023734509945 -0.00578551460057497 -0.03173885494470596
f 2608 2609 2610
v -0.01686023734509945 -0.00578551460057497 -0.03173885494470596
v -0.01707451604306698 -0.005489935167133808 -0.031696759164333344
v -0.015876993536949158 -0.003720601089298725 -0.03649342805147171
f 2611 2612 2613
v -0.01686023734509945 -0.00578551460057497 -0.03173885494470596
v -0.015876993536949158 -0.003720601089298725 -0.03649342805147171
v -0.015659235417842865 -0.004019570536911488 -0.03655856102705002
f 2614 2615 2616
v -0.015659235417842865 -0.004019570536911488 -0.03655856102705002
v -0.015876993536949158 -0.003720601089298725 -0.03649342805147171
v -0.015157182700932026 -0.001916167326271534 -0.04138461500406265
f 2617 2618 2619
v -0.015659235417842865 -0.004019570536911488 -0.03655856102705002
v -0.015157182700932026 -0.001916167326271534 -0.04138461500406265
v -0.014938250184059143 -0.0022187354043126106 -0.04147297888994217
f 2620 2621 2622
v -0.014938250184059143 -0.0022187354043126106 -0.04147297888994217
v -0.015157182700932026 -0.001916167326271534 -0.04138461500406265
v -0.014939137734472752 -5.880469689145684e-05 -0.04630886763334274
f 2623 2624 2625
v -0.014938250184059143 -0.0022187354043126106 -0.04147297888994217
v -0.014939137734472752 -5.880469689145684e-05 -0.04630886763334274
v -0.01470786239951849 -0.00039785081753507257 -0.04643227905035019
f 2626 2627 2628
v -0.023609299212694168 -0.010142830200493336 -0.0181520227342844
v -0.023516055196523666 -0.010091510601341724 -0.018290260806679726
v -0.02341112494468689 -0.010416475124657154 -0.018337929621338844
f 2629 2630 2631
v -0.02341112494468689 -0.010416475124657154 -0.018337929621338844
v -0.023516055196523666 -0.010091510601341724 -0.018290260806679726
v -0.020968349650502205 -0.008523833937942982 -0.02251296676695347
f 2632 2633 2634
v -0.02341112494468689 -0.010416475124657154 -0.018337929621338844
v -0.020968349650502205 -0.008523833937942982 -0.02251296676695347
v -0.02086266502737999 -0.008853633888065815 -0.022576207295060158
f 2635 2636 2637
v -0.02086266502737999 -0.008853633888065815 -0.022576207295060158
v -0.020968349650502205 -0.008523833937942982 -0.02251296676695347
v -0.020385457202792168 -0.008109633810818195 -0.023628661409020424
f 2638 2639 2640
v -0.02086266502737999 -0.008853633888065815 -0.022576207295060158
v -0.020385457202792168 -0.008109633810818195 -0.023628661409020424
v -0.018742119893431664 -0.00720639992505312 -0.027042889967560768
f 2641 2642 2643
v -0.018742119893431664 -0.00720639992505312 -0.027042889967560768
v -0.020385457202792168 -0.008109633810818195 -0.023628661409020424
v -0.018846420571208 -0.006871295161545277 -0.026964256539940834
f 2644 2645 2646
v -0.018742119893431664 -0.00720639992505312 -0.027042889967560768
v -0.018846420571208 -0.006871295161545277 -0.026964256539940834
v -0.017879614606499672 -0.005941768176853657 -0.02946803905069828
f 2647 2648 2649
v -0.01470786239951849 -0.00039785081753507257 -0.04643227905035019
v -0.01461703795939684 -0.0024237530305981636 -0.04151574522256851
v -0.014938250184059143 -0.0022187354043126106 -0.04147297888994217
f 2650 2651 2652
v -0.014938250184059143 -0.0022187354043126106 -0.04147297888994217
v -0.01461703795939684 -0.0024237530305981636 -0.04151574522256851
v -0.015346513129770756 -0.004226607270538807 -0.03657130151987076
f 2653 2654 2655
v -0.014938250184059143 -0.0022187354043126106 -0.04147297888994217
v -0.015346513129770756 -0.004226607270538807 -0.03657130151987076
v -0.015659235417842865 -0.004019570536911488 -0.03655856102705002
f 2656 2657 2658
v -0.015659235417842865 -0.004019570536911488 -0.03655856102705002
v -0.015346513129770756 -0.004226607270538807 -0.03657130151987076
v -0.01655864715576172 -0.005994428880512714 -0.03172283619642258
f 2659 2660 2661
v -0.015659235417842865 -0.004019570536911488 -0.03655856102705002
v -0.01655864715576172 -0.005994428880512714 -0.03172283619642258
v -0.01686023734509945 -0.00578551460057497 -0.03173885494470596
f 2662 2663 2664
v -0.01686023734509945 -0.00578551460057497 -0.03173885494470596
v -0.01655864715576172 -0.005994428880512714 -0.03172283619642258
v -0.01824568770825863 -0.007709448225796223 -0.027019048109650612
f 2665 2666 2667
v -0.01686023734509945 -0.00578551460057497 -0.03173885494470596
v -0.01824568770825863 -0.007709448225796223 -0.027019048109650612
v -0.01853366382420063 -0.007498820312321186 -0.027062395587563515
f 2668 2669 2670
v -0.01853366382420063 -0.007498820312321186 -0.027062395587563515
v -0.01824568770825863 -0.007709448225796223 -0.027019048109650612
v -0.020390303805470467 -0.009355326183140278 -0.022504756227135658
f 2671 2672 2673
v -0.01853366382420063 -0.007498820312321186 -0.027062395587563515
v -0.020390303805470467 -0.009355326183140278 -0.022504756227135658
v -0.020662344992160797 -0.009143133647739887 -0.022573823109269142
f 2674 2675 2676
v -0.020662344992160797 -0.009143133647739887 -0.022573823109269142
v -0.020390303805470467 -0.009355326183140278 -0.022504756227135658
v -0.022967202588915825 -0.010916908271610737 -0.0182215366512537
f 2677 2678 2679
v -0.020662344992160797 -0.009143133647739887 -0.022573823109269142
v -0.022967202588915825 -0.010916908271610737 -0.0182215366512537
v -0.02322116494178772 -0.01070330012589693 -0.01831456460058689
f 2680 2681 2682
v -0.02322116494178772 -0.01070330012589693 -0.01831456460058689
v -0.022967202588915825 -0.010916908271610737 -0.0182215366512537
v -0.025950852781534195 -0.012379069812595844 -0.014210903085768223
f 2683 2684 2685
v -0.02322116494178772 -0.01070330012589693 -0.01831456460058689
v -0.025950852781534195 -0.012379069812595844 -0.014210903085768223
v -0.026184769347310066 -0.012164202518761158 -0.014325999654829502
f 2686 2687 2688
v -0.028752926737070084 -0.013696280308067799 -0.010745787061750889
v -0.029018176719546318 -0.013558064587414265 -0.010899954475462437
v -0.025950852781534195 -0.012379069812595844 -0.014210903085768223
f 2689 2690 2691
v -0.025950852781534195 -0.012379069812595844 -0.014210903085768223
v -0.029018176719546318 -0.013558064587414265 -0.010899954475462437
v -0.029396243393421173 -0.013295498676598072 -0.010910236276686192
f 2692 2693 2694
v -0.025950852781534195 -0.012379069812595844 -0.014210903085768223
v -0.029396243393421173 -0.013295498676598072 -0.010910236276686192
v -0.026184769347310066 -0.012164202518761158 -0.014325999654829502
f 2695 2696 2697
v -0.026184769347310066 -0.012164202518761158 -0.014325999654829502
v -0.029396243393421173 -0.013295498676598072 -0.010910236276686192
v -0.026362234726548195 -0.011879791505634785 -0.014369153417646885
f 2698 2699 2700
v -0.026184769347310066 -0.012164202518761158 -0.014325999654829502
v -0.026362234726548195 -0.011879791505634785 -0.014369153417646885
v -0.02341112494468689 -0.010416475124657154 -0.018337929621338844
f 2701 2702 2703
v -0.02341112494468689 -0.010416475124657154 -0.018337929621338844
v -0.026362234726548195 -0.011879791505634785 -0.014369153417646885
v -0.026464281603693962 -0.01155920047312975 -0.014336877502501011
f 2704 2705 2706
v -0.02341112494468689 -0.010416475124657154 -0.018337929621338844
v -0.026464281603693962 -0.01155920047312975 -0.014336877502501011
v -0.023609299212694168 -0.010142830200493336 -0.0181520227342844
f 2707 2708 2709
v -0.015000945888459682 0.0017998991534113884 -0.0504036471247673
v -0.015000945888459682 0.0020224852487444878 -0.05099999159574509
v -0.014976629987359047 0.001593935303390026 -0.05047859996557236
f 2710 2711 2712
v -0.014976629987359047 0.001593935303390026 -0.05047859996557236
v -0.015000945888459682 0.0020224852487444878 -0.05099999159574509
v -0.014976629987359047 0.0018177730962634087 -0.05107831209897995
f 2713 2714 2715
v -0.014976629987359047 0.001593935303390026 -0.05047859996557236
v -0.014976629987359047 0.0018177730962634087 -0.05107831209897995
v -0.014939137734472752 0.0014746589586138725 -0.05052202194929123
f 2716 2717 2718
v -0.014939137734472752 0.0014746589586138725 -0.05052202194929123
v -0.014976629987359047 0.0018177730962634087 -0.05107831209897995
v -0.014924842864274979 0.0016651032492518425 -0.05113672465085983
f 2719 2720 2721
v -0.014939137734472752 0.0014746589586138725 -0.05052202194929123
v -0.014924842864274979 0.0016651032492518425 -0.05113672465085983
v -0.0147714763879776 0.001200939528644085 -0.050621651113033295
f 2722 2723 2724
v -0.014924842864274979 0.0016651032492518425 -0.05113672465085983
v -0.0147714763879776 0.0014271615073084831 -0.05122775584459305
v -0.0147714763879776 0.001200939528644085 -0.050621651113033295
f 2725 2726 2727
v -0.0147714763879776 0.001200939528644085 -0.050621651113033295
v -0.0147714763879776 0.0014271615073084831 -0.05122775584459305
v -0.014484081417322159 0.001204739324748516 -0.05131284147500992
f 2728 2729 2730
v -0.0147714763879776 0.001200939528644085 -0.050621651113033295
v -0.014484081417322159 0.001204739324748516 -0.05131284147500992
v -0.014484081417322159 0.0009771538898348808 -0.050703100860118866
f 2731 2732 2733
v -0.014484081417322159 0.0009771538898348808 -0.050703100860118866
v -0.014484081417322159 0.001204739324748516 -0.05131284147500992
v -0.01404966413974762 0.001089612953364849 -0.05135688930749893
f 2734 2735 2736
v -0.014484081417322159 0.0009771538898348808 -0.050703100860118866
v -0.01404966413974762 0.001089612953364849 -0.05135688930749893
v -0.01404966413974762 0.0008613271056674421 -0.05074525624513626
f 2737 2738 2739
v -0.01404966413974762 0.0008613271056674421 -0.05074525624513626
v -0.01404966413974762 0.001089612953364849 -0.05135688930749893
v -0.01400094572454691 0.0010885028168559074 -0.05135730654001236
f 2740 2741 2742
v -0.01404966413974762 0.0008613271056674421 -0.05074525624513626
v -0.01400094572454691 0.0010885028168559074 -0.05135730654001236
v -0.01400094572454691 0.0008602095185779035 -0.050745658576488495
f 2743 2744 2745
v -0.015000945888459682 0.0020224852487444878 -0.05099999159574509
v -0.014931412413716316 0.003238583914935589 -0.053884901106357574
v -0.014976629987359047 0.0018177730962634087 -0.05107831209897995
f 2746 2747 2748
v -0.014976629987359047 0.0018177730962634087 -0.05107831209897995
v -0.014931412413716316 0.003238583914935589 -0.053884901106357574
v -0.014847921207547188 0.0028981072828173637 -0.054043062031269073
f 2749 2750 2751
v -0.014976629987359047 0.0018177730962634087 -0.05107831209897995
v -0.014847921207547188 0.0028981072828173637 -0.054043062031269073
v -0.014924842864274979 0.0016651032492518425 -0.05113672465085983
f 2752 2753 2754
v -0.014924842864274979 0.0016651032492518425 -0.05113672465085983
v -0.014847921207547188 0.0028981072828173637 -0.054043062031269073
v -0.014631301164627075 0.0026070578023791313 -0.05417122691869736
f 2755 2756 2757
v -0.014924842864274979 0.0016651032492518425 -0.05113672465085983
v -0.014631301164627075 0.0026070578023791313 -0.05417122691869736
v -0.0147714763879776 0.0014271615073084831 -0.05122775584459305
f 2758 2759 2760
v -0.0147714763879776 0.0014271615073084831 -0.05122775584459305
v -0.014631301164627075 0.0026070578023791313 -0.05417122691869736
v -0.0143104437738657 0.002410302869975567 -0.054249443113803864
f 2761 2762 2763
v -0.0147714763879776 0.0014271615073084831 -0.05122775584459305
v -0.0143104437738657 0.002410302869975567 -0.054249443113803864
v -0.014484081417322159 0.001204739324748516 -0.05131284147500992
f 2764 2765 2766
v -0.0143104437738657 0.002410302869975567 -0.054249443113803864
v -0.013932572677731514 0.002335774712264538 -0.05426669865846634
v -0.013945848681032658 0.0021956590935587883 -0.05396955460309982
f 2767 2768 2769
v -0.014484081417322159 0.001204739324748516 -0.05131284147500992
v -0.0143104437738657 0.002410302869975567 -0.054249443113803864
v -0.01404966413974762 0.001089612953364849 -0.05135688930749893
f 2770 2771 2772
v -0.01404966413974762 0.001089612953364849 -0.05135688930749893
v -0.0143104437738657 0.002410302869975567 -0.054249443113803864
v -0.013945848681032658 0.0021956590935587883 -0.05396955460309982
f 2773 2774 2775
v -0.01404966413974762 0.001089612953364849 -0.05135688930749893
v -0.013945848681032658 0.0021956590935587883 -0.05396955460309982
v -0.01400094572454691 0.0010885028168559074 -0.05135730654001236
f 2776 2777 2778
v -0.014931412413716316 0.003238583914935589 -0.053884901106357574
v -0.014731514267623425 0.004672924987971783 -0.0566604807972908
v -0.014847921207547188 0.0028981072828173637 -0.054043062031269073
f 2779 2780 2781
v -0.014847921207547188 0.0028981072828173637 -0.054043062031269073
v -0.014731514267623425 0.004672924987971783 -0.0566604807972908
v -0.01464099157601595 0.004351290874183178 -0.056837476789951324
f 2782 2783 2784
v -0.014847921207547188 0.0028981072828173637 -0.054043062031269073
v -0.01464099157601595 0.004351290874183178 -0.056837476789951324
v -0.014631301164627075 0.0026070578023791313 -0.05417122691869736
f 2785 2786 2787
v -0.014631301164627075 0.0026070578023791313 -0.05417122691869736
v -0.01464099157601595 0.004351290874183178 -0.056837476789951324
v -0.014423336833715439 0.004074926488101482 -0.05697613209486008
f 2788 2789 2790
v -0.014631301164627075 0.0026070578023791313 -0.05417122691869736
v -0.014423336833715439 0.004074926488101482 -0.05697613209486008
v -0.0143104437738657 0.002410302869975567 -0.054249443113803864
f 2791 2792 2793
v -0.0143104437738657 0.002410302869975567 -0.054249443113803864
v -0.014423336833715439 0.004074926488101482 -0.05697613209486008
v -0.014106705784797668 0.0038847504183650017 -0.0570555105805397
f 2794 2795 2796
v -0.0143104437738657 0.002410302869975567 -0.054249443113803864
v -0.014106705784797668 0.0038847504183650017 -0.0570555105805397
v -0.013932572677731514 0.002335774712264538 -0.05426669865846634
f 2797 2798 2799
v -0.013932572677731514 0.002335774712264538 -0.05426669865846634
v -0.014106705784797668 0.0038847504183650017 -0.0570555105805397
v -0.013736097142100334 0.0038068993017077446 -0.057064853608608246
f 2800 2801 2802
v -0.014514501206576824 0.005760881118476391 -0.05857869237661362
v -0.014062061905860901 0.007386180572211742 -0.061446987092494965
v -0.013961656019091606 0.007072302512824535 -0.06160955876111984
f 2803 2804 2805
v -0.013456262648105621 0.0051795123144984245 -0.05944228917360306
v -0.013736097142100334 0.0038068993017077446 -0.057064853608608246
v -0.014106705784797668 0.0038847504183650017 -0.0570555105805397
f 2806 2807 2808
v -0.014731514267623425 0.004672924987971783 -0.0566604807972908
v -0.014514501206576824 0.005760881118476391 -0.05857869237661362
v -0.01464099157601595 0.004351290874183178 -0.056837476789951324
f 2809 2810 2811
v -0.01464099157601595 0.004351290874183178 -0.056837476789951324
v -0.014514501206576824 0.005760881118476391 -0.05857869237661362
v -0.013961656019091606 0.007072302512824535 -0.06160955876111984
f 2812 2813 2814
v -0.01464099157601595 0.004351290874183178 -0.056837476789951324
v -0.013961656019091606 0.007072302512824535 -0.06160955876111984
v -0.014423336833715439 0.004074926488101482 -0.05697613209486008
f 2815 2816 2817
v -0.014423336833715439 0.004074926488101482 -0.05697613209486008
v -0.013961656019091606 0.007072302512824535 -0.06160955876111984
v -0.013744008727371693 0.006800162605941296 -0.061726249754428864
f 2818 2819 2820
v -0.014423336833715439 0.004074926488101482 -0.05697613209486008
v -0.013744008727371693 0.006800162605941296 -0.061726249754428864
v -0.014106705784797668 0.0038847504183650017 -0.0570555105805397
f 2821 2822 2823
v -0.014106705784797668 0.0038847504183650017 -0.0570555105805397
v -0.013744008727371693 0.006800162605941296 -0.061726249754428864
v -0.013435930013656616 0.0066077737137675285 -0.06178010255098343
f 2824 2825 2826
v -0.014106705784797668 0.0038847504183650017 -0.0570555105805397
v -0.013435930013656616 0.0066077737137675285 -0.06178010255098343
v -0.013456262648105621 0.0051795123144984245 -0.05944228917360306
f 2827 2828 2829
v -0.013456262648105621 0.0051795123144984245 -0.05944228917360306
v -0.013435930013656616 0.0066077737137675285 -0.06178010255098343
v -0.013078877702355385 0.006520154885947704 -0.061764366924762726
f 2830 2831 2832
v -0.013207100331783295 0.008782695047557354 -0.06496954709291458
v -0.013309369795024395 0.00910926889628172 -0.06484552472829819
v -0.012245580554008484 0.010498094372451305 -0.06833045929670334
f 2833 2834 2835
v -0.013435929082334042 0.0066077737137675285 -0.061780087649822235
v -0.012690192088484764 0.008296298794448376 -0.06505955010652542
v -0.013078877702355385 0.006520154885947704 -0.061764366924762726
f 2836 2837 2838
v -0.013078877702355385 0.006520154885947704 -0.061764366924762726
v -0.012690192088484764 0.008296298794448376 -0.06505955010652542
v -0.012341395020484924 0.00820122193545103 -0.06501277536153793
f 2839 2840 2841
v -0.012341395020484924 0.00820122193545103 -0.06501277536153793
v -0.012690192088484764 0.008296298794448376 -0.06505955010652542
v -0.01139211654663086 0.009466844610869884 -0.06808354705572128
f 2842 2843 2844
v -0.01139211654663086 0.009466844610869884 -0.06808354705572128
v -0.012690192088484764 0.008296298794448376 -0.06505955010652542
v -0.011641239747405052 0.009656335227191448 -0.0684167817234993
f 2845 2846 2847
v -0.01139211654663086 0.009466844610869884 -0.06808354705572128
v -0.011641239747405052 0.009656335227191448 -0.0684167817234993
v -0.011302720755338669 0.009556169621646404 -0.068332739174366
f 2848 2849 2850
v -0.011302720755338669 0.009556169621646404 -0.068332739174366
v -0.011641239747405052 0.009656335227191448 -0.0684167817234993
v -0.010983556509017944 0.010209995321929455 -0.07010220736265182
f 2851 2852 2853
v -0.011302720755338669 0.009556169621646404 -0.068332739174366
v -0.010983556509017944 0.010209995321929455 -0.07010220736265182
v -0.01065145619213581 0.010108339600265026 -0.06999669224023819
f 2854 2855 2856
v -0.01065145619213581 0.010108339600265026 -0.06999669224023819
v -0.010983556509017944 0.010209995321929455 -0.07010220736265182
v -0.01022320706397295 0.010679247789084911 -0.07177526503801346
f 2857 2858 2859
v -0.01065145619213581 0.010108339600265026 -0.06999669224023819
v -0.01022320706397295 0.010679247789084911 -0.07177526503801346
v -0.009899093769490719 0.010576876811683178 -0.07164595276117325
f 2860 2861 2862
v -0.009899093769490719 0.010576876811683178 -0.07164595276117325
v -0.01022320706397295 0.010679247789084911 -0.07177526503801346
v -0.009344878606498241 0.011066111735999584 -0.07341613620519638
f 2863 2864 2865
v -0.009899093769490719 0.010576876811683178 -0.07164595276117325
v -0.009344878606498241 0.011066111735999584 -0.07341613620519638
v -0.009031482972204685 0.010963852517306805 -0.0732601061463356
f 2866 2867 2868
v -0.008034257218241692 0.011271449737250805 -0.0748184397816658
v -0.009031482972204685 0.010963852517306805 -0.0732601061463356
v -0.008333015255630016 0.011372732929885387 -0.07500467449426651
f 2869 2870 2871
v -0.008333015255630016 0.011372732929885387 -0.07500467449426651
v -0.009031482972204685 0.010963852517306805 -0.0732601061463356
v -0.009344878606498241 0.011066111735999584 -0.07341613620519638
f 2872 2873 2874
v -0.008333015255630016 0.011372732929885387 -0.07500467449426651
v -0.009344878606498241 0.011066111735999584 -0.07341613620519638
v -0.008591162972152233 0.011591884307563305 -0.07514239102602005
f 2875 2876 2877
v -0.008774274960160255 0.011900628916919231 -0.07521305233240128
v -0.008591162972152233 0.011591884307563305 -0.07514239102602005
v -0.009616107679903507 0.011283944360911846 -0.07352296262979507
f 2878 2879 2880
v -0.008859965018928051 0.0122562600299716 -0.075208880007267
v -0.008774274960160255 0.011900628916919231 -0.07521305233240128
v -0.009859776124358177 0.011956038884818554 -0.0736142173409462
f 2881 2882 2883
v -0.009859776124358177 0.011956038884818554 -0.0736142173409462
v -0.008774274960160255 0.011900628916919231 -0.07521305233240128
v -0.009809333831071854 0.01158952247351408 -0.07356632500886917
f 2884 2885 2886
v -0.009859776124358177 0.011956038884818554 -0.0736142173409462
v -0.009809333831071854 0.01158952247351408 -0.07356632500886917
v -0.00990108959376812 0.011940973810851574 -0.07354214042425156
f 2887 2888 2889
v -0.00990108959376812 0.011940973810851574 -0.07354214042425156
v -0.009809333831071854 0.01158952247351408 -0.07356632500886917
v -0.010704574175179005 0.011197234503924847 -0.07187148183584213
f 2890 2891 2892
v -0.00990108959376812 0.011940973810851574 -0.07354214042425156
v -0.010704574175179005 0.011197234503924847 -0.07187148183584213
v -0.010800730437040329 0.011544319801032543 -0.07182716578245163
f 2893 2894 2895
v -0.010800730437040329 0.011544319801032543 -0.07182716578245163
v -0.010704574175179005 0.011197234503924847 -0.07187148183584213
v -0.01147728692740202 0.010721604339778423 -0.07014798372983932
f 2896 2897 2898
v -0.010800730437040329 0.011544319801032543 -0.07182716578245163
v -0.01147728692740202 0.010721604339778423 -0.07014798372983932
v -0.011576466262340546 0.011064070276916027 -0.07008352130651474
f 2899 2900 2901
v -0.011576466262340546 0.011064070276916027 -0.07008352130651474
v -0.01147728692740202 0.010721604339778423 -0.07014798372983932
v -0.011914507485926151 0.010799373500049114 -0.06923026591539383
f 2902 2903 2904
v -0.011914507485926151 0.010799373500049114 -0.06923026591539383
v -0.01147728692740202 0.010721604339778423 -0.07014798372983932
v -0.012245580554008484 0.010498094372451305 -0.06833045929670334
f 2905 2906 2907
v -0.012245580554008484 0.010498094372451305 -0.06833045929670334
v -0.01147728692740202 0.010721604339778423 -0.07014798372983932
v -0.012144477106630802 0.010160553269088268 -0.06841496378183365
f 2908 2909 2910
v -0.012245580554008484 0.010498094372451305 -0.06833045929670334
v -0.012144477106630802 0.010160553269088268 -0.06841496378183365
v -0.013207100331783295 0.008782695047557354 -0.06496954709291458
f 2911 2912 2913
v -0.008591162972152233 0.011591884307563305 -0.07514239102602005
v -0.009344878606498241 0.011066111735999584 -0.07341613620519638
v -0.009616107679903507 0.011283944360911846 -0.07352296262979507
f 2914 2915 2916
v -0.009616107679903507 0.011283944360911846 -0.07352296262979507
v -0.009344878606498241 0.011066111735999584 -0.07341613620519638
v -0.01022320706397295 0.010679247789084911 -0.07177526503801346
f 2917 2918 2919
v -0.009616107679903507 0.011283944360911846 -0.07352296262979507
v -0.01022320706397295 0.010679247789084911 -0.07177526503801346
v -0.010503989644348621 0.01089517306536436 -0.07185394316911697
f 2920 2921 2922
v -0.010503989644348621 0.01089517306536436 -0.07185394316911697
v -0.01022320706397295 0.010679247789084911 -0.07177526503801346
v -0.010983556509017944 0.010209995321929455 -0.07010220736265182
f 2923 2924 2925
v -0.010503989644348621 0.01089517306536436 -0.07185394316911697
v -0.010983556509017944 0.010209995321929455 -0.07010220736265182
v -0.01127139013260603 0.010423424653708935 -0.07015501707792282
f 2926 2927 2928
v -0.01127139013260603 0.010423424653708935 -0.07015501707792282
v -0.010983556509017944 0.010209995321929455 -0.07010220736265182
v -0.011641239747405052 0.009656335227191448 -0.0684167817234993
f 2929 2930 2931
v -0.01127139013260603 0.010423424653708935 -0.07015501707792282
v -0.011641239747405052 0.009656335227191448 -0.0684167817234993
v -0.011934622190892696 0.009866672568023205 -0.06844554096460342
f 2932 2933 2934
v -0.011934622190892696 0.009866672568023205 -0.06844554096460342
v -0.011641239747405052 0.009656335227191448 -0.0684167817234993
v -0.012690192088484764 0.008296298794448376 -0.06505955010652542
f 2935 2936 2937
v -0.011934622190892696 0.009866672568023205 -0.06844554096460342
v -0.012690192088484764 0.008296298794448376 -0.06505955010652542
v -0.012992041185498238 0.00849874597042799 -0.06504461914300919
f 2938 2939 2940
v -0.012992041185498238 0.00849874597042799 -0.06504461914300919
v -0.012690192088484764 0.008296298794448376 -0.06505955010652542
v -0.013435929082334042 0.0066077737137675285 -0.061780087649822235
f 2941 2942 2943
v -0.012992041185498238 0.00849874597042799 -0.06504461914300919
v -0.013435929082334042 0.0066077737137675285 -0.061780087649822235
v -0.013744005002081394 0.0068001700565218925 -0.06172623485326767
f 2944 2945 2946
v -0.008774274960160255 0.011900628916919231 -0.07521305233240128
v -0.009616107679903507 0.011283944360911846 -0.07352296262979507
v -0.009809333831071854 0.01158952247351408 -0.07356632500886917
f 2947 2948 2949
v -0.009809333831071854 0.01158952247351408 -0.07356632500886917
v -0.009616107679903507 0.011283944360911846 -0.07352296262979507
v -0.010503989644348621 0.01089517306536436 -0.07185394316911697
f 2950 2951 2952
v -0.009809333831071854 0.01158952247351408 -0.07356632500886917
v -0.010503989644348621 0.01089517306536436 -0.07185394316911697
v -0.010704574175179005 0.011197234503924847 -0.07187148183584213
f 2953 2954 2955
v -0.010704574175179005 0.011197234503924847 -0.07187148183584213
v -0.010503989644348621 0.01089517306536436 -0.07185394316911697
v -0.01127139013260603 0.010423424653708935 -0.07015501707792282
f 2956 2957 2958
v -0.010704574175179005 0.011197234503924847 -0.07187148183584213
v -0.01127139013260603 0.010423424653708935 -0.07015501707792282
v -0.01147728692740202 0.010721604339778423 -0.07014798372983932
f 2959 2960 2961
v -0.01147728692740202 0.010721604339778423 -0.07014798372983932
v -0.01127139013260603 0.010423424653708935 -0.07015501707792282
v -0.011934622190892696 0.009866672568023205 -0.06844554096460342
f 2962 2963 2964
v -0.01147728692740202 0.010721604339778423 -0.07014798372983932
v -0.011934622190892696 0.009866672568023205 -0.06844554096460342
v -0.012144477106630802 0.010160553269088268 -0.06841496378183365
f 2965 2966 2967
v -0.012144477106630802 0.010160553269088268 -0.06841496378183365
v -0.011934622190892696 0.009866672568023205 -0.06844554096460342
v -0.012992041185498238 0.00849874597042799 -0.06504461914300919
f 2968 2969 2970
v -0.012144477106630802 0.010160553269088268 -0.06841496378183365
v -0.012992041185498238 0.00849874597042799 -0.06504461914300919
v -0.013207100331783295 0.008782695047557354 -0.06496954709291458
f 2971 2972 2973
v -0.013207100331783295 0.008782695047557354 -0.06496954709291458
v -0.012992041185498238 0.00849874597042799 -0.06504461914300919
v -0.013744005002081394 0.0068001700565218925 -0.06172623485326767
f 2974 2975 2976
v -0.013207100331783295 0.008782695047557354 -0.06496954709291458
v -0.013744005002081394 0.0068001700565218925 -0.06172623485326767
v -0.013961653225123882 0.007072302512824535 -0.06160954385995865
f 2977 2978 2979
v -0.013961653225123882 0.007072302512824535 -0.06160954385995865
v -0.014062061905860901 0.007386180572211742 -0.061446987092494965
v -0.013207100331783295 0.008782695047557354 -0.06496954709291458
f 2980 2981 2982
v -0.013207100331783295 0.008782695047557354 -0.06496954709291458
v -0.014062061905860901 0.007386180572211742 -0.061446987092494965
v -0.013465228490531445 0.008824813179671764 -0.06422819942235947
f 2983 2984 2985
v -0.013207100331783295 0.008782695047557354 -0.06496954709291458
v -0.013465228490531445 0.008824813179671764 -0.06422819942235947
v -0.013309369795024395 0.00910926889628172 -0.06484552472829819
f 2986 2987 2988
v -0.00552436662837863 0.012867170386016369 -0.07889374345541
v -0.005249680485576391 0.012901383452117443 -0.07910489290952682
v -0.005181728862226009 0.012553605251014233 -0.0790751501917839
f 2989 2990 2991
v 0.008585287258028984 0.012321832589805126 -0.07559897750616074
v 0.00885810051113367 0.0122562600299716 -0.075208880007267
v 0.0087724095210433 0.011900628916919231 -0.07521305233240128
f 2992 2993 2994
v -0.007725351024419069 0.012508767656981945 -0.07671711593866348
v -0.00723280431702733 0.01260287594050169 -0.0772838220000267
v -0.007152802310883999 0.012250917963683605 -0.07727286964654922
f 2995 2996 2997
v -0.0069878920912742615 0.011944185011088848 -0.07717689126729965
v -0.00859116017818451 0.011591884307563305 -0.07514239102602005
v -0.008774273097515106 0.011900628916919231 -0.07521305233240128
f 2998 2999 3000
v -0.0037738133687525988 0.012152190320193768 -0.07945259660482407
v -0.004862727131694555 0.012027810327708721 -0.07874106615781784
v -0.005047440528869629 0.012249159626662731 -0.07894919067621231
f 3001 3002 3003
v -0.00449815858155489 0.0119363097473979 -0.0785890445113182
v -0.004650879185646772 0.011916573159396648 -0.07847710698843002
v -0.004862727131694555 0.012027810327708721 -0.07874106615781784
f 3004 3005 3006
v 0.005045318976044655 0.012248787097632885 -0.07894658297300339
v 0.0051795849576592445 0.012553255073726177 -0.07907216995954514
v 0.006062349304556847 0.012104104273021221 -0.0781041607260704
f 3007 3008 3009
v 0.006062349304556847 0.012104104273021221 -0.0781041607260704
v 0.0051795849576592445 0.012553255073726177 -0.07907216995954514
v 0.006214081309735775 0.01240974199026823 -0.07821431010961533
f 3010 3011 3012
v 0.0051795849576592445 0.012553255073726177 -0.07907216995954514
v 0.00443469500169158 0.012990023009479046 -0.07965534180402756
v 0.006214081309735775 0.01240974199026823 -0.07821431010961533
f 3013 3014 3015
v 0.006214081309735775 0.01240974199026823 -0.07821431010961533
v 0.00443469500169158 0.012990023009479046 -0.07965534180402756
v 0.0063131144270300865 0.012756074778735638 -0.07821188122034073
f 3016 3017 3018
v 0.006214081309735775 0.01240974199026823 -0.07821431010961533
v 0.0063131144270300865 0.012756074778735638 -0.07821188122034073
v 0.006367296911776066 0.012747774831950665 -0.07816132158041
f 3019 3020 3021
v 0.004860623739659786 0.012027445249259472 -0.07873887568712234
v 0.005045318976044655 0.012248787097632885 -0.07894658297300339
v 0.00675552524626255 0.011723938398063183 -0.07700615376234055
f 3022 3023 3024
v 0.00675552524626255 0.011723938398063183 -0.07700615376234055
v 0.005045318976044655 0.012248787097632885 -0.07894658297300339
v 0.006062349304556847 0.012104104273021221 -0.0781041607260704
f 3025 3026 3027
v 0.00675552524626255 0.011723938398063183 -0.07700615376234055
v 0.006062349304556847 0.012104104273021221 -0.0781041607260704
v 0.006985372398048639 0.011944117955863476 -0.07717626541852951
f 3028 3029 3030
v 0.006985372398048639 0.011944117955863476 -0.07717626541852951
v 0.006062349304556847 0.012104104273021221 -0.0781041607260704
v 0.006214081309735775 0.01240974199026823 -0.07821431010961533
f 3031 3032 3033
v 0.006985372398048639 0.011944117955863476 -0.07717626541852951
v 0.006214081309735775 0.01240974199026823 -0.07821431010961533
v 0.007150264922529459 0.01225085835903883 -0.07727205008268356
f 3034 3035 3036
v 0.007150264922529459 0.01225085835903883 -0.07727205008268356
v 0.006214081309735775 0.01240974199026823 -0.07821431010961533
v 0.006367296911776066 0.012747774831950665 -0.07816132158041
f 3037 3038 3039
v 0.007150264922529459 0.01225085835903883 -0.07727205008268356
v 0.006367296911776066 0.012747774831950665 -0.07816132158041
v 0.00723033444955945 0.012602838687598705 -0.0772828534245491
f 3040 3041 3042
v -0.003104665083810687 0.013100462965667248 -0.08035571128129959
v -0.002822086913511157 0.013118366710841656 -0.08047022670507431
v -0.002779628848657012 0.012774850241839886 -0.08041930943727493
f 3043 3044 3045
v -0.002779628848657012 0.012774850241839886 -0.08041930943727493
v -0.002822086913511157 0.013118366710841656 -0.08047022670507431
v -0.0023641998413950205 0.013143482618033886 -0.08063136786222458
f 3046 3047 3048
v -0.002779628848657012 0.012774850241839886 -0.08041930943727493
v -0.0023641998413950205 0.013143482618033886 -0.08063136786222458
v -0.0014255775604397058 0.012837360613048077 -0.08080441504716873
f 3049 3050 3051
v -0.0037738133687525988 0.012152190320193768 -0.07945259660482407
v -0.005047440528869629 0.012249159626662731 -0.07894919067621231
v -0.003925368655472994 0.012374150566756725 -0.07968097180128098
f 3052 3053 3054
v -0.003925368655472994 0.012374150566756725 -0.07968097180128098
v -0.005047440528869629 0.012249159626662731 -0.07894919067621231
v -0.005181728862226009 0.012553605251014233 -0.0790751501917839
f 3055 3056 3057
v -0.003925368655472994 0.012374150566756725 -0.07968097180128098
v -0.005181728862226009 0.012553605251014233 -0.0790751501917839
v -0.004036281257867813 0.012677389197051525 -0.07982327789068222
f 3058 3059 3060
v -0.004036281257867813 0.012677389197051525 -0.07982327789068222
v -0.005181728862226009 0.012553605251014233 -0.0790751501917839
v -0.005249680485576391 0.012901383452117443 -0.07910489290952682
f 3061 3062 3063
v -0.004036281257867813 0.012677389197051525 -0.07982327789068222
v -0.005249680485576391 0.012901383452117443 -0.07910489290952682
v -0.004447408951818943 0.012989434413611889 -0.07965298742055893
f 3064 3065 3066
v -0.0069878920912742615 0.011944185011088848 -0.07717689126729965
v -0.008774273097515106 0.011900628916919231 -0.07521305233240128
v -0.007152802310883999 0.012250917963683605 -0.07727286964654922
f 3067 3068 3069
v -0.007152802310883999 0.012250917963683605 -0.07727286964654922
v -0.008774273097515106 0.011900628916919231 -0.07521305233240128
v -0.008859965018928051 0.0122562600299716 -0.075208880007267
f 3070 3071 3072
v -0.007152802310883999 0.012250917963683605 -0.07727286964654922
v -0.008859965018928051 0.0122562600299716 -0.075208880007267
v -0.007725351024419069 0.012508767656981945 -0.07671711593866348
f 3073 3074 3075
v 0.00464877812191844 0.011916267685592175 -0.07847534865140915
v 0.004860623739659786 0.012027445249259472 -0.07873887568712234
v 0.0057500265538692474 0.011751833371818066 -0.07754283398389816
f 3076 3077 3078
v 0.0057500265538692474 0.011751833371818066 -0.07754283398389816
v 0.004860623739659786 0.012027445249259472 -0.07873887568712234
v 0.00675552524626255 0.011723938398063183 -0.07700615376234055
f 3079 3080 3081
v 0.0057500265538692474 0.011751833371818066 -0.07754283398389816
v 0.00675552524626255 0.011723938398063183 -0.07700615376234055
v 0.006490567699074745 0.01161802839487791 -0.07678397744894028
f 3082 3083 3084
v 0.006490567699074745 0.01161802839487791 -0.07678397744894028
v 0.00675552524626255 0.011723938398063183 -0.07700615376234055
v 0.008032392710447311 0.011271449737250805 -0.0748184397816658
f 3085 3086 3087
v 0.00464877812191844 0.011916267685592175 -0.07847534865140915
v 0.0037521685007959604 0.012021916918456554 -0.07907453924417496
v 0.0037712014745920897 0.012151683680713177 -0.07944958657026291
f 3088 3089 3090
v 0.0037712014745920897 0.012151683680713177 -0.07944958657026291
v 0.0037521685007959604 0.012021916918456554 -0.07907453924417496
v 0.0025855328422039747 0.012249666266143322 -0.0800110474228859
f 3091 3092 3093
v 0.0025855328422039747 0.012249666266143322 -0.0800110474228859
v 0.0037521685007959604 0.012021916918456554 -0.07907453924417496
v 0.0024609153624624014 0.012133072130382061 -0.07970493286848068
f 3094 3095 3096
v 0.0025855328422039747 0.012249666266143322 -0.0800110474228859
v 0.0024609153624624014 0.012133072130382061 -0.07970493286848068
v 0.0013186302967369556 0.012312727980315685 -0.08037281781435013
f 3097 3098 3099
v 0.0013186302967369556 0.012312727980315685 -0.08037281781435013
v 0.0024609153624624014 0.012133072130382061 -0.07970493286848068
v 0.001760508748702705 0.012173610739409924 -0.07993484288454056
f 3100 3101 3102
v 0.0013186302967369556 0.012312727980315685 -0.08037281781435013
v 0.001760508748702705 0.012173610739409924 -0.07993484288454056
v -2.865348960767733e-06 0.01233422290533781 -0.0804961547255516
f 3103 3104 3105
v -0.002573050558567047 0.012126031331717968 -0.07966499775648117
v -0.00258951005525887 0.0122502027079463 -0.08001423627138138
v -0.0012573575368151069 0.012194628827273846 -0.08005402237176895
f 3106 3107 3108
v -0.0012573575368151069 0.012194628827273846 -0.08005402237176895
v -0.00258951005525887 0.0122502027079463 -0.08001423627138138
v -0.0013238965766504407 0.012313107959926128 -0.08037502318620682
f 3109 3110 3111
v -0.0012573575368151069 0.012194628827273846 -0.08005402237176895
v -0.0013238965766504407 0.012313107959926128 -0.08037502318620682
v -0.0004294801037758589 0.01221283059567213 -0.08015724271535873
f 3112 3113 3114
v -0.0004294801037758589 0.01221283059567213 -0.08015724271535873
v -0.0013238965766504407 0.012313107959926128 -0.08037502318620682
v -2.865348960767733e-06 0.01233422290533781 -0.0804961547255516
f 3115 3116 3117
v -0.0004294801037758589 0.01221283059567213 -0.08015724271535873
v -2.865348960767733e-06 0.01233422290533781 -0.0804961547255516
v -2.56876728599309e-06 0.012215125374495983 -0.08017029613256454
f 3118 3119 3120
v -2.56876728599309e-06 0.012215125374495983 -0.08017029613256454
v -2.865348960767733e-06 0.01233422290533781 -0.0804961547255516
v 0.001760508748702705 0.012173610739409924 -0.07993484288454056
f 3121 3122 3123
v -0.00449815858155489 0.0119363097473979 -0.0785890445113182
v -0.004862727131694555 0.012027810327708721 -0.07874106615781784
v -0.003600412979722023 0.012038144282996655 -0.07916656881570816
f 3124 3125 3126
v -0.003600412979722023 0.012038144282996655 -0.07916656881570816
v -0.004862727131694555 0.012027810327708721 -0.07874106615781784
v -0.0037738133687525988 0.012152190320193768 -0.07945259660482407
f 3127 3128 3129
v -0.003600412979722023 0.012038144282996655 -0.07916656881570816
v -0.0037738133687525988 0.012152190320193768 -0.07945259660482407
v -0.002573050558567047 0.012126031331717968 -0.07966499775648117
f 3130 3131 3132
v -0.008034257218241692 0.011271449737250805 -0.0748184397816658
v -0.008333014324307442 0.011372732929885387 -0.07500467449426651
v -0.006363404914736748 0.01164292823523283 -0.07692519575357437
f 3133 3134 3135
v -0.006363404914736748 0.01164292823523283 -0.07692519575357437
v -0.008333014324307442 0.011372732929885387 -0.07500467449426651
v -0.006758039351552725 0.011724005453288555 -0.07700660079717636
f 3136 3137 3138
v -0.006363404914736748 0.01164292823523283 -0.07692519575357437
v -0.006758039351552725 0.011724005453288555 -0.07700660079717636
v -0.004650879185646772 0.011916573159396648 -0.07847710698843002
f 3139 3140 3141
v 0.003922623116523027 0.012373636476695538 -0.079677514731884
v 0.0037712014745920897 0.012151683680713177 -0.07944958657026291
v 0.0026946882717311382 0.012472185306251049 -0.08025792986154556
f 3142 3143 3144
v 0.0026946882717311382 0.012472185306251049 -0.08025792986154556
v 0.0037712014745920897 0.012151683680713177 -0.07944958657026291
v 0.0025855328422039747 0.012249666266143322 -0.0800110474228859
f 3145 3146 3147
v 0.0026946882717311382 0.012472185306251049 -0.08025792986154556
v 0.0025855328422039747 0.012249666266143322 -0.0800110474228859
v 0.0013765492476522923 0.012535649351775646 -0.08063320070505142
f 3148 3149 3150
v 0.0013765492476522923 0.012535649351775646 -0.08063320070505142
v 0.0025855328422039747 0.012249666266143322 -0.0800110474228859
v 0.0013186302967369556 0.012312727980315685 -0.08037281781435013
f 3151 3152 3153
v 0.0013765492476522923 0.012535649351775646 -0.08063320070505142
v 0.0013186302967369556 0.012312727980315685 -0.08037281781435013
v -3.148668838548474e-06 0.012557278387248516 -0.08076129108667374
f 3154 3155 3156
v -3.148668838548474e-06 0.012557278387248516 -0.08076129108667374
v 0.0013186302967369556 0.012312727980315685 -0.08037281781435013
v -2.865348960767733e-06 0.01233422290533781 -0.0804961547255516
f 3157 3158 3159
v -3.148668838548474e-06 0.012557278387248516 -0.08076129108667374
v -2.865348960767733e-06 0.01233422290533781 -0.0804961547255516
v -0.0013823205372318625 0.01253602933138609 -0.0806356742978096
f 3160 3161 3162
v -0.0013823205372318625 0.01253602933138609 -0.0806356742978096
v -2.865348960767733e-06 0.01233422290533781 -0.0804961547255516
v -0.0013238965766504407 0.012313107959926128 -0.08037502318620682
f 3163 3164 3165
v -0.0013823205372318625 0.01253602933138609 -0.0806356742978096
v -0.0013238965766504407 0.012313107959926128 -0.08037502318620682
v -0.0026989979669451714 0.012472736649215221 -0.08026153594255447
f 3166 3167 3168
v -0.0026989979669451714 0.012472736649215221 -0.08026153594255447
v -0.0013238965766504407 0.012313107959926128 -0.08037502318620682
v -0.00258951005525887 0.0122502027079463 -0.08001423627138138
f 3169 3170 3171
v -0.008333014324307442 0.011372732929885387 -0.07500467449426651
v -0.00859116017818451 0.011591884307563305 -0.07514239102602005
v -0.006758039351552725 0.011724005453288555 -0.07700660079717636
f 3172 3173 3174
v -0.006758039351552725 0.011724005453288555 -0.07700660079717636
v -0.00859116017818451 0.011591884307563305 -0.07514239102602005
v -0.0069878920912742615 0.011944185011088848 -0.07717689126729965
f 3175 3176 3177
v -0.006758039351552725 0.011724005453288555 -0.07700660079717636
v -0.0069878920912742615 0.011944185011088848 -0.07717689126729965
v -0.006064720917493105 0.012104305438697338 -0.07810569554567337
f 3178 3179 3180
v -0.006064720917493105 0.012104305438697338 -0.07810569554567337
v -0.0069878920912742615 0.011944185011088848 -0.07717689126729965
v -0.007152802310883999 0.012250917963683605 -0.07727286964654922
f 3181 3182 3183
v -0.006064720917493105 0.012104305438697338 -0.07810569554567337
v -0.007152802310883999 0.012250917963683605 -0.07727286964654922
v -0.006216463632881641 0.012409920804202557 -0.07821614295244217
f 3184 3185 3186
v -0.006216463632881641 0.012409920804202557 -0.07821614295244217
v -0.007152802310883999 0.012250917963683605 -0.07727286964654922
v -0.00723280431702733 0.01260287594050169 -0.0772838220000267
f 3187 3188 3189
v -0.006216463632881641 0.012409920804202557 -0.07821614295244217
v -0.00723280431702733 0.01260287594050169 -0.0772838220000267
v -0.006516697350889444 0.012724916450679302 -0.078023262321949
f 3190 3191 3192
v 0.004033422563225031 0.012676897458732128 -0.07981943339109421
v 0.003922623116523027 0.012373636476695538 -0.079677514731884
v 0.0027750448789447546 0.012774321250617504 -0.08041534572839737
f 3193 3194 3195
v 0.0027750448789447546 0.012774321250617504 -0.08041534572839737
v 0.003922623116523027 0.012373636476695538 -0.079677514731884
v 0.0026946882717311382 0.012472185306251049 -0.08025792986154556
f 3196 3197 3198
v 0.0027750448789447546 0.012774321250617504 -0.08041534572839737
v 0.0026946882717311382 0.012472185306251049 -0.08025792986154556
v 0.0014193895040079951 0.01283698808401823 -0.08080171793699265
f 3199 3200 3201
v 0.0014193895040079951 0.01283698808401823 -0.08080171793699265
v 0.0026946882717311382 0.012472185306251049 -0.08025792986154556
v 0.0013765492476522923 0.012535649351775646 -0.08063320070505142
f 3202 3203 3204
v 0.0014193895040079951 0.01283698808401823 -0.08080171793699265
v 0.0013765492476522923 0.012535649351775646 -0.08063320070505142
v -3.3823662306531332e-06 0.012858341448009014 -0.08093372732400894
f 3205 3206 3207
v -3.3823662306531332e-06 0.012858341448009014 -0.08093372732400894
v 0.0013765492476522923 0.012535649351775646 -0.08063320070505142
v -3.148668838548474e-06 0.012557278387248516 -0.08076129108667374
f 3208 3209 3210
v -3.3823662306531332e-06 0.012858341448009014 -0.08093372732400894
v -3.148668838548474e-06 0.012557278387248516 -0.08076129108667374
v -0.0014255775604397058 0.012837360613048077 -0.08080441504716873
f 3211 3212 3213
v -0.0014255775604397058 0.012837360613048077 -0.08080441504716873
v -3.148668838548474e-06 0.012557278387248516 -0.08076129108667374
v -0.0013823205372318625 0.01253602933138609 -0.0806356742978096
f 3214 3215 3216
v -0.0014255775604397058 0.012837360613048077 -0.08080441504716873
v -0.0013823205372318625 0.01253602933138609 -0.0806356742978096
v -0.002779628848657012 0.012774850241839886 -0.08041930943727493
f 3217 3218 3219
v -0.002779628848657012 0.012774850241839886 -0.08041930943727493
v -0.0013823205372318625 0.01253602933138609 -0.0806356742978096
v -0.0026989979669451714 0.012472736649215221 -0.08026153594255447
f 3220 3221 3222
v 0.008585287258028984 0.012321832589805126 -0.07559897750616074
v 0.0087724095210433 0.011900628916919231 -0.07521305233240128
v 0.008555755950510502 0.012328739278018475 -0.07564010471105576
f 3223 3224 3225
v 0.008032392710447311 0.011271449737250805 -0.0748184397816658
v 0.00675552524626255 0.011723938398063183 -0.07700615376234055
v 0.008331148885190487 0.011372732929885387 -0.07500467449426651
f 3226 3227 3228
v 0.008331148885190487 0.011372732929885387 -0.07500467449426651
v 0.00675552524626255 0.011723938398063183 -0.07700615376234055
v 0.006985372398048639 0.011944117955863476 -0.07717626541852951
f 3229 3230 3231
v 0.008331148885190487 0.011372732929885387 -0.07500467449426651
v 0.006985372398048639 0.011944117955863476 -0.07717626541852951
v 0.008589296601712704 0.011591884307563305 -0.07514239102602005
f 3232 3233 3234
v 0.008589296601712704 0.011591884307563305 -0.07514239102602005
v 0.006985372398048639 0.011944117955863476 -0.07717626541852951
v 0.007150264922529459 0.01225085835903883 -0.07727205008268356
f 3235 3236 3237
v 0.008589296601712704 0.011591884307563305 -0.07514239102602005
v 0.007150264922529459 0.01225085835903883 -0.07727205008268356
v 0.0087724095210433 0.011900628916919231 -0.07521305233240128
f 3238 3239 3240
v 0.0087724095210433 0.011900628916919231 -0.07521305233240128
v 0.007150264922529459 0.01225085835903883 -0.07727205008268356
v 0.00723033444955945 0.012602838687598705 -0.0772828534245491
f 3241 3242 3243
v 0.0087724095210433 0.011900628916919231 -0.07521305233240128
v 0.00723033444955945 0.012602838687598705 -0.0772828534245491
v 0.008555755950510502 0.012328739278018475 -0.07564010471105576
f 3244 3245 3246
v 0.00464877812191844 0.011916267685592175 -0.07847534865140915
v 0.0037712014745920897 0.012151683680713177 -0.07944958657026291
v 0.004860623739659786 0.012027445249259472 -0.07873887568712234
f 3247 3248 3249
v 0.004860623739659786 0.012027445249259472 -0.07873887568712234
v 0.0037712014745920897 0.012151683680713177 -0.07944958657026291
v 0.003922623116523027 0.012373636476695538 -0.079677514731884
f 3250 3251 3252
v 0.004860623739659786 0.012027445249259472 -0.07873887568712234
v 0.003922623116523027 0.012373636476695538 -0.079677514731884
v 0.005045318976044655 0.012248787097632885 -0.07894658297300339
f 3253 3254 3255
v 0.005045318976044655 0.012248787097632885 -0.07894658297300339
v 0.003922623116523027 0.012373636476695538 -0.079677514731884
v 0.004033422563225031 0.012676897458732128 -0.07981943339109421
f 3256 3257 3258
v 0.005045318976044655 0.012248787097632885 -0.07894658297300339
v 0.004033422563225031 0.012676897458732128 -0.07981943339109421
v 0.0051795849576592445 0.012553255073726177 -0.07907216995954514
f 3259 3260 3261
v 0.0051795849576592445 0.012553255073726177 -0.07907216995954514
v 0.004033422563225031 0.012676897458732128 -0.07981943339109421
v 0.004090676549822092 0.013022507540881634 -0.07985960692167282
f 3262 3263 3264
v 0.0051795849576592445 0.012553255073726177 -0.07907216995954514
v 0.004090676549822092 0.013022507540881634 -0.07985960692167282
v 0.00443469500169158 0.012990023009479046 -0.07965534180402756
f 3265 3266 3267
v -0.0023641998413950205 0.013143482618033886 -0.08063136786222458
v -0.0014486901927739382 0.01317943911999464 -0.08086282759904861
v -0.0014255775604397058 0.012837360613048077 -0.08080441504716873
f 3268 3269 3270
v -0.0014255775604397058 0.012837360613048077 -0.08080441504716873
v -0.0014486901927739382 0.01317943911999464 -0.08086282759904861
v -0.0007811301038600504 0.013194124214351177 -0.08095740526914597
f 3271 3272 3273
v -0.0014255775604397058 0.012837360613048077 -0.08080441504716873
v -0.0007811301038600504 0.013194124214351177 -0.08095740526914597
v -3.3823662306531332e-06 0.012858341448009014 -0.08093372732400894
f 3274 3275 3276
v -3.3823662306531332e-06 0.012858341448009014 -0.08093372732400894
v -0.0007811301038600504 0.013194124214351177 -0.08095740526914597
v -3.505296035655192e-06 0.013199935667216778 -0.08099467307329178
f 3277 3278 3279
v -3.3823662306531332e-06 0.012858341448009014 -0.08093372732400894
v -3.505296035655192e-06 0.013199935667216778 -0.08099467307329178
v 0.0014193895040079951 0.01283698808401823 -0.08080171793699265
f 3280 3281 3282
v 0.0014193895040079951 0.01283698808401823 -0.08080171793699265
v -3.505296035655192e-06 0.013199935667216778 -0.08099467307329178
v 0.0015671466244384646 0.013175281696021557 -0.08083533495664597
f 3283 3284 3285
v 0.0014193895040079951 0.01283698808401823 -0.08080171793699265
v 0.0015671466244384646 0.013175281696021557 -0.08083533495664597
v 0.0027750448789447546 0.012774321250617504 -0.08041534572839737
f 3286 3287 3288
v 0.0027750448789447546 0.012774321250617504 -0.08041534572839737
v 0.0015671466244384646 0.013175281696021557 -0.08083533495664597
v 0.0023355153389275074 0.013144168071448803 -0.08063479512929916
f 3289 3290 3291
v 0.0027750448789447546 0.012774321250617504 -0.08041534572839737
v 0.0023355153389275074 0.013144168071448803 -0.08063479512929916
v 0.004033422563225031 0.012676897458732128 -0.07981943339109421
f 3292 3293 3294
v 0.004033422563225031 0.012676897458732128 -0.07981943339109421
v 0.0023355153389275074 0.013144168071448803 -0.08063479512929916
v 0.003961523529142141 0.013033944182097912 -0.07993180304765701
f 3295 3296 3297
v 0.004033422563225031 0.012676897458732128 -0.07981943339109421
v 0.003961523529142141 0.013033944182097912 -0.07993180304765701
v 0.004090676549822092 0.013022507540881634 -0.07985960692167282
f 3298 3299 3300
v -0.002573050558567047 0.012126031331717968 -0.07966499775648117
v -0.0037738133687525988 0.012152190320193768 -0.07945259660482407
v -0.00258951005525887 0.0122502027079463 -0.08001423627138138
f 3301 3302 3303
v -0.00258951005525887 0.0122502027079463 -0.08001423627138138
v -0.0037738133687525988 0.012152190320193768 -0.07945259660482407
v -0.003925368655472994 0.012374150566756725 -0.07968097180128098
f 3304 3305 3306
v -0.00258951005525887 0.0122502027079463 -0.08001423627138138
v -0.003925368655472994 0.012374150566756725 -0.07968097180128098
v -0.0026989979669451714 0.012472736649215221 -0.08026153594255447
f 3307 3308 3309
v -0.0026989979669451714 0.012472736649215221 -0.08026153594255447
v -0.003925368655472994 0.012374150566756725 -0.07968097180128098
v -0.004036281257867813 0.012677389197051525 -0.07982327789068222
f 3310 3311 3312
v -0.0026989979669451714 0.012472736649215221 -0.08026153594255447
v -0.004036281257867813 0.012677389197051525 -0.07982327789068222
v -0.002779628848657012 0.012774850241839886 -0.08041930943727493
f 3313 3314 3315
v -0.002779628848657012 0.012774850241839886 -0.08041930943727493
v -0.004036281257867813 0.012677389197051525 -0.07982327789068222
v -0.004447408951818943 0.012989434413611889 -0.07965298742055893
f 3316 3317 3318
v -0.002779628848657012 0.012774850241839886 -0.08041930943727493
v -0.004447408951818943 0.012989434413611889 -0.07965298742055893
v -0.003104665083810687 0.013100462965667248 -0.08035571128129959
f 3319 3320 3321
v -0.004650879185646772 0.011916573159396648 -0.07847710698843002
v -0.006758039351552725 0.011724005453288555 -0.07700660079717636
v -0.004862727131694555 0.012027810327708721 -0.07874106615781784
f 3322 3323 3324
v -0.004862727131694555 0.012027810327708721 -0.07874106615781784
v -0.006758039351552725 0.011724005453288555 -0.07700660079717636
v -0.006064720917493105 0.012104305438697338 -0.07810569554567337
f 3325 3326 3327
v -0.004862727131694555 0.012027810327708721 -0.07874106615781784
v -0.006064720917493105 0.012104305438697338 -0.07810569554567337
v -0.005047440528869629 0.012249159626662731 -0.07894919067621231
f 3328 3329 3330
v -0.005047440528869629 0.012249159626662731 -0.07894919067621231
v -0.006064720917493105 0.012104305438697338 -0.07810569554567337
v -0.006216463632881641 0.012409920804202557 -0.07821614295244217
f 3331 3332 3333
v -0.005047440528869629 0.012249159626662731 -0.07894919067621231
v -0.006216463632881641 0.012409920804202557 -0.07821614295244217
v -0.005181728862226009 0.012553605251014233 -0.0790751501917839
f 3334 3335 3336
v -0.005181728862226009 0.012553605251014233 -0.0790751501917839
v -0.006216463632881641 0.012409920804202557 -0.07821614295244217
v -0.006516697350889444 0.012724916450679302 -0.078023262321949
f 3337 3338 3339
v -0.005181728862226009 0.012553605251014233 -0.0790751501917839
v -0.006516697350889444 0.012724916450679302 -0.078023262321949
v -0.00552436662837863 0.012867170386016369 -0.07889374345541
f 3340 3341 3342
v 0.009897238574922085 0.010576869361102581 -0.07164598256349564
v 0.01022135280072689 0.010679240338504314 -0.07177529484033585
v 0.010981709696352482 0.010209987871348858 -0.0701022669672966
f 3343 3344 3345
v 0.009897238574922085 0.010576869361102581 -0.07164598256349564
v 0.010981709696352482 0.010209987871348858 -0.0701022669672966
v 0.010649606585502625 0.01010833214968443 -0.06999675184488297
f 3346 3347 3348
v 0.010649606585502625 0.01010833214968443 -0.06999675184488297
v 0.010981709696352482 0.010209987871348858 -0.0701022669672966
v 0.01163939293473959 0.009656327776610851 -0.06841684132814407
f 3349 3350 3351
v 0.010649606585502625 0.01010833214968443 -0.06999675184488297
v 0.01163939293473959 0.009656327776610851 -0.06841684132814407
v 0.011300871148705482 0.00955615472048521 -0.06833279877901077
f 3352 3353 3354
v 0.01268832664936781 0.008296298794448376 -0.06505957990884781
v 0.012339528650045395 0.008201214484870434 -0.06501280516386032
v 0.012146074324846268 0.008516731671988964 -0.06571472436189651
f 3355 3356 3357
v 0.01268832664936781 0.008296298794448376 -0.06505957990884781
v 0.012146074324846268 0.008516731671988964 -0.06571472436189651
v 0.01163939293473959 0.009656327776610851 -0.06841684132814407
f 3358 3359 3360
v 0.01163939293473959 0.009656327776610851 -0.06841684132814407
v 0.012146074324846268 0.008516731671988964 -0.06571472436189651
v 0.011390280909836292 0.009466844610869884 -0.06808354705572128
f 3361 3362 3363
v 0.01163939293473959 0.009656327776610851 -0.06841684132814407
v 0.011390280909836292 0.009466844610869884 -0.06808354705572128
v 0.011300871148705482 0.00955615472048521 -0.06833279877901077
f 3364 3365 3366
v 0.01307699829339981 0.006520154885947704 -0.061764366924762726
v 0.012339528650045395 0.008201214484870434 -0.06501280516386032
v 0.013434117659926414 0.006607810966670513 -0.061780087649822235
f 3367 3368 3369
v 0.013434117659926414 0.006607810966670513 -0.061780087649822235
v 0.012339528650045395 0.008201214484870434 -0.06501280516386032
v 0.01268832664936781 0.008296298794448376 -0.06505957990884781
f 3370 3371 3372
v 0.013434117659926414 0.006607810966670513 -0.061780087649822235
v 0.01268832664936781 0.008296298794448376 -0.06505957990884781
v 0.013742159120738506 0.006800207309424877 -0.061726219952106476
f 3373 3374 3375
v 0.013959783129394054 0.007072324864566326 -0.06160954385995865
v 0.013742159120738506 0.006800207309424877 -0.061726219952106476
v 0.012990175746381283 0.00849874597042799 -0.06504464894533157
f 3376 3377 3378
v 0.013742159120738506 0.006800207309424877 -0.061726219952106476
v 0.01268832664936781 0.008296298794448376 -0.06505957990884781
v 0.012990175746381283 0.00849874597042799 -0.06504464894533157
f 3379 3380 3381
v 0.012990175746381283 0.00849874597042799 -0.06504464894533157
v 0.01268832664936781 0.008296298794448376 -0.06505957990884781
v 0.01163939293473959 0.009656327776610851 -0.06841684132814407
f 3382 3383 3384
v 0.012990175746381283 0.00849874597042799 -0.06504464894533157
v 0.01163939293473959 0.009656327776610851 -0.06841684132814407
v 0.011932778172194958 0.009866665117442608 -0.0684456005692482
f 3385 3386 3387
v 0.011932778172194958 0.009866665117442608 -0.0684456005692482
v 0.01163939293473959 0.009656327776610851 -0.06841684132814407
v 0.010981709696352482 0.010209987871348858 -0.0701022669672966
f 3388 3389 3390
v 0.011932778172194958 0.009866665117442608 -0.0684456005692482
v 0.010981709696352482 0.010209987871348858 -0.0701022669672966
v 0.01126954611390829 0.010423417203128338 -0.0701550617814064
f 3391 3392 3393
v 0.01126954611390829 0.010423417203128338 -0.0701550617814064
v 0.010981709696352482 0.010209987871348858 -0.0701022669672966
v 0.01022135280072689 0.010679240338504314 -0.07177529484033585
f 3394 3395 3396
v 0.01126954611390829 0.010423417203128338 -0.0701550617814064
v 0.01022135280072689 0.010679240338504314 -0.07177529484033585
v 0.010502137243747711 0.01089517306536436 -0.07185397297143936
f 3397 3398 3399
v 0.013959783129394054 0.007072324864566326 -0.06160954385995865
v 0.012990175746381283 0.00849874597042799 -0.06504464894533157
v 0.013205238617956638 0.008782695047557354 -0.06496957689523697
f 3400 3401 3402
v 0.013205238617956638 0.008782695047557354 -0.06496957689523697
v 0.012990175746381283 0.00849874597042799 -0.06504464894533157
v 0.011932778172194958 0.009866665117442608 -0.0684456005692482
f 3403 3404 3405
v 0.013205238617956638 0.008782695047557354 -0.06496957689523697
v 0.011932778172194958 0.009866665117442608 -0.0684456005692482
v 0.012142637744545937 0.010160545818507671 -0.06841502338647842
f 3406 3407 3408
v 0.012142637744545937 0.010160545818507671 -0.06841502338647842
v 0.011932778172194958 0.009866665117442608 -0.0684456005692482
v 0.01126954611390829 0.010423417203128338 -0.0701550617814064
f 3409 3410 3411
v 0.012142637744545937 0.010160545818507671 -0.06841502338647842
v 0.01126954611390829 0.010423417203128338 -0.0701550617814064
v 0.011475447565317154 0.010721596889197826 -0.0701480284333229
f 3412 3413 3414
v 0.011475447565317154 0.010721596889197826 -0.0701480284333229
v 0.01126954611390829 0.010423417203128338 -0.0701550617814064
v 0.010502137243747711 0.01089517306536436 -0.07185397297143936
f 3415 3416 3417
v 0.011475447565317154 0.010721596889197826 -0.0701480284333229
v 0.010502137243747711 0.01089517306536436 -0.07185397297143936
v 0.010702724568545818 0.011197234503924847 -0.07187151163816452
f 3418 3419 3420
v 0.010702724568545818 0.011197234503924847 -0.07187151163816452
v 0.011574627831578255 0.01106406282633543 -0.07008358091115952
v 0.011475447565317154 0.010721596889197826 -0.0701480284333229
f 3421 3422 3423
v 0.011475447565317154 0.010721596889197826 -0.0701480284333229
v 0.011574627831578255 0.01106406282633543 -0.07008358091115952
v 0.012243743985891342 0.010498086921870708 -0.06833051890134811
f 3424 3425 3426
v 0.011475447565317154 0.010721596889197826 -0.0701480284333229
v 0.012243743985891342 0.010498086921870708 -0.06833051890134811
v 0.012142637744545937 0.010160545818507671 -0.06841502338647842
f 3427 3428 3429
v 0.012142637744545937 0.010160545818507671 -0.06841502338647842
v 0.012243743985891342 0.010498086921870708 -0.06833051890134811
v 0.01243110466748476 0.010305683128535748 -0.06778905540704727
f 3430 3431 3432
v 0.012142637744545937 0.010160545818507671 -0.06841502338647842
v 0.01243110466748476 0.010305683128535748 -0.06778905540704727
v 0.013205238617956638 0.008782695047557354 -0.06496957689523697
f 3433 3434 3435
v 0.013205238617956638 0.008782695047557354 -0.06496957689523697
v 0.01243110466748476 0.010305683128535748 -0.06778905540704727
v 0.013307509943842888 0.00910926889628172 -0.06484555453062057
f 3436 3437 3438
v 0.013205238617956638 0.008782695047557354 -0.06496957689523697
v 0.013307509943842888 0.00910926889628172 -0.06484555453062057
v 0.013959783129394054 0.007072324864566326 -0.06160954385995865
f 3439 3440 3441
v 0.013959783129394054 0.007072324864566326 -0.06160954385995865
v 0.013307509943842888 0.00910926889628172 -0.06484555453062057
v 0.01384176779538393 0.007992143742740154 -0.06255660206079483
f 3442 3443 3444
v 0.013959783129394054 0.007072324864566326 -0.06160954385995865
v 0.01384176779538393 0.007992143742740154 -0.06255660206079483
v 0.014060181565582752 0.007386180572211742 -0.061446987092494965
f 3445 3446 3447
v 0.009899230673909187 0.011940973810851574 -0.07354215532541275
v 0.010609636083245277 0.01163992565125227 -0.07221276313066483
v 0.010702724568545818 0.011197234503924847 -0.07187151163816452
f 3448 3449 3450
v 0.010702724568545818 0.011197234503924847 -0.07187151163816452
v 0.010609636083245277 0.01163992565125227 -0.07221276313066483
v 0.010798883624374866 0.011544312350451946 -0.07182719558477402
f 3451 3452 3453
v 0.010702724568545818 0.011197234503924847 -0.07187151163816452
v 0.010798883624374866 0.011544312350451946 -0.07182719558477402
v 0.011574627831578255 0.01106406282633543 -0.07008358091115952
f 3454 3455 3456
v 0.0087724095210433 0.011900628916919231 -0.07521305233240128
v 0.009807473048567772 0.01158952247351408 -0.07356632500886917
v 0.008589296601712704 0.011591884307563305 -0.07514239102602005
f 3457 3458 3459
v 0.008589296601712704 0.011591884307563305 -0.07514239102602005
v 0.009807473048567772 0.01158952247351408 -0.07356632500886917
v 0.009614245034754276 0.011283951811492443 -0.07352296262979507
f 3460 3461 3462
v 0.008589296601712704 0.011591884307563305 -0.07514239102602005
v 0.009614245034754276 0.011283951811492443 -0.07352296262979507
v 0.008331148885190487 0.011372732929885387 -0.07500467449426651
f 3463 3464 3465
v 0.008331148885190487 0.011372732929885387 -0.07500467449426651
v 0.009614245034754276 0.011283951811492443 -0.07352296262979507
v 0.00934301596134901 0.011066111735999584 -0.07341613620519638
f 3466 3467 3468
v 0.008331148885190487 0.011372732929885387 -0.07500467449426651
v 0.00934301596134901 0.011066111735999584 -0.07341613620519638
v 0.008032392710447311 0.011271449737250805 -0.0748184397816658
f 3469 3470 3471
v 0.008032392710447311 0.011271449737250805 -0.0748184397816658
v 0.00934301596134901 0.011066111735999584 -0.07341613620519638
v 0.009029620327055454 0.010963852517306805 -0.0732601210474968
f 3472 3473 3474
v 0.009897238574922085 0.010576869361102581 -0.07164598256349564
v 0.009029620327055454 0.010963852517306805 -0.0732601210474968
v 0.01022135280072689 0.010679240338504314 -0.07177529484033585
f 3475 3476 3477
v 0.01022135280072689 0.010679240338504314 -0.07177529484033585
v 0.009029620327055454 0.010963852517306805 -0.0732601210474968
v 0.00934301596134901 0.011066111735999584 -0.07341613620519638
f 3478 3479 3480
v 0.01022135280072689 0.010679240338504314 -0.07177529484033585
v 0.00934301596134901 0.011066111735999584 -0.07341613620519638
v 0.010502137243747711 0.01089517306536436 -0.07185397297143936
f 3481 3482 3483
v 0.010502137243747711 0.01089517306536436 -0.07185397297143936
v 0.00934301596134901 0.011066111735999584 -0.07341613620519638
v 0.009614245034754276 0.011283951811492443 -0.07352296262979507
f 3484 3485 3486
v 0.010502137243747711 0.01089517306536436 -0.07185397297143936
v 0.009614245034754276 0.011283951811492443 -0.07352296262979507
v 0.010702724568545818 0.011197234503924847 -0.07187151163816452
f 3487 3488 3489
v 0.010702724568545818 0.011197234503924847 -0.07187151163816452
v 0.009614245034754276 0.011283951811492443 -0.07352296262979507
v 0.009807473048567772 0.01158952247351408 -0.07356632500886917
f 3490 3491 3492
v 0.010702724568545818 0.011197234503924847 -0.07187151163816452
v 0.009807473048567772 0.01158952247351408 -0.07356632500886917
v 0.009899230673909187 0.011940973810851574 -0.07354215532541275
f 3493 3494 3495
v 0.009899230673909187 0.011940973810851574 -0.07354215532541275
v 0.009807473048567772 0.01158952247351408 -0.07356632500886917
v 0.0087724095210433 0.011900628916919231 -0.07521305233240128
f 3496 3497 3498
v 0.009899230673909187 0.011940973810851574 -0.07354215532541275
v 0.0087724095210433 0.011900628916919231 -0.07521305233240128
v 0.00885810051113367 0.0122562600299716 -0.075208880007267
f 3499 3500 3501
v 0.01471694651991129 0.004746939055621624 -0.05679095536470413
v 0.014729628339409828 0.004672924987971783 -0.0566604807972908
v 0.014639162458479404 0.004351410083472729 -0.05683741718530655
f 3502 3503 3504
v 0.013454379513859749 0.0051795123144984245 -0.05944228917360306
v 0.01307699829339981 0.006520154885947704 -0.061764366924762726
v 0.013434117659926414 0.006607803516089916 -0.061780087649822235
f 3505 3506 3507
v 0.014060181565582752 0.007386180572211742 -0.061446987092494965
v 0.01471694651991129 0.004746939055621624 -0.05679095536470413
v 0.013959784060716629 0.007072324864566326 -0.06160954385995865
f 3508 3509 3510
v 0.013959784060716629 0.007072324864566326 -0.06160954385995865
v 0.01471694651991129 0.004746939055621624 -0.05679095536470413
v 0.014639162458479404 0.004351410083472729 -0.05683741718530655
f 3511 3512 3513
v 0.013959784060716629 0.007072324864566326 -0.06160954385995865
v 0.014639162458479404 0.004351410083472729 -0.05683741718530655
v 0.013742159120738506 0.006800207309424877 -0.061726219952106476
f 3514 3515 3516
v 0.013742159120738506 0.006800207309424877 -0.061726219952106476
v 0.014639162458479404 0.004351410083472729 -0.05683741718530655
v 0.014421512372791767 0.004074993543326855 -0.05697610229253769
f 3517 3518 3519
v 0.013742159120738506 0.006800207309424877 -0.061726219952106476
v 0.014421512372791767 0.004074993543326855 -0.05697610229253769
v 0.013434117659926414 0.006607803516089916 -0.061780087649822235
f 3520 3521 3522
v 0.013434117659926414 0.006607803516089916 -0.061780087649822235
v 0.014421512372791767 0.004074993543326855 -0.05697610229253769
v 0.01410485990345478 0.0038847727701067924 -0.05705549567937851
f 3523 3524 3525
v 0.013434117659926414 0.006607803516089916 -0.061780087649822235
v 0.01410485990345478 0.0038847727701067924 -0.05705549567937851
v 0.013454379513859749 0.0051795123144984245 -0.05944228917360306
f 3526 3527 3528
v 0.013454379513859749 0.0051795123144984245 -0.05944228917360306
v 0.01410485990345478 0.0038847727701067924 -0.05705549567937851
v 0.013734211213886738 0.0038068993017077446 -0.057064853608608246
f 3529 3530 3531
v 0.013943959958851337 0.0021956590935587883 -0.05396955460309982
v 0.01393065694719553 0.002336050383746624 -0.054267264902591705
v 0.014308522455394268 0.002410578541457653 -0.054250024259090424
f 3532 3533 3534
v 0.013943959958851337 0.0021956590935587883 -0.05396955460309982
v 0.014308522455394268 0.002410578541457653 -0.054250024259090424
v 0.013999054208397865 0.0010885028168559074 -0.05135730654001236
f 3535 3536 3537
v 0.014929495751857758 0.003238844685256481 -0.05388546735048294
v 0.014999054372310638 0.0020224852487444878 -0.05099999159574509
v 0.01484600082039833 0.00289838295429945 -0.05404362827539444
f 3538 3539 3540
v 0.01484600082039833 0.00289838295429945 -0.05404362827539444
v 0.014999054372310638 0.0020224852487444878 -0.05099999159574509
v 0.014921217225492 0.0016659004613757133 -0.05113641172647476
f 3541 3542 3543
v 0.01484600082039833 0.00289838295429945 -0.05404362827539444
v 0.014921217225492 0.0016659004613757133 -0.05113641172647476
v 0.014629376120865345 0.0026073334738612175 -0.05417179316282272
f 3544 3545 3546
v 0.014629376120865345 0.0026073334738612175 -0.05417179316282272
v 0.014921217225492 0.0016659004613757133 -0.05113641172647476
v 0.014705782756209373 0.001362430863082409 -0.05125252157449722
f 3547 3548 3549
v 0.014629376120865345 0.0026073334738612175 -0.05417179316282272
v 0.014705782756209373 0.001362430863082409 -0.05125252157449722
v 0.014308522455394268 0.002410578541457653 -0.054250024259090424
f 3550 3551 3552
v 0.014308522455394268 0.002410578541457653 -0.054250024259090424
v 0.014705782756209373 0.001362430863082409 -0.05125252157449722
v 0.014382097870111465 0.001160147599875927 -0.051329903304576874
f 3553 3554 3555
v 0.014308522455394268 0.002410578541457653 -0.054250024259090424
v 0.014382097870111465 0.001160147599875927 -0.051329903304576874
v 0.013999054208397865 0.0010885028168559074 -0.05135730654001236
f 3556 3557 3558
v 0.014729628339409828 0.004672924987971783 -0.0566604807972908
v 0.014929495751857758 0.003238844685256481 -0.05388546735048294
v 0.014639162458479404 0.004351410083472729 -0.05683741718530655
f 3559 3560 3561
v 0.014639162458479404 0.004351410083472729 -0.05683741718530655
v 0.014929495751857758 0.003238844685256481 -0.05388546735048294
v 0.01484600082039833 0.00289838295429945 -0.05404362827539444
f 3562 3563 3564
v 0.014639162458479404 0.004351410083472729 -0.05683741718530655
v 0.01484600082039833 0.00289838295429945 -0.05404362827539444
v 0.014421512372791767 0.004074986092746258 -0.05697610229253769
f 3565 3566 3567
v 0.014421512372791767 0.004074986092746258 -0.05697610229253769
v 0.01484600082039833 0.00289838295429945 -0.05404362827539444
v 0.014629376120865345 0.0026073334738612175 -0.05417179316282272
f 3568 3569 3570
v 0.014421512372791767 0.004074986092746258 -0.05697610229253769
v 0.014629376120865345 0.0026073334738612175 -0.05417179316282272
v 0.01410485990345478 0.0038847727701067924 -0.05705549567937851
f 3571 3572 3573
v 0.01410485990345478 0.0038847727701067924 -0.05705549567937851
v 0.014629376120865345 0.0026073334738612175 -0.05417179316282272
v 0.014308522455394268 0.002410578541457653 -0.054250024259090424
f 3574 3575 3576
v 0.01410485990345478 0.0038847727701067924 -0.05705549567937851
v 0.014308522455394268 0.002410578541457653 -0.054250024259090424
v 0.013734211213886738 0.0038068993017077446 -0.057064853608608246
f 3577 3578 3579
v 0.013734211213886738 0.0038068993017077446 -0.057064853608608246
v 0.014308522455394268 0.002410578541457653 -0.054250024259090424
v 0.01393065694719553 0.002336050383746624 -0.054267264902591705
f 3580 3581 3582
v 0.014999054372310638 0.001909974031150341 -0.05070226639509201
v 0.014999054372310638 0.0017998991534113884 -0.0504036471247673
v 0.014937245287001133 0.0014746589586138725 -0.05052202194929123
f 3583 3584 3585
v 0.014921217225492 0.0016659004613757133 -0.05113641172647476
v 0.014999054372310638 0.0020224852487444878 -0.05099999159574509
v 0.014999054372310638 0.001909974031150341 -0.05070226639509201
f 3586 3587 3588
v 0.014999054372310638 0.001909974031150341 -0.05070226639509201
v 0.014937245287001133 0.0014746589586138725 -0.05052202194929123
v 0.014921217225492 0.0016659004613757133 -0.05113641172647476
f 3589 3590 3591
v 0.014921217225492 0.0016659004613757133 -0.05113641172647476
v 0.014937245287001133 0.0014746589586138725 -0.05052202194929123
v 0.01470966637134552 0.0011387495324015617 -0.05064428597688675
f 3592 3593 3594
v 0.014921217225492 0.0016659004613757133 -0.05113641172647476
v 0.01470966637134552 0.0011387495324015617 -0.05064428597688675
v 0.014705782756209373 0.001362430863082409 -0.05125252157449722
f 3595 3596 3597
v 0.014705782756209373 0.001362430863082409 -0.05125252157449722
v 0.01470966637134552 0.0011387495324015617 -0.05064428597688675
v 0.014706160873174667 0.0011354340240359306 -0.05064547806978226
f 3598 3599 3600
v 0.014705782756209373 0.001362430863082409 -0.05125252157449722
v 0.014706160873174667 0.0011354340240359306 -0.05064547806978226
v 0.014382097870111465 0.001160147599875927 -0.051329903304576874
f 3601 3602 3603
v 0.014706160873174667 0.0011354340240359306 -0.05064547806978226
v 0.014345170930027962 0.0009182867943309247 -0.050724513828754425
v 0.014382097870111465 0.001160147599875927 -0.051329903304576874
f 3604 3605 3606
v 0.014382097870111465 0.001160147599875927 -0.051329903304576874
v 0.014345170930027962 0.0009182867943309247 -0.050724513828754425
v 0.013999054208397865 0.0008602095185779035 -0.050745658576488495
f 3607 3608 3609
v 0.014382097870111465 0.001160147599875927 -0.051329903304576874
v 0.013999054208397865 0.0008602095185779035 -0.050745658576488495
v 0.013999054208397865 0.0010885028168559074 -0.05135730654001236
f 3610 3611 3612
v 0.023718098178505898 -0.013386336155235767 -0.010754370130598545
v 0.02357666939496994 -0.013460506685078144 -0.010807299055159092
v 0.021718323230743408 -0.01242769230157137 -0.013561957515776157
f 3613 3614 3615
v 0.023363882675766945 -0.013520014472305775 -0.010897600091993809
v 0.023085080087184906 -0.013546389527618885 -0.011026882566511631
v 0.021461086347699165 -0.012640473432838917 -0.013476007618010044
f 3616 3617 3618
v 0.014004712924361229 -0.004041341133415699 -0.03727876394987106
v 0.013999054208397865 -0.0037802504375576973 -0.037996090948581696
v 0.014345170930027962 -0.003722173161804676 -0.03797496110200882
f 3619 3620 3621
v 0.014004712924361229 -0.004041341133415699 -0.03727876394987106
v 0.014345170930027962 -0.003722173161804676 -0.03797496110200882
v 0.014150482602417469 -0.00513217318803072 -0.03428172320127487
f 3622 3623 3624
v 0.014345170930027962 -0.003722173161804676 -0.03797496110200882
v 0.014524852856993675 -0.005051766522228718 -0.03428282588720322
v 0.014150482602417469 -0.00513217318803072 -0.03428172320127487
f 3625 3626 3627
v 0.014150482602417469 -0.00513217318803072 -0.03428172320127487
v 0.014524852856993675 -0.005051766522228718 -0.03428282588720322
v 0.01496648695319891 -0.00638794619590044 -0.03061945177614689
f 3628 3629 3630
v 0.014150482602417469 -0.00513217318803072 -0.03428172320127487
v 0.01496648695319891 -0.00638794619590044 -0.03061945177614689
v 0.014421194791793823 -0.006037008948624134 -0.031795717775821686
f 3631 3632 3633
v 0.014421194791793823 -0.006037008948624134 -0.031795717775821686
v 0.01496648695319891 -0.00638794619590044 -0.03061945177614689
v 0.015348328277468681 -0.007801790721714497 -0.026947015896439552
f 3634 3635 3636
v 0.01496648695319891 -0.00638794619590044 -0.03061945177614689
v 0.015701133757829666 -0.007706982083618641 -0.027003074064850807
v 0.015348328277468681 -0.007801790721714497 -0.026947015896439552
f 3637 3638 3639
v 0.015348328277468681 -0.007801790721714497 -0.026947015896439552
v 0.015701133757829666 -0.007706982083618641 -0.027003074064850807
v 0.016724156215786934 -0.009000209160149097 -0.02345738746225834
f 3640 3641 3642
v 0.015348328277468681 -0.007801790721714497 -0.026947015896439552
v 0.016724156215786934 -0.009000209160149097 -0.02345738746225834
v 0.016383862122893333 -0.009100181050598621 -0.02337970770895481
f 3643 3644 3645
v 0.023085080087184906 -0.013546389527618885 -0.011026882566511631
v 0.02271326072514057 -0.01352266687899828 -0.011215084232389927
v 0.021461086347699165 -0.012640473432838917 -0.013476007618010044
f 3646 3647 3648
v 0.021461086347699165 -0.012640473432838917 -0.013476007618010044
v 0.02271326072514057 -0.01352266687899828 -0.011215084232389927
v 0.022537067532539368 -0.013492998667061329 -0.011310511268675327
f 3649 3650 3651
v 0.021461086347699165 -0.012640473432838917 -0.013476007618010044
v 0.022537067532539368 -0.013492998667061329 -0.011310511268675327
v 0.02252909727394581 -0.013491292484104633 -0.011315220035612583
f 3652 3653 3654
v 0.016383862122893333 -0.009100181050598621 -0.02337970770895481
v 0.016724156215786934 -0.009000209160149097 -0.02345738746225834
v 0.01708320900797844 -0.009807613678276539 -0.021436059847474098
f 3655 3656 3657
v 0.01708320900797844 -0.009807613678276539 -0.021436059847474098
v 0.016724156215786934 -0.009000209160149097 -0.02345738746225834
v 0.018030881881713867 -0.010258977301418781 -0.0200060848146677
f 3658 3659 3660
v 0.01708320900797844 -0.009807613678276539 -0.021436059847474098
v 0.018030881881713867 -0.010258977301418781 -0.0200060848146677
v 0.01770542934536934 -0.010364745743572712 -0.01990535296499729
f 3661 3662 3663
v 0.01770542934536934 -0.010364745743572712 -0.01990535296499729
v 0.018030881881713867 -0.010258977301418781 -0.0200060848146677
v 0.019613856449723244 -0.011474971659481525 -0.016671890392899513
f 3664 3665 3666
v 0.01770542934536934 -0.010364745743572712 -0.01990535296499729
v 0.019613856449723244 -0.011474971659481525 -0.016671890392899513
v 0.019487867131829262 -0.01171130407601595 -0.016205722466111183
f 3667 3668 3669
v 0.019487867131829262 -0.01171130407601595 -0.016205722466111183
v 0.019613856449723244 -0.011474971659481525 -0.016671890392899513
v 0.021461086347699165 -0.012640473432838917 -0.013476007618010044
f 3670 3671 3672
v 0.019487867131829262 -0.01171130407601595 -0.016205722466111183
v 0.021461086347699165 -0.012640473432838917 -0.013476007618010044
v 0.021169772371649742 -0.0127567695453763 -0.013333343900740147
f 3673 3674 3675
v 0.021169772371649742 -0.0127567695453763 -0.013333343900740147
v 0.021461086347699165 -0.012640473432838917 -0.013476007618010044
v 0.02252909727394581 -0.013491292484104633 -0.011315220035612583
f 3676 3677 3678
v 0.021169772371649742 -0.0127567695453763 -0.013333343900740147
v 0.02252909727394581 -0.013491292484104633 -0.011315220035612583
v 0.022526782006025314 -0.013490972109138966 -0.011316114105284214
f 3679 3680 3681
v 0.023908359929919243 -0.013087612576782703 -0.010731571353971958
v 0.02384771779179573 -0.01325311977416277 -0.010721706785261631
v 0.023892642930150032 -0.01285765040665865 -0.010796182788908482
f 3682 3683 3684
v 0.023892642930150032 -0.01285765040665865 -0.010796182788908482
v 0.02384771779179573 -0.01325311977416277 -0.010721706785261631
v 0.02190997079014778 -0.012141955085098743 -0.013579689897596836
f 3685 3686 3687
v 0.023885002359747887 -0.012829233892261982 -0.010806881822645664
v 0.023892642930150032 -0.01285765040665865 -0.010796182788908482
v 0.022568941116333008 -0.01213421393185854 -0.012674921192228794
f 3688 3689 3690
v 0.022568941116333008 -0.01213421393185854 -0.012674921192228794
v 0.023892642930150032 -0.01285765040665865 -0.010796182788908482
v 0.02190997079014778 -0.012141955085098743 -0.013579689897596836
f 3691 3692 3693
v 0.022568941116333008 -0.01213421393185854 -0.012674921192228794
v 0.02190997079014778 -0.012141955085098743 -0.013579689897596836
v 0.02083951234817505 -0.011088942177593708 -0.015484386123716831
f 3694 3695 3696
v 0.02083951234817505 -0.011088942177593708 -0.015484386123716831
v 0.02190997079014778 -0.012141955085098743 -0.013579689897596836
v 0.020085353404283524 -0.01097544003278017 -0.016738558188080788
f 3697 3698 3699
v 0.018522076308727264 -0.009758402593433857 -0.02003399468958378
v 0.019322426989674568 -0.010001269169151783 -0.018407771363854408
v 0.020085353404283524 -0.01097544003278017 -0.016738558188080788
f 3700 3701 3702
v 0.020085353404283524 -0.01097544003278017 -0.016738558188080788
v 0.019322426989674568 -0.010001269169151783 -0.018407771363854408
v 0.02018946409225464 -0.010646444745361805 -0.016673708334565163
f 3703 3704 3705
v 0.020085353404283524 -0.01097544003278017 -0.016738558188080788
v 0.02018946409225464 -0.010646444745361805 -0.016673708334565163
v 0.02083951234817505 -0.011088942177593708 -0.015484386123716831
f 3706 3707 3708
v 0.017231976613402367 -0.008498561568558216 -0.023444974794983864
v 0.01802007481455803 -0.008871634490787983 -0.021443957462906837
v 0.018522076308727264 -0.009758402593433857 -0.02003399468958378
f 3709 3710 3711
v 0.018522076308727264 -0.009758402593433857 -0.02003399468958378
v 0.01802007481455803 -0.008871634490787983 -0.021443957462906837
v 0.01841672882437706 -0.009240907616913319 -0.02045145072042942
f 3712 3713 3714
v 0.018522076308727264 -0.009758402593433857 -0.02003399468958378
v 0.01841672882437706 -0.009240907616913319 -0.02045145072042942
v 0.019322426989674568 -0.010001269169151783 -0.018407771363854408
f 3715 3716 3717
v 0.016222387552261353 -0.007204209454357624 -0.026949012652039528
v 0.016940733417868614 -0.007703644223511219 -0.0245832446962595
v 0.017231976613402367 -0.008498561568558216 -0.023444974794983864
f 3718 3719 3720
v 0.017231976613402367 -0.008498561568558216 -0.023444974794983864
v 0.016940733417868614 -0.007703644223511219 -0.0245832446962595
v 0.0173320434987545 -0.00816046167165041 -0.023355433717370033
f 3721 3722 3723
v 0.017231976613402367 -0.008498561568558216 -0.023444974794983864
v 0.0173320434987545 -0.00816046167165041 -0.023355433717370033
v 0.01802007481455803 -0.008871634490787983 -0.021443957462906837
f 3724 3725 3726
v 0.015486481599509716 -0.005291891284286976 -0.03106548823416233
v 0.016094086691737175 -0.006506991572678089 -0.027799570932984352
v 0.016222387552261353 -0.007204209454357624 -0.026949012652039528
f 3727 3728 3729
v 0.016222387552261353 -0.007204209454357624 -0.026949012652039528
v 0.016094086691737175 -0.006506991572678089 -0.027799570932984352
v 0.016408875584602356 -0.006995034404098988 -0.026487836614251137
f 3730 3731 3732
v 0.016222387552261353 -0.007204209454357624 -0.026949012652039528
v 0.016408875584602356 -0.006995034404098988 -0.026487836614251137
v 0.016940733417868614 -0.007703644223511219 -0.0245832446962595
f 3733 3734 3735
v 0.016222387552261353 -0.007204209454357624 -0.026949012652039528
v 0.015497894026339054 -0.0058839814737439156 -0.030522668734192848
v 0.015486481599509716 -0.005291891284286976 -0.03106548823416233
f 3736 3737 3738
v 0.015486481599509716 -0.005291891284286976 -0.03106548823416233
v 0.015497894026339054 -0.0058839814737439156 -0.030522668734192848
v 0.015063037164509296 -0.004546520300209522 -0.03414250165224075
f 3739 3740 3741
v 0.015486481599509716 -0.005291891284286976 -0.03106548823416233
v 0.015063037164509296 -0.004546520300209522 -0.03414250165224075
v 0.015121313743293285 -0.004068647511303425 -0.034353263676166534
f 3742 3743 3744
v 0.015121313743293285 -0.004068647511303425 -0.034353263676166534
v 0.015063037164509296 -0.004546520300209522 -0.03414250165224075
v 0.014937245287001133 -0.003165801055729389 -0.03777245432138443
f 3745 3746 3747
v 0.015121313743293285 -0.004068647511303425 -0.034353263676166534
v 0.014937245287001133 -0.003165801055729389 -0.03777245432138443
v 0.014999054372310638 -0.0028405608609318733 -0.037654079496860504
f 3748 3749 3750
v 0.014706067740917206 -0.003504929132759571 -0.037895895540714264
v 0.014937245287001133 -0.003165801055729389 -0.03777245432138443
v 0.014845387078821659 -0.004847590811550617 -0.03423445671796799
f 3751 3752 3753
v 0.014845387078821659 -0.004847590811550617 -0.03423445671796799
v 0.014937245287001133 -0.003165801055729389 -0.03777245432138443
v 0.015063037164509296 -0.004546520300209522 -0.03414250165224075
f 3754 3755 3756
v 0.014845387078821659 -0.004847590811550617 -0.03423445671796799
v 0.015063037164509296 -0.004546520300209522 -0.03414250165224075
v 0.015280706807971 -0.006182109005749226 -0.030595744028687477
f 3757 3758 3759
v 0.015280706807971 -0.006182109005749226 -0.030595744028687477
v 0.015063037164509296 -0.004546520300209522 -0.03414250165224075
v 0.015497894026339054 -0.0058839814737439156 -0.030522668734192848
f 3760 3761 3762
v 0.015280706807971 -0.006182109005749226 -0.030595744028687477
v 0.015497894026339054 -0.0058839814737439156 -0.030522668734192848
v 0.016007214784622192 -0.007499550469219685 -0.027003267779946327
f 3763 3764 3765
v 0.016007214784622192 -0.007499550469219685 -0.027003267779946327
v 0.015497894026339054 -0.0058839814737439156 -0.030522668734192848
v 0.016222387552261353 -0.007204209454357624 -0.026949012652039528
f 3766 3767 3768
v 0.016007214784622192 -0.007499550469219685 -0.027003267779946327
v 0.016222387552261353 -0.007204209454357624 -0.026949012652039528
v 0.017020370811223984 -0.00879127997905016 -0.02348058857023716
f 3769 3770 3771
v 0.017020370811223984 -0.00879127997905016 -0.02348058857023716
v 0.016222387552261353 -0.007204209454357624 -0.026949012652039528
v 0.017231976613402367 -0.008498561568558216 -0.023444974794983864
f 3772 3773 3774
v 0.017020370811223984 -0.00879127997905016 -0.02348058857023716
v 0.017231976613402367 -0.008498561568558216 -0.023444974794983864
v 0.018315600231289864 -0.010048647411167622 -0.02005130983889103
f 3775 3776 3777
v 0.018315600231289864 -0.010048647411167622 -0.02005130983889103
v 0.017231976613402367 -0.008498561568558216 -0.023444974794983864
v 0.018522076308727264 -0.009758402593433857 -0.02003399468958378
f 3778 3779 3780
v 0.018315600231289864 -0.010048647411167622 -0.02005130983889103
v 0.018522076308727264 -0.009758402593433857 -0.02003399468958378
v 0.01988554559648037 -0.011263360269367695 -0.016738051548600197
f 3781 3782 3783
v 0.01988554559648037 -0.011263360269367695 -0.016738051548600197
v 0.018522076308727264 -0.009758402593433857 -0.02003399468958378
v 0.020085353404283524 -0.01097544003278017 -0.016738558188080788
f 3784 3785 3786
v 0.01988554559648037 -0.011263360269367695 -0.016738051548600197
v 0.020085353404283524 -0.01097544003278017 -0.016738558188080788
v 0.021718323230743408 -0.01242769230157137 -0.013561957515776157
f 3787 3788 3789
v 0.021718323230743408 -0.01242769230157137 -0.013561957515776157
v 0.020085353404283524 -0.01097544003278017 -0.016738558188080788
v 0.02190997079014778 -0.012141955085098743 -0.013579689897596836
f 3790 3791 3792
v 0.021718323230743408 -0.01242769230157137 -0.013561957515776157
v 0.02190997079014778 -0.012141955085098743 -0.013579689897596836
v 0.023718098178505898 -0.013386336155235767 -0.010754370130598545
f 3793 3794 3795
v 0.023718098178505898 -0.013386336155235767 -0.010754370130598545
v 0.02190997079014778 -0.012141955085098743 -0.013579689897596836
v 0.02384771779179573 -0.01325311977416277 -0.010721706785261631
f 3796 3797 3798
v 0.014345170930027962 -0.003722173161804676 -0.03797496110200882
v 0.014706067740917206 -0.003504929132759571 -0.037895895540714264
v 0.014524852856993675 -0.005051766522228718 -0.03428282588720322
f 3799 3800 3801
v 0.014524852856993675 -0.005051766522228718 -0.03428282588720322
v 0.014706067740917206 -0.003504929132759571 -0.037895895540714264
v 0.014845387078821659 -0.004847590811550617 -0.03423445671796799
f 3802 3803 3804
v 0.014524852856993675 -0.005051766522228718 -0.03428282588720322
v 0.014845387078821659 -0.004847590811550617 -0.03423445671796799
v 0.01496648695319891 -0.00638794619590044 -0.03061945177614689
f 3805 3806 3807
v 0.01496648695319891 -0.00638794619590044 -0.03061945177614689
v 0.014845387078821659 -0.004847590811550617 -0.03423445671796799
v 0.015280706807971 -0.006182109005749226 -0.030595744028687477
f 3808 3809 3810
v 0.01496648695319891 -0.00638794619590044 -0.03061945177614689
v 0.015280706807971 -0.006182109005749226 -0.030595744028687477
v 0.015701133757829666 -0.007706982083618641 -0.027003074064850807
f 3811 3812 3813
v 0.015701133757829666 -0.007706982083618641 -0.027003074064850807
v 0.015280706807971 -0.006182109005749226 -0.030595744028687477
v 0.016007214784622192 -0.007499550469219685 -0.027003267779946327
f 3814 3815 3816
v 0.015701133757829666 -0.007706982083618641 -0.027003074064850807
v 0.016007214784622192 -0.007499550469219685 -0.027003267779946327
v 0.016724156215786934 -0.009000209160149097 -0.02345738746225834
f 3817 3818 3819
v 0.016724156215786934 -0.009000209160149097 -0.02345738746225834
v 0.016007214784622192 -0.007499550469219685 -0.027003267779946327
v 0.017020370811223984 -0.00879127997905016 -0.02348058857023716
f 3820 3821 3822
v 0.016724156215786934 -0.009000209160149097 -0.02345738746225834
v 0.017020370811223984 -0.00879127997905016 -0.02348058857023716
v 0.018030881881713867 -0.010258977301418781 -0.0200060848146677
f 3823 3824 3825
v 0.018030881881713867 -0.010258977301418781 -0.0200060848146677
v 0.017020370811223984 -0.00879127997905016 -0.02348058857023716
v 0.018315600231289864 -0.010048647411167622 -0.02005130983889103
f 3826 3827 3828
v 0.018030881881713867 -0.010258977301418781 -0.0200060848146677
v 0.018315600231289864 -0.010048647411167622 -0.02005130983889103
v 0.019613856449723244 -0.011474971659481525 -0.016671890392899513
f 3829 3830 3831
v 0.019613856449723244 -0.011474971659481525 -0.016671890392899513
v 0.018315600231289864 -0.010048647411167622 -0.02005130983889103
v 0.01988554559648037 -0.011263360269367695 -0.016738051548600197
f 3832 3833 3834
v 0.019613856449723244 -0.011474971659481525 -0.016671890392899513
v 0.01988554559648037 -0.011263360269367695 -0.016738051548600197
v 0.021461086347699165 -0.012640473432838917 -0.013476007618010044
f 3835 3836 3837
v 0.021461086347699165 -0.012640473432838917 -0.013476007618010044
v 0.01988554559648037 -0.011263360269367695 -0.016738051548600197
v 0.021718323230743408 -0.01242769230157137 -0.013561957515776157
f 3838 3839 3840
v 0.021461086347699165 -0.012640473432838917 -0.013476007618010044
v 0.021718323230743408 -0.01242769230157137 -0.013561957515776157
v 0.023363882675766945 -0.013520014472305775 -0.010897600091993809
f 3841 3842 3843
v 0.023363882675766945 -0.013520014472305775 -0.010897600091993809
v 0.021718323230743408 -0.01242769230157137 -0.013561957515776157
v 0.02357666939496994 -0.013460506685078144 -0.010807299055159092
f 3844 3845 3846
v 0.014999054372310638 -0.0028405608609318733 -0.037654079496860504
v 0.014999054372310638 -0.001776379533112049 -0.037654079496860504
v 0.015121313743293285 -0.004068647511303425 -0.034353263676166534
f 3847 3848 3849
v 0.015121313743293285 -0.004068647511303425 -0.034353263676166534
v 0.014999054372310638 -0.001776379533112049 -0.037654079496860504
v 0.01514272391796112 -0.003025670535862446 -0.034062035381793976
f 3850 3851 3852
v 0.015121313743293285 -0.004068647511303425 -0.034353263676166534
v 0.01514272391796112 -0.003025670535862446 -0.034062035381793976
v 0.015486481599509716 -0.005291891284286976 -0.03106548823416233
f 3853 3854 3855
v 0.01514272391796112 -0.003025670535862446 -0.034062035381793976
v 0.01526772789657116 -0.0034838812425732613 -0.03274456411600113
v 0.015486481599509716 -0.005291891284286976 -0.03106548823416233
f 3856 3857 3858
v 0.015486481599509716 -0.005291891284286976 -0.03106548823416233
v 0.01526772789657116 -0.0034838812425732613 -0.03274456411600113
v 0.015572511591017246 -0.004266989417374134 -0.030492911115288734
f 3859 3860 3861
v 0.015486481599509716 -0.005291891284286976 -0.03106548823416233
v 0.015572511591017246 -0.004266989417374134 -0.030492911115288734
v 0.016094086691737175 -0.006506991572678089 -0.027799570932984352
f 3862 3863 3864
v 0.016094086691737175 -0.006506991572678089 -0.027799570932984352
v 0.015572511591017246 -0.004266989417374134 -0.030492911115288734
v 0.016285976395010948 -0.005492408759891987 -0.026969516649842262
f 3865 3866 3867
v 0.016094086691737175 -0.006506991572678089 -0.027799570932984352
v 0.016285976395010948 -0.005492408759891987 -0.026969516649842262
v 0.016408875584602356 -0.006995034404098988 -0.026487836614251137
f 3868 3869 3870
v 0.016408875584602356 -0.006995034404098988 -0.026487836614251137
v 0.016285976395010948 -0.005492408759891987 -0.026969516649842262
v 0.016406962648034096 -0.005660523660480976 -0.026486137881875038
f 3871 3872 3873
v 0.016408875584602356 -0.006995034404098988 -0.026487836614251137
v 0.016406962648034096 -0.005660523660480976 -0.026486137881875038
v 0.016940733417868614 -0.007703644223511219 -0.0245832446962595
f 3874 3875 3876
v 0.016940733417868614 -0.007703644223511219 -0.0245832446962595
v 0.016406962648034096 -0.005660523660480976 -0.026486137881875038
v 0.017278267070651054 -0.006694120354950428 -0.023514265194535255
f 3877 3878 3879
v 0.018543343991041183 -0.007864435203373432 -0.02014929987490177
v 0.01802007481455803 -0.008871634490787983 -0.021443957462906837
v 0.017278267070651054 -0.006694120354950428 -0.023514265194535255
f 3880 3881 3882
v 0.017278267070651054 -0.006694120354950428 -0.023514265194535255
v 0.01802007481455803 -0.008871634490787983 -0.021443957462906837
v 0.0173320434987545 -0.00816046167165041 -0.023355433717370033
f 3883 3884 3885
v 0.017278267070651054 -0.006694120354950428 -0.023514265194535255
v 0.0173320434987545 -0.00816046167165041 -0.023355433717370033
v 0.016940733417868614 -0.007703644223511219 -0.0245832446962595
f 3886 3887 3888
v 0.02083951234817505 -0.011088942177593708 -0.015484386123716831
v 0.02018946409225464 -0.010646444745361805 -0.016673708334565163
v 0.020072847604751587 -0.00899591762572527 -0.016896003857254982
f 3889 3890 3891
v 0.020072847604751587 -0.00899591762572527 -0.016896003857254982
v 0.02018946409225464 -0.010646444745361805 -0.016673708334565163
v 0.019322426989674568 -0.010001269169151783 -0.018407771363854408
f 3892 3893 3894
v 0.020072847604751587 -0.00899591762572527 -0.016896003857254982
v 0.019322426989674568 -0.010001269169151783 -0.018407771363854408
v 0.018543343991041183 -0.007864435203373432 -0.02014929987490177
f 3895 3896 3897
v 0.018543343991041183 -0.007864435203373432 -0.02014929987490177
v 0.019322426989674568 -0.010001269169151783 -0.018407771363854408
v 0.01841672882437706 -0.009240907616913319 -0.02045145072042942
f 3898 3899 3900
v 0.018543343991041183 -0.007864435203373432 -0.02014929987490177
v 0.01841672882437706 -0.009240907616913319 -0.02045145072042942
v 0.01802007481455803 -0.008871634490787983 -0.021443957462906837
f 3901 3902 3903
v 0.020072847604751587 -0.00899591762572527 -0.016896003857254982
v 0.021258153021335602 -0.009738785214722157 -0.014760040678083897
v 0.02083951234817505 -0.011088942177593708 -0.015484386123716831
f 3904 3905 3906
v 0.02083951234817505 -0.011088942177593708 -0.015484386123716831
v 0.021258153021335602 -0.009738785214722157 -0.014760040678083897
v 0.02185729332268238 -0.010081295855343342 -0.013775222934782505
f 3907 3908 3909
v 0.02083951234817505 -0.011088942177593708 -0.015484386123716831
v 0.02185729332268238 -0.010081295855343342 -0.013775222934782505
v 0.022568941116333008 -0.01213421393185854 -0.012674921192228794
f 3910 3911 3912
v 0.022568941116333008 -0.01213421393185854 -0.012674921192228794
v 0.02185729332268238 -0.010081295855343342 -0.013775222934782505
v 0.023885026574134827 -0.011113700456917286 -0.010806792415678501
f 3913 3914 3915
v 0.022568941116333008 -0.01213421393185854 -0.012674921192228794
v 0.023885026574134827 -0.011113700456917286 -0.010806792415678501
v 0.023885002359747887 -0.012829233892261982 -0.010806881822645664
f 3916 3917 3918
v 0.014999054372310638 0.0017998991534113884 -0.0504036471247673
v 0.014999054372310638 0.0031893206760287285 -0.04796215146780014
v 0.014999054372310638 0.00301514845341444 -0.047312162816524506
f 3919 3920 3921
v 0.014999054372310638 0.0031893206760287285 -0.04796215146780014
v 0.014999054372310638 0.0017998991534113884 -0.0504036471247673
v 0.014999054372310638 0.0036651520058512688 -0.04843799024820328
f 3922 3923 3924
v 0.014999054372310638 0.0036651520058512688 -0.04843799024820328
v 0.014999054372310638 0.0017998991534113884 -0.0504036471247673
v 0.014999054372310638 0.001909974031150341 -0.05070226639509201
f 3925 3926 3927
v 0.014999054372310638 0.0036651520058512688 -0.04843799024820328
v 0.014999054372310638 0.001909974031150341 -0.05070226639509201
v 0.014999054372310638 0.0020224852487444878 -0.05099999159574509
f 3928 3929 3930
v 0.014999054372310638 0.0018102852627635002 -0.04457221180200577
v 0.014999054372310638 0.0009338734089396894 -0.04376452416181564
v 0.014999054372310638 0.0031893206760287285 -0.04666215926408768
f 3931 3932 3933
v 0.014999054372310638 0.0031893206760287285 -0.04666215926408768
v 0.014999054372310638 0.0009338734089396894 -0.04376452416181564
v 0.014999054372310638 0.0006230128346942365 -0.043367959558963776
f 3934 3935 3936
v 0.014999054372310638 0.0031893206760287285 -0.04666215926408768
v 0.014999054372310638 0.0006230128346942365 -0.043367959558963776
v 0.014999054372310638 0.00301514845341444 -0.047312162816524506
f 3937 3938 3939
v 0.014999054372310638 0.00301514845341444 -0.047312162816524506
v 0.014999054372310638 0.0006230128346942365 -0.043367959558963776
v 0.014999054372310638 0.00011360918870195746 -0.0425514355301857
f 3940 3941 3942
v 0.014999054372310638 0.00301514845341444 -0.047312162816524506
v 0.014999054372310638 0.00011360918870195746 -0.0425514355301857
v 0.014999054372310638 0.0017998991534113884 -0.0504036471247673
f 3943 3944 3945
v 0.014999054372310638 0.0017998991534113884 -0.0504036471247673
v 0.014999054372310638 0.00011360918870195746 -0.0425514355301857
v 0.014999054372310638 -0.00047072494635358453 -0.041241355240345
f 3946 3947 3948
v 0.014999054372310638 0.0017998991534113884 -0.0504036471247673
v 0.014999054372310638 -0.00047072494635358453 -0.041241355240345
v 0.014999054372310638 -0.0028405608609318733 -0.037654079496860504
f 3949 3950 3951
v 0.014999054372310638 -0.0028405608609318733 -0.037654079496860504
v 0.014999054372310638 -0.00047072494635358453 -0.041241355240345
v 0.014999054372310638 -0.001776379533112049 -0.037654079496860504
f 3952 3953 3954
v 0.014999054372310638 0.008026528172194958 -0.04747719317674637
v 0.014999054372310638 0.007373827509582043 -0.045069240033626556
v 0.014999054372310638 0.007133985869586468 -0.04511298984289169
f 3955 3956 3957
v 0.014999054372310638 0.0018102852627635002 -0.04457221180200577
v 0.014999054372310638 0.0031893206760287285 -0.04666215926408768
v 0.014999054372310638 0.0029272912070155144 -0.04507630318403244
f 3958 3959 3960
v 0.014999054372310638 0.0029272912070155144 -0.04507630318403244
v 0.014999054372310638 0.0031893206760287285 -0.04666215926408768
v 0.014999054372310638 0.0036651520058512688 -0.04618632048368454
f 3961 3962 3963
v 0.014999054372310638 0.0029272912070155144 -0.04507630318403244
v 0.014999054372310638 0.0036651520058512688 -0.04618632048368454
v 0.014999054372310638 0.0033984212204813957 -0.04512610286474228
f 3964 3965 3966
v 0.014999054372310638 0.0033984212204813957 -0.04512610286474228
v 0.014999054372310638 0.0036651520058512688 -0.04618632048368454
v 0.014999054372310638 0.0043151481077075005 -0.04601215571165085
f 3967 3968 3969
v 0.014999054372310638 0.0033984212204813957 -0.04512610286474228
v 0.014999054372310638 0.0043151481077075005 -0.04601215571165085
v 0.014999054372310638 0.006890702061355114 -0.0451262965798378
f 3970 3971 3972
v 0.014999054372310638 0.006890702061355114 -0.0451262965798378
v 0.014999054372310638 0.0043151481077075005 -0.04601215571165085
v 0.014999054372310638 0.004879201762378216 -0.04614090174436569
f 3973 3974 3975
v 0.014999054372310638 0.006890702061355114 -0.0451262965798378
v 0.014999054372310638 0.004879201762378216 -0.04614090174436569
v 0.014999054372310638 0.007133985869586468 -0.04511298984289169
f 3976 3977 3978
v 0.014999054372310638 0.004879201762378216 -0.04614090174436569
v 0.014999054372310638 0.005331533960998058 -0.04650161415338516
v 0.014999054372310638 0.007133985869586468 -0.04511298984289169
f 3979 3980 3981
v 0.014999054372310638 0.007133985869586468 -0.04511298984289169
v 0.014999054372310638 0.005331533960998058 -0.04650161415338516
v 0.014999054372310638 0.005582558922469616 -0.04702287167310715
f 3982 3983 3984
v 0.014999054372310638 0.007133985869586468 -0.04511298984289169
v 0.014999054372310638 0.005582558922469616 -0.04702287167310715
v 0.014999054372310638 0.008026528172194958 -0.04747719317674637
f 3985 3986 3987
v 0.014999054372310638 0.008026528172194958 -0.04747719317674637
v 0.014999054372310638 0.005582558922469616 -0.04702287167310715
v 0.014999054372310638 0.005582558922469616 -0.04760143905878067
f 3988 3989 3990
v 0.014999054372310638 0.008026528172194958 -0.04747719317674637
v 0.014999054372310638 0.005582558922469616 -0.04760143905878067
v 0.014999054372310638 0.009126718156039715 -0.05099999159574509
f 3991 3992 3993
v 0.014999054372310638 0.005582558922469616 -0.04760143905878067
v 0.014999054372310638 0.005331533960998058 -0.048122696578502655
v 0.014999054372310638 0.009126718156039715 -0.05099999159574509
f 3994 3995 3996
v 0.014999054372310638 0.009126718156039715 -0.05099999159574509
v 0.014999054372310638 0.005331533960998058 -0.048122696578502655
v 0.014999054372310638 0.004879201762378216 -0.048483408987522125
f 3997 3998 3999
v 0.014999054372310638 0.009126718156039715 -0.05099999159574509
v 0.014999054372310638 0.004879201762378216 -0.048483408987522125
v 0.014999054372310638 0.0020224852487444878 -0.05099999159574509
f 4000 4001 4002
v 0.014999054372310638 0.0020224852487444878 -0.05099999159574509
v 0.014999054372310638 0.004879201762378216 -0.048483408987522125
v 0.014999054372310638 0.0043151481077075005 -0.04861215502023697
f 4003 4004 4005
v 0.014999054372310638 0.0020224852487444878 -0.05099999159574509
v 0.014999054372310638 0.0043151481077075005 -0.04861215502023697
v 0.014999054372310638 0.0036651520058512688 -0.04843799024820328
f 4006 4007 4008
v -0.002822086913511157 0.013118366710841656 -0.08047022670507431
v -0.003104665083810687 0.013100462965667248 -0.08035571128129959
v -0.0031019700691103935 0.01736142672598362 -0.08035189658403397
f 4009 4010 4011
v 0.01471694651991129 0.004746939055621624 -0.05679095536470413
v 0.014716124162077904 0.011379907839000225 -0.05679713934659958
v 0.014795553870499134 0.010994086973369122 -0.05592111498117447
f 4012 4013 4014
v 0.01471694651991129 0.004746939055621624 -0.05679095536470413
v 0.014795553870499134 0.010994086973369122 -0.05592111498117447
v 0.014729628339409828 0.004672924987971783 -0.0566604807972908
f 4015 4016 4017
v 0.014729628339409828 0.004672924987971783 -0.0566604807972908
v 0.014795553870499134 0.010994086973369122 -0.05592111498117447
v 0.014947415329515934 0.010010036639869213 -0.05348225682973862
f 4018 4019 4020
v 0.014729628339409828 0.004672924987971783 -0.0566604807972908
v 0.014947415329515934 0.010010036639869213 -0.05348225682973862
v 0.014929495751857758 0.003238844685256481 -0.05388546735048294
f 4021 4022 4023
v 0.014929495751857758 0.003238844685256481 -0.05388546735048294
v 0.014947415329515934 0.010010036639869213 -0.05348225682973862
v 0.014999054372310638 0.009126718156039715 -0.05099999159574509
f 4024 4025 4026
v 0.014929495751857758 0.003238844685256481 -0.05388546735048294
v 0.014999054372310638 0.009126718156039715 -0.05099999159574509
v 0.014999054372310638 0.0020224852487444878 -0.05099999159574509
f 4027 4028 4029
v 0.014716124162077904 0.011379907839000225 -0.05679713934659958
v 0.01471694651991129 0.004746939055621624 -0.05679095536470413
v 0.014547743834555149 0.012086178176105022 -0.058304108679294586
f 4030 4031 4032
v 0.014547743834555149 0.012086178176105022 -0.058304108679294586
v 0.01471694651991129 0.004746939055621624 -0.05679095536470413
v 0.014060181565582752 0.007386180572211742 -0.061446987092494965
f 4033 4034 4035
v 0.014547743834555149 0.012086178176105022 -0.058304108679294586
v 0.014060181565582752 0.007386180572211742 -0.061446987092494965
v 0.014205215498805046 0.013272698037326336 -0.060630135238170624
f 4036 4037 4038
v 0.014205215498805046 0.013272698037326336 -0.060630135238170624
v 0.014060181565582752 0.007386180572211742 -0.061446987092494965
v 0.01384176779538393 0.007992143742740154 -0.06255660206079483
f 4039 4040 4041
v 0.014205215498805046 0.013272698037326336 -0.060630135238170624
v 0.01384176779538393 0.007992143742740154 -0.06255660206079483
v 0.013837474398314953 0.014340612106025219 -0.06257463246583939
f 4042 4043 4044
v 0.013837474398314953 0.014340612106025219 -0.06257463246583939
v 0.01384176779538393 0.007992143742740154 -0.06255660206079483
v 0.012948334217071533 0.013011093251407146 -0.0661415085196495
f 4045 4046 4047
v 0.013837474398314953 0.014340612106025219 -0.06257463246583939
v 0.012948334217071533 0.013011093251407146 -0.0661415085196495
v 0.012970172800123692 0.013204286806285381 -0.06606655567884445
f 4048 4049 4050
v 0.012970172800123692 0.013204286806285381 -0.06606655567884445
v 0.012985932640731335 0.013576428405940533 -0.06601215153932571
v 0.013837474398314953 0.014340612106025219 -0.06257463246583939
f 4051 4052 4053
v 0.013837474398314953 0.014340612106025219 -0.06257463246583939
v 0.012985932640731335 0.013576428405940533 -0.06601215153932571
v 0.012951014563441277 0.01412236224859953 -0.06613234430551529
f 4054 4055 4056
v 0.013837474398314953 0.014340612106025219 -0.06257463246583939
v 0.012951014563441277 0.01412236224859953 -0.06613234430551529
v 0.013222619891166687 0.01578340120613575 -0.0651615634560585
f 4057 4058 4059
v 0.013222619891166687 0.01578340120613575 -0.0651615634560585
v 0.012951014563441277 0.01412236224859953 -0.06613234430551529
v 0.012837241403758526 0.014603572897613049 -0.06651530414819717
f 4060 4061 4062
v 0.013222619891166687 0.01578340120613575 -0.0651615634560585
v 0.012837241403758526 0.014603572897613049 -0.06651530414819717
v 0.01253439113497734 0.016862178221344948 -0.06747592240571976
f 4063 4064 4065
v 0.01253439113497734 0.016862178221344948 -0.06747592240571976
v 0.012837241403758526 0.014603572897613049 -0.06651530414819717
v 0.012663056142628193 0.014855111949145794 -0.06707771867513657
f 4066 4067 4068
v 0.01253439113497734 0.016862178221344948 -0.06747592240571976
v 0.012663056142628193 0.014855111949145794 -0.06707771867513657
v 0.012428625486791134 0.016975196078419685 -0.06779349595308304
f 4069 4070 4071
v 0.012428625486791134 0.016975196078419685 -0.06779349595308304
v 0.012663056142628193 0.014855111949145794 -0.06707771867513657
v 0.012492997571825981 0.014843839220702648 -0.06760139018297195
f 4072 4073 4074
v 0.012168397195637226 0.014005335979163647 -0.06853935867547989
v 0.01214208547025919 0.013576428405940533 -0.06861215084791183
v 0.010609636083245277 0.01163992565125227 -0.07221276313066483
f 4075 4076 4077
v 0.012492997571825981 0.014843839220702648 -0.06760139018297195
v 0.012449869886040688 0.014807279221713543 -0.06773050874471664
v 0.012428625486791134 0.016975196078419685 -0.06779349595308304
f 4078 4079 4080
v 0.012428625486791134 0.016975196078419685 -0.06779349595308304
v 0.012449869886040688 0.014807279221713543 -0.06773050874471664
v 0.012424571439623833 0.014779153279960155 -0.06780556589365005
f 4081 4082 4083
v 0.012428625486791134 0.016975196078419685 -0.06779349595308304
v 0.012424571439623833 0.014779153279960155 -0.06780556589365005
v 0.012116171419620514 0.017223263159394264 -0.0686834380030632
f 4084 4085 4086
v 0.012116171419620514 0.017223263159394264 -0.0686834380030632
v 0.012424571439623833 0.014779153279960155 -0.06780556589365005
v 0.012281405739486217 0.014505567960441113 -0.06822138279676437
f 4087 4088 4089
v 0.012116171419620514 0.017223263159394264 -0.0686834380030632
v 0.012281405739486217 0.014505567960441113 -0.06822138279676437
v 0.011640166863799095 0.01736142672598362 -0.06991928070783615
f 4090 4091 4092
v 0.011640166863799095 0.01736142672598362 -0.06991928070783615
v 0.012281405739486217 0.014505567960441113 -0.06822138279676437
v 0.01060566771775484 0.01736142672598362 -0.07221319526433945
f 4093 4094 4095
v 0.01060566771775484 0.01736142672598362 -0.07221319526433945
v 0.012281405739486217 0.014505567960441113 -0.06822138279676437
v 0.012188727036118507 0.014141741208732128 -0.06848280876874924
f 4096 4097 4098
v 0.01060566771775484 0.01736142672598362 -0.07221319526433945
v 0.012188727036118507 0.014141741208732128 -0.06848280876874924
v 0.012168397195637226 0.014005335979163647 -0.06853935867547989
f 4099 4100 4101
v 0.010609636083245277 0.01163992565125227 -0.07221276313066483
v 0.01214208547025919 0.013576428405940533 -0.06861215084791183
v 0.010798883624374866 0.011544312350451946 -0.07182719558477402
f 4102 4103 4104
v 0.010798883624374866 0.011544312350451946 -0.07182719558477402
v 0.01214208547025919 0.013576428405940533 -0.06861215084791183
v 0.012184560298919678 0.013035821728408337 -0.06849441677331924
f 4105 4106 4107
v 0.010798883624374866 0.011544312350451946 -0.07182719558477402
v 0.012184560298919678 0.013035821728408337 -0.06849441677331924
v 0.011574627831578255 0.01106406282633543 -0.07008358091115952
f 4108 4109 4110
v 0.011574627831578255 0.01106406282633543 -0.07008358091115952
v 0.012184560298919678 0.013035821728408337 -0.06849441677331924
v 0.012319110333919525 0.01255264412611723 -0.06811331957578659
f 4111 4112 4113
v 0.011574627831578255 0.01106406282633543 -0.07008358091115952
v 0.012319110333919525 0.01255264412611723 -0.06811331957578659
v 0.012243743985891342 0.010498086921870708 -0.06833051890134811
f 4114 4115 4116
v 0.012243743985891342 0.010498086921870708 -0.06833051890134811
v 0.012319110333919525 0.01255264412611723 -0.06811331957578659
v 0.012422418221831322 0.012376333586871624 -0.06781192868947983
f 4117 4118 4119
v 0.012243743985891342 0.010498086921870708 -0.06833051890134811
v 0.012422418221831322 0.012376333586871624 -0.06781192868947983
v 0.01243110466748476 0.010305683128535748 -0.06778905540704727
f 4120 4121 4122
v 0.01243110466748476 0.010305683128535748 -0.06778905540704727
v 0.012422418221831322 0.012376333586871624 -0.06781192868947983
v 0.012510435655713081 0.012298147194087505 -0.06754878908395767
f 4123 4124 4125
v 0.01243110466748476 0.010305683128535748 -0.06778905540704727
v 0.012510435655713081 0.012298147194087505 -0.06754878908395767
v 0.013307509943842888 0.00910926889628172 -0.06484555453062057
f 4126 4127 4128
v 0.013307509943842888 0.00910926889628172 -0.06484555453062057
v 0.012510435655713081 0.012298147194087505 -0.06754878908395767
v 0.012720318511128426 0.012344884686172009 -0.06689586490392685
f 4129 4130 4131
v 0.013307509943842888 0.00910926889628172 -0.06484555453062057
v 0.012720318511128426 0.012344884686172009 -0.06689586490392685
v 0.01384176779538393 0.007992143742740154 -0.06255660206079483
f 4132 4133 4134
v 0.01384176779538393 0.007992143742740154 -0.06255660206079483
v 0.012720318511128426 0.012344884686172009 -0.06689586490392685
v 0.012870329432189465 0.012645016424357891 -0.06640525907278061
f 4135 4136 4137
v 0.01384176779538393 0.007992143742740154 -0.06255660206079483
v 0.012870329432189465 0.012645016424357891 -0.06640525907278061
v 0.012948334217071533 0.013011093251407146 -0.0661415085196495
f 4138 4139 4140
v -0.012987807393074036 0.013576428405940533 -0.06601215153932571
v -0.012952889315783978 0.013030494563281536 -0.06613234430551529
v -0.013465228490531445 0.008824813179671764 -0.06422819942235947
f 4141 4142 4143
v -0.012952889315783978 0.013030494563281536 -0.06613234430551529
v -0.01293693296611309 0.012925530783832073 -0.06618683785200119
v -0.013465228490531445 0.008824813179671764 -0.06422819942235947
f 4144 4145 4146
v -0.013465228490531445 0.008824813179671764 -0.06422819942235947
v -0.01293693296611309 0.012925530783832073 -0.06618683785200119
v -0.012839115224778652 0.012549283914268017 -0.06651530414819717
f 4147 4148 4149
v -0.013465228490531445 0.008824813179671764 -0.06422819942235947
v -0.012839115224778652 0.012549283914268017 -0.06651530414819717
v -0.013309369795024395 0.00910926889628172 -0.06484552472829819
f 4150 4151 4152
v -0.012839115224778652 0.012549283914268017 -0.06651530414819717
v -0.012794112786650658 0.012449945323169231 -0.06666328758001328
v -0.013309369795024395 0.00910926889628172 -0.06484552472829819
f 4153 4154 4155
v -0.013309369795024395 0.00910926889628172 -0.06484552472829819
v -0.012794112786650658 0.012449945323169231 -0.06666328758001328
v -0.01266492996364832 0.012297744862735271 -0.06707771867513657
f 4156 4157 4158
v -0.013309369795024395 0.00910926889628172 -0.06484552472829819
v -0.01266492996364832 0.012297744862735271 -0.06707771867513657
v -0.012245580554008484 0.010498094372451305 -0.06833045929670334
f 4159 4160 4161
v -0.01266492996364832 0.012297744862735271 -0.06707771867513657
v -0.012589681893587112 0.012276428751647472 -0.06731238216161728
v -0.012245580554008484 0.010498094372451305 -0.06833045929670334
f 4162 4163 4164
v -0.012245580554008484 0.010498094372451305 -0.06833045929670334
v -0.012589681893587112 0.012276428751647472 -0.06731238216161728
v -0.01245174277573824 0.012345577590167522 -0.06773049384355545
f 4165 4166 4167
v -0.012245580554008484 0.010498094372451305 -0.06833045929670334
v -0.01245174277573824 0.012345577590167522 -0.06773049384355545
v -0.011914507485926151 0.010799373500049114 -0.06923026591539383
f 4168 4169 4170
v -0.01245174277573824 0.012345577590167522 -0.06773049384355545
v -0.012373513542115688 0.012449960224330425 -0.06796104460954666
v -0.011914507485926151 0.010799373500049114 -0.06923026591539383
f 4171 4172 4173
v -0.011914507485926151 0.010799373500049114 -0.06923026591539383
v -0.012373513542115688 0.012449960224330425 -0.06796104460954666
v -0.01228327862918377 0.012647288851439953 -0.06822138279676437
f 4174 4175 4176
v -0.011914507485926151 0.010799373500049114 -0.06923026591539383
v -0.01228327862918377 0.012647288851439953 -0.06822138279676437
v -0.012206955812871456 0.01292488258332014 -0.06843709200620651
f 4177 4178 4179
v -0.012206955812871456 0.01292488258332014 -0.06843709200620651
v -0.012170269154012203 0.013147513382136822 -0.06853935867547989
v -0.011914507485926151 0.010799373500049114 -0.06923026591539383
f 4180 4181 4182
v -0.011914507485926151 0.010799373500049114 -0.06923026591539383
v -0.012170269154012203 0.013147513382136822 -0.06853935867547989
v -0.012143957428634167 0.013576428405940533 -0.06861215084791183
f 4183 4184 4185
v -0.011914507485926151 0.010799373500049114 -0.06923026591539383
v -0.012143957428634167 0.013576428405940533 -0.06861215084791183
v -0.011913534253835678 0.01731686480343342 -0.06923066824674606
f 4186 4187 4188
v -0.012143957428634167 0.013576428405940533 -0.06861215084791183
v -0.012186432257294655 0.014117035083472729 -0.06849441677331924
v -0.011913534253835678 0.01731686480343342 -0.06923066824674606
f 4189 4190 4191
v -0.011913534253835678 0.01731686480343342 -0.06923066824674606
v -0.012186432257294655 0.014117035083472729 -0.06849441677331924
v -0.012320983223617077 0.014600212685763836 -0.06811331957578659
f 4192 4193 4194
v -0.011913534253835678 0.01731686480343342 -0.06923066824674606
v -0.012320983223617077 0.014600212685763836 -0.06811331957578659
v -0.012118049897253513 0.017223024740815163 -0.06868334859609604
f 4195 4196 4197
v -0.012118049897253513 0.017223024740815163 -0.06868334859609604
v -0.012320983223617077 0.014600212685763836 -0.06811331957578659
v -0.012512308545410633 0.01485470961779356 -0.06754878908395767
f 4198 4199 4200
v -0.012118049897253513 0.017223024740815163 -0.06868334859609604
v -0.012512308545410633 0.01485470961779356 -0.06754878908395767
v -0.0125363077968359 0.016861433163285255 -0.06747552007436752
f 4201 4202 4203
v -0.0125363077968359 0.016861433163285255 -0.06747552007436752
v -0.012512308545410633 0.01485470961779356 -0.06754878908395767
v -0.012722192332148552 0.014807972125709057 -0.06689586490392685
f 4204 4205 4206
v -0.0125363077968359 0.016861433163285255 -0.06747552007436752
v -0.012722192332148552 0.014807972125709057 -0.06689586490392685
v -0.013224577531218529 0.015784958377480507 -0.06516189128160477
f 4207 4208 4209
v -0.013224577531218529 0.015784958377480507 -0.06516189128160477
v -0.012722192332148552 0.014807972125709057 -0.06689586490392685
v -0.012872204184532166 0.014507840387523174 -0.06640525907278061
f 4210 4211 4212
v -0.013224577531218529 0.015784958377480507 -0.06516189128160477
v -0.012872204184532166 0.014507840387523174 -0.06640525907278061
v -0.013462468981742859 0.015277187339961529 -0.06423448771238327
f 4213 4214 4215
v -0.013462468981742859 0.015277187339961529 -0.06423448771238327
v -0.012872204184532166 0.014507840387523174 -0.06640525907278061
v -0.012950208969414234 0.014141763560473919 -0.0661415085196495
f 4216 4217 4218
v -0.013462468981742859 0.015277187339961529 -0.06423448771238327
v -0.012950208969414234 0.014141763560473919 -0.0661415085196495
v -0.012972047552466393 0.013948570005595684 -0.06606655567884445
f 4219 4220 4221
v -0.012972047552466393 0.013948570005595684 -0.06606655567884445
v -0.012987807393074036 0.013576428405940533 -0.06601215153932571
v -0.013462468981742859 0.015277187339961529 -0.06423448771238327
f 4222 4223 4224
v -0.013462468981742859 0.015277187339961529 -0.06423448771238327
v -0.012987807393074036 0.013576428405940533 -0.06601215153932571
v -0.013465228490531445 0.008824813179671764 -0.06422819942235947
f 4225 4226 4227
v -0.013462468981742859 0.015277187339961529 -0.06423448771238327
v -0.013465228490531445 0.008824813179671764 -0.06422819942235947
v -0.014206914231181145 0.013274225406348705 -0.06063155084848404
f 4228 4229 4230
v -0.014206914231181145 0.013274225406348705 -0.06063155084848404
v -0.013465228490531445 0.008824813179671764 -0.06422819942235947
v -0.014514191076159477 0.012222367338836193 -0.05858146399259567
f 4231 4232 4233
v -0.014514501206576824 0.005760881118476391 -0.05857869237661362
v -0.014731514267623425 0.004672924987971783 -0.0566604807972908
v -0.014797540381550789 0.010994534008204937 -0.055921055376529694
f 4234 4235 4236
v -0.014797540381550789 0.010994534008204937 -0.055921055376529694
v -0.014731514267623425 0.004672924987971783 -0.0566604807972908
v -0.014949360862374306 0.010010178200900555 -0.05348218232393265
f 4237 4238 4239
v -0.013465228490531445 0.008824813179671764 -0.06422819942235947
v -0.014062061905860901 0.007386180572211742 -0.061446987092494965
v -0.014514191076159477 0.012222367338836193 -0.05858146399259567
f 4240 4241 4242
v -0.014514191076159477 0.012222367338836193 -0.05858146399259567
v -0.014062061905860901 0.007386180572211742 -0.061446987092494965
v -0.014514501206576824 0.005760881118476391 -0.05857869237661362
f 4243 4244 4245
v -0.014514191076159477 0.012222367338836193 -0.05858146399259567
v -0.014514501206576824 0.005760881118476391 -0.05857869237661362
v -0.014549605548381805 0.01208705734461546 -0.058304689824581146
f 4246 4247 4248
v -0.014549605548381805 0.01208705734461546 -0.058304689824581146
v -0.014514501206576824 0.005760881118476391 -0.05857869237661362
v -0.014797540381550789 0.010994534008204937 -0.055921055376529694
f 4249 4250 4251
v -0.014731514267623425 0.004672924987971783 -0.0566604807972908
v -0.014931412413716316 0.003238583914935589 -0.053884901106357574
v -0.014949360862374306 0.010010178200900555 -0.05348218232393265
f 4252 4253 4254
v -0.014949360862374306 0.010010178200900555 -0.05348218232393265
v -0.014931412413716316 0.003238583914935589 -0.053884901106357574
v -0.015000945888459682 0.0020224852487444878 -0.05099999159574509
f 4255 4256 4257
v -0.014949360862374306 0.010010178200900555 -0.05348218232393265
v -0.015000945888459682 0.0020224852487444878 -0.05099999159574509
v -0.015000945888459682 0.009126718156039715 -0.05099999159574509
f 4258 4259 4260
v -0.007723300252109766 0.01736142672598362 -0.07671885937452316
v -0.007725351024419069 0.012508767656981945 -0.07671711593866348
v -0.008767262101173401 0.01736142672598362 -0.07534349709749222
f 4261 4262 4263
v -0.008767262101173401 0.01736142672598362 -0.07534349709749222
v -0.007725351024419069 0.012508767656981945 -0.07671711593866348
v -0.008859965018928051 0.0122562600299716 -0.075208880007267
f 4264 4265 4266
v -0.008767262101173401 0.01736142672598362 -0.07534349709749222
v -0.008859965018928051 0.0122562600299716 -0.075208880007267
v -0.009857739321887493 0.01736142672598362 -0.07361356168985367
f 4267 4268 4269
v -0.009857739321887493 0.01736142672598362 -0.07361356168985367
v -0.008859965018928051 0.0122562600299716 -0.075208880007267
v -0.009859776124358177 0.011956038884818554 -0.0736142173409462
f 4270 4271 4272
v -0.009857739321887493 0.01736142672598362 -0.07361356168985367
v -0.009859776124358177 0.011956038884818554 -0.0736142173409462
v -0.0108172707259655 0.01736142672598362 -0.07178526371717453
f 4273 4274 4275
v -0.0108172707259655 0.01736142672598362 -0.07178526371717453
v -0.009859776124358177 0.011956038884818554 -0.0736142173409462
v -0.00990108959376812 0.011940973810851574 -0.07354214042425156
f 4276 4277 4278
v -0.0108172707259655 0.01736142672598362 -0.07178526371717453
v -0.00990108959376812 0.011940973810851574 -0.07354214042425156
v -0.011642036959528923 0.01736142672598362 -0.06991928070783615
f 4279 4280 4281
v -0.011642036959528923 0.01736142672598362 -0.06991928070783615
v -0.00990108959376812 0.011940973810851574 -0.07354214042425156
v -0.010800730437040329 0.011544319801032543 -0.07182716578245163
f 4282 4283 4284
v -0.011642036959528923 0.01736142672598362 -0.06991928070783615
v -0.010800730437040329 0.011544319801032543 -0.07182716578245163
v -0.011913534253835678 0.01731686480343342 -0.06923066824674606
f 4285 4286 4287
v -0.011913534253835678 0.01731686480343342 -0.06923066824674606
v -0.010800730437040329 0.011544319801032543 -0.07182716578245163
v -0.011576466262340546 0.011064070276916027 -0.07008352130651474
f 4288 4289 4290
v -0.011913534253835678 0.01731686480343342 -0.06923066824674606
v -0.011576466262340546 0.011064070276916027 -0.07008352130651474
v -0.011914507485926151 0.010799373500049114 -0.06923026591539383
f 4291 4292 4293
v -0.0031019700691103935 0.01736142672598362 -0.08035189658403397
v -0.003104665083810687 0.013100462965667248 -0.08035571128129959
v -0.004253833554685116 0.01736142672598362 -0.07976893335580826
f 4294 4295 4296
v -0.004253833554685116 0.01736142672598362 -0.07976893335580826
v -0.003104665083810687 0.013100462965667248 -0.08035571128129959
v -0.004447408951818943 0.012989434413611889 -0.07965298742055893
f 4297 4298 4299
v -0.004253833554685116 0.01736142672598362 -0.07976893335580826
v -0.004447408951818943 0.012989434413611889 -0.07965298742055893
v -0.0055223507806658745 0.01736142672598362 -0.07889365404844284
f 4300 4301 4302
v -0.004447408951818943 0.012989434413611889 -0.07965298742055893
v -0.005249680485576391 0.012901383452117443 -0.07910489290952682
v -0.0055223507806658745 0.01736142672598362 -0.07889365404844284
f 4303 4304 4305
v -0.0055223507806658745 0.01736142672598362 -0.07889365404844284
v -0.005249680485576391 0.012901383452117443 -0.07910489290952682
v -0.00552436662837863 0.012867170386016369 -0.07889374345541
f 4306 4307 4308
v -0.0055223507806658745 0.01736142672598362 -0.07889365404844284
v -0.00552436662837863 0.012867170386016369 -0.07889374345541
v -0.0060014668852090836 0.01736142672598362 -0.07849498838186264
f 4309 4310 4311
v -0.0060014668852090836 0.01736142672598362 -0.07849498838186264
v -0.00552436662837863 0.012867170386016369 -0.07889374345541
v -0.006516697350889444 0.012724916450679302 -0.078023262321949
f 4312 4313 4314
v -0.0060014668852090836 0.01736142672598362 -0.07849498838186264
v -0.006516697350889444 0.012724916450679302 -0.078023262321949
v -0.007723300252109766 0.01736142672598362 -0.07671885937452316
f 4315 4316 4317
v -0.007723300252109766 0.01736142672598362 -0.07671885937452316
v -0.006516697350889444 0.012724916450679302 -0.078023262321949
v -0.00723280431702733 0.01260287594050169 -0.0772838220000267
f 4318 4319 4320
v -0.007723300252109766 0.01736142672598362 -0.07671885937452316
v -0.00723280431702733 0.01260287594050169 -0.0772838220000267
v -0.007725351024419069 0.012508767656981945 -0.07671711593866348
f 4321 4322 4323
v 0.008555659092962742 0.01736142672598362 -0.07564019411802292
v 0.008555755950510502 0.012328739278018475 -0.07564010471105576
v 0.007490267511457205 0.01736142672598362 -0.07699090987443924
f 4324 4325 4326
v 0.007490267511457205 0.01736142672598362 -0.07699090987443924
v 0.008555755950510502 0.012328739278018475 -0.07564010471105576
v 0.00723033444955945 0.012602838687598705 -0.0772828534245491
f 4327 4328 4329
v 0.007490267511457205 0.01736142672598362 -0.07699090987443924
v 0.00723033444955945 0.012602838687598705 -0.0772828534245491
v 0.006313372403383255 0.01736142672598362 -0.07821246236562729
f 4330 4331 4332
v 0.00723033444955945 0.012602838687598705 -0.0772828534245491
v 0.006367296911776066 0.012747774831950665 -0.07816132158041
v 0.006313372403383255 0.01736142672598362 -0.07821246236562729
f 4333 4334 4335
v 0.006313372403383255 0.01736142672598362 -0.07821246236562729
v 0.006367296911776066 0.012747774831950665 -0.07816132158041
v 0.0063131144270300865 0.012756074778735638 -0.07821188122034073
f 4336 4337 4338
v 0.006313372403383255 0.01736142672598362 -0.07821246236562729
v 0.0063131144270300865 0.012756074778735638 -0.07821188122034073
v 0.006002636160701513 0.01736142672598362 -0.07849233597517014
f 4339 4340 4341
v 0.006002636160701513 0.01736142672598362 -0.07849233597517014
v 0.0063131144270300865 0.012756074778735638 -0.07821188122034073
v 0.00443469500169158 0.012990023009479046 -0.07965534180402756
f 4342 4343 4344
v 0.006002636160701513 0.01736142672598362 -0.07849233597517014
v 0.00443469500169158 0.012990023009479046 -0.07965534180402756
v 0.004260057117789984 0.01736142672598362 -0.07976415008306503
f 4345 4346 4347
v 0.004260057117789984 0.01736142672598362 -0.07976415008306503
v 0.00443469500169158 0.012990023009479046 -0.07965534180402756
v 0.004090676549822092 0.013022507540881634 -0.07985960692167282
f 4348 4349 4350
v 0.004260057117789984 0.01736142672598362 -0.07976415008306503
v 0.004090676549822092 0.013022507540881634 -0.07985960692167282
v 0.003961899783462286 0.01736142672598362 -0.07993412762880325
f 4351 4352 4353
v 0.003961899783462286 0.01736142672598362 -0.07993412762880325
v 0.004090676549822092 0.013022507540881634 -0.07985960692167282
v 0.003961523529142141 0.013033944182097912 -0.07993180304765701
f 4354 4355 4356
v 0.003961899783462286 0.01736142672598362 -0.07993412762880325
v 0.003961523529142141 0.013033944182097912 -0.07993180304765701
v 0.0032832599245011806 0.01736142672598362 -0.0802721157670021
f 4357 4358 4359
v 0.0032832599245011806 0.01736142672598362 -0.0802721157670021
v 0.003961523529142141 0.013033944182097912 -0.07993180304765701
v 0.0023355153389275074 0.013144168071448803 -0.08063479512929916
f 4360 4361 4362
v 0.0032832599245011806 0.01736142672598362 -0.0802721157670021
v 0.0023355153389275074 0.013144168071448803 -0.08063479512929916
v 0.0015668694395571947 0.01736142672598362 -0.08083567768335342
f 4363 4364 4365
v 0.0015668694395571947 0.01736142672598362 -0.08083567768335342
v 0.0023355153389275074 0.013144168071448803 -0.08063479512929916
v 0.0015671466244384646 0.013175281696021557 -0.08083533495664597
f 4366 4367 4368
v 0.0015668694395571947 0.01736142672598362 -0.08083567768335342
v 0.0015671466244384646 0.013175281696021557 -0.08083533495664597
v 0.0011348272673785686 0.01736142672598362 -0.08091387897729874
f 4369 4370 4371
v 0.0011348272673785686 0.01736142672598362 -0.08091387897729874
v 0.0015671466244384646 0.013175281696021557 -0.08083533495664597
v -3.505296035655192e-06 0.013199935667216778 -0.08099467307329178
f 4372 4373 4374
v 0.0011348272673785686 0.01736142672598362 -0.08091387897729874
v -3.505296035655192e-06 0.013199935667216778 -0.08099467307329178
v -0.0007811180548742414 0.01736142672598362 -0.08095938712358475
f 4375 4376 4377
v -0.0007811180548742414 0.01736142672598362 -0.08095938712358475
v -3.505296035655192e-06 0.013199935667216778 -0.08099467307329178
v -0.0007811301038600504 0.013194124214351177 -0.08095740526914597
f 4378 4379 4380
v -0.0007811180548742414 0.01736142672598362 -0.08095938712358475
v -0.0007811301038600504 0.013194124214351177 -0.08095740526914597
v -0.0011341096833348274 0.01736142672598362 -0.08091426640748978
f 4381 4382 4383
v -0.0011341096833348274 0.01736142672598362 -0.08091426640748978
v -0.0007811301038600504 0.013194124214351177 -0.08095740526914597
v -0.0014486901927739382 0.01317943911999464 -0.08086282759904861
f 4384 4385 4386
v -0.0011341096833348274 0.01736142672598362 -0.08091426640748978
v -0.0014486901927739382 0.01317943911999464 -0.08086282759904861
v -0.0031019700691103935 0.01736142672598362 -0.08035189658403397
f 4387 4388 4389
v -0.0031019700691103935 0.01736142672598362 -0.08035189658403397
v -0.0014486901927739382 0.01317943911999464 -0.08086282759904861
v -0.0023641998413950205 0.013143482618033886 -0.08063136786222458
f 4390 4391 4392
v -0.0031019700691103935 0.01736142672598362 -0.08035189658403397
v -0.0023641998413950205 0.013143482618033886 -0.08063136786222458
v -0.002822086913511157 0.013118366710841656 -0.08047022670507431
f 4393 4394 4395
v 0.012168397195637226 0.014005335979163647 -0.06853935867547989
v 0.010609636083245277 0.01163992565125227 -0.07221276313066483
v 0.01060566771775484 0.01736142672598362 -0.07221319526433945
f 4396 4397 4398
v 0.01060566771775484 0.01736142672598362 -0.07221319526433945
v 0.010609636083245277 0.01163992565125227 -0.07221276313066483
v 0.009899230673909187 0.011940973810851574 -0.07354215532541275
f 4399 4400 4401
v 0.01060566771775484 0.01736142672598362 -0.07221319526433945
v 0.009899230673909187 0.011940973810851574 -0.07354215532541275
v 0.009865915402770042 0.01736142672598362 -0.0735960379242897
f 4402 4403 4404
v 0.009865915402770042 0.01736142672598362 -0.0735960379242897
v 0.009899230673909187 0.011940973810851574 -0.07354215532541275
v 0.00885810051113367 0.0122562600299716 -0.075208880007267
f 4405 4406 4407
v 0.009865915402770042 0.01736142672598362 -0.0735960379242897
v 0.00885810051113367 0.0122562600299716 -0.075208880007267
v 0.008555659092962742 0.01736142672598362 -0.07564019411802292
f 4408 4409 4410
v 0.008555659092962742 0.01736142672598362 -0.07564019411802292
v 0.00885810051113367 0.0122562600299716 -0.075208880007267
v 0.008585287258028984 0.012321832589805126 -0.07559897750616074
f 4411 4412 4413
v 0.008555659092962742 0.01736142672598362 -0.07564019411802292
v 0.008585287258028984 0.012321832589805126 -0.07559897750616074
v 0.008555755950510502 0.012328739278018475 -0.07564010471105576
f 4414 4415 4416
v -0.015000945888459682 0.009126718156039715 -0.05099999159574509
v -0.015000945888459682 0.0020224852487444878 -0.05099999159574509
v -0.015000945888459682 0.0043151481077075005 -0.04861215502023697
f 4417 4418 4419
v -0.015000945888459682 0.003657984547317028 -0.04619049280881882
v -0.015000945888459682 0.0031893206760287285 -0.04666215926408768
v -0.015000945888459682 0.00026644294848665595 -0.04619049280881882
f 4420 4421 4422
v -0.015000945888459682 0.00026644294848665595 -0.04619049280881882
v -0.015000945888459682 0.0031893206760287285 -0.04666215926408768
v -0.015000945888459682 0.00301514845341444 -0.047312162816524506
f 4423 4424 4425
v -0.015000945888459682 0.00026644294848665595 -0.04619049280881882
v -0.015000945888459682 0.00301514845341444 -0.047312162816524506
v -0.015000945888459682 0.0017998991534113884 -0.0504036471247673
f 4426 4427 4428
v -0.015000945888459682 0.0017998991534113884 -0.0504036471247673
v -0.015000945888459682 0.00301514845341444 -0.047312162816524506
v -0.015000945888459682 0.0031893206760287285 -0.04796215146780014
f 4429 4430 4431
v -0.015000945888459682 0.0017998991534113884 -0.0504036471247673
v -0.015000945888459682 0.0031893206760287285 -0.04796215146780014
v -0.015000945888459682 0.0020224852487444878 -0.05099999159574509
f 4432 4433 4434
v -0.015000945888459682 0.0020224852487444878 -0.05099999159574509
v -0.015000945888459682 0.0031893206760287285 -0.04796215146780014
v -0.015000945888459682 0.0036651520058512688 -0.04843799024820328
f 4435 4436 4437
v -0.015000945888459682 0.0020224852487444878 -0.05099999159574509
v -0.015000945888459682 0.0036651520058512688 -0.04843799024820328
v -0.015000945888459682 0.0043151481077075005 -0.04861215502023697
f 4438 4439 4440
v -0.015000945888459682 0.0043151481077075005 -0.04861215502023697
v -0.015000945888459682 0.004965151660144329 -0.04843799024820328
v -0.015000945888459682 0.009126718156039715 -0.05099999159574509
f 4441 4442 4443
v -0.015000945888459682 0.009126718156039715 -0.05099999159574509
v -0.015000945888459682 0.004965151660144329 -0.04843799024820328
v -0.015000945888459682 0.005440982989966869 -0.04796215146780014
f 4444 4445 4446
v -0.015000945888459682 0.009126718156039715 -0.05099999159574509
v -0.015000945888459682 0.005440982989966869 -0.04796215146780014
v -0.015000945888459682 0.008359196595847607 -0.04860701411962509
f 4447 4448 4449
v -0.015000945888459682 0.008359196595847607 -0.04860701411962509
v -0.015000945888459682 0.005440982989966869 -0.04796215146780014
v -0.015000945888459682 0.005615147762000561 -0.047312162816524506
f 4450 4451 4452
v -0.015000945888459682 0.008359196595847607 -0.04860701411962509
v -0.015000945888459682 0.005615147762000561 -0.047312162816524506
v -0.015000945888459682 0.007668937556445599 -0.04619049280881882
f 4453 4454 4455
v -0.015000945888459682 0.007668937556445599 -0.04619049280881882
v -0.015000945888459682 0.005615147762000561 -0.047312162816524506
v -0.015000945888459682 0.005440982989966869 -0.04666215926408768
f 4456 4457 4458
v -0.015000945888459682 0.007668937556445599 -0.04619049280881882
v -0.015000945888459682 0.005440982989966869 -0.04666215926408768
v -0.015000945888459682 0.00497231911867857 -0.04619049280881882
f 4459 4460 4461
v -0.030033722519874573 0.0020799068734049797 -0.010451101697981358
v -0.029907118529081345 0.001936870627105236 -0.010575645603239536
v -0.030500972643494606 -0.011800003238022327 -0.010000013746321201
f 4462 4463 4464
v -0.030033722519874573 0.0020799068734049797 -0.010451101697981358
v -0.030500972643494606 -0.011800003238022327 -0.010000013746321201
v -0.030291220173239708 0.002545940689742565 -0.010201388038694859
f 4465 4466 4467
v -0.03044590726494789 0.003106514923274517 -0.01005279365926981
v -0.030500972643494606 -0.011800003238022327 -0.010000013746321201
v -0.030454466119408607 0.0031563816592097282 -0.010044717229902744
f 4468 4469 4470
v -0.030454466119408607 0.0031563816592097282 -0.010044717229902744
v -0.030500972643494606 -0.011800003238022327 -0.010000013746321201
v -0.030500972643494606 0.003755795769393444 -0.010000013746321201
f 4471 4472 4473
v -0.03044590726494789 0.003106514923274517 -0.01005279365926981
v -0.030440686270594597 0.0030780835077166557 -0.010057740844786167
v -0.030500972643494606 -0.011800003238022327 -0.010000013746321201
f 4474 4475 4476
v -0.030500972643494606 -0.011800003238022327 -0.010000013746321201
v -0.030440686270594597 0.0030780835077166557 -0.010057740844786167
v -0.030307834967970848 0.0025898469612002373 -0.010185264982283115
f 4477 4478 4479
v -0.030500972643494606 -0.011800003238022327 -0.010000013746321201
v -0.030307834967970848 0.0025898469612002373 -0.010185264982283115
v -0.030291220173239708 0.002545940689742565 -0.010201388038694859
f 4480 4481 4482
v -0.029787776991724968 -0.012911786325275898 -0.010693543590605259
v -0.02988751232624054 -0.012787793762981892 -0.010594897903501987
v -0.027486370876431465 0.0022605760022997856 -0.013135128654539585
f 4483 4484 4485
v -0.027486370876431465 0.0022605760022997856 -0.013135128654539585
v -0.02988751232624054 -0.012787793762981892 -0.010594897903501987
v -0.029983969405293465 -0.012653668411076069 -0.010500007309019566
f 4486 4487 4488
v -0.027486370876431465 0.0022605760022997856 -0.013135128654539585
v -0.029983969405293465 -0.012653668411076069 -0.010500007309019566
v -0.030121762305498123 -0.012467560358345509 -0.01036533061414957
f 4489 4490 4491
v -0.030121762305498123 -0.012467560358345509 -0.01036533061414957
v -0.030226031318306923 -0.01236011553555727 -0.01026409212499857
v -0.027486370876431465 0.0022605760022997856 -0.013135128654539585
f 4492 4493 4494
v -0.027486370876431465 0.0022605760022997856 -0.013135128654539585
v -0.030226031318306923 -0.01236011553555727 -0.01026409212499857
v -0.030274799093604088 -0.012326647527515888 -0.010216974653303623
f 4495 4496 4497
v -0.027486370876431465 0.0022605760022997856 -0.013135128654539585
v -0.030274799093604088 -0.012326647527515888 -0.010216974653303623
v -0.029907118529081345 0.001936870627105236 -0.010575645603239536
f 4498 4499 4500
v -0.029907118529081345 0.001936870627105236 -0.010575645603239536
v -0.030274799093604088 -0.012326647527515888 -0.010216974653303623
v -0.03034539334475994 -0.01230930257588625 -0.010148965753614902
f 4501 4502 4503
v -0.029907118529081345 0.001936870627105236 -0.010575645603239536
v -0.03034539334475994 -0.01230930257588625 -0.010148965753614902
v -0.030500972643494606 -0.011800003238022327 -0.010000013746321201
f 4504 4505 4506
v -0.030500972643494606 -0.011800003238022327 -0.010000013746321201
v -0.03034539334475994 -0.01230930257588625 -0.010148965753614902
v -0.030394263565540314 -0.012330775149166584 -0.010102027095854282
f 4507 4508 4509
v -0.030500972643494606 -0.011800003238022327 -0.010000013746321201
v -0.030394263565540314 -0.012330775149166584 -0.010102027095854282
v -0.030441107228398323 -0.012396332807838917 -0.010057174600660801
f 4510 4511 4512
v -0.025189220905303955 0.0026154620572924614 -0.01594107784330845
v -0.023609299212694168 -0.010142830200493336 -0.0181520227342844
v -0.027486370876431465 0.0022605760022997856 -0.013135128654539585
f 4513 4514 4515
v -0.027486370876431465 0.0022605760022997856 -0.013135128654539585
v -0.023609299212694168 -0.010142830200493336 -0.0181520227342844
v -0.026464281603693962 -0.01155920047312975 -0.014336877502501011
f 4516 4517 4518
v -0.027486370876431465 0.0022605760022997856 -0.013135128654539585
v -0.026464281603693962 -0.01155920047312975 -0.014336877502501011
v -0.029787776991724968 -0.012911786325275898 -0.010693543590605259
f 4519 4520 4521
v -0.021803105250000954 -0.00036204332718625665 -0.0210121963173151
v -0.021803129464387894 -0.00037280196556821465 -0.02101215161383152
v -0.02360518090426922 0.002894285134971142 -0.01814783550798893
f 4522 4523 4524
v -0.02360518090426922 0.002894285134971142 -0.01814783550798893
v -0.021803129464387894 -0.00037280196556821465 -0.02101215161383152
v -0.023609299212694168 -0.010142830200493336 -0.0181520227342844
f 4525 4526 4527
v -0.02360518090426922 0.002894285134971142 -0.01814783550798893
v -0.023609299212694168 -0.010142830200493336 -0.0181520227342844
v -0.024727093055844307 0.0026935813948512077 -0.016559148207306862
f 4528 4529 4530
v -0.024727093055844307 0.0026935813948512077 -0.016559148207306862
v -0.023609299212694168 -0.010142830200493336 -0.0181520227342844
v -0.025189220905303955 0.0026154620572924614 -0.01594107784330845
f 4531 4532 4533
v -0.021803129464387894 -0.00037280196556821465 -0.02101215161383152
v -0.02174212597310543 -0.0008845152915455401 -0.021117115393280983
v -0.023609299212694168 -0.010142830200493336 -0.0181520227342844
f 4534 4535 4536
v -0.023609299212694168 -0.010142830200493336 -0.0181520227342844
v -0.02174212597310543 -0.0008845152915455401 -0.021117115393280983
v -0.02156953141093254 -0.0013156803324818611 -0.02141728438436985
f 4537 4538 4539
v -0.023609299212694168 -0.010142830200493336 -0.0181520227342844
v -0.02156953141093254 -0.0013156803324818611 -0.02141728438436985
v -0.023516055196523666 -0.010091510601341724 -0.018290260806679726
f 4540 4541 4542
v -0.023516055196523666 -0.010091510601341724 -0.018290260806679726
v -0.02156953141093254 -0.0013156803324818611 -0.02141728438436985
v -0.021334543824195862 -0.0015815990045666695 -0.021833861246705055
f 4543 4544 4545
v -0.023516055196523666 -0.010091510601341724 -0.018290260806679726
v -0.021334543824195862 -0.0015815990045666695 -0.021833861246705055
v -0.020968349650502205 -0.008523833937942982 -0.02251296676695347
f 4546 4547 4548
v -0.021334543824195862 -0.0015815990045666695 -0.021833861246705055
v -0.021244971081614494 -0.0016336338594555855 -0.021995151415467262
v -0.020968349650502205 -0.008523833937942982 -0.02251296676695347
f 4549 4550 4551
v -0.020968349650502205 -0.008523833937942982 -0.02251296676695347
v -0.021244971081614494 -0.0016336338594555855 -0.021995151415467262
v -0.021075021475553513 -0.0016727792099118233 -0.0223050806671381
f 4552 4553 4554
v -0.020968349650502205 -0.008523833937942982 -0.02251296676695347
v -0.021075021475553513 -0.0016727792099118233 -0.0223050806671381
v -0.020385457202792168 -0.008109633810818195 -0.023628661409020424
f 4555 4556 4557
v -0.020385457202792168 -0.008109633810818195 -0.023628661409020424
v -0.021075021475553513 -0.0016727792099118233 -0.0223050806671381
v -0.020900603383779526 -0.0016337381675839424 -0.0226286593824625
f 4558 4559 4560
v -0.020385457202792168 -0.008109633810818195 -0.023628661409020424
v -0.020900603383779526 -0.0016337381675839424 -0.0226286593824625
v -0.020820723846554756 -0.001586143858730793 -0.022778788581490517
f 4561 4562 4563
v -0.020820723846554756 -0.001586143858730793 -0.022778788581490517
v -0.02059895731508732 -0.0013202698901295662 -0.023202160373330116
v -0.020385457202792168 -0.008109633810818195 -0.023628661409020424
f 4564 4565 4566
v -0.020385457202792168 -0.008109633810818195 -0.023628661409020424
v -0.02059895731508732 -0.0013202698901295662 -0.023202160373330116
v -0.02044549025595188 -0.0008986266911961138 -0.02350103296339512
f 4567 4568 4569
v -0.020385457202792168 -0.008109633810818195 -0.023628661409020424
v -0.02044549025595188 -0.0008986266911961138 -0.02350103296339512
v -0.02038908563554287 -0.0003786283195950091 -0.02361215092241764
f 4570 4571 4572
v -0.020389078184962273 -0.00037280196556821465 -0.02361215092241764
v -0.02044394053518772 0.0001461086212657392 -0.023504087701439857
v -0.020382724702358246 0.0035855798050761223 -0.023624712601304054
f 4573 4574 4575
v -0.020382724702358246 0.0035855798050761223 -0.023624712601304054
v -0.02044394053518772 0.0001461086212657392 -0.023504087701439857
v -0.02059895731508732 0.0005746660172007978 -0.023202160373330116
f 4576 4577 4578
v -0.021075021475553513 0.0009271753369830549 -0.0223050806671381
v -0.021244127303361893 0.003380107693374157 -0.021996671333909035
v -0.020900603383779526 0.0008881417452357709 -0.0226286593824625
f 4579 4580 4581
v -0.020900603383779526 0.0008881417452357709 -0.0226286593824625
v -0.021244127303361893 0.003380107693374157 -0.021996671333909035
v -0.020382724702358246 0.0035855798050761223 -0.023624712601304054
f 4582 4583 4584
v -0.020900603383779526 0.0008881417452357709 -0.0226286593824625
v -0.020382724702358246 0.0035855798050761223 -0.023624712601304054
v -0.020820723846554756 0.0008405399858020246 -0.022778788581490517
f 4585 4586 4587
v -0.020820723846554756 0.0008405399858020246 -0.022778788581490517
v -0.020382724702358246 0.0035855798050761223 -0.023624712601304054
v -0.02059895731508732 0.0005746660172007978 -0.023202160373330116
f 4588 4589 4590
v -0.021075021475553513 0.0009271753369830549 -0.0223050806671381
v -0.021244971081614494 0.0008880299865268171 -0.021995151415467262
v -0.021244127303361893 0.003380107693374157 -0.021996671333909035
f 4591 4592 4593
v -0.021244127303361893 0.003380107693374157 -0.021996671333909035
v -0.021244971081614494 0.0008880299865268171 -0.021995151415467262
v -0.021334543824195862 0.000836002582218498 -0.021833861246705055
f 4594 4595 4596
v -0.021244127303361893 0.003380107693374157 -0.021996671333909035
v -0.021334543824195862 0.000836002582218498 -0.021833861246705055
v -0.023105008527636528 0.002989361993968487 -0.01890074647963047
f 4597 4598 4599
v -0.023105008527636528 0.002989361993968487 -0.01890074647963047
v -0.021334543824195862 0.000836002582218498 -0.021833861246705055
v -0.02156953141093254 0.0005700764595530927 -0.02141728438436985
f 4600 4601 4602
v -0.023105008527636528 0.002989361993968487 -0.01890074647963047
v -0.02156953141093254 0.0005700764595530927 -0.02141728438436985
v -0.02360518090426922 0.002894285134971142 -0.01814783550798893
f 4603 4604 4605
v -0.02360518090426922 0.002894285134971142 -0.01814783550798893
v -0.02156953141093254 0.0005700764595530927 -0.02141728438436985
v -0.021738974377512932 0.00015138363232836127 -0.021122554317116737
f 4606 4607 4608
v -0.02360518090426922 0.002894285134971142 -0.01814783550798893
v -0.021738974377512932 0.00015138363232836127 -0.021122554317116737
v -0.021803105250000954 -0.00036204332718625665 -0.0210121963173151
f 4609 4610 4611
v -0.02038908563554287 -0.0003786283195950091 -0.02361215092241764
v -0.020389078184962273 -0.00037280196556821465 -0.02361215092241764
v -0.020385457202792168 -0.008109633810818195 -0.023628661409020424
f 4612 4613 4614
v -0.020385457202792168 -0.008109633810818195 -0.023628661409020424
v -0.020389078184962273 -0.00037280196556821465 -0.02361215092241764
v -0.020382724702358246 0.0035855798050761223 -0.023624712601304054
f 4615 4616 4617
v -0.020385457202792168 -0.008109633810818195 -0.023628661409020424
v -0.020382724702358246 0.0035855798050761223 -0.023624712601304054
v -0.018846420571208 -0.006871295161545277 -0.026964256539940834
f 4618 4619 4620
v -0.020382724702358246 0.0035855798050761223 -0.023624712601304054
v -0.019742203876376152 0.0037514595314860344 -0.024938533082604408
v -0.018846420571208 -0.006871295161545277 -0.026964256539940834
f 4621 4622 4623
v -0.018846420571208 -0.006871295161545277 -0.026964256539940834
v -0.019742203876376152 0.0037514595314860344 -0.024938533082604408
v -0.019466428086161613 0.0038269339129328728 -0.025536010041832924
f 4624 4625 4626
v -0.018846420571208 -0.006871295161545277 -0.026964256539940834
v -0.019466428086161613 0.0038269339129328728 -0.025536010041832924
v -0.017879614606499672 -0.005941768176853657 -0.02946803905069828
f 4627 4628 4629
v -0.019466428086161613 0.0038269339129328728 -0.025536010041832924
v -0.018423201516270638 0.004151488654315472 -0.028011465445160866
v -0.017879614606499672 -0.005941768176853657 -0.02946803905069828
f 4630 4631 4632
v -0.017879614606499672 -0.005941768176853657 -0.02946803905069828
v -0.018423201516270638 0.004151488654315472 -0.028011465445160866
v -0.01788138411939144 0.004354427568614483 -0.029466772451996803
f 4633 4634 4635
v -0.017879614606499672 -0.005941768176853657 -0.02946803905069828
v -0.01788138411939144 0.004354427568614483 -0.029466772451996803
v -0.01717528887093067 -0.005149063654243946 -0.03160326927900314
f 4636 4637 4638
v -0.01717528887093067 -0.005149063654243946 -0.03160326927900314
v -0.01788138411939144 0.004354427568614483 -0.029466772451996803
v -0.017515743151307106 0.004509824328124523 -0.030535468831658363
f 4639 4640 4641
v -0.01717528887093067 -0.005149063654243946 -0.03160326927900314
v -0.017515743151307106 0.004509824328124523 -0.030535468831658363
v -0.015972185879945755 -0.003373485989868641 -0.036385975778102875
f 4642 4643 4644
v -0.017515743151307106 0.004509824328124523 -0.030535468831658363
v -0.01674583926796913 0.0049068508669734 -0.0330992117524147
v -0.015972185879945755 -0.003373485989868641 -0.036385975778102875
f 4645 4646 4647
v -0.015972185879945755 -0.003373485989868641 -0.036385975778102875
v -0.01674583926796913 0.0049068508669734 -0.0330992117524147
v -0.01611527055501938 0.005347470752894878 -0.03569389134645462
f 4648 4649 4650
v -0.015972185879945755 -0.003373485989868641 -0.036385975778102875
v -0.01611527055501938 0.005347470752894878 -0.03569389134645462
v -0.015244971960783005 -0.0015623616054654121 -0.04126442223787308
f 4651 4652 4653
v -0.01506992056965828 0.006988863460719585 -0.04356998950242996
v -0.015000945888459682 0.007668937556445599 -0.04619049280881882
v -0.015000945888459682 0.00497231911867857 -0.04619049280881882
f 4654 4655 4656
v -0.01611527055501938 0.005347470752894878 -0.03569389134645462
v -0.01562577858567238 0.005836660973727703 -0.03831066936254501
v -0.015244971960783005 -0.0015623616054654121 -0.04126442223787308
f 4657 4658 4659
v -0.015244971960783005 -0.0015623616054654121 -0.04126442223787308
v -0.01562577858567238 0.005836660973727703 -0.03831066936254501
v -0.015277747996151447 0.006380963139235973 -0.04093969613313675
f 4660 4661 4662
v -0.015244971960783005 -0.0015623616054654121 -0.04126442223787308
v -0.015277747996151447 0.006380963139235973 -0.04093969613313675
v -0.015000945888459682 0.00026644294848665595 -0.04619049280881882
f 4663 4664 4665
v -0.015000945888459682 0.00026644294848665595 -0.04619049280881882
v -0.015277747996151447 0.006380963139235973 -0.04093969613313675
v -0.01506992056965828 0.006988863460719585 -0.04356998950242996
f 4666 4667 4668
v -0.015000945888459682 0.00026644294848665595 -0.04619049280881882
v -0.01506992056965828 0.006988863460719585 -0.04356998950242996
v -0.015000945888459682 0.003657984547317028 -0.04619049280881882
f 4669 4670 4671
v -0.015000945888459682 0.003657984547317028 -0.04619049280881882
v -0.01506992056965828 0.006988863460719585 -0.04356998950242996
v -0.015000945888459682 0.00497231911867857 -0.04619049280881882
f 4672 4673 4674
v -0.02862081117928028 -0.013753158040344715 -0.01059576217085123
v -0.028529949486255646 -0.013788011856377125 -0.010500007309019566
v -0.029091322794556618 -0.01351377833634615 -0.010500007309019566
f 4675 4676 4677
v -0.029018176719546318 -0.013558064587414265 -0.010899954475462437
v -0.028752926737070084 -0.013696280308067799 -0.010745787061750889
v -0.029091322794556618 -0.01351377833634615 -0.010500007309019566
f 4678 4679 4680
v -0.029091322794556618 -0.01351377833634615 -0.010500007309019566
v -0.028752926737070084 -0.013696280308067799 -0.010745787061750889
v -0.028710495680570602 -0.013715368695557117 -0.010699593462049961
f 4681 4682 4683
v -0.029091322794556618 -0.01351377833634615 -0.010500007309019566
v -0.028710495680570602 -0.013715368695557117 -0.010699593462049961
v -0.02862081117928028 -0.013753158040344715 -0.01059576217085123
f 4684 4685 4686
v -0.029983969405293465 -0.012653668411076069 -0.010500007309019566
v -0.029887517914175987 -0.012787801213562489 -0.010594897903501987
v -0.029791779816150665 -0.012907062657177448 -0.010500007309019566
f 4687 4688 4689
v -0.029791779816150665 -0.012907062657177448 -0.010500007309019566
v -0.029887517914175987 -0.012787801213562489 -0.010594897903501987
v -0.029787776991724968 -0.012911786325275898 -0.010693543590605259
f 4690 4691 4692
v -0.029791779816150665 -0.012907062657177448 -0.010500007309019566
v -0.029787776991724968 -0.012911786325275898 -0.010693543590605259
v -0.029091322794556618 -0.01351377833634615 -0.010500007309019566
f 4693 4694 4695
v -0.029091322794556618 -0.01351377833634615 -0.010500007309019566
v -0.029787776991724968 -0.012911786325275898 -0.010693543590605259
v -0.029396243393421173 -0.013295498676598072 -0.010910236276686192
f 4696 4697 4698
v -0.029091322794556618 -0.01351377833634615 -0.010500007309019566
v -0.029396243393421173 -0.013295498676598072 -0.010910236276686192
v -0.029018176719546318 -0.013558064587414265 -0.010899954475462437
f 4699 4700 4701
v 0.01961662247776985 -5.5228418204933405e-05 -0.036356158554553986
v 0.020691677927970886 -0.0010270075872540474 -0.03368041664361954
v 0.02017255499958992 -0.0009384500444866717 -0.034108661115169525
f 4702 4703 4704
v 0.02017255499958992 -0.0009384500444866717 -0.034108661115169525
v 0.020691677927970886 -0.0010270075872540474 -0.03368041664361954
v 0.020360294729471207 -0.0011247145012021065 -0.03359692543745041
f 4705 4706 4707
v 0.020360294729471207 -0.0011247145012021065 -0.03359692543745041
v 0.020691677927970886 -0.0010270075872540474 -0.03368041664361954
v 0.021581878885626793 -0.0020210938528180122 -0.030943969264626503
f 4708 4709 4710
v 0.020360294729471207 -0.0011247145012021065 -0.03359692543745041
v 0.021581878885626793 -0.0020210938528180122 -0.030943969264626503
v 0.021742060780525208 -0.002792094834148884 -0.029015833511948586
f 4711 4712 4713
v 0.021581878885626793 -0.0020210938528180122 -0.030943969264626503
v 0.02230820804834366 -0.0030300067737698555 -0.02816724218428135
v 0.021742060780525208 -0.002792094834148884 -0.029015833511948586
f 4714 4715 4716
v 0.021742060780525208 -0.002792094834148884 -0.029015833511948586
v 0.02230820804834366 -0.0030300067737698555 -0.02816724218428135
v 0.022887757048010826 -0.004048493690788746 -0.025364572182297707
f 4717 4718 4719
v 0.021742060780525208 -0.002792094834148884 -0.029015833511948586
v 0.022887757048010826 -0.004048493690788746 -0.025364572182297707
v 0.022530796006321907 -0.004133191891014576 -0.025331193581223488
f 4720 4721 4722
v 0.022530796006321907 -0.004133191891014576 -0.025331193581223488
v 0.022887757048010826 -0.004048493690788746 -0.025364572182297707
v 0.023337658494710922 -0.0050708698108792305 -0.02254054881632328
f 4723 4724 4725
v 0.022530796006321907 -0.004133191891014576 -0.025331193581223488
v 0.023337658494710922 -0.0050708698108792305 -0.02254054881632328
v 0.02296922355890274 -0.005155523307621479 -0.022522369399666786
f 4726 4727 4728
v 0.02119939960539341 -0.0005231770337559283 -0.03367938846349716
v 0.02198868617415428 -0.0009206655086018145 -0.03152754157781601
v 0.022100836038589478 -0.0015163468196988106 -0.030910992994904518
f 4729 4730 4731
v 0.022100836038589478 -0.0015163468196988106 -0.030910992994904518
v 0.02198868617415428 -0.0009206655086018145 -0.03152754157781601
v 0.022475959733128548 -0.0015262709930539131 -0.029829854145646095
f 4732 4733 4734
v 0.022100836038589478 -0.0015163468196988106 -0.030910992994904518
v 0.022475959733128548 -0.0015262709930539131 -0.029829854145646095
v 0.02283540368080139 -0.0025244252756237984 -0.02810543216764927
f 4735 4736 4737
v 0.02283540368080139 -0.0025244252756237984 -0.02810543216764927
v 0.022475959733128548 -0.0015262709930539131 -0.029829854145646095
v 0.02325824461877346 -0.00271433312445879 -0.026505375280976295
f 4738 4739 4740
v 0.02283540368080139 -0.0025244252756237984 -0.02810543216764927
v 0.02325824461877346 -0.00271433312445879 -0.026505375280976295
v 0.023421207442879677 -0.0035421298816800117 -0.02527628280222416
f 4741 4742 4743
v 0.023421207442879677 -0.0035421298816800117 -0.02527628280222416
v 0.02325824461877346 -0.00271433312445879 -0.026505375280976295
v 0.023882804438471794 -0.004013237543404102 -0.02287752367556095
f 4744 4745 4746
v 0.023421207442879677 -0.0035421298816800117 -0.02527628280222416
v 0.023882804438471794 -0.004013237543404102 -0.02287752367556095
v 0.023872079327702522 -0.004566294141113758 -0.022427955642342567
f 4747 4748 4749
v 0.023872079327702522 -0.004566294141113758 -0.022427955642342567
v 0.023882804438471794 -0.004013237543404102 -0.02287752367556095
v 0.023960497230291367 -0.004215826280415058 -0.022312158718705177
f 4750 4751 4752
v 0.020108699798583984 0.000447588914539665 -0.03639110177755356
v 0.020505739375948906 0.0005416152416728437 -0.03563932329416275
v 0.02119939960539341 -0.0005231770337559283 -0.03367938846349716
f 4753 4754 4755
v 0.02119939960539341 -0.0005231770337559283 -0.03367938846349716
v 0.020505739375948906 0.0005416152416728437 -0.03563932329416275
v 0.021553564816713333 -0.0004408555687405169 -0.032874517142772675
f 4756 4757 4758
v 0.02119939960539341 -0.0005231770337559283 -0.03367938846349716
v 0.021553564816713333 -0.0004408555687405169 -0.032874517142772675
v 0.02198868617415428 -0.0009206655086018145 -0.03152754157781601
f 4759 4760 4761
v 0.01879977062344551 0.0013888953253626823 -0.039028383791446686
v 0.01936710998415947 0.0014105914160609245 -0.038094647228717804
v 0.020108699798583984 0.000447588914539665 -0.03639110177755356
f 4762 4763 4764
v 0.020108699798583984 0.000447588914539665 -0.03639110177755356
v 0.01936710998415947 0.0014105914160609245 -0.038094647228717804
v 0.02011694572865963 0.0008580563007853925 -0.03653215616941452
f 4765 4766 4767
v 0.020108699798583984 0.000447588914539665 -0.03639110177755356
v 0.02011694572865963 0.0008580563007853925 -0.03653215616941452
v 0.020505739375948906 0.0005416152416728437 -0.03563932329416275
f 4768 4769 4770
v 0.01733151450753212 0.0026123924180865288 -0.04151462763547897
v 0.017927099019289017 0.0023002205416560173 -0.040622778236866
v 0.01722659543156624 0.002288329415023327 -0.04155934602022171
f 4771 4772 4773
v 0.01722659543156624 0.002288329415023327 -0.04155934602022171
v 0.017927099019289017 0.0023002205416560173 -0.040622778236866
v 0.018182460218667984 0.0021570129320025444 -0.04021454602479935
f 4774 4775 4776
v 0.01722659543156624 0.002288329415023327 -0.04155934602022171
v 0.018182460218667984 0.0021570129320025444 -0.04021454602479935
v 0.01879977062344551 0.0013888953253626823 -0.039028383791446686
f 4777 4778 4779
v 0.01879977062344551 0.0013888953253626823 -0.039028383791446686
v 0.018182460218667984 0.0021570129320025444 -0.04021454602479935
v 0.018905678763985634 0.0017181811854243279 -0.03896678239107132
f 4780 4781 4782
v 0.01879977062344551 0.0013888953253626823 -0.039028383791446686
v 0.018905678763985634 0.0017181811854243279 -0.03896678239107132
v 0.01936710998415947 0.0014105914160609245 -0.038094647228717804
f 4783 4784 4785
v 0.015551522374153137 0.0033102957531809807 -0.04374193400144577
v 0.015523997135460377 0.0033984435722231865 -0.04377574473619461
v 0.016933569684624672 0.0028051016852259636 -0.04206673055887222
f 4786 4787 4788
v 0.01733151450753212 0.0026123924180865288 -0.04151462763547897
v 0.01722659543156624 0.002288329415023327 -0.04155934602022171
v 0.016933569684624672 0.0028051016852259636 -0.04206673055887222
f 4789 4790 4791
v 0.016933569684624672 0.0028051016852259636 -0.04206673055887222
v 0.01722659543156624 0.002288329415023327 -0.04155934602022171
v 0.015762776136398315 0.0028559966012835503 -0.04337657243013382
f 4792 4793 4794
v 0.016933569684624672 0.0028051016852259636 -0.04206673055887222
v 0.015762776136398315 0.0028559966012835503 -0.04337657243013382
v 0.015551522374153137 0.0033102957531809807 -0.04374193400144577
f 4795 4796 4797
v 0.02017255499958992 -0.0009384500444866717 -0.034108661115169525
v 0.019298573955893517 -0.00015808368334546685 -0.0362526997923851
v 0.01961662247776985 -5.5228418204933405e-05 -0.036356158554553986
f 4798 4799 4800
v 0.01961662247776985 -5.5228418204933405e-05 -0.036356158554553986
v 0.019298573955893517 -0.00015808368334546685 -0.0362526997923851
v 0.01837165094912052 0.0005447519361041486 -0.03818374127149582
f 4801 4802 4803
v 0.01961662247776985 -5.5228418204933405e-05 -0.036356158554553986
v 0.01837165094912052 0.0005447519361041486 -0.03818374127149582
v 0.018329337239265442 0.0008872253238223493 -0.038952119648456573
f 4804 4805 4806
v 0.018329337239265442 0.0008872253238223493 -0.038952119648456573
v 0.01837165094912052 0.0005447519361041486 -0.03818374127149582
v 0.016998358070850372 0.0014086244627833366 -0.04055721312761307
f 4807 4808 4809
v 0.018329337239265442 0.0008872253238223493 -0.038952119648456573
v 0.016998358070850372 0.0014086244627833366 -0.04055721312761307
v 0.016787279397249222 0.001788008026778698 -0.04143468290567398
f 4810 4811 4812
v 0.016787279397249222 0.001788008026778698 -0.04143468290567398
v 0.016998358070850372 0.0014086244627833366 -0.04055721312761307
v 0.016808802261948586 0.0015913797542452812 -0.04104086011648178
f 4813 4814 4815
v 0.016787279397249222 0.001788008026778698 -0.04143468290567398
v 0.016808802261948586 0.0015913797542452812 -0.04104086011648178
v 0.01657242141664028 0.0018316758796572685 -0.04162081331014633
f 4816 4817 4818
v 0.02365446276962757 -0.0048655616119503975 -0.02250794507563114
v 0.023337658494710922 -0.0050708698108792305 -0.02254054881632328
v 0.023202715441584587 -0.003841881640255451 -0.025346050038933754
f 4819 4820 4821
v 0.023202715441584587 -0.003841881640255451 -0.025346050038933754
v 0.023337658494710922 -0.0050708698108792305 -0.02254054881632328
v 0.022887757048010826 -0.004048493690788746 -0.025364572182297707
f 4822 4823 4824
v 0.023202715441584587 -0.003841881640255451 -0.025346050038933754
v 0.022887757048010826 -0.004048493690788746 -0.025364572182297707
v 0.022618135437369347 -0.002822411246597767 -0.028163516893982887
f 4825 4826 4827
v 0.022618135437369347 -0.002822411246597767 -0.028163516893982887
v 0.022887757048010826 -0.004048493690788746 -0.025364572182297707
v 0.02230820804834366 -0.0030300067737698555 -0.02816724218428135
f 4828 4829 4830
v 0.022618135437369347 -0.002822411246597767 -0.028163516893982887
v 0.02230820804834366 -0.0030300067737698555 -0.02816724218428135
v 0.021885549649596214 -0.0018124477937817574 -0.03095623292028904
f 4831 4832 4833
v 0.021885549649596214 -0.0018124477937817574 -0.03095623292028904
v 0.02230820804834366 -0.0030300067737698555 -0.02816724218428135
v 0.021581878885626793 -0.0020210938528180122 -0.030943969264626503
f 4834 4835 4836
v 0.021885549649596214 -0.0018124477937817574 -0.03095623292028904
v 0.021581878885626793 -0.0020210938528180122 -0.030943969264626503
v 0.020987283438444138 -0.0008172439993359149 -0.03371024876832962
f 4837 4838 4839
v 0.020987283438444138 -0.0008172439993359149 -0.03371024876832962
v 0.021581878885626793 -0.0020210938528180122 -0.030943969264626503
v 0.020691677927970886 -0.0010270075872540474 -0.03368041664361954
f 4840 4841 4842
v 0.020987283438444138 -0.0008172439993359149 -0.03371024876832962
v 0.020691677927970886 -0.0010270075872540474 -0.03368041664361954
v 0.01990155130624771 0.00015575712313875556 -0.036405570805072784
f 4843 4844 4845
v 0.01990155130624771 0.00015575712313875556 -0.036405570805072784
v 0.020691677927970886 -0.0010270075872540474 -0.03368041664361954
v 0.01961662247776985 -5.5228418204933405e-05 -0.036356158554553986
f 4846 4847 4848
v 0.01990155130624771 0.00015575712313875556 -0.036405570805072784
v 0.01961662247776985 -5.5228418204933405e-05 -0.036356158554553986
v 0.018600044772028923 0.0010995594784617424 -0.03902379423379898
f 4849 4850 4851
v 0.018600044772028923 0.0010995594784617424 -0.03902379423379898
v 0.01961662247776985 -5.5228418204933405e-05 -0.036356158554553986
v 0.018329337239265442 0.0008872253238223493 -0.038952119648456573
f 4852 4853 4854
v 0.018600044772028923 0.0010995594784617424 -0.03902379423379898
v 0.018329337239265442 0.0008872253238223493 -0.038952119648456573
v 0.017038261517882347 0.0020018545910716057 -0.041532136499881744
f 4855 4856 4857
v 0.017038261517882347 0.0020018545910716057 -0.041532136499881744
v 0.018329337239265442 0.0008872253238223493 -0.038952119648456573
v 0.016787279397249222 0.001788008026778698 -0.04143468290567398
f 4858 4859 4860
v 0.017038261517882347 0.0020018545910716057 -0.041532136499881744
v 0.016787279397249222 0.001788008026778698 -0.04143468290567398
v 0.016164124011993408 0.002289692871272564 -0.04255344718694687
f 4861 4862 4863
v 0.016164124011993408 0.002289692871272564 -0.04255344718694687
v 0.016787279397249222 0.001788008026778698 -0.04143468290567398
v 0.01657242141664028 0.0018316758796572685 -0.04162081331014633
f 4864 4865 4866
v 0.023872079327702522 -0.004566294141113758 -0.022427955642342567
v 0.02365446276962757 -0.0048655616119503975 -0.02250794507563114
v 0.023421207442879677 -0.0035421298816800117 -0.02527628280222416
f 4867 4868 4869
v 0.023421207442879677 -0.0035421298816800117 -0.02527628280222416
v 0.02365446276962757 -0.0048655616119503975 -0.02250794507563114
v 0.023202715441584587 -0.003841881640255451 -0.025346050038933754
f 4870 4871 4872
v 0.023421207442879677 -0.0035421298816800117 -0.02527628280222416
v 0.023202715441584587 -0.003841881640255451 -0.025346050038933754
v 0.02283540368080139 -0.0025244252756237984 -0.02810543216764927
f 4873 4874 4875
v 0.02283540368080139 -0.0025244252756237984 -0.02810543216764927
v 0.023202715441584587 -0.003841881640255451 -0.025346050038933754
v 0.022618135437369347 -0.002822411246597767 -0.028163516893982887
f 4876 4877 4878
v 0.02283540368080139 -0.0025244252756237984 -0.02810543216764927
v 0.022618135437369347 -0.002822411246597767 -0.028163516893982887
v 0.022100836038589478 -0.0015163468196988106 -0.030910992994904518
f 4879 4880 4881
v 0.022100836038589478 -0.0015163468196988106 -0.030910992994904518
v 0.022618135437369347 -0.002822411246597767 -0.028163516893982887
v 0.021885549649596214 -0.0018124477937817574 -0.03095623292028904
f 4882 4883 4884
v 0.022100836038589478 -0.0015163468196988106 -0.030910992994904518
v 0.021885549649596214 -0.0018124477937817574 -0.03095623292028904
v 0.02119939960539341 -0.0005231770337559283 -0.03367938846349716
f 4885 4886 4887
v 0.02119939960539341 -0.0005231770337559283 -0.03367938846349716
v 0.021885549649596214 -0.0018124477937817574 -0.03095623292028904
v 0.020987283438444138 -0.0008172439993359149 -0.03371024876832962
f 4888 4889 4890
v 0.02119939960539341 -0.0005231770337559283 -0.03367938846349716
v 0.020987283438444138 -0.0008172439993359149 -0.03371024876832962
v 0.020108699798583984 0.000447588914539665 -0.03639110177755356
f 4891 4892 4893
v 0.020108699798583984 0.000447588914539665 -0.03639110177755356
v 0.020987283438444138 -0.0008172439993359149 -0.03371024876832962
v 0.01990155130624771 0.00015575712313875556 -0.036405570805072784
f 4894 4895 4896
v 0.020108699798583984 0.000447588914539665 -0.03639110177755356
v 0.01990155130624771 0.00015575712313875556 -0.036405570805072784
v 0.01879977062344551 0.0013888953253626823 -0.039028383791446686
f 4897 4898 4899
v 0.01879977062344551 0.0013888953253626823 -0.039028383791446686
v 0.01990155130624771 0.00015575712313875556 -0.036405570805072784
v 0.018600044772028923 0.0010995594784617424 -0.03902379423379898
f 4900 4901 4902
v 0.01879977062344551 0.0013888953253626823 -0.039028383791446686
v 0.018600044772028923 0.0010995594784617424 -0.03902379423379898
v 0.01722659543156624 0.002288329415023327 -0.04155934602022171
f 4903 4904 4905
v 0.01722659543156624 0.002288329415023327 -0.04155934602022171
v 0.018600044772028923 0.0010995594784617424 -0.03902379423379898
v 0.017038261517882347 0.0020018545910716057 -0.041532136499881744
f 4906 4907 4908
v 0.01722659543156624 0.002288329415023327 -0.04155934602022171
v 0.017038261517882347 0.0020018545910716057 -0.041532136499881744
v 0.015762776136398315 0.0028559966012835503 -0.04337657243013382
f 4909 4910 4911
v 0.015762776136398315 0.0028559966012835503 -0.04337657243013382
v 0.017038261517882347 0.0020018545910716057 -0.041532136499881744
v 0.016164124011993408 0.002289692871272564 -0.04255344718694687
f 4912 4913 4914
v 0.029908224940299988 -0.008757536299526691 -0.010545575059950352
v 0.02991362102329731 -0.008908388204872608 -0.01051779929548502
v 0.029858822003006935 -0.00903343129903078 -0.01052310410887003
f 4915 4916 4917
v 0.02296922355890274 -0.005155523307621479 -0.022522369399666786
v 0.023337658494710922 -0.0050708698108792305 -0.02254054881632328
v 0.023636875674128532 -0.005702857859432697 -0.020811984315514565
f 4918 4919 4920
v 0.02296922355890274 -0.005155523307621479 -0.022522369399666786
v 0.023636875674128532 -0.005702857859432697 -0.020811984315514565
v 0.023242102935910225 -0.005731341429054737 -0.02094031311571598
f 4921 4922 4923
v 0.023242102935910225 -0.005731341429054737 -0.02094031311571598
v 0.023636875674128532 -0.005702857859432697 -0.020811984315514565
v 0.024082118645310402 -0.006323379464447498 -0.019114816561341286
f 4924 4925 4926
v 0.023242102935910225 -0.005731341429054737 -0.02094031311571598
v 0.024082118645310402 -0.006323379464447498 -0.019114816561341286
v 0.02360481768846512 -0.00625969935208559 -0.01948867179453373
f 4927 4928 4929
v 0.02360481768846512 -0.00625969935208559 -0.01948867179453373
v 0.024082118645310402 -0.006323379464447498 -0.019114816561341286
v 0.024669185280799866 -0.006928031332790852 -0.017461011186242104
f 4930 4931 4932
v 0.02360481768846512 -0.00625969935208559 -0.01948867179453373
v 0.024669185280799866 -0.006928031332790852 -0.017461011186242104
v 0.02434057742357254 -0.0070326076820492744 -0.0173651073127985
f 4933 4934 4935
v 0.02434057742357254 -0.0070326076820492744 -0.0173651073127985
v 0.024669185280799866 -0.006928031332790852 -0.017461011186242104
v 0.02539387159049511 -0.007512417621910572 -0.015862608328461647
f 4936 4937 4938
v 0.02434057742357254 -0.0070326076820492744 -0.0173651073127985
v 0.02539387159049511 -0.007512417621910572 -0.015862608328461647
v 0.0250279251486063 -0.007583786733448505 -0.015850776806473732
f 4939 4940 4941
v 0.0250279251486063 -0.007583786733448505 -0.015850776806473732
v 0.02539387159049511 -0.007512417621910572 -0.015862608328461647
v 0.02580469660460949 -0.008096394129097462 -0.014442377723753452
f 4942 4943 4944
v 0.02580469660460949 -0.008096394129097462 -0.014442377723753452
v 0.02539387159049511 -0.007512417621910572 -0.015862608328461647
v 0.02625196985900402 -0.00807212758809328 -0.014331572689116001
f 4945 4946 4947
v 0.02580469660460949 -0.008096394129097462 -0.014442377723753452
v 0.02625196985900402 -0.00807212758809328 -0.014331572689116001
v 0.025958670303225517 -0.008187864907085896 -0.014191054739058018
f 4948 4949 4950
v 0.025958670303225517 -0.008187864907085896 -0.014191054739058018
v 0.02625196985900402 -0.00807212758809328 -0.014331572689116001
v 0.02723809890449047 -0.008603003807365894 -0.012879335321485996
f 4951 4952 4953
v 0.025958670303225517 -0.008187864907085896 -0.014191054739058018
v 0.02723809890449047 -0.008603003807365894 -0.012879335321485996
v 0.02696465142071247 -0.008723688311874866 -0.012718909420073032
f 4954 4955 4956
v 0.028110869228839874 -0.009234403260052204 -0.011315726675093174
v 0.028091859072446823 -0.009226624853909016 -0.011337094940245152
v 0.02814176119863987 -0.009239849634468555 -0.01130052749067545
f 4957 4958 4959
v 0.02814176119863987 -0.009239849634468555 -0.01130052749067545
v 0.028091859072446823 -0.009226624853909016 -0.011337094940245152
v 0.028344282880425453 -0.009101358242332935 -0.011515908874571323
f 4960 4961 4962
v 0.02814176119863987 -0.009239849634468555 -0.01130052749067545
v 0.028344282880425453 -0.009101358242332935 -0.011515908874571323
v 0.0283539779484272 -0.009273712523281574 -0.01119216624647379
f 4963 4964 4965
v 0.0283539779484272 -0.009273712523281574 -0.01119216624647379
v 0.028344282880425453 -0.009101358242332935 -0.011515908874571323
v 0.029182950034737587 -0.009297487325966358 -0.01079865638166666
f 4966 4967 4968
v 0.029182950034737587 -0.009297487325966358 -0.01079865638166666
v 0.028344282880425453 -0.009101358242332935 -0.011515908874571323
v 0.02939409390091896 -0.009266410954296589 -0.010704957880079746
f 4969 4970 4971
v 0.02939409390091896 -0.009266410954296589 -0.010704957880079746
v 0.028344282880425453 -0.009101358242332935 -0.011515908874571323
v 0.02856895513832569 -0.008886572904884815 -0.01163750234991312
f 4972 4973 4974
v 0.02939409390091896 -0.009266410954296589 -0.010704957880079746
v 0.02856895513832569 -0.008886572904884815 -0.01163750234991312
v 0.029698416590690613 -0.009165984578430653 -0.010577135719358921
f 4975 4976 4977
v 0.029698416590690613 -0.009165984578430653 -0.010577135719358921
v 0.02856895513832569 -0.008886572904884815 -0.01163750234991312
v 0.028740204870700836 -0.008604642935097218 -0.01168715301901102
f 4978 4979 4980
v 0.029698416590690613 -0.009165984578430653 -0.010577135719358921
v 0.028740204870700836 -0.008604642935097218 -0.01168715301901102
v 0.029858822003006935 -0.00903343129903078 -0.01052310410887003
f 4981 4982 4983
v 0.029893092811107635 -0.008706499822437763 -0.010561489500105381
v 0.029908224940299988 -0.008757536299526691 -0.010545575059950352
v 0.02966005727648735 -0.008619052357971668 -0.010790341533720493
f 4984 4985 4986
v 0.02966005727648735 -0.008619052357971668 -0.010790341533720493
v 0.029908224940299988 -0.008757536299526691 -0.010545575059950352
v 0.029858822003006935 -0.00903343129903078 -0.01052310410887003
f 4987 4988 4989
v 0.02966005727648735 -0.008619052357971668 -0.010790341533720493
v 0.029858822003006935 -0.00903343129903078 -0.01052310410887003
v 0.028273968026041985 -0.008032788522541523 -0.012324386276304722
f 4990 4991 4992
v 0.028273968026041985 -0.008032788522541523 -0.012324386276304722
v 0.029858822003006935 -0.00903343129903078 -0.01052310410887003
v 0.028740204870700836 -0.008604642935097218 -0.01168715301901102
f 4993 4994 4995
v 0.024161826819181442 -0.00519967544823885 -0.020744645968079567
v 0.024370893836021423 -0.00504168588668108 -0.02015114761888981
v 0.02501741610467434 -0.005847004242241383 -0.018043899908661842
f 4996 4997 4998
v 0.023960497230291367 -0.004215826280415058 -0.022312158718705177
v 0.024370893836021423 -0.00504168588668108 -0.02015114761888981
v 0.023872079327702522 -0.004566294141113758 -0.022427955642342567
f 4999 5000 5001
v 0.023872079327702522 -0.004566294141113758 -0.022427955642342567
v 0.024370893836021423 -0.00504168588668108 -0.02015114761888981
v 0.024161826819181442 -0.00519967544823885 -0.020744645968079567
f 5002 5003 5004
v 0.023872079327702522 -0.004566294141113758 -0.022427955642342567
v 0.024161826819181442 -0.00519967544823885 -0.020744645968079567
v 0.02365446276962757 -0.0048655616119503975 -0.02250794507563114
f 5005 5006 5007
v 0.02394578605890274 -0.005495917983353138 -0.02080480195581913
v 0.02459391951560974 -0.0058214785531163216 -0.019091585651040077
v 0.024381184950470924 -0.006114874966442585 -0.01913207210600376
f 5008 5009 5010
v 0.024381184950470924 -0.006114874966442585 -0.01913207210600376
v 0.02459391951560974 -0.0058214785531163216 -0.019091585651040077
v 0.025164293125271797 -0.006427307613193989 -0.017480531707406044
f 5011 5012 5013
v 0.024381184950470924 -0.006114874966442585 -0.01913207210600376
v 0.025164293125271797 -0.006427307613193989 -0.017480531707406044
v 0.02495657093822956 -0.006718051619827747 -0.017501676455140114
f 5014 5015 5016
v 0.02495657093822956 -0.006718051619827747 -0.017501676455140114
v 0.025164293125271797 -0.006427307613193989 -0.017480531707406044
v 0.025868888944387436 -0.007012789137661457 -0.01592319644987583
f 5017 5018 5019
v 0.02495657093822956 -0.006718051619827747 -0.017501676455140114
v 0.025868888944387436 -0.007012789137661457 -0.01592319644987583
v 0.025667859241366386 -0.007301059551537037 -0.015925491228699684
f 5020 5021 5022
v 0.025667859241366386 -0.007301059551537037 -0.015925491228699684
v 0.025868888944387436 -0.007012789137661457 -0.01592319644987583
v 0.026703638955950737 -0.007573527283966541 -0.014431321062147617
f 5023 5024 5025
v 0.025667859241366386 -0.007301059551537037 -0.015925491228699684
v 0.026703638955950737 -0.007573527283966541 -0.014431321062147617
v 0.02651095762848854 -0.007859510369598866 -0.014415436424314976
f 5026 5027 5028
v 0.02651095762848854 -0.007859510369598866 -0.014415436424314976
v 0.026703638955950737 -0.007573527283966541 -0.014431321062147617
v 0.0276633333414793 -0.008105364628136158 -0.013016008771955967
f 5029 5030 5031
v 0.02651095762848854 -0.007859510369598866 -0.014415436424314976
v 0.0276633333414793 -0.008105364628136158 -0.013016008771955967
v 0.027480607852339745 -0.008389239199459553 -0.012982779182493687
f 5032 5033 5034
v 0.023337658494710922 -0.0050708698108792305 -0.02254054881632328
v 0.02394578605890274 -0.005495917983353138 -0.02080480195581913
v 0.023636875674128532 -0.005702857859432697 -0.020811984315514565
f 5035 5036 5037
v 0.023636875674128532 -0.005702857859432697 -0.020811984315514565
v 0.02394578605890274 -0.005495917983353138 -0.02080480195581913
v 0.024381184950470924 -0.006114874966442585 -0.01913207210600376
f 5038 5039 5040
v 0.023636875674128532 -0.005702857859432697 -0.020811984315514565
v 0.024381184950470924 -0.006114874966442585 -0.01913207210600376
v 0.024082118645310402 -0.006323379464447498 -0.019114816561341286
f 5041 5042 5043
v 0.024082118645310402 -0.006323379464447498 -0.019114816561341286
v 0.024381184950470924 -0.006114874966442585 -0.01913207210600376
v 0.02495657093822956 -0.006718051619827747 -0.017501676455140114
f 5044 5045 5046
v 0.024082118645310402 -0.006323379464447498 -0.019114816561341286
v 0.02495657093822956 -0.006718051619827747 -0.017501676455140114
v 0.024669185280799866 -0.006928031332790852 -0.017461011186242104
f 5047 5048 5049
v 0.024669185280799866 -0.006928031332790852 -0.017461011186242104
v 0.02495657093822956 -0.006718051619827747 -0.017501676455140114
v 0.025667859241366386 -0.007301059551537037 -0.015925491228699684
f 5050 5051 5052
v 0.024669185280799866 -0.006928031332790852 -0.017461011186242104
v 0.025667859241366386 -0.007301059551537037 -0.015925491228699684
v 0.02539387159049511 -0.007512417621910572 -0.015862608328461647
f 5053 5054 5055
v 0.02539387159049511 -0.007512417621910572 -0.015862608328461647
v 0.025667859241366386 -0.007301059551537037 -0.015925491228699684
v 0.02651095762848854 -0.007859510369598866 -0.014415436424314976
f 5056 5057 5058
v 0.02539387159049511 -0.007512417621910572 -0.015862608328461647
v 0.02651095762848854 -0.007859510369598866 -0.014415436424314976
v 0.02625196985900402 -0.00807212758809328 -0.014331572689116001
f 5059 5060 5061
v 0.02625196985900402 -0.00807212758809328 -0.014331572689116001
v 0.02651095762848854 -0.007859510369598866 -0.014415436424314976
v 0.027480607852339745 -0.008389239199459553 -0.012982779182493687
f 5062 5063 5064
v 0.02625196985900402 -0.00807212758809328 -0.014331572689116001
v 0.027480607852339745 -0.008389239199459553 -0.012982779182493687
v 0.02723809890449047 -0.008603003807365894 -0.012879335321485996
f 5065 5066 5067
v 0.023337658494710922 -0.0050708698108792305 -0.02254054881632328
v 0.02365446276962757 -0.0048655616119503975 -0.02250794507563114
v 0.02394578605890274 -0.005495917983353138 -0.02080480195581913
f 5068 5069 5070
v 0.02394578605890274 -0.005495917983353138 -0.02080480195581913
v 0.02365446276962757 -0.0048655616119503975 -0.02250794507563114
v 0.024161826819181442 -0.00519967544823885 -0.020744645968079567
f 5071 5072 5073
v 0.02394578605890274 -0.005495917983353138 -0.02080480195581913
v 0.024161826819181442 -0.00519967544823885 -0.020744645968079567
v 0.02459391951560974 -0.0058214785531163216 -0.019091585651040077
f 5074 5075 5076
v 0.02459391951560974 -0.0058214785531163216 -0.019091585651040077
v 0.024161826819181442 -0.00519967544823885 -0.020744645968079567
v 0.02501741610467434 -0.005847004242241383 -0.018043899908661842
f 5077 5078 5079
v 0.02459391951560974 -0.0058214785531163216 -0.019091585651040077
v 0.02501741610467434 -0.005847004242241383 -0.018043899908661842
v 0.025164293125271797 -0.006427307613193989 -0.017480531707406044
f 5080 5081 5082
v 0.025164293125271797 -0.006427307613193989 -0.017480531707406044
v 0.02501741610467434 -0.005847004242241383 -0.018043899908661842
v 0.025894349440932274 -0.006623481400310993 -0.016012096777558327
f 5083 5084 5085
v 0.025164293125271797 -0.006427307613193989 -0.017480531707406044
v 0.025894349440932274 -0.006623481400310993 -0.016012096777558327
v 0.025868888944387436 -0.007012789137661457 -0.01592319644987583
f 5086 5087 5088
v 0.025868888944387436 -0.007012789137661457 -0.01592319644987583
v 0.025894349440932274 -0.006623481400310993 -0.016012096777558327
v 0.026987124234437943 -0.00735620129853487 -0.01409482304006815
f 5089 5090 5091
v 0.025868888944387436 -0.007012789137661457 -0.01592319644987583
v 0.026987124234437943 -0.00735620129853487 -0.01409482304006815
v 0.026703638955950737 -0.007573527283966541 -0.014431321062147617
f 5092 5093 5094
v 0.026703638955950737 -0.007573527283966541 -0.014431321062147617
v 0.026987124234437943 -0.00735620129853487 -0.01409482304006815
v 0.028273968026041985 -0.008032788522541523 -0.012324386276304722
f 5095 5096 5097
v 0.026703638955950737 -0.007573527283966541 -0.014431321062147617
v 0.028273968026041985 -0.008032788522541523 -0.012324386276304722
v 0.0276633333414793 -0.008105364628136158 -0.013016008771955967
f 5098 5099 5100
v 0.0276633333414793 -0.008105364628136158 -0.013016008771955967
v 0.028273968026041985 -0.008032788522541523 -0.012324386276304722
v 0.028740204870700836 -0.008604642935097218 -0.01168715301901102
f 5101 5102 5103
v 0.0276633333414793 -0.008105364628136158 -0.013016008771955967
v 0.028740204870700836 -0.008604642935097218 -0.01168715301901102
v 0.027480607852339745 -0.008389239199459553 -0.012982779182493687
f 5104 5105 5106
v 0.027480607852339745 -0.008389239199459553 -0.012982779182493687
v 0.028740204870700836 -0.008604642935097218 -0.01168715301901102
v 0.02856895513832569 -0.008886572904884815 -0.01163750234991312
f 5107 5108 5109
v 0.027480607852339745 -0.008389239199459553 -0.012982779182493687
v 0.02856895513832569 -0.008886572904884815 -0.01163750234991312
v 0.02723809890449047 -0.008603003807365894 -0.012879335321485996
f 5110 5111 5112
v 0.02723809890449047 -0.008603003807365894 -0.012879335321485996
v 0.02856895513832569 -0.008886572904884815 -0.01163750234991312
v 0.028344282880425453 -0.009101358242332935 -0.011515908874571323
f 5113 5114 5115
v 0.02723809890449047 -0.008603003807365894 -0.012879335321485996
v 0.028344282880425453 -0.009101358242332935 -0.011515908874571323
v 0.02696465142071247 -0.008723688311874866 -0.012718909420073032
f 5116 5117 5118
v 0.02696465142071247 -0.008723688311874866 -0.012718909420073032
v 0.028344282880425453 -0.009101358242332935 -0.011515908874571323
v 0.028091859072446823 -0.009226624853909016 -0.011337094940245152
f 5119 5120 5121
v 0.024370893836021423 -0.00504168588668108 -0.02015114761888981
v 0.023960497230291367 -0.004215826280415058 -0.022312158718705177
v 0.023960497230291367 -0.001672801561653614 -0.022312158718705177
f 5122 5123 5124
v 0.023960497230291367 -0.001672801561653614 -0.022312158718705177
v 0.024005355313420296 -0.0016335593536496162 -0.021994346752762794
v 0.024370893836021423 -0.00504168588668108 -0.02015114761888981
f 5125 5126 5127
v 0.024370893836021423 -0.00504168588668108 -0.02015114761888981
v 0.024005355313420296 -0.0016335593536496162 -0.021994346752762794
v 0.024041051045060158 -0.0015518562868237495 -0.021764496341347694
f 5128 5129 5130
v 0.024370893836021423 -0.00504168588668108 -0.02015114761888981
v 0.024041051045060158 -0.0015518562868237495 -0.021764496341347694
v 0.02501741610467434 -0.005847004242241383 -0.018043899908661842
f 5131 5132 5133
v 0.02501741610467434 -0.005847004242241383 -0.018043899908661842
v 0.024041051045060158 -0.0015518562868237495 -0.021764496341347694
v 0.02409696765244007 -0.0013325484469532967 -0.02143525518476963
f 5134 5135 5136
v 0.02409696765244007 -0.0013325484469532967 -0.02143525518476963
v 0.02411830611526966 -0.0012102993205189705 -0.021317699924111366
v 0.02501741610467434 -0.005847004242241383 -0.018043899908661842
f 5137 5138 5139
v 0.02501741610467434 -0.005847004242241383 -0.018043899908661842
v 0.02411830611526966 -0.0012102993205189705 -0.021317699924111366
v 0.024162661284208298 -0.000802462047431618 -0.021085137501358986
f 5140 5141 5142
v 0.02501741610467434 -0.005847004242241383 -0.018043899908661842
v 0.024162661284208298 -0.000802462047431618 -0.021085137501358986
v 0.024168062955141068 -0.0007149996818043292 -0.02105780877172947
f 5143 5144 5145
v 0.024168062955141068 -0.0007149996818043292 -0.02105780877172947
v 0.024177173152565956 -0.00037280196556821465 -0.02101215161383152
v 0.024937588721513748 0.002935918979346752 -0.018259817734360695
f 5146 5147 5148
v 0.024937588721513748 0.002935918979346752 -0.018259817734360695
v 0.024177173152565956 -0.00037280196556821465 -0.02101215161383152
v 0.024157369509339333 0.00012711709132418036 -0.021112123504281044
f 5149 5150 5151
v 0.024937588721513748 0.002935918979346752 -0.018259817734360695
v 0.024157369509339333 0.00012711709132418036 -0.021112123504281044
v 0.024757027626037598 0.003005187027156353 -0.01879226602613926
f 5152 5153 5154
v 0.024757027626037598 0.003005187027156353 -0.01879226602613926
v 0.024157369509339333 0.00012711709132418036 -0.021112123504281044
v 0.024104202166199684 0.0005484623252414167 -0.021394947543740273
f 5155 5156 5157
v 0.024757027626037598 0.003005187027156353 -0.01879226602613926
v 0.024104202166199684 0.0005484623252414167 -0.021394947543740273
v 0.024361388757824898 0.003186228685081005 -0.020185569301247597
f 5158 5159 5160
v 0.024361388757824898 0.003186228685081005 -0.020185569301247597
v 0.024104202166199684 0.0005484623252414167 -0.021394947543740273
v 0.024032780900597572 0.0008288798271678388 -0.02181621827185154
f 5161 5162 5163
v 0.024361388757824898 0.003186228685081005 -0.020185569301247597
v 0.024032780900597572 0.0008288798271678388 -0.02181621827185154
v 0.023960497230291367 0.003462458960711956 -0.022312158718705177
f 5164 5165 5166
v 0.023960497230291367 0.003462458960711956 -0.022312158718705177
v 0.024032780900597572 0.0008288798271678388 -0.02181621827185154
v 0.024005353450775146 0.0008879703818820417 -0.021994376555085182
f 5167 5168 5169
v 0.023960497230291367 0.003462458960711956 -0.022312158718705177
v 0.024005353450775146 0.0008879703818820417 -0.021994376555085182
v 0.023960497230291367 0.0009271976887248456 -0.022312158718705177
f 5170 5171 5172
v 0.024168062955141068 -0.0007149996818043292 -0.02105780877172947
v 0.024937588721513748 0.002935918979346752 -0.018259817734360695
v 0.02501741610467434 -0.005847004242241383 -0.018043899908661842
f 5173 5174 5175
v 0.02501741610467434 -0.005847004242241383 -0.018043899908661842
v 0.024937588721513748 0.002935918979346752 -0.018259817734360695
v 0.025689439848065376 0.002697939984500408 -0.016432875767350197
f 5176 5177 5178
v 0.02501741610467434 -0.005847004242241383 -0.018043899908661842
v 0.025689439848065376 0.002697939984500408 -0.016432875767350197
v 0.025894349440932274 -0.006623481400310993 -0.016012096777558327
f 5179 5180 5181
v 0.025689439848065376 0.002697939984500408 -0.016432875767350197
v 0.026142282411456108 0.002580503933131695 -0.015530400909483433
v 0.025894349440932274 -0.006623481400310993 -0.016012096777558327
f 5182 5183 5184
v 0.025894349440932274 -0.006623481400310993 -0.016012096777558327
v 0.026142282411456108 0.002580503933131695 -0.015530400909483433
v 0.02667221985757351 0.002459387294948101 -0.014598631300032139
f 5185 5186 5187
v 0.025894349440932274 -0.006623481400310993 -0.016012096777558327
v 0.02667221985757351 0.002459387294948101 -0.014598631300032139
v 0.026987124234437943 -0.00735620129853487 -0.01409482304006815
f 5188 5189 5190
v 0.026987124234437943 -0.00735620129853487 -0.01409482304006815
v 0.02667221985757351 0.002459387294948101 -0.014598631300032139
v 0.027956780046224594 0.0022156937047839165 -0.012724065221846104
f 5191 5192 5193
v 0.026987124234437943 -0.00735620129853487 -0.01409482304006815
v 0.027956780046224594 0.0022156937047839165 -0.012724065221846104
v 0.028273968026041985 -0.008032788522541523 -0.012324386276304722
f 5194 5195 5196
v 0.0303224865347147 -0.009367142803966999 -0.01015883032232523
v 0.02989305928349495 0.0019342554733157158 -0.010561489500105381
v 0.03034559078514576 -0.009427961893379688 -0.010137789882719517
f 5197 5198 5199
v 0.03034559078514576 -0.009427961893379688 -0.010137789882719517
v 0.02989305928349495 0.0019342554733157158 -0.010561489500105381
v 0.030350973829627037 -0.009442863054573536 -0.010132902301847935
f 5200 5201 5202
v 0.0303224865347147 -0.009367142803966999 -0.01015883032232523
v 0.030106263235211372 -0.008959946222603321 -0.010359072126448154
v 0.02989305928349495 0.0019342554733157158 -0.010561489500105381
f 5203 5204 5205
v 0.02989305928349495 0.0019342554733157158 -0.010561489500105381
v 0.030106263235211372 -0.008959946222603321 -0.010359072126448154
v 0.030045732855796814 -0.00887752790004015 -0.01041602436453104
f 5206 5207 5208
v 0.02989305928349495 0.0019342554733157158 -0.010561489500105381
v 0.030045732855796814 -0.00887752790004015 -0.01041602436453104
v 0.029909316450357437 -0.008718368597328663 -0.010545932687819004
f 5209 5210 5211
v 0.027956780046224594 0.0022156937047839165 -0.012724065221846104
v 0.028326524421572685 0.002155276946723461 -0.012259685434401035
v 0.028273968026041985 -0.008032788522541523 -0.012324386276304722
f 5212 5213 5214
v 0.028273968026041985 -0.008032788522541523 -0.012324386276304722
v 0.028326524421572685 0.002155276946723461 -0.012259685434401035
v 0.029328307136893272 0.0020081130787730217 -0.011129074729979038
f 5215 5216 5217
v 0.028273968026041985 -0.008032788522541523 -0.012324386276304722
v 0.029328307136893272 0.0020081130787730217 -0.011129074729979038
v 0.02966005727648735 -0.008619052357971668 -0.010790341533720493
f 5218 5219 5220
v 0.02966005727648735 -0.008619052357971668 -0.010790341533720493
v 0.029328307136893272 0.0020081130787730217 -0.011129074729979038
v 0.02989305928349495 0.0019342554733157158 -0.010561489500105381
f 5221 5222 5223
v 0.02966005727648735 -0.008619052357971668 -0.010790341533720493
v 0.02989305928349495 0.0019342554733157158 -0.010561489500105381
v 0.029893092811107635 -0.008706499822437763 -0.010561489500105381
f 5224 5225 5226
v 0.029893092811107635 -0.008706499822437763 -0.010561489500105381
v 0.02989305928349495 0.0019342554733157158 -0.010561489500105381
v 0.029909316450357437 -0.008718368597328663 -0.010545932687819004
f 5227 5228 5229
v 0.030350973829627037 -0.009442863054573536 -0.010132902301847935
v 0.02989305928349495 0.0019342554733157158 -0.010561489500105381
v 0.030483124777674675 -0.010033820755779743 -0.01001425925642252
f 5230 5231 5232
v 0.030483124777674675 -0.010033820755779743 -0.01001425925642252
v 0.02989305928349495 0.0019342554733157158 -0.010561489500105381
v 0.029912088066339493 0.001952516846358776 -0.010543190874159336
f 5233 5234 5235
v 0.030483124777674675 -0.010033820755779743 -0.01001425925642252
v 0.029912088066339493 0.001952516846358776 -0.010543190874159336
v 0.030498981475830078 -0.010342028923332691 -0.010000013746321201
f 5236 5237 5238
v 0.030498981475830078 -0.010342028923332691 -0.010000013746321201
v 0.029912088066339493 0.001952516846358776 -0.010543190874159336
v 0.030222531408071518 0.002394641749560833 -0.010250442661345005
f 5239 5240 5241
v 0.030498981475830078 -0.010342028923332691 -0.010000013746321201
v 0.030222531408071518 0.002394641749560833 -0.010250442661345005
v 0.03041609190404415 0.0029574213549494743 -0.010074072517454624
f 5242 5243 5244
v 0.03041609190404415 0.0029574213549494743 -0.010074072517454624
v 0.030433719977736473 0.003040607087314129 -0.01005821768194437
v 0.030498981475830078 -0.010342028923332691 -0.010000013746321201
f 5245 5246 5247
v 0.030498981475830078 -0.010342028923332691 -0.010000013746321201
v 0.030433719977736473 0.003040607087314129 -0.01005821768194437
v 0.03044046461582184 0.0030757365748286247 -0.010052167810499668
f 5248 5249 5250
v 0.030498981475830078 -0.010342028923332691 -0.010000013746321201
v 0.03044046461582184 0.0030757365748286247 -0.010052167810499668
v 0.03049902617931366 0.003729480318725109 -0.010000013746321201
f 5251 5252 5253
v 0.016933569684624672 0.0028051016852259636 -0.04206673055887222
v 0.015523997135460377 0.0033984435722231865 -0.04377574473619461
v 0.015524027869105339 0.006897765211760998 -0.04377608746290207
f 5254 5255 5256
v 0.017927099019289017 0.0023002205416560173 -0.040622778236866
v 0.01733151450753212 0.0026123924180865288 -0.04151462763547897
v 0.017922408878803253 0.006222727708518505 -0.040621496737003326
f 5257 5258 5259
v 0.017922408878803253 0.006222727708518505 -0.040621496737003326
v 0.01733151450753212 0.0026123924180865288 -0.04151462763547897
v 0.016933569684624672 0.0028051016852259636 -0.04206673055887222
f 5260 5261 5262
v 0.017922408878803253 0.006222727708518505 -0.040621496737003326
v 0.016933569684624672 0.0028051016852259636 -0.04206673055887222
v 0.017032882198691368 0.006490479223430157 -0.04192373901605606
f 5263 5264 5265
v 0.017032882198691368 0.006490479223430157 -0.04192373901605606
v 0.016933569684624672 0.0028051016852259636 -0.04206673055887222
v 0.015524027869105339 0.006897765211760998 -0.04377608746290207
f 5266 5267 5268
v 0.017927099019289017 0.0023002205416560173 -0.040622778236866
v 0.017922408878803253 0.006222727708518505 -0.040621496737003326
v 0.018182460218667984 0.0021570129320025444 -0.04021454602479935
f 5269 5270 5271
v 0.018182460218667984 0.0021570129320025444 -0.04021454602479935
v 0.017922408878803253 0.006222727708518505 -0.040621496737003326
v 0.018346868455410004 0.006087246350944042 -0.03993625193834305
f 5272 5273 5274
v 0.018182460218667984 0.0021570129320025444 -0.04021454602479935
v 0.018346868455410004 0.006087246350944042 -0.03993625193834305
v 0.018905678763985634 0.0017181811854243279 -0.03896678239107132
f 5275 5276 5277
v 0.018905678763985634 0.0017181811854243279 -0.03896678239107132
v 0.018346868455410004 0.006087246350944042 -0.03993625193834305
v 0.019712641835212708 0.0056121451780200005 -0.03739794343709946
f 5278 5279 5280
v 0.018905678763985634 0.0017181811854243279 -0.03896678239107132
v 0.019712641835212708 0.0056121451780200005 -0.03739794343709946
v 0.01936710998415947 0.0014105914160609245 -0.038094647228717804
f 5281 5282 5283
v 0.01936710998415947 0.0014105914160609245 -0.038094647228717804
v 0.019712641835212708 0.0056121451780200005 -0.03739794343709946
v 0.020115438848733902 0.005460287444293499 -0.03653448075056076
f 5284 5285 5286
v 0.01936710998415947 0.0014105914160609245 -0.038094647228717804
v 0.020115438848733902 0.005460287444293499 -0.03653448075056076
v 0.02011694572865963 0.0008580563007853925 -0.03653215616941452
f 5287 5288 5289
v 0.02011694572865963 0.0008580563007853925 -0.03653215616941452
v 0.020115438848733902 0.005460287444293499 -0.03653448075056076
v 0.020505739375948906 0.0005416152416728437 -0.03563932329416275
f 5290 5291 5292
v 0.020505739375948906 0.0005416152416728437 -0.03563932329416275
v 0.020115438848733902 0.005460287444293499 -0.03653448075056076
v 0.020948119461536407 0.00512587558478117 -0.034539513289928436
f 5293 5294 5295
v 0.020505739375948906 0.0005416152416728437 -0.03563932329416275
v 0.020948119461536407 0.00512587558478117 -0.034539513289928436
v 0.021553564816713333 -0.0004408555687405169 -0.032874517142772675
f 5296 5297 5298
v 0.021553564816713333 -0.0004408555687405169 -0.032874517142772675
v 0.020948119461536407 0.00512587558478117 -0.034539513289928436
v 0.021986855193972588 0.004662136547267437 -0.03152964264154434
f 5299 5300 5301
v 0.021553564816713333 -0.0004408555687405169 -0.032874517142772675
v 0.021986855193972588 0.004662136547267437 -0.03152964264154434
v 0.02198868617415428 -0.0009206655086018145 -0.03152754157781601
f 5302 5303 5304
v 0.02341618575155735 0.00387591402977705 -0.025701651349663734
v 0.02325824461877346 -0.00271433312445879 -0.026505375280976295
v 0.022814903408288956 0.004236775450408459 -0.02850019372999668
f 5305 5306 5307
v 0.022814903408288956 0.004236775450408459 -0.02850019372999668
v 0.02325824461877346 -0.00271433312445879 -0.026505375280976295
v 0.022475959733128548 -0.0015262709930539131 -0.029829854145646095
f 5308 5309 5310
v 0.022814903408288956 0.004236775450408459 -0.02850019372999668
v 0.022475959733128548 -0.0015262709930539131 -0.029829854145646095
v 0.02228585071861744 0.0045157624408602715 -0.03051714040338993
f 5311 5312 5313
v 0.02228585071861744 0.0045157624408602715 -0.03051714040338993
v 0.022475959733128548 -0.0015262709930539131 -0.029829854145646095
v 0.02198868617415428 -0.0009206655086018145 -0.03152754157781601
f 5314 5315 5316
v 0.02228585071861744 0.0045157624408602715 -0.03051714040338993
v 0.02198868617415428 -0.0009206655086018145 -0.03152754157781601
v 0.022006474435329437 0.004652741365134716 -0.03146558254957199
f 5317 5318 5319
v 0.022006474435329437 0.004652741365134716 -0.03146558254957199
v 0.02198868617415428 -0.0009206655086018145 -0.03152754157781601
v 0.021986855193972588 0.004662136547267437 -0.03152964264154434
f 5320 5321 5322
v 0.02377416379749775 -0.00037280196556821465 -0.02361215092241764
v 0.023793108761310577 -0.0009268420399166644 -0.023488188162446022
v 0.02325824461877346 -0.00271433312445879 -0.026505375280976295
f 5323 5324 5325
v 0.023837801069021225 0.0005869818269275129 -0.023188987746834755
v 0.02341618575155735 0.00387591402977705 -0.025701651349663734
v 0.023883702233433723 0.0008009103476069868 -0.02287108637392521
f 5326 5327 5328
v 0.023883702233433723 0.0008009103476069868 -0.02287108637392521
v 0.02341618575155735 0.00387591402977705 -0.025701651349663734
v 0.023490378633141518 0.0038269339129328728 -0.025302240625023842
f 5329 5330 5331
v 0.023883702233433723 0.0008009103476069868 -0.02287108637392521
v 0.023490378633141518 0.0038269339129328728 -0.025302240625023842
v 0.023917468264698982 0.0008878064691089094 -0.022629747167229652
f 5332 5333 5334
v 0.023917468264698982 0.0008878064691089094 -0.022629747167229652
v 0.023490378633141518 0.0038269339129328728 -0.025302240625023842
v 0.023960497230291367 0.003462458960711956 -0.022312158718705177
f 5335 5336 5337
v 0.023917468264698982 0.0008878064691089094 -0.022629747167229652
v 0.023960497230291367 0.003462458960711956 -0.022312158718705177
v 0.023960497230291367 0.0009271976887248456 -0.022312158718705177
f 5338 5339 5340
v 0.023837801069021225 0.0005869818269275129 -0.023188987746834755
v 0.023813171312212944 0.00040330266347154975 -0.02335507608950138
v 0.02341618575155735 0.00387591402977705 -0.025701651349663734
f 5341 5342 5343
v 0.02341618575155735 0.00387591402977705 -0.025701651349663734
v 0.023813171312212944 0.00040330266347154975 -0.02335507608950138
v 0.023785358294844627 5.685066571459174e-05 -0.0235391054302454
f 5344 5345 5346
v 0.02341618575155735 0.00387591402977705 -0.025701651349663734
v 0.023785358294844627 5.685066571459174e-05 -0.0235391054302454
v 0.02325824461877346 -0.00271433312445879 -0.026505375280976295
f 5347 5348 5349
v 0.02325824461877346 -0.00271433312445879 -0.026505375280976295
v 0.023785358294844627 5.685066571459174e-05 -0.0235391054302454
v 0.02377617172896862 -0.00018896633991971612 -0.02359909750521183
f 5350 5351 5352
v 0.02325824461877346 -0.00271433312445879 -0.026505375280976295
v 0.02377617172896862 -0.00018896633991971612 -0.02359909750521183
v 0.02377416379749775 -0.00037280196556821465 -0.02361215092241764
f 5353 5354 5355
v 0.023793108761310577 -0.0009268420399166644 -0.023488188162446022
v 0.02383778803050518 -0.0013325037434697151 -0.023189062252640724
v 0.02325824461877346 -0.00271433312445879 -0.026505375280976295
f 5356 5357 5358
v 0.02325824461877346 -0.00271433312445879 -0.026505375280976295
v 0.02383778803050518 -0.0013325037434697151 -0.023189062252640724
v 0.023851368576288223 -0.0014097662642598152 -0.023096183314919472
f 5359 5360 5361
v 0.02325824461877346 -0.00271433312445879 -0.026505375280976295
v 0.023851368576288223 -0.0014097662642598152 -0.023096183314919472
v 0.023882804438471794 -0.004013237543404102 -0.02287752367556095
f 5362 5363 5364
v 0.023960497230291367 -0.001672801561653614 -0.022312158718705177
v 0.023960497230291367 -0.004215826280415058 -0.022312158718705177
v 0.023933444172143936 -0.001657162792980671 -0.02251320518553257
f 5365 5366 5367
v 0.023933444172143936 -0.001657162792980671 -0.02251320518553257
v 0.023960497230291367 -0.004215826280415058 -0.022312158718705177
v 0.023882804438471794 -0.004013237543404102 -0.02287752367556095
f 5368 5369 5370
v 0.023933444172143936 -0.001657162792980671 -0.02251320518553257
v 0.023882804438471794 -0.004013237543404102 -0.02287752367556095
v 0.02391747385263443 -0.0016334177926182747 -0.022629717364907265
f 5371 5372 5373
v 0.02391747385263443 -0.0016334177926182747 -0.022629717364907265
v 0.023882804438471794 -0.004013237543404102 -0.02287752367556095
v 0.023851368576288223 -0.0014097662642598152 -0.023096183314919472
f 5374 5375 5376
v 0.014999054372310638 0.007373827509582043 -0.045069240033626556
v 0.014999054372310638 0.008026528172194958 -0.04747719317674637
v 0.014952553436160088 0.007650102488696575 -0.04495447129011154
f 5377 5378 5379
v 0.014952553436160088 0.007650102488696575 -0.04495447129011154
v 0.014999054372310638 0.008026528172194958 -0.04747719317674637
v 0.014934866689145565 0.008360455743968487 -0.04738151282072067
f 5380 5381 5382
v 0.014952553436160088 0.007650102488696575 -0.04495447129011154
v 0.014934866689145565 0.008360455743968487 -0.04738151282072067
v 0.014916529878973961 0.007734502665698528 -0.04489407688379288
f 5383 5384 5385
v 0.014916529878973961 0.007734502665698528 -0.04489407688379288
v 0.014934866689145565 0.008360455743968487 -0.04738151282072067
v 0.014748072251677513 0.008662070147693157 -0.04729510098695755
f 5386 5387 5388
v 0.014916529878973961 0.007734502665698528 -0.04489407688379288
v 0.014748072251677513 0.008662070147693157 -0.04729510098695755
v 0.014778275974094868 0.007921303622424603 -0.044688157737255096
f 5389 5390 5391
v 0.014778275974094868 0.007921303622424603 -0.044688157737255096
v 0.014748072251677513 0.008662070147693157 -0.04729510098695755
v 0.014689866453409195 0.00799048226326704 -0.04456310719251633
f 5392 5393 5394
v 0.014689866453409195 0.00799048226326704 -0.04456310719251633
v 0.014748072251677513 0.008662070147693157 -0.04729510098695755
v 0.014562394469976425 0.008820819668471813 -0.04724960774183273
f 5395 5396 5397
v 0.014689866453409195 0.00799048226326704 -0.04456310719251633
v 0.014562394469976425 0.008820819668471813 -0.04724960774183273
v 0.014446082524955273 0.008084396831691265 -0.04423192888498306
f 5398 5399 5400
v 0.014446082524955273 0.008084396831691265 -0.04423192888498306
v 0.014562394469976425 0.008820819668471813 -0.04724960774183273
v 0.014237410388886929 0.008959735743701458 -0.047209806740283966
f 5401 5402 5403
v 0.014446082524955273 0.008084396831691265 -0.04423192888498306
v 0.014237410388886929 0.008959735743701458 -0.047209806740283966
v 0.014371211640536785 0.008095058612525463 -0.044136203825473785
f 5404 5405 5406
v 0.014371211640536785 0.008095058612525463 -0.044136203825473785
v 0.014237410388886929 0.008959735743701458 -0.047209806740283966
v 0.013999054208397865 0.008726748637855053 -0.04626943916082382
f 5407 5408 5409
v 0.014371211640536785 0.008095058612525463 -0.044136203825473785
v 0.013999054208397865 0.008726748637855053 -0.04626943916082382
v 0.013999054208397865 0.008055205456912518 -0.0436718687415123
f 5410 5411 5412
v 0.014999054372310638 0.008026528172194958 -0.04747719317674637
v 0.014999054372310638 0.009126718156039715 -0.05099999159574509
v 0.014934866689145565 0.008360455743968487 -0.04738151282072067
f 5413 5414 5415
v 0.014934866689145565 0.008360455743968487 -0.04738151282072067
v 0.014999054372310638 0.009126718156039715 -0.05099999159574509
v 0.014922816306352615 0.009488808922469616 -0.05087681859731674
f 5416 5417 5418
v 0.014934866689145565 0.008360455743968487 -0.04738151282072067
v 0.014922816306352615 0.009488808922469616 -0.05087681859731674
v 0.014748072251677513 0.008662070147693157 -0.04729510098695755
f 5419 5420 5421
v 0.014748072251677513 0.008662070147693157 -0.04729510098695755
v 0.014922816306352615 0.009488808922469616 -0.05087681859731674
v 0.01470603421330452 0.009795996360480785 -0.05077231675386429
f 5422 5423 5424
v 0.014748072251677513 0.008662070147693157 -0.04729510098695755
v 0.01470603421330452 0.009795996360480785 -0.05077231675386429
v 0.014562394469976425 0.008820819668471813 -0.04724960774183273
f 5425 5426 5427
v 0.014562394469976425 0.008820819668471813 -0.04724960774183273
v 0.01470603421330452 0.009795996360480785 -0.05077231675386429
v 0.014381512999534607 0.010000701062381268 -0.05070268362760544
f 5428 5429 5430
v 0.014562394469976425 0.008820819668471813 -0.04724960774183273
v 0.014381512999534607 0.010000701062381268 -0.05070268362760544
v 0.014237410388886929 0.008959735743701458 -0.047209806740283966
f 5431 5432 5433
v 0.014237410388886929 0.008959735743701458 -0.047209806740283966
v 0.014381512999534607 0.010000701062381268 -0.05070268362760544
v 0.013999054208397865 0.010073441080749035 -0.05067794770002365
f 5434 5435 5436
v 0.014237410388886929 0.008959735743701458 -0.047209806740283966
v 0.013999054208397865 0.010073441080749035 -0.05067794770002365
v 0.013999054208397865 0.008726748637855053 -0.04626943916082382
f 5437 5438 5439
v 0.02342088520526886 0.004322814755141735 -0.02160809375345707
v 0.023231711238622665 0.004376101307570934 -0.021571526303887367
v 0.023989524692296982 0.0039856163784861565 -0.018422478809952736
f 5440 5441 5442
v 0.02871045470237732 0.0028344644233584404 -0.01125242654234171
v 0.028610367327928543 0.002816583029925823 -0.011425965465605259
v 0.028539029881358147 0.002898293547332287 -0.011353247798979282
f 5443 5444 5445
v 0.029888661578297615 0.0019576353952288628 -0.010565393604338169
v 0.02989305928349495 0.0019342554733157158 -0.010561489500105381
v 0.029328307136893272 0.0020081130787730217 -0.011129074729979038
f 5446 5447 5448
v 0.028769010677933693 0.0024824393913149834 -0.011607580818235874
v 0.029494117945432663 0.0024255095049738884 -0.010802739299833775
v 0.029328307136893272 0.0020081130787730217 -0.011129074729979038
f 5449 5450 5451
v 0.029328307136893272 0.0020081130787730217 -0.011129074729979038
v 0.029494117945432663 0.0024255095049738884 -0.010802739299833775
v 0.029820801690220833 0.0021087108179926872 -0.010611199773848057
f 5452 5453 5454
v 0.029328307136893272 0.0020081130787730217 -0.011129074729979038
v 0.029820801690220833 0.0021087108179926872 -0.010611199773848057
v 0.029888661578297615 0.0019576353952288628 -0.010565393604338169
f 5455 5456 5457
v 0.028539029881358147 0.002898293547332287 -0.011353247798979282
v 0.028610367327928543 0.002816583029925823 -0.011425965465605259
v 0.028286460787057877 0.002981993369758129 -0.011501097120344639
f 5458 5459 5460
v 0.028286460787057877 0.002981993369758129 -0.011501097120344639
v 0.028610367327928543 0.002816583029925823 -0.011425965465605259
v 0.027553902938961983 0.0029796091839671135 -0.01271882001310587
f 5461 5462 5463
v 0.028286460787057877 0.002981993369758129 -0.011501097120344639
v 0.027553902938961983 0.0029796091839671135 -0.01271882001310587
v 0.027892407029867172 0.0030912188813090324 -0.011726492084562778
f 5464 5465 5466
v 0.02750943973660469 0.0031720129773020744 -0.01194217149168253
v 0.0278372410684824 0.0031044213101267815 -0.011757695116102695
v 0.02728436142206192 0.003188285045325756 -0.012491517700254917
f 5467 5468 5469
v 0.027125805616378784 0.0032347021624445915 -0.012367182411253452
v 0.026971034705638885 0.0032395897433161736 -0.012245737947523594
v 0.027386508882045746 0.003192405216395855 -0.012011193670332432
f 5470 5471 5472
v 0.026971034705638885 0.0032395897433161736 -0.012245737947523594
v 0.027125805616378784 0.0032347021624445915 -0.012367182411253452
v 0.026462262496352196 0.003327581100165844 -0.012956165708601475
f 5473 5474 5475
v 0.026462262496352196 0.003327581100165844 -0.012956165708601475
v 0.027125805616378784 0.0032347021624445915 -0.012367182411253452
v 0.026155227795243263 0.003410029225051403 -0.01378097478300333
f 5476 5477 5478
v 0.026462262496352196 0.003327581100165844 -0.012956165708601475
v 0.026155227795243263 0.003410029225051403 -0.01378097478300333
v 0.025422049686312675 0.0035361601039767265 -0.014640145935118198
f 5479 5480 5481
v 0.025422049686312675 0.0035361601039767265 -0.014640145935118198
v 0.026155227795243263 0.003410029225051403 -0.01378097478300333
v 0.025305146351456642 0.003594721667468548 -0.015270316042006016
f 5482 5483 5484
v 0.025422049686312675 0.0035361601039767265 -0.014640145935118198
v 0.025305146351456642 0.003594721667468548 -0.015270316042006016
v 0.025133101269602776 0.0036030663177371025 -0.015180283226072788
f 5485 5486 5487
v 0.025133101269602776 0.0036030663177371025 -0.015180283226072788
v 0.025305146351456642 0.003594721667468548 -0.015270316042006016
v 0.02458297833800316 0.003786827437579632 -0.016819411888718605
f 5488 5489 5490
v 0.025133101269602776 0.0036030663177371025 -0.015180283226072788
v 0.02458297833800316 0.003786827437579632 -0.016819411888718605
v 0.0238457340747118 0.003982643596827984 -0.018244827166199684
f 5491 5492 5493
v 0.0238457340747118 0.003982643596827984 -0.018244827166199684
v 0.02458297833800316 0.003786827437579632 -0.016819411888718605
v 0.023989524692296982 0.0039856163784861565 -0.018422478809952736
f 5494 5495 5496
v 0.0238457340747118 0.003982643596827984 -0.018244827166199684
v 0.023989524692296982 0.0039856163784861565 -0.018422478809952736
v 0.02380737103521824 0.003997172228991985 -0.018362129107117653
f 5497 5498 5499
v 0.02380737103521824 0.003997172228991985 -0.018362129107117653
v 0.023989524692296982 0.0039856163784861565 -0.018422478809952736
v 0.023231711238622665 0.004376101307570934 -0.021571526303887367
f 5500 5501 5502
v 0.02380737103521824 0.003997172228991985 -0.018362129107117653
v 0.023231711238622665 0.004376101307570934 -0.021571526303887367
v 0.023044681176543236 0.004390801303088665 -0.02154008485376835
f 5503 5504 5505
v 0.025689439848065376 0.002697939984500408 -0.016432875767350197
v 0.024937588721513748 0.002935918979346752 -0.018259817734360695
v 0.02469412423670292 0.0033948374912142754 -0.018723705783486366
f 5506 5507 5508
v 0.02469412423670292 0.0033948374912142754 -0.018723705783486366
v 0.024937588721513748 0.002935918979346752 -0.018259817734360695
v 0.024757027626037598 0.003005187027156353 -0.01879226602613926
f 5509 5510 5511
v 0.02469412423670292 0.0033948374912142754 -0.018723705783486366
v 0.024757027626037598 0.003005187027156353 -0.01879226602613926
v 0.024361388757824898 0.003186228685081005 -0.020185569301247597
f 5512 5513 5514
v 0.02469412423670292 0.0033948374912142754 -0.018723705783486366
v 0.025268059223890305 0.003196719102561474 -0.017178187146782875
v 0.025689439848065376 0.002697939984500408 -0.016432875767350197
f 5515 5516 5517
v 0.025689439848065376 0.002697939984500408 -0.016432875767350197
v 0.025268059223890305 0.003196719102561474 -0.017178187146782875
v 0.025965973734855652 0.003005276434123516 -0.015684926882386208
f 5518 5519 5520
v 0.025689439848065376 0.002697939984500408 -0.016432875767350197
v 0.025965973734855652 0.003005276434123516 -0.015684926882386208
v 0.026142282411456108 0.002580503933131695 -0.015530400909483433
f 5521 5522 5523
v 0.026142282411456108 0.002580503933131695 -0.015530400909483433
v 0.025965973734855652 0.003005276434123516 -0.015684926882386208
v 0.02667221985757351 0.002459387294948101 -0.014598631300032139
f 5524 5525 5526
v 0.029328307136893272 0.0020081130787730217 -0.011129074729979038
v 0.028326524421572685 0.002155276946723461 -0.012259685434401035
v 0.028769010677933693 0.0024824393913149834 -0.011607580818235874
f 5527 5528 5529
v 0.028769010677933693 0.0024824393913149834 -0.011607580818235874
v 0.028326524421572685 0.002155276946723461 -0.012259685434401035
v 0.027956780046224594 0.0022156937047839165 -0.012724065221846104
f 5530 5531 5532
v 0.028769010677933693 0.0024824393913149834 -0.011607580818235874
v 0.027956780046224594 0.0022156937047839165 -0.012724065221846104
v 0.027724087238311768 0.0026465384289622307 -0.012887143529951572
f 5533 5534 5535
v 0.027724087238311768 0.0026465384289622307 -0.012887143529951572
v 0.027956780046224594 0.0022156937047839165 -0.012724065221846104
v 0.02667221985757351 0.002459387294948101 -0.014598631300032139
f 5536 5537 5538
v 0.027724087238311768 0.0026465384289622307 -0.012887143529951572
v 0.02667221985757351 0.002459387294948101 -0.014598631300032139
v 0.0267870482057333 0.0028212321922183037 -0.014249497093260288
f 5539 5540 5541
v 0.0267870482057333 0.0028212321922183037 -0.014249497093260288
v 0.02667221985757351 0.002459387294948101 -0.014598631300032139
v 0.025965973734855652 0.003005276434123516 -0.015684926882386208
f 5542 5543 5544
v 0.02296922355890274 0.00445487629622221 -0.02205742336809635
v 0.023044681176543236 0.004390801303088665 -0.02154008485376835
v 0.023183021694421768 0.004434580914676189 -0.02208835817873478
f 5545 5546 5547
v 0.023183021694421768 0.004434580914676189 -0.02208835817873478
v 0.023044681176543236 0.004390801303088665 -0.02154008485376835
v 0.023231711238622665 0.004376101307570934 -0.021571526303887367
f 5548 5549 5550
v 0.023183021694421768 0.004434580914676189 -0.02208835817873478
v 0.023231711238622665 0.004376101307570934 -0.021571526303887367
v 0.023509414866566658 0.00430335383862257 -0.022148022428154945
f 5551 5552 5553
v 0.023509414866566658 0.00430335383862257 -0.022148022428154945
v 0.023231711238622665 0.004376101307570934 -0.021571526303887367
v 0.02342088520526886 0.004322814755141735 -0.02160809375345707
f 5554 5555 5556
v 0.023509414866566658 0.00430335383862257 -0.022148022428154945
v 0.02342088520526886 0.004322814755141735 -0.02160809375345707
v 0.023723527789115906 0.004117096774280071 -0.022199565544724464
f 5557 5558 5559
v 0.02390274778008461 0.0038062362000346184 -0.02226189710199833
v 0.023723527789115906 0.004117096774280071 -0.022199565544724464
v 0.023746145889163017 0.004109959118068218 -0.021685997024178505
f 5560 5561 5562
v 0.023746145889163017 0.004109959118068218 -0.021685997024178505
v 0.023723527789115906 0.004117096774280071 -0.022199565544724464
v 0.02342088520526886 0.004322814755141735 -0.02160809375345707
f 5563 5564 5565
v 0.023746145889163017 0.004109959118068218 -0.021685997024178505
v 0.02342088520526886 0.004322814755141735 -0.02160809375345707
v 0.024173783138394356 0.003934617154300213 -0.018488416448235512
f 5566 5567 5568
v 0.024173783138394356 0.003934617154300213 -0.018488416448235512
v 0.02342088520526886 0.004322814755141735 -0.02160809375345707
v 0.023989524692296982 0.0039856163784861565 -0.018422478809952736
f 5569 5570 5571
v 0.024173783138394356 0.003934617154300213 -0.018488416448235512
v 0.023989524692296982 0.0039856163784861565 -0.018422478809952736
v 0.024762753397226334 0.003737012855708599 -0.0169005636125803
f 5572 5573 5574
v 0.024762753397226334 0.003737012855708599 -0.0169005636125803
v 0.023989524692296982 0.0039856163784861565 -0.018422478809952736
v 0.02458297833800316 0.003786827437579632 -0.016819411888718605
f 5575 5576 5577
v 0.024762753397226334 0.003737012855708599 -0.0169005636125803
v 0.02458297833800316 0.003786827437579632 -0.016819411888718605
v 0.025479145348072052 0.0035460693761706352 -0.015366309322416782
f 5578 5579 5580
v 0.025479145348072052 0.0035460693761706352 -0.015366309322416782
v 0.02458297833800316 0.003786827437579632 -0.016819411888718605
v 0.025305146351456642 0.003594721667468548 -0.015270316042006016
f 5581 5582 5583
v 0.025479145348072052 0.0035460693761706352 -0.015366309322416782
v 0.025305146351456642 0.003594721667468548 -0.015270316042006016
v 0.02632213942706585 0.00336251687258482 -0.013891451992094517
f 5584 5585 5586
v 0.02632213942706585 0.00336251687258482 -0.013891451992094517
v 0.025305146351456642 0.003594721667468548 -0.015270316042006016
v 0.026155227795243263 0.003410029225051403 -0.01378097478300333
f 5587 5588 5589
v 0.02632213942706585 0.00336251687258482 -0.013891451992094517
v 0.026155227795243263 0.003410029225051403 -0.01378097478300333
v 0.02728436142206192 0.003188285045325756 -0.012491517700254917
f 5590 5591 5592
v 0.02728436142206192 0.003188285045325756 -0.012491517700254917
v 0.026155227795243263 0.003410029225051403 -0.01378097478300333
v 0.027125805616378784 0.0032347021624445915 -0.012367182411253452
f 5593 5594 5595
v 0.02728436142206192 0.003188285045325756 -0.012491517700254917
v 0.027125805616378784 0.0032347021624445915 -0.012367182411253452
v 0.02750943973660469 0.0031720129773020744 -0.01194217149168253
f 5596 5597 5598
v 0.02750943973660469 0.0031720129773020744 -0.01194217149168253
v 0.027125805616378784 0.0032347021624445915 -0.012367182411253452
v 0.027386508882045746 0.003192405216395855 -0.012011193670332432
f 5599 5600 5601
v 0.023960497230291367 0.003462458960711956 -0.022312158718705177
v 0.02390274778008461 0.0038062362000346184 -0.02226189710199833
v 0.02395997755229473 0.0037840260192751884 -0.02176026441156864
f 5602 5603 5604
v 0.02395997755229473 0.0037840260192751884 -0.02176026441156864
v 0.02390274778008461 0.0038062362000346184 -0.02226189710199833
v 0.023746145889163017 0.004109959118068218 -0.021685997024178505
f 5605 5606 5607
v 0.02395997755229473 0.0037840260192751884 -0.02176026441156864
v 0.023746145889163017 0.004109959118068218 -0.021685997024178505
v 0.024489393457770348 0.003723139874637127 -0.01861676014959812
f 5608 5609 5610
v 0.024489393457770348 0.003723139874637127 -0.01861676014959812
v 0.023746145889163017 0.004109959118068218 -0.021685997024178505
v 0.024173783138394356 0.003934617154300213 -0.018488416448235512
f 5611 5612 5613
v 0.024489393457770348 0.003723139874637127 -0.01861676014959812
v 0.024173783138394356 0.003934617154300213 -0.018488416448235512
v 0.025070084258913994 0.0035262582823634148 -0.017054835334420204
f 5614 5615 5616
v 0.025070084258913994 0.0035262582823634148 -0.017054835334420204
v 0.024173783138394356 0.003934617154300213 -0.018488416448235512
v 0.024762753397226334 0.003737012855708599 -0.0169005636125803
f 5617 5618 5619
v 0.025070084258913994 0.0035262582823634148 -0.017054835334420204
v 0.024762753397226334 0.003737012855708599 -0.0169005636125803
v 0.025776032358407974 0.0033360300585627556 -0.015545808710157871
f 5620 5621 5622
v 0.025776032358407974 0.0033360300585627556 -0.015545808710157871
v 0.024762753397226334 0.003737012855708599 -0.0169005636125803
v 0.025479145348072052 0.0035460693761706352 -0.015366309322416782
f 5623 5624 5625
v 0.025776032358407974 0.0033360300585627556 -0.015545808710157871
v 0.025479145348072052 0.0035460693761706352 -0.015366309322416782
v 0.026606401428580284 0.003153170458972454 -0.014095359481871128
f 5626 5627 5628
v 0.026606401428580284 0.003153170458972454 -0.014095359481871128
v 0.025479145348072052 0.0035460693761706352 -0.015366309322416782
v 0.02632213942706585 0.00336251687258482 -0.013891451992094517
f 5629 5630 5631
v 0.026606401428580284 0.003153170458972454 -0.014095359481871128
v 0.02632213942706585 0.00336251687258482 -0.013891451992094517
v 0.027553902938961983 0.0029796091839671135 -0.01271882001310587
f 5632 5633 5634
v 0.027553902938961983 0.0029796091839671135 -0.01271882001310587
v 0.02632213942706585 0.00336251687258482 -0.013891451992094517
v 0.02728436142206192 0.003188285045325756 -0.012491517700254917
f 5635 5636 5637
v 0.027553902938961983 0.0029796091839671135 -0.01271882001310587
v 0.02728436142206192 0.003188285045325756 -0.012491517700254917
v 0.027892407029867172 0.0030912188813090324 -0.011726492084562778
f 5638 5639 5640
v 0.027892407029867172 0.0030912188813090324 -0.011726492084562778
v 0.02728436142206192 0.003188285045325756 -0.012491517700254917
v 0.0278372410684824 0.0031044213101267815 -0.011757695116102695
f 5641 5642 5643
v 0.02871045470237732 0.0028344644233584404 -0.01125242654234171
v 0.029494117945432663 0.0024255095049738884 -0.010802739299833775
v 0.028610367327928543 0.002816583029925823 -0.011425965465605259
f 5644 5645 5646
v 0.028610367327928543 0.002816583029925823 -0.011425965465605259
v 0.029494117945432663 0.0024255095049738884 -0.010802739299833775
v 0.028769010677933693 0.0024824393913149834 -0.011607580818235874
f 5647 5648 5649
v 0.028610367327928543 0.002816583029925823 -0.011425965465605259
v 0.028769010677933693 0.0024824393913149834 -0.011607580818235874
v 0.027553902938961983 0.0029796091839671135 -0.01271882001310587
f 5650 5651 5652
v 0.027553902938961983 0.0029796091839671135 -0.01271882001310587
v 0.028769010677933693 0.0024824393913149834 -0.011607580818235874
v 0.027724087238311768 0.0026465384289622307 -0.012887143529951572
f 5653 5654 5655
v 0.027553902938961983 0.0029796091839671135 -0.01271882001310587
v 0.027724087238311768 0.0026465384289622307 -0.012887143529951572
v 0.026606401428580284 0.003153170458972454 -0.014095359481871128
f 5656 5657 5658
v 0.026606401428580284 0.003153170458972454 -0.014095359481871128
v 0.027724087238311768 0.0026465384289622307 -0.012887143529951572
v 0.0267870482057333 0.0028212321922183037 -0.014249497093260288
f 5659 5660 5661
v 0.026606401428580284 0.003153170458972454 -0.014095359481871128
v 0.0267870482057333 0.0028212321922183037 -0.014249497093260288
v 0.025776032358407974 0.0033360300585627556 -0.015545808710157871
f 5662 5663 5664
v 0.025776032358407974 0.0033360300585627556 -0.015545808710157871
v 0.0267870482057333 0.0028212321922183037 -0.014249497093260288
v 0.025965973734855652 0.003005276434123516 -0.015684926882386208
f 5665 5666 5667
v 0.025776032358407974 0.0033360300585627556 -0.015545808710157871
v 0.025965973734855652 0.003005276434123516 -0.015684926882386208
v 0.025070084258913994 0.0035262582823634148 -0.017054835334420204
f 5668 5669 5670
v 0.025070084258913994 0.0035262582823634148 -0.017054835334420204
v 0.025965973734855652 0.003005276434123516 -0.015684926882386208
v 0.025268059223890305 0.003196719102561474 -0.017178187146782875
f 5671 5672 5673
v 0.025070084258913994 0.0035262582823634148 -0.017054835334420204
v 0.025268059223890305 0.003196719102561474 -0.017178187146782875
v 0.024489393457770348 0.003723139874637127 -0.01861676014959812
f 5674 5675 5676
v 0.024489393457770348 0.003723139874637127 -0.01861676014959812
v 0.025268059223890305 0.003196719102561474 -0.017178187146782875
v 0.02469412423670292 0.0033948374912142754 -0.018723705783486366
f 5677 5678 5679
v 0.024489393457770348 0.003723139874637127 -0.01861676014959812
v 0.02469412423670292 0.0033948374912142754 -0.018723705783486366
v 0.02395997755229473 0.0037840260192751884 -0.02176026441156864
f 5680 5681 5682
v 0.02395997755229473 0.0037840260192751884 -0.02176026441156864
v 0.02469412423670292 0.0033948374912142754 -0.018723705783486366
v 0.024361388757824898 0.003186228685081005 -0.020185569301247597
f 5683 5684 5685
v 0.02395997755229473 0.0037840260192751884 -0.02176026441156864
v 0.024361388757824898 0.003186228685081005 -0.020185569301247597
v 0.023960497230291367 0.003462458960711956 -0.022312158718705177
f 5686 5687 5688
v 0.022888319566845894 0.004749300889670849 -0.025078261271119118
v 0.022506587207317352 0.004819351248443127 -0.02500000037252903
v 0.02296922355890274 0.00445487629622221 -0.02205742336809635
f 5689 5690 5691
v 0.023960497230291367 0.003462458960711956 -0.022312158718705177
v 0.023490378633141518 0.0038269339129328728 -0.025302240625023842
v 0.02390274591743946 0.0038062362000346184 -0.02226189710199833
f 5692 5693 5694
v 0.02390274591743946 0.0038062362000346184 -0.02226189710199833
v 0.023490378633141518 0.0038269339129328728 -0.025302240625023842
v 0.023422131314873695 0.004210497252643108 -0.025242293253540993
f 5695 5696 5697
v 0.02390274591743946 0.0038062362000346184 -0.02226189710199833
v 0.023422131314873695 0.004210497252643108 -0.025242293253540993
v 0.023723525926470757 0.004117096774280071 -0.022199565544724464
f 5698 5699 5700
v 0.023723525926470757 0.004117096774280071 -0.022199565544724464
v 0.023422131314873695 0.004210497252643108 -0.025242293253540993
v 0.02321047894656658 0.004535826854407787 -0.025163421407341957
f 5701 5702 5703
v 0.023723525926470757 0.004117096774280071 -0.022199565544724464
v 0.02321047894656658 0.004535826854407787 -0.025163421407341957
v 0.023509414866566658 0.00430335383862257 -0.022148022428154945
f 5704 5705 5706
v 0.023509414866566658 0.00430335383862257 -0.022148022428154945
v 0.02321047894656658 0.004535826854407787 -0.025163421407341957
v 0.022888319566845894 0.004749300889670849 -0.025078261271119118
f 5707 5708 5709
v 0.023509414866566658 0.00430335383862257 -0.022148022428154945
v 0.022888319566845894 0.004749300889670849 -0.025078261271119118
v 0.023183021694421768 0.004434580914676189 -0.02208835817873478
f 5710 5711 5712
v 0.023183021694421768 0.004434580914676189 -0.02208835817873478
v 0.022888319566845894 0.004749300889670849 -0.025078261271119118
v 0.02296922355890274 0.00445487629622221 -0.02205742336809635
f 5713 5714 5715
v 0.015393373556435108 0.007439310662448406 -0.043686844408512115
v 0.015247114934027195 0.00761722307652235 -0.04365377873182297
v 0.01632815971970558 0.007376912049949169 -0.0422961488366127
f 5716 5717 5718
v 0.0150669040158391 0.0077595217153429985 -0.04363357275724411
v 0.01473324280232191 0.00792239885777235 -0.043623797595500946
v 0.016058379784226418 0.007577936165034771 -0.042038388550281525
f 5719 5720 5721
v 0.014581532217562199 0.007970462553203106 -0.043626122176647186
v 0.013999054208397865 0.008055205456912518 -0.0436718687415123
v 0.015729833394289017 0.007611225359141827 -0.04177208989858627
f 5722 5723 5724
v 0.019712641835212708 0.0056121451780200005 -0.03739794343709946
v 0.019357454031705856 0.0061215488240122795 -0.03793006390333176
v 0.02047806791961193 0.005689549259841442 -0.03549350053071976
f 5725 5726 5727
v 0.015524027869105339 0.006897765211760998 -0.04377608746290207
v 0.01552021224051714 0.006920556537806988 -0.043780528008937836
v 0.016490187495946884 0.007041688077151775 -0.04249920696020126
f 5728 5729 5730
v 0.016490187495946884 0.007041688077151775 -0.04249920696020126
v 0.01552021224051714 0.006920556537806988 -0.043780528008937836
v 0.0155095886439085 0.0070544658228755 -0.043773286044597626
f 5731 5732 5733
v 0.016490187495946884 0.007041688077151775 -0.04249920696020126
v 0.0155095886439085 0.0070544658228755 -0.043773286044597626
v 0.01548069529235363 0.00725139956921339 -0.043726153671741486
f 5734 5735 5736
v 0.015524027869105339 0.006897765211760998 -0.04377608746290207
v 0.016490187495946884 0.007041688077151775 -0.04249920696020126
v 0.017032882198691368 0.006490479223430157 -0.04192373901605606
f 5737 5738 5739
v 0.017032882198691368 0.006490479223430157 -0.04192373901605606
v 0.016490187495946884 0.007041688077151775 -0.04249920696020126
v 0.018039720132946968 0.006575177423655987 -0.04027796536684036
f 5740 5741 5742
v 0.017032882198691368 0.006490479223430157 -0.04192373901605606
v 0.018039720132946968 0.006575177423655987 -0.04027796536684036
v 0.017922408878803253 0.006222727708518505 -0.040621496737003326
f 5743 5744 5745
v 0.019357454031705856 0.0061215488240122795 -0.03793006390333176
v 0.019712641835212708 0.0056121451780200005 -0.03739794343709946
v 0.018039720132946968 0.006575177423655987 -0.04027796536684036
f 5746 5747 5748
v 0.018039720132946968 0.006575177423655987 -0.04027796536684036
v 0.019712641835212708 0.0056121451780200005 -0.03739794343709946
v 0.018346868455410004 0.006087246350944042 -0.03993625193834305
f 5749 5750 5751
v 0.018039720132946968 0.006575177423655987 -0.04027796536684036
v 0.018346868455410004 0.006087246350944042 -0.03993625193834305
v 0.017922408878803253 0.006222727708518505 -0.040621496737003326
f 5752 5753 5754
v 0.022225867956876755 0.004900689236819744 -0.030444124713540077
v 0.022006474435329437 0.004652741365134716 -0.03146558254957199
v 0.021986855193972588 0.004662136547267437 -0.03152964264154434
f 5755 5756 5757
v 0.022225867956876755 0.004900689236819744 -0.030444124713540077
v 0.021986855193972588 0.004662136547267437 -0.03152964264154434
v 0.021427486091852188 0.0052822185680270195 -0.0329924002289772
f 5758 5759 5760
v 0.021427486091852188 0.0052822185680270195 -0.0329924002289772
v 0.021986855193972588 0.004662136547267437 -0.03152964264154434
v 0.020948119461536407 0.00512587558478117 -0.034539513289928436
f 5761 5762 5763
v 0.021427486091852188 0.0052822185680270195 -0.0329924002289772
v 0.020948119461536407 0.00512587558478117 -0.034539513289928436
v 0.02047806791961193 0.005689549259841442 -0.03549350053071976
f 5764 5765 5766
v 0.02047806791961193 0.005689549259841442 -0.03549350053071976
v 0.020948119461536407 0.00512587558478117 -0.034539513289928436
v 0.020115438848733902 0.005460287444293499 -0.03653448075056076
f 5767 5768 5769
v 0.02047806791961193 0.005689549259841442 -0.03549350053071976
v 0.020115438848733902 0.005460287444293499 -0.03653448075056076
v 0.019712641835212708 0.0056121451780200005 -0.03739794343709946
f 5770 5771 5772
v 0.023490378633141518 0.0038269339129328728 -0.025302240625023842
v 0.02341618575155735 0.00387591402977705 -0.025701651349663734
v 0.023422131314873695 0.004210497252643108 -0.025242293253540993
f 5773 5774 5775
v 0.023422131314873695 0.004210497252643108 -0.025242293253540993
v 0.02341618575155735 0.00387591402977705 -0.025701651349663734
v 0.022814903408288956 0.004236775450408459 -0.02850019372999668
f 5776 5777 5778
v 0.023422131314873695 0.004210497252643108 -0.025242293253540993
v 0.022814903408288956 0.004236775450408459 -0.02850019372999668
v 0.022225867956876755 0.004900689236819744 -0.030444124713540077
f 5779 5780 5781
v 0.022225867956876755 0.004900689236819744 -0.030444124713540077
v 0.022814903408288956 0.004236775450408459 -0.02850019372999668
v 0.02228585071861744 0.0045157624408602715 -0.03051714040338993
f 5782 5783 5784
v 0.022225867956876755 0.004900689236819744 -0.030444124713540077
v 0.02228585071861744 0.0045157624408602715 -0.03051714040338993
v 0.022006474435329437 0.004652741365134716 -0.03146558254957199
f 5785 5786 5787
v 0.014581532217562199 0.007970462553203106 -0.043626122176647186
v 0.015729833394289017 0.007611225359141827 -0.04177208989858627
v 0.01473324280232191 0.00792239885777235 -0.043623797595500946
f 5788 5789 5790
v 0.0150669040158391 0.0077595217153429985 -0.04363357275724411
v 0.016058379784226418 0.007577936165034771 -0.042038388550281525
v 0.015247114934027195 0.00761722307652235 -0.04365377873182297
f 5791 5792 5793
v 0.015393373556435108 0.007439310662448406 -0.043686844408512115
v 0.01632815971970558 0.007376912049949169 -0.0422961488366127
v 0.01548069529235363 0.00725139956921339 -0.043726153671741486
f 5794 5795 5796
v 0.01473324280232191 0.00792239885777235 -0.043623797595500946
v 0.015729833394289017 0.007611225359141827 -0.04177208989858627
v 0.016058379784226418 0.007577936165034771 -0.042038388550281525
f 5797 5798 5799
v 0.016058379784226418 0.007577936165034771 -0.042038388550281525
v 0.015729833394289017 0.007611225359141827 -0.04177208989858627
v 0.017227431759238243 0.007154854945838451 -0.03965087980031967
f 5800 5801 5802
v 0.016058379784226418 0.007577936165034771 -0.042038388550281525
v 0.017227431759238243 0.007154854945838451 -0.03965087980031967
v 0.01757514290511608 0.007111783139407635 -0.03987704962491989
f 5803 5804 5805
v 0.01757514290511608 0.007111783139407635 -0.03987704962491989
v 0.017227431759238243 0.007154854945838451 -0.03965087980031967
v 0.01851053722202778 0.006709250621497631 -0.03738897293806076
f 5806 5807 5808
v 0.01757514290511608 0.007111783139407635 -0.03987704962491989
v 0.01851053722202778 0.006709250621497631 -0.03738897293806076
v 0.018870405852794647 0.006658579222857952 -0.03758136183023453
f 5809 5810 5811
v 0.018870405852794647 0.006658579222857952 -0.03758136183023453
v 0.01851053722202778 0.006709250621497631 -0.03738897293806076
v 0.018627632409334183 0.006665940396487713 -0.037157945334911346
f 5812 5813 5814
v 0.018870405852794647 0.006658579222857952 -0.03758136183023453
v 0.018627632409334183 0.006665940396487713 -0.037157945334911346
v 0.01997503638267517 0.006227004341781139 -0.03519038110971451
f 5815 5816 5817
v 0.018627632409334183 0.006665940396487713 -0.037157945334911346
v 0.019607001915574074 0.006283554248511791 -0.035026706755161285
v 0.01997503638267517 0.006227004341781139 -0.03519038110971451
f 5818 5819 5820
v 0.01997503638267517 0.006227004341781139 -0.03519038110971451
v 0.019607001915574074 0.006283554248511791 -0.035026706755161285
v 0.02053934335708618 0.0058812303468585014 -0.03259093314409256
f 5821 5822 5823
v 0.01997503638267517 0.006227004341781139 -0.03519038110971451
v 0.02053934335708618 0.0058812303468585014 -0.03259093314409256
v 0.020912915468215942 0.005820083431899548 -0.032729603350162506
f 5824 5825 5826
v 0.020912915468215942 0.005820083431899548 -0.032729603350162506
v 0.02053934335708618 0.0058812303468585014 -0.03259093314409256
v 0.021325359120965004 0.005503716878592968 -0.030100995674729347
f 5827 5828 5829
v 0.020912915468215942 0.005820083431899548 -0.032729603350162506
v 0.021325359120965004 0.005503716878592968 -0.030100995674729347
v 0.021702779456973076 0.0054389191791415215 -0.030217478051781654
f 5830 5831 5832
v 0.021702779456973076 0.0054389191791415215 -0.030217478051781654
v 0.021325359120965004 0.005503716878592968 -0.030100995674729347
v 0.022506587207317352 0.004819351248443127 -0.02500000037252903
f 5833 5834 5835
v 0.021702779456973076 0.0054389191791415215 -0.030217478051781654
v 0.022506587207317352 0.004819351248443127 -0.02500000037252903
v 0.022888319566845894 0.004749300889670849 -0.025078261271119118
f 5836 5837 5838
v 0.015247114934027195 0.00761722307652235 -0.04365377873182297
v 0.016058379784226418 0.007577936165034771 -0.042038388550281525
v 0.01632815971970558 0.007376912049949169 -0.0422961488366127
f 5839 5840 5841
v 0.01632815971970558 0.007376912049949169 -0.0422961488366127
v 0.016058379784226418 0.007577936165034771 -0.042038388550281525
v 0.01757514290511608 0.007111783139407635 -0.03987704962491989
f 5842 5843 5844
v 0.01632815971970558 0.007376912049949169 -0.0422961488366127
v 0.01757514290511608 0.007111783139407635 -0.03987704962491989
v 0.017862722277641296 0.006907532922923565 -0.04009886831045151
f 5845 5846 5847
v 0.017862722277641296 0.006907532922923565 -0.04009886831045151
v 0.01757514290511608 0.007111783139407635 -0.03987704962491989
v 0.018870405852794647 0.006658579222857952 -0.03758136183023453
f 5848 5849 5850
v 0.017862722277641296 0.006907532922923565 -0.04009886831045151
v 0.018870405852794647 0.006658579222857952 -0.03758136183023453
v 0.01916973479092121 0.006451788358390331 -0.037772439420223236
f 5851 5852 5853
v 0.01916973479092121 0.006451788358390331 -0.037772439420223236
v 0.018870405852794647 0.006658579222857952 -0.03758136183023453
v 0.01997503638267517 0.006227004341781139 -0.03519038110971451
f 5854 5855 5856
v 0.01916973479092121 0.006451788358390331 -0.037772439420223236
v 0.01997503638267517 0.006227004341781139 -0.03519038110971451
v 0.02028249390423298 0.006018231622874737 -0.03535499423742294
f 5857 5858 5859
v 0.02028249390423298 0.006018231622874737 -0.03535499423742294
v 0.01997503638267517 0.006227004341781139 -0.03519038110971451
v 0.020912915468215942 0.005820083431899548 -0.032729603350162506
f 5860 5861 5862
v 0.02028249390423298 0.006018231622874737 -0.03535499423742294
v 0.020912915468215942 0.005820083431899548 -0.032729603350162506
v 0.021226074546575546 0.005609723739326 -0.03287104517221451
f 5863 5864 5865
v 0.021226074546575546 0.005609723739326 -0.03287104517221451
v 0.020912915468215942 0.005820083431899548 -0.032729603350162506
v 0.021702779456973076 0.0054389191791415215 -0.030217478051781654
f 5866 5867 5868
v 0.021226074546575546 0.005609723739326 -0.03287104517221451
v 0.021702779456973076 0.0054389191791415215 -0.030217478051781654
v 0.02202003262937069 0.0052272854372859 -0.030338237062096596
f 5869 5870 5871
v 0.02202003262937069 0.0052272854372859 -0.030338237062096596
v 0.021702779456973076 0.0054389191791415215 -0.030217478051781654
v 0.022888319566845894 0.004749300889670849 -0.025078261271119118
f 5872 5873 5874
v 0.02202003262937069 0.0052272854372859 -0.030338237062096596
v 0.022888319566845894 0.004749300889670849 -0.025078261271119118
v 0.02321047894656658 0.004535826854407787 -0.025163421407341957
f 5875 5876 5877
v 0.01548069529235363 0.00725139956921339 -0.043726153671741486
v 0.01632815971970558 0.007376912049949169 -0.0422961488366127
v 0.016490187495946884 0.007041688077151775 -0.04249920696020126
f 5878 5879 5880
v 0.016490187495946884 0.007041688077151775 -0.04249920696020126
v 0.01632815971970558 0.007376912049949169 -0.0422961488366127
v 0.017862722277641296 0.006907532922923565 -0.04009886831045151
f 5881 5882 5883
v 0.016490187495946884 0.007041688077151775 -0.04249920696020126
v 0.017862722277641296 0.006907532922923565 -0.04009886831045151
v 0.018039720132946968 0.006575177423655987 -0.04027796536684036
f 5884 5885 5886
v 0.018039720132946968 0.006575177423655987 -0.04027796536684036
v 0.017862722277641296 0.006907532922923565 -0.04009886831045151
v 0.01916973479092121 0.006451788358390331 -0.037772439420223236
f 5887 5888 5889
v 0.018039720132946968 0.006575177423655987 -0.04027796536684036
v 0.01916973479092121 0.006451788358390331 -0.037772439420223236
v 0.019357454031705856 0.0061215488240122795 -0.03793006390333176
f 5890 5891 5892
v 0.019357454031705856 0.0061215488240122795 -0.03793006390333176
v 0.01916973479092121 0.006451788358390331 -0.037772439420223236
v 0.02028249390423298 0.006018231622874737 -0.03535499423742294
f 5893 5894 5895
v 0.019357454031705856 0.0061215488240122795 -0.03793006390333176
v 0.02028249390423298 0.006018231622874737 -0.03535499423742294
v 0.02047806791961193 0.005689549259841442 -0.03549350053071976
f 5896 5897 5898
v 0.02047806791961193 0.005689549259841442 -0.03549350053071976
v 0.02028249390423298 0.006018231622874737 -0.03535499423742294
v 0.021226074546575546 0.005609723739326 -0.03287104517221451
f 5899 5900 5901
v 0.02047806791961193 0.005689549259841442 -0.03549350053071976
v 0.021226074546575546 0.005609723739326 -0.03287104517221451
v 0.021427486091852188 0.0052822185680270195 -0.0329924002289772
f 5902 5903 5904
v 0.021427486091852188 0.0052822185680270195 -0.0329924002289772
v 0.021226074546575546 0.005609723739326 -0.03287104517221451
v 0.02202003262937069 0.0052272854372859 -0.030338237062096596
f 5905 5906 5907
v 0.021427486091852188 0.0052822185680270195 -0.0329924002289772
v 0.02202003262937069 0.0052272854372859 -0.030338237062096596
v 0.022225867956876755 0.004900689236819744 -0.030444124713540077
f 5908 5909 5910
v 0.022225867956876755 0.004900689236819744 -0.030444124713540077
v 0.02202003262937069 0.0052272854372859 -0.030338237062096596
v 0.02321047894656658 0.004535826854407787 -0.025163421407341957
f 5911 5912 5913
v 0.022225867956876755 0.004900689236819744 -0.030444124713540077
v 0.02321047894656658 0.004535826854407787 -0.025163421407341957
v 0.023422131314873695 0.004210497252643108 -0.025242293253540993
f 5914 5915 5916
v 0.013960307464003563 0.010827216319739819 -0.05277753621339798
v 0.013999054208397865 0.010073441080749035 -0.05067794770002365
v 0.014381512999534607 0.010000701062381268 -0.05070268362760544
f 5917 5918 5919
v 0.014716124162077904 0.011379907839000225 -0.05679713934659958
v 0.014547743834555149 0.012086178176105022 -0.058304108679294586
v 0.014488426968455315 0.01244101207703352 -0.058121539652347565
f 5920 5921 5922
v 0.013837474398314953 0.014340612106025219 -0.06257463246583939
v 0.013222619891166687 0.01578340120613575 -0.0651615634560585
v 0.01318659633398056 0.01614699698984623 -0.0649537667632103
f 5923 5924 5925
v 0.011870191432535648 0.01738179661333561 -0.06583481281995773
v 0.012256640009582043 0.01666153408586979 -0.06442459672689438
v 0.012656609527766705 0.016628103330731392 -0.06454967707395554
f 5926 5927 5928
v 0.012428625486791134 0.016975196078419685 -0.06779349595308304
v 0.012116171419620514 0.017223263159394264 -0.0686834380030632
v 0.012065598741173744 0.017614329233765602 -0.06857848912477493
f 5929 5930 5931
v 0.012116171419620514 0.017223263159394264 -0.0686834380030632
v 0.011640166863799095 0.01736142672598362 -0.06991928070783615
v 0.012065598741173744 0.017614329233765602 -0.06857848912477493
f 5932 5933 5934
v 0.012065598741173744 0.017614329233765602 -0.06857848912477493
v 0.011640166863799095 0.01736142672598362 -0.06991928070783615
v 0.011569535359740257 0.017743894830346107 -0.0698905810713768
f 5935 5936 5937
v 0.012065598741173744 0.017614329233765602 -0.06857848912477493
v 0.011569535359740257 0.017743894830346107 -0.0698905810713768
v 0.011866910383105278 0.017940441146492958 -0.06843391805887222
f 5938 5939 5940
v 0.011866910383105278 0.017940441146492958 -0.06843391805887222
v 0.011569535359740257 0.017743894830346107 -0.0698905810713768
v 0.011368698440492153 0.01806836761534214 -0.06980898231267929
f 5941 5942 5943
v 0.011866910383105278 0.017940441146492958 -0.06843391805887222
v 0.011368698440492153 0.01806836761534214 -0.06980898231267929
v 0.01155304815620184 0.01814633049070835 -0.0682738795876503
f 5944 5945 5946
v 0.01155304815620184 0.01814633049070835 -0.0682738795876503
v 0.011368698440492153 0.01806836761534214 -0.06980898231267929
v 0.011068045161664486 0.018284598365426064 -0.06968682259321213
f 5947 5948 5949
v 0.01155304815620184 0.01814633049070835 -0.0682738795876503
v 0.011068045161664486 0.018284598365426064 -0.06968682259321213
v 0.011176741681993008 0.018199549987912178 -0.06812500208616257
f 5950 5951 5952
v 0.011176741681993008 0.018199549987912178 -0.06812500208616257
v 0.011068045161664486 0.018284598365426064 -0.06968682259321213
v 0.010713716968894005 0.018361428752541542 -0.06954286247491837
f 5953 5954 5955
v 0.01253439113497734 0.016862178221344948 -0.06747592240571976
v 0.012428625486791134 0.016975196078419685 -0.06779349595308304
v 0.012494884431362152 0.0172457043081522 -0.06731659919023514
f 5956 5957 5958
v 0.012494884431362152 0.0172457043081522 -0.06731659919023514
v 0.012428625486791134 0.016975196078419685 -0.06779349595308304
v 0.012065598741173744 0.017614329233765602 -0.06857848912477493
f 5959 5960 5961
v 0.012494884431362152 0.0172457043081522 -0.06731659919023514
v 0.012065598741173744 0.017614329233765602 -0.06857848912477493
v 0.012296774424612522 0.017562637105584145 -0.06713063269853592
f 5962 5963 5964
v 0.012296774424612522 0.017562637105584145 -0.06713063269853592
v 0.012065598741173744 0.017614329233765602 -0.06857848912477493
v 0.011866910383105278 0.017940441146492958 -0.06843391805887222
f 5965 5966 5967
v 0.012296774424612522 0.017562637105584145 -0.06713063269853592
v 0.011866910383105278 0.017940441146492958 -0.06843391805887222
v 0.011974398046731949 0.017756829038262367 -0.06695056706666946
f 5968 5969 5970
v 0.011974398046731949 0.017756829038262367 -0.06695056706666946
v 0.011866910383105278 0.017940441146492958 -0.06843391805887222
v 0.01155304815620184 0.01814633049070835 -0.0682738795876503
f 5971 5972 5973
v 0.011974398046731949 0.017756829038262367 -0.06695056706666946
v 0.01155304815620184 0.01814633049070835 -0.0682738795876503
v 0.011584366671741009 0.01779637672007084 -0.06680754572153091
f 5974 5975 5976
v 0.011584366671741009 0.01779637672007084 -0.06680754572153091
v 0.01155304815620184 0.01814633049070835 -0.0682738795876503
v 0.011176741681993008 0.018199549987912178 -0.06812500208616257
f 5977 5978 5979
v 0.013222619891166687 0.01578340120613575 -0.0651615634560585
v 0.01253439113497734 0.016862178221344948 -0.06747592240571976
v 0.01318659633398056 0.01614699698984623 -0.0649537667632103
f 5980 5981 5982
v 0.01318659633398056 0.01614699698984623 -0.0649537667632103
v 0.01253439113497734 0.016862178221344948 -0.06747592240571976
v 0.012494884431362152 0.0172457043081522 -0.06731659919023514
f 5983 5984 5985
v 0.01318659633398056 0.01614699698984623 -0.0649537667632103
v 0.012494884431362152 0.0172457043081522 -0.06731659919023514
v 0.012986178509891033 0.016446532681584358 -0.06473692506551743
f 5986 5987 5988
v 0.012986178509891033 0.016446532681584358 -0.06473692506551743
v 0.012494884431362152 0.0172457043081522 -0.06731659919023514
v 0.012296774424612522 0.017562637105584145 -0.06713063269853592
f 5989 5990 5991
v 0.012986178509891033 0.016446532681584358 -0.06473692506551743
v 0.012296774424612522 0.017562637105584145 -0.06713063269853592
v 0.012656609527766705 0.016628103330731392 -0.06454967707395554
f 5992 5993 5994
v 0.012656609527766705 0.016628103330731392 -0.06454967707395554
v 0.012296774424612522 0.017562637105584145 -0.06713063269853592
v 0.011974398046731949 0.017756829038262367 -0.06695056706666946
f 5995 5996 5997
v 0.012656609527766705 0.016628103330731392 -0.06454967707395554
v 0.011974398046731949 0.017756829038262367 -0.06695056706666946
v 0.011870191432535648 0.01738179661333561 -0.06583481281995773
f 5998 5999 6000
v 0.011870191432535648 0.01738179661333561 -0.06583481281995773
v 0.011974398046731949 0.017756829038262367 -0.06695056706666946
v 0.011584366671741009 0.01779637672007084 -0.06680754572153091
f 6001 6002 6003
v 0.014205215498805046 0.013272698037326336 -0.060630135238170624
v 0.013837474398314953 0.014340612106025219 -0.06257463246583939
v 0.0141540402546525 0.01362572144716978 -0.06042888015508652
f 6004 6005 6006
v 0.0141540402546525 0.01362572144716978 -0.06042888015508652
v 0.013837474398314953 0.014340612106025219 -0.06257463246583939
v 0.01318659633398056 0.01614699698984623 -0.0649537667632103
f 6007 6008 6009
v 0.0141540402546525 0.01362572144716978 -0.06042888015508652
v 0.01318659633398056 0.01614699698984623 -0.0649537667632103
v 0.013945975340902805 0.013919706456363201 -0.06023328751325607
f 6010 6011 6012
v 0.013945975340902805 0.013919706456363201 -0.06023328751325607
v 0.01318659633398056 0.01614699698984623 -0.0649537667632103
v 0.012986178509891033 0.016446532681584358 -0.06473692506551743
f 6013 6014 6015
v 0.013945975340902805 0.013919706456363201 -0.06023328751325607
v 0.012986178509891033 0.016446532681584358 -0.06473692506551743
v 0.013615746982395649 0.014104376547038555 -0.06007654219865799
f 6016 6017 6018
v 0.013615746982395649 0.014104376547038555 -0.06007654219865799
v 0.012986178509891033 0.016446532681584358 -0.06473692506551743
v 0.012656609527766705 0.016628103330731392 -0.06454967707395554
f 6019 6020 6021
v 0.013615746982395649 0.014104376547038555 -0.06007654219865799
v 0.012656609527766705 0.016628103330731392 -0.06454967707395554
v 0.013219269923865795 0.014150585047900677 -0.059984274208545685
f 6022 6023 6024
v 0.013219269923865795 0.014150585047900677 -0.059984274208545685
v 0.012656609527766705 0.016628103330731392 -0.06454967707395554
v 0.012256640009582043 0.01666153408586979 -0.06442459672689438
f 6025 6026 6027
v 0.014547743834555149 0.012086178176105022 -0.058304108679294586
v 0.014205215498805046 0.013272698037326336 -0.060630135238170624
v 0.014488426968455315 0.01244101207703352 -0.058121539652347565
f 6028 6029 6030
v 0.014488426968455315 0.01244101207703352 -0.058121539652347565
v 0.014205215498805046 0.013272698037326336 -0.060630135238170624
v 0.0141540402546525 0.01362572144716978 -0.06042888015508652
f 6031 6032 6033
v 0.014488426968455315 0.01244101207703352 -0.058121539652347565
v 0.0141540402546525 0.01362572144716978 -0.06042888015508652
v 0.014277167618274689 0.012738260440528393 -0.05794835835695267
f 6034 6035 6036
v 0.014277167618274689 0.012738260440528393 -0.05794835835695267
v 0.0141540402546525 0.01362572144716978 -0.06042888015508652
v 0.013945975340902805 0.013919706456363201 -0.06023328751325607
f 6037 6038 6039
v 0.014277167618274689 0.012738260440528393 -0.05794835835695267
v 0.013945975340902805 0.013919706456363201 -0.06023328751325607
v 0.013948178850114346 0.012928607873618603 -0.0578131303191185
f 6040 6041 6042
v 0.013948178850114346 0.012928607873618603 -0.0578131303191185
v 0.013945975340902805 0.013919706456363201 -0.06023328751325607
v 0.013615746982395649 0.014104376547038555 -0.06007654219865799
f 6043 6044 6045
v 0.013948178850114346 0.012928607873618603 -0.0578131303191185
v 0.013615746982395649 0.014104376547038555 -0.06007654219865799
v 0.013555523939430714 0.012982855550944805 -0.05773719400167465
f 6046 6047 6048
v 0.013555523939430714 0.012982855550944805 -0.05773719400167465
v 0.013615746982395649 0.014104376547038555 -0.06007654219865799
v 0.013219269923865795 0.014150585047900677 -0.059984274208545685
f 6049 6050 6051
v 0.014795553870499134 0.010994086973369122 -0.05592111498117447
v 0.014716124162077904 0.011379907839000225 -0.05679713934659958
v 0.014729213900864124 0.01135172974318266 -0.055759407579898834
f 6052 6053 6054
v 0.014729213900864124 0.01135172974318266 -0.055759407579898834
v 0.014716124162077904 0.011379907839000225 -0.05679713934659958
v 0.014488426968455315 0.01244101207703352 -0.058121539652347565
f 6055 6056 6057
v 0.014729213900864124 0.01135172974318266 -0.055759407579898834
v 0.014488426968455315 0.01244101207703352 -0.058121539652347565
v 0.01451543066650629 0.011652874760329723 -0.05561012774705887
f 6058 6059 6060
v 0.01451543066650629 0.011652874760329723 -0.05561012774705887
v 0.014488426968455315 0.01244101207703352 -0.058121539652347565
v 0.014277167618274689 0.012738260440528393 -0.05794835835695267
f 6061 6062 6063
v 0.01451543066650629 0.011652874760329723 -0.05561012774705887
v 0.014277167618274689 0.012738260440528393 -0.05794835835695267
v 0.01418790128082037 0.011848914436995983 -0.055497266352176666
f 6064 6065 6066
v 0.01418790128082037 0.011848914436995983 -0.055497266352176666
v 0.014277167618274689 0.012738260440528393 -0.05794835835695267
v 0.013948178850114346 0.012928607873618603 -0.0578131303191185
f 6067 6068 6069
v 0.01418790128082037 0.011848914436995983 -0.055497266352176666
v 0.013948178850114346 0.012928607873618603 -0.0578131303191185
v 0.013799002394080162 0.01191051583737135 -0.05543806403875351
f 6070 6071 6072
v 0.013799002394080162 0.01191051583737135 -0.05543806403875351
v 0.013948178850114346 0.012928607873618603 -0.0578131303191185
v 0.013555523939430714 0.012982855550944805 -0.05773719400167465
f 6073 6074 6075
v 0.014947415329515934 0.010010036639869213 -0.05348225682973862
v 0.014795553870499134 0.010994086973369122 -0.05592111498117447
v 0.014875523746013641 0.010370145551860332 -0.05334048718214035
f 6076 6077 6078
v 0.014875523746013641 0.010370145551860332 -0.05334048718214035
v 0.014795553870499134 0.010994086973369122 -0.05592111498117447
v 0.014729213900864124 0.01135172974318266 -0.055759407579898834
f 6079 6080 6081
v 0.014875523746013641 0.010370145551860332 -0.05334048718214035
v 0.014729213900864124 0.01135172974318266 -0.055759407579898834
v 0.014659922569990158 0.010674628429114819 -0.05321419984102249
f 6082 6083 6084
v 0.014659922569990158 0.010674628429114819 -0.05321419984102249
v 0.014729213900864124 0.01135172974318266 -0.055759407579898834
v 0.01451543066650629 0.011652874760329723 -0.05561012774705887
f 6085 6086 6087
v 0.014659922569990158 0.010674628429114819 -0.05321419984102249
v 0.01451543066650629 0.011652874760329723 -0.05561012774705887
v 0.014333848841488361 0.010875451378524303 -0.05312325805425644
f 6088 6089 6090
v 0.014333848841488361 0.010875451378524303 -0.05312325805425644
v 0.01451543066650629 0.011652874760329723 -0.05561012774705887
v 0.01418790128082037 0.011848914436995983 -0.055497266352176666
f 6091 6092 6093
v 0.014333848841488361 0.010875451378524303 -0.05312325805425644
v 0.01418790128082037 0.011848914436995983 -0.055497266352176666
v 0.013948277570307255 0.01094315480440855 -0.05308116227388382
f 6094 6095 6096
v 0.013948277570307255 0.01094315480440855 -0.05308116227388382
v 0.01418790128082037 0.011848914436995983 -0.055497266352176666
v 0.013799002394080162 0.01191051583737135 -0.05543806403875351
f 6097 6098 6099
v 0.014999054372310638 0.009126718156039715 -0.05099999159574509
v 0.014947415329515934 0.010010036639869213 -0.05348225682973862
v 0.014922816306352615 0.009488808922469616 -0.05087681859731674
f 6100 6101 6102
v 0.014922816306352615 0.009488808922469616 -0.05087681859731674
v 0.014947415329515934 0.010010036639869213 -0.05348225682973862
v 0.014875523746013641 0.010370145551860332 -0.05334048718214035
f 6103 6104 6105
v 0.014922816306352615 0.009488808922469616 -0.05087681859731674
v 0.014875523746013641 0.010370145551860332 -0.05334048718214035
v 0.01470603421330452 0.009795996360480785 -0.05077231675386429
f 6106 6107 6108
v 0.01470603421330452 0.009795996360480785 -0.05077231675386429
v 0.014875523746013641 0.010370145551860332 -0.05334048718214035
v 0.014659922569990158 0.010674628429114819 -0.05321419984102249
f 6109 6110 6111
v 0.01470603421330452 0.009795996360480785 -0.05077231675386429
v 0.014659922569990158 0.010674628429114819 -0.05321419984102249
v 0.014381512999534607 0.010000701062381268 -0.05070268362760544
f 6112 6113 6114
v 0.014381512999534607 0.010000701062381268 -0.05070268362760544
v 0.014659922569990158 0.010674628429114819 -0.05321419984102249
v 0.014333848841488361 0.010875451378524303 -0.05312325805425644
f 6115 6116 6117
v 0.014381512999534607 0.010000701062381268 -0.05070268362760544
v 0.014333848841488361 0.010875451378524303 -0.05312325805425644
v 0.013960307464003563 0.010827216319739819 -0.05277753621339798
f 6118 6119 6120
v 0.013960307464003563 0.010827216319739819 -0.05277753621339798
v 0.014333848841488361 0.010875451378524303 -0.05312325805425644
v 0.013948277570307255 0.01094315480440855 -0.05308116227388382
f 6121 6122 6123
v 0.008555659092962742 0.01736142672598362 -0.07564019411802292
v 0.007490267511457205 0.01736142672598362 -0.07699090987443924
v 0.007443125359714031 0.01770627684891224 -0.07694969326257706
f 6124 6125 6126
v -0.0031019700691103935 0.01736142672598362 -0.08035189658403397
v -0.004253833554685116 0.01736142672598362 -0.07976893335580826
v -0.004224175121635199 0.01770627684891224 -0.07971792668104172
f 6127 6128 6129
v -0.010411843657493591 0.018196405842900276 -0.07159028202295303
v -0.011069917120039463 0.018284598365426064 -0.06968682259321213
v -0.01011559646576643 0.018336156383156776 -0.07144779711961746
f 6130 6131 6132
v -0.0027198910247534513 0.018361428752541542 -0.07942918688058853
v -0.0020135068334639072 0.018336156383156776 -0.07991894334554672
v -0.003859356278553605 0.018336156383156776 -0.07910013943910599
f 6133 6134 6135
v -0.005489163100719452 0.018336156383156776 -0.07790730148553848
v -0.006905701011419296 0.018336156383156776 -0.0764789804816246
v -0.0067383237183094025 0.018361428752541542 -0.07633418589830399
f 6136 6137 6138
v -0.005705225747078657 0.018196405842900276 -0.07815518230199814
v -0.004026808310300112 0.018196405842900276 -0.07938399165868759
v -0.004130030982196331 0.0180185679346323 -0.07955867797136307
f 6139 6140 6141
v -0.0006641476647928357 0.018361428752541542 -0.07996615022420883
v 1.0024189123214455e-06 0.018336156383156776 -0.08022277802228928
v -0.0010176143841817975 0.018336156383156776 -0.08014393597841263
f 6142 6143 6144
v -0.0067383237183094025 0.018361428752541542 -0.07633418589830399
v -0.006905701011419296 0.018336156383156776 -0.0764789804816246
v -0.00794617272913456 0.018361428752541542 -0.07477415353059769
f 6145 6146 6147
v -0.0020135068334639072 0.018336156383156776 -0.07991894334554672
v -0.0027198910247534513 0.018361428752541542 -0.07942918688058853
v -0.0010176143841817975 0.018336156383156776 -0.08014393597841263
f 6148 6149 6150
v -0.0010176143841817975 0.018336156383156776 -0.08014393597841263
v -0.0027198910247534513 0.018361428752541542 -0.07942918688058853
v -0.0009845599997788668 0.018361428752541542 -0.07992494851350784
f 6151 6152 6153
v -0.0010176143841817975 0.018336156383156776 -0.08014393597841263
v -0.0009845599997788668 0.018361428752541542 -0.07992494851350784
v -0.0006641476647928357 0.018361428752541542 -0.07996615022420883
f 6154 6155 6156
v -0.010411843657493591 0.018196405842900276 -0.07159028202295303
v -0.01011559646576643 0.018336156383156776 -0.07144779711961746
v -0.009474561549723148 0.018196405842900276 -0.0733761414885521
f 6157 6158 6159
v -0.009474561549723148 0.018196405842900276 -0.0733761414885521
v -0.01011559646576643 0.018336156383156776 -0.07144779711961746
v -0.009189419448375702 0.018336156383156776 -0.07321252673864365
f 6160 6161 6162
v -0.009474561549723148 0.018196405842900276 -0.0733761414885521
v -0.009189419448375702 0.018336156383156776 -0.07321252673864365
v -0.00839836522936821 0.018196405842900276 -0.07508771866559982
f 6163 6164 6165
v -0.00839836522936821 0.018196405842900276 -0.07508771866559982
v -0.009189419448375702 0.018336156383156776 -0.07321252673864365
v -0.008128207176923752 0.018336156383156776 -0.07490042597055435
f 6166 6167 6168
v -0.00839836522936821 0.018196405842900276 -0.07508771866559982
v -0.008128207176923752 0.018336156383156776 -0.07490042597055435
v -0.007154142018407583 0.018196405842900276 -0.07669378072023392
f 6169 6170 6171
v 0.009865915402770042 0.01736142672598362 -0.0735960379242897
v 0.008715156465768814 0.01770627684891224 -0.07530740648508072
v 0.00981105212122202 0.01770627684891224 -0.07356449216604233
f 6172 6173 6174
v 0.00981105212122202 0.01770627684891224 -0.07356449216604233
v 0.008715156465768814 0.01770627684891224 -0.07530740648508072
v 0.008563500829041004 0.0180185679346323 -0.0752023383975029
f 6175 6176 6177
v 0.00981105212122202 0.01770627684891224 -0.07356449216604233
v 0.008563500829041004 0.0180185679346323 -0.0752023383975029
v 0.009651025757193565 0.0180185679346323 -0.07347293943166733
f 6178 6179 6180
v 0.009651025757193565 0.0180185679346323 -0.07347293943166733
v 0.008563500829041004 0.0180185679346323 -0.0752023383975029
v 0.00839716661721468 0.018196405842900276 -0.0750870630145073
f 6181 6182 6183
v 0.009651025757193565 0.0180185679346323 -0.07347293943166733
v 0.00839716661721468 0.018196405842900276 -0.0750870630145073
v 0.009475492872297764 0.018196405842900276 -0.07337252050638199
f 6184 6185 6186
v 0.009475492872297764 0.018196405842900276 -0.07337252050638199
v 0.00839716661721468 0.018196405842900276 -0.0750870630145073
v 0.008126982487738132 0.018336156383156776 -0.07489962130784988
f 6187 6188 6189
v 0.009475492872297764 0.018196405842900276 -0.07337252050638199
v 0.008126982487738132 0.018336156383156776 -0.07489962130784988
v 0.009190261363983154 0.018336156383156776 -0.0732092335820198
f 6190 6191 6192
v -0.004224175121635199 0.01770627684891224 -0.07971792668104172
v -0.004253833554685116 0.01736142672598362 -0.07976893335580826
v -0.005959694739431143 0.01770627684891224 -0.07844675332307816
f 6193 6194 6195
v 0.009641834534704685 0.018361428752541542 -0.07190456241369247
v 0.010713716968894005 0.018361428752541542 -0.06954286247491837
v 0.010115087032318115 0.018336156383156776 -0.07144614309072495
f 6196 6197 6198
v 0.010115087032318115 0.018336156383156776 -0.07144614309072495
v 0.010713716968894005 0.018361428752541542 -0.06954286247491837
v 0.011068045161664486 0.018284598365426064 -0.06968682259321213
f 6199 6200 6201
v 0.010115087032318115 0.018336156383156776 -0.07144614309072495
v 0.011068045161664486 0.018284598365426064 -0.06968682259321213
v 0.010411377996206284 0.018196405842900276 -0.071588434278965
f 6202 6203 6204
v 0.010411377996206284 0.018196405842900276 -0.071588434278965
v 0.011068045161664486 0.018284598365426064 -0.06968682259321213
v 0.011368698440492153 0.01806836761534214 -0.06980898231267929
f 6205 6206 6207
v 0.010411377996206284 0.018196405842900276 -0.071588434278965
v 0.011368698440492153 0.01806836761534214 -0.06980898231267929
v 0.010593651793897152 0.0180185679346323 -0.07167596369981766
f 6208 6209 6210
v 0.010593651793897152 0.0180185679346323 -0.07167596369981766
v 0.011368698440492153 0.01806836761534214 -0.06980898231267929
v 0.011569535359740257 0.017743894830346107 -0.0698905810713768
f 6211 6212 6213
v 0.010593651793897152 0.0180185679346323 -0.07167596369981766
v 0.011569535359740257 0.017743894830346107 -0.0698905810713768
v 0.0107598090544343 0.01770627684891224 -0.07175575941801071
f 6214 6215 6216
v 0.0107598090544343 0.01770627684891224 -0.07175575941801071
v 0.011569535359740257 0.017743894830346107 -0.0698905810713768
v 0.011640166863799095 0.01736142672598362 -0.06991928070783615
f 6217 6218 6219
v 0.0107598090544343 0.01770627684891224 -0.07175575941801071
v 0.011640166863799095 0.01736142672598362 -0.06991928070783615
v 0.01060566771775484 0.01736142672598362 -0.07221319526433945
f 6220 6221 6222
v 0.009641834534704685 0.018361428752541542 -0.07190456241369247
v 0.010115087032318115 0.018336156383156776 -0.07144614309072495
v 0.009190261363983154 0.018336156383156776 -0.0732092335820198
f 6223 6224 6225
v 0.009190261363983154 0.018336156383156776 -0.0732092335820198
v 0.010115087032318115 0.018336156383156776 -0.07144614309072495
v 0.010411377996206284 0.018196405842900276 -0.071588434278965
f 6226 6227 6228
v 0.009190261363983154 0.018336156383156776 -0.0732092335820198
v 0.010411377996206284 0.018196405842900276 -0.071588434278965
v 0.009475492872297764 0.018196405842900276 -0.07337252050638199
f 6229 6230 6231
v 0.009475492872297764 0.018196405842900276 -0.07337252050638199
v 0.010411377996206284 0.018196405842900276 -0.071588434278965
v 0.010593651793897152 0.0180185679346323 -0.07167596369981766
f 6232 6233 6234
v 0.009475492872297764 0.018196405842900276 -0.07337252050638199
v 0.010593651793897152 0.0180185679346323 -0.07167596369981766
v 0.009651025757193565 0.0180185679346323 -0.07347293943166733
f 6235 6236 6237
v 0.009651025757193565 0.0180185679346323 -0.07347293943166733
v 0.010593651793897152 0.0180185679346323 -0.07167596369981766
v 0.0107598090544343 0.01770627684891224 -0.07175575941801071
f 6238 6239 6240
v 0.009651025757193565 0.0180185679346323 -0.07347293943166733
v 0.0107598090544343 0.01770627684891224 -0.07175575941801071
v 0.00981105212122202 0.01770627684891224 -0.07356449216604233
f 6241 6242 6243
v 0.00981105212122202 0.01770627684891224 -0.07356449216604233
v 0.0107598090544343 0.01770627684891224 -0.07175575941801071
v 0.01060566771775484 0.01736142672598362 -0.07221319526433945
f 6244 6245 6246
v 0.00981105212122202 0.01770627684891224 -0.07356449216604233
v 0.01060566771775484 0.01736142672598362 -0.07221319526433945
v 0.009865915402770042 0.01736142672598362 -0.0735960379242897
f 6247 6248 6249
v -0.011069917120039463 0.018284598365426064 -0.06968682259321213
v -0.010715587064623833 0.018361428752541542 -0.06954286247491837
v -0.01011559646576643 0.018336156383156776 -0.07144779711961746
f 6250 6251 6252
v -0.01011559646576643 0.018336156383156776 -0.07144779711961746
v -0.010715587064623833 0.018361428752541542 -0.06954286247491837
v -0.009915914386510849 0.018361428752541542 -0.07135175913572311
f 6253 6254 6255
v -0.01011559646576643 0.018336156383156776 -0.07144779711961746
v -0.009915914386510849 0.018361428752541542 -0.07135175913572311
v -0.009189419448375702 0.018336156383156776 -0.07321252673864365
f 6256 6257 6258
v -0.009189419448375702 0.018336156383156776 -0.07321252673864365
v -0.009915914386510849 0.018361428752541542 -0.07135175913572311
v -0.0086460430175066 0.018361428752541542 -0.07369645684957504
f 6259 6260 6261
v -0.009189419448375702 0.018336156383156776 -0.07321252673864365
v -0.0086460430175066 0.018361428752541542 -0.07369645684957504
v -0.008128207176923752 0.018336156383156776 -0.07490042597055435
f 6262 6263 6264
v -0.0067383237183094025 0.018361428752541542 -0.07633418589830399
v -0.005343633703887463 0.018361428752541542 -0.07774022966623306
v -0.005489163100719452 0.018336156383156776 -0.07790730148553848
f 6265 6266 6267
v -0.005489163100719452 0.018336156383156776 -0.07790730148553848
v -0.005343633703887463 0.018361428752541542 -0.07774022966623306
v -0.004723455291241407 0.018361428752541542 -0.07824770361185074
f 6268 6269 6270
v -0.005489163100719452 0.018336156383156776 -0.07790730148553848
v -0.004723455291241407 0.018361428752541542 -0.07824770361185074
v -0.003859356278553605 0.018336156383156776 -0.07910013943910599
f 6271 6272 6273
v -0.003859356278553605 0.018336156383156776 -0.07910013943910599
v -0.004723455291241407 0.018361428752541542 -0.07824770361185074
v -0.0037466096691787243 0.018361428752541542 -0.07890883833169937
f 6274 6275 6276
v -0.003859356278553605 0.018336156383156776 -0.07910013943910599
v -0.0037466096691787243 0.018361428752541542 -0.07890883833169937
v -0.0027198910247534513 0.018361428752541542 -0.07942918688058853
f 6277 6278 6279
v 1.0024189123214455e-06 0.018336156383156776 -0.08022277802228928
v -0.0006641476647928357 0.018361428752541542 -0.07996615022420883
v 0.0010182891273871064 0.018336156383156776 -0.08014380186796188
f 6280 6281 6282
v 0.0010182891273871064 0.018336156383156776 -0.08014380186796188
v -0.0006641476647928357 0.018361428752541542 -0.07996615022420883
v 0.0009851427748799324 0.018361428752541542 -0.07992475479841232
f 6283 6284 6285
v 0.0010182891273871064 0.018336156383156776 -0.08014380186796188
v 0.0009851427748799324 0.018361428752541542 -0.07992475479841232
v 0.002012648619711399 0.018336156383156776 -0.0799177959561348
f 6286 6287 6288
v 0.002012648619711399 0.018336156383156776 -0.0799177959561348
v 0.0009851427748799324 0.018361428752541542 -0.07992475479841232
v 0.0014909259043633938 0.018361428752541542 -0.07982753962278366
f 6289 6290 6291
v 0.002012648619711399 0.018336156383156776 -0.0799177959561348
v 0.0014909259043633938 0.018361428752541542 -0.07982753962278366
v 0.001948631601408124 0.018361428752541542 -0.07970581203699112
f 6292 6293 6294
v 0.005424367263913155 0.018361428752541542 -0.07766788452863693
v 0.006734935566782951 0.018361428752541542 -0.07633595913648605
v 0.006902278866618872 0.018336156383156776 -0.07648114114999771
f 6295 6296 6297
v 0.006902278866618872 0.018336156383156776 -0.07648114114999771
v 0.006734935566782951 0.018361428752541542 -0.07633595913648605
v 0.007574232295155525 0.018361428752541542 -0.0752900168299675
f 6298 6299 6300
v 0.002012648619711399 0.018336156383156776 -0.0799177959561348
v 0.0021076861303299665 0.018196405842900276 -0.0802324041724205
v 0.0010182891273871064 0.018336156383156776 -0.08014380186796188
f 6301 6302 6303
v 0.0010182891273871064 0.018336156383156776 -0.08014380186796188
v 0.0021076861303299665 0.018196405842900276 -0.0802324041724205
v 0.0010674935765564442 0.018196405842900276 -0.08046887069940567
f 6304 6305 6306
v 0.0010182891273871064 0.018336156383156776 -0.08014380186796188
v 0.0010674935765564442 0.018196405842900276 -0.08046887069940567
v 1.0024189123214455e-06 0.018336156383156776 -0.08022277802228928
f 6307 6308 6309
v 1.0024189123214455e-06 0.018336156383156776 -0.08022277802228928
v 0.0010674935765564442 0.018196405842900276 -0.08046887069940567
v 1.0956196092593018e-06 0.018196405842900276 -0.08055181056261063
f 6310 6311 6312
v 1.0024189123214455e-06 0.018336156383156776 -0.08022277802228928
v 1.0956196092593018e-06 0.018196405842900276 -0.08055181056261063
v -0.0010176143841817975 0.018336156383156776 -0.08014393597841263
f 6313 6314 6315
v -0.0010176143841817975 0.018336156383156776 -0.08014393597841263
v 1.0956196092593018e-06 0.018196405842900276 -0.08055181056261063
v -0.0010667326860129833 0.018196405842900276 -0.08046893030405045
f 6316 6317 6318
v -0.0010176143841817975 0.018336156383156776 -0.08014393597841263
v -0.0010667326860129833 0.018196405842900276 -0.08046893030405045
v -0.0020135068334639072 0.018336156383156776 -0.07991894334554672
f 6319 6320 6321
v -0.0020135068334639072 0.018336156383156776 -0.07991894334554672
v -0.0010667326860129833 0.018196405842900276 -0.08046893030405045
v -0.0021085988264530897 0.018196405842900276 -0.08023359626531601
f 6322 6323 6324
v -0.0020135068334639072 0.018336156383156776 -0.07991894334554672
v -0.0021085988264530897 0.018196405842900276 -0.08023359626531601
v -0.003859356278553605 0.018336156383156776 -0.07910013943910599
f 6325 6326 6327
v -0.003859356278553605 0.018336156383156776 -0.07910013943910599
v -0.0021085988264530897 0.018196405842900276 -0.08023359626531601
v -0.004026808310300112 0.018196405842900276 -0.07938399165868759
f 6328 6329 6330
v -0.003859356278553605 0.018336156383156776 -0.07910013943910599
v -0.004026808310300112 0.018196405842900276 -0.07938399165868759
v -0.005489163100719452 0.018336156383156776 -0.07790730148553848
f 6331 6332 6333
v -0.005489163100719452 0.018336156383156776 -0.07790730148553848
v -0.004026808310300112 0.018196405842900276 -0.07938399165868759
v -0.005705225747078657 0.018196405842900276 -0.07815518230199814
f 6334 6335 6336
v -0.005489163100719452 0.018336156383156776 -0.07790730148553848
v -0.005705225747078657 0.018196405842900276 -0.07815518230199814
v -0.006905701011419296 0.018336156383156776 -0.0764789804816246
f 6337 6338 6339
v -0.011370571330189705 0.018068375065922737 -0.06980898231267929
v -0.011069917120039463 0.018284598365426064 -0.06968682259321213
v -0.01059409137815237 0.0180185679346323 -0.07167793065309525
f 6340 6341 6342
v -0.01059409137815237 0.0180185679346323 -0.07167793065309525
v -0.011069917120039463 0.018284598365426064 -0.06968682259321213
v -0.010411843657493591 0.018196405842900276 -0.07159028202295303
f 6343 6344 6345
v -0.01059409137815237 0.0180185679346323 -0.07167793065309525
v -0.010411843657493591 0.018196405842900276 -0.07159028202295303
v -0.009650038555264473 0.0180185679346323 -0.07347678393125534
f 6346 6347 6348
v -0.009650038555264473 0.0180185679346323 -0.07347678393125534
v -0.010411843657493591 0.018196405842900276 -0.07159028202295303
v -0.009474561549723148 0.018196405842900276 -0.0733761414885521
f 6349 6350 6351
v -0.009650038555264473 0.0180185679346323 -0.07347678393125534
v -0.009474561549723148 0.018196405842900276 -0.0733761414885521
v -0.008564671501517296 0.0180185679346323 -0.07520293444395065
f 6352 6353 6354
v -0.008564671501517296 0.0180185679346323 -0.07520293444395065
v -0.009474561549723148 0.018196405842900276 -0.0733761414885521
v -0.00839836522936821 0.018196405842900276 -0.07508771866559982
f 6355 6356 6357
v -0.008564671501517296 0.0180185679346323 -0.07520293444395065
v -0.00839836522936821 0.018196405842900276 -0.07508771866559982
v -0.0073071192018687725 0.0180185679346323 -0.07682592421770096
f 6358 6359 6360
v -0.0073071192018687725 0.0180185679346323 -0.07682592421770096
v -0.00839836522936821 0.018196405842900276 -0.07508771866559982
v -0.007154142018407583 0.018196405842900276 -0.07669378072023392
f 6361 6362 6363
v -0.0073071192018687725 0.0180185679346323 -0.07682592421770096
v -0.007154142018407583 0.018196405842900276 -0.07669378072023392
v -0.005838323384523392 0.0180185679346323 -0.07830771058797836
f 6364 6365 6366
v 0.003516278462484479 0.018361428752541542 -0.0790373906493187
v 0.0053444309160113335 0.018361428752541542 -0.07773838192224503
v 0.0038629272021353245 0.018336156383156776 -0.07909402996301651
f 6367 6368 6369
v 0.0038629272021353245 0.018336156383156776 -0.07909402996301651
v 0.0053444309160113335 0.018361428752541542 -0.07773838192224503
v 0.005490046460181475 0.018336156383156776 -0.07790521532297134
f 6370 6371 6372
v 0.0038629272021353245 0.018336156383156776 -0.07909402996301651
v 0.005490046460181475 0.018336156383156776 -0.07790521532297134
v 0.004030504729598761 0.018196405842900276 -0.07937683910131454
f 6373 6374 6375
v 0.004030504729598761 0.018196405842900276 -0.07937683910131454
v 0.005490046460181475 0.018336156383156776 -0.07790521532297134
v 0.005706213414669037 0.018196405842900276 -0.07815275341272354
f 6376 6377 6378
v 0.004030504729598761 0.018196405842900276 -0.07937683910131454
v 0.005706213414669037 0.018196405842900276 -0.07815275341272354
v 0.004133718553930521 0.0180185679346323 -0.07955086976289749
f 6379 6380 6381
v 0.004133718553930521 0.0180185679346323 -0.07955086976289749
v 0.005706213414669037 0.018196405842900276 -0.07815275341272354
v 0.005839349236339331 0.0180185679346323 -0.07830502837896347
f 6382 6383 6384
v 0.0053444309160113335 0.018361428752541542 -0.07773838192224503
v 0.005424367263913155 0.018361428752541542 -0.07766788452863693
v 0.005490046460181475 0.018336156383156776 -0.07790521532297134
f 6385 6386 6387
v 0.005490046460181475 0.018336156383156776 -0.07790521532297134
v 0.005424367263913155 0.018361428752541542 -0.07766788452863693
v 0.006902278866618872 0.018336156383156776 -0.07648114114999771
f 6388 6389 6390
v 0.005490046460181475 0.018336156383156776 -0.07790521532297134
v 0.006902278866618872 0.018336156383156776 -0.07648114114999771
v 0.005706213414669037 0.018196405842900276 -0.07815275341272354
f 6391 6392 6393
v 0.005706213414669037 0.018196405842900276 -0.07815275341272354
v 0.006902278866618872 0.018336156383156776 -0.07648114114999771
v 0.007150681223720312 0.018196405842900276 -0.0766964927315712
f 6394 6395 6396
v 0.005706213414669037 0.018196405842900276 -0.07815275341272354
v 0.007150681223720312 0.018196405842900276 -0.0766964927315712
v 0.005839349236339331 0.0180185679346323 -0.07830502837896347
f 6397 6398 6399
v 0.005839349236339331 0.0180185679346323 -0.07830502837896347
v 0.007150681223720312 0.018196405842900276 -0.0766964927315712
v 0.007303647696971893 0.0180185679346323 -0.07682894915342331
f 6400 6401 6402
v -0.011571407318115234 0.017743902280926704 -0.0698905810713768
v -0.011370571330189705 0.018068375065922737 -0.06980898231267929
v -0.010760225355625153 0.01770627684891224 -0.07175783067941666
f 6403 6404 6405
v -0.010760225355625153 0.01770627684891224 -0.07175783067941666
v -0.011370571330189705 0.018068375065922737 -0.06980898231267929
v -0.01059409137815237 0.0180185679346323 -0.07167793065309525
f 6406 6407 6408
v -0.010760225355625153 0.01770627684891224 -0.07175783067941666
v -0.01059409137815237 0.0180185679346323 -0.07167793065309525
v -0.009810013696551323 0.01770627684891224 -0.07356851547956467
f 6409 6410 6411
v -0.009810013696551323 0.01770627684891224 -0.07356851547956467
v -0.01059409137815237 0.0180185679346323 -0.07167793065309525
v -0.009650038555264473 0.0180185679346323 -0.07347678393125534
f 6412 6413 6414
v -0.009810013696551323 0.01770627684891224 -0.07356851547956467
v -0.009650038555264473 0.0180185679346323 -0.07347678393125534
v -0.008716297335922718 0.01770627684891224 -0.0753079429268837
f 6415 6416 6417
v -0.008716297335922718 0.01770627684891224 -0.0753079429268837
v -0.009650038555264473 0.0180185679346323 -0.07347678393125534
v -0.008564671501517296 0.0180185679346323 -0.07520293444395065
f 6418 6419 6420
v -0.008716297335922718 0.01770627684891224 -0.0753079429268837
v -0.008564671501517296 0.0180185679346323 -0.07520293444395065
v -0.007446602918207645 0.01770627684891224 -0.07694638520479202
f 6421 6422 6423
v -0.007446602918207645 0.01770627684891224 -0.07694638520479202
v -0.008564671501517296 0.0180185679346323 -0.07520293444395065
v -0.0073071192018687725 0.0180185679346323 -0.07682592421770096
f 6424 6425 6426
v -0.007446602918207645 0.01770627684891224 -0.07694638520479202
v -0.0073071192018687725 0.0180185679346323 -0.07682592421770096
v -0.005959694739431143 0.01770627684891224 -0.07844675332307816
f 6427 6428 6429
v -0.005959694739431143 0.01770627684891224 -0.07844675332307816
v -0.0073071192018687725 0.0180185679346323 -0.07682592421770096
v -0.005838323384523392 0.0180185679346323 -0.07830771058797836
f 6430 6431 6432
v -0.005959694739431143 0.01770627684891224 -0.07844675332307816
v -0.005838323384523392 0.0180185679346323 -0.07830771058797836
v -0.004224175121635199 0.01770627684891224 -0.07971792668104172
f 6433 6434 6435
v -0.003257074160501361 0.01770627684891224 -0.08021902292966843
v -0.004130030982196331 0.0180185679346323 -0.07955867797136307
v -0.0031813024543225765 0.0180185679346323 -0.08005047589540482
f 6436 6437 6438
v -0.0031813024543225765 0.0180185679346323 -0.08005047589540482
v -0.004130030982196331 0.0180185679346323 -0.07955867797136307
v -0.004026808310300112 0.018196405842900276 -0.07938399165868759
f 6439 6440 6441
v -0.0031813024543225765 0.0180185679346323 -0.08005047589540482
v -0.004026808310300112 0.018196405842900276 -0.07938399165868759
v -0.002167255152016878 0.0180185679346323 -0.08042726665735245
f 6442 6443 6444
v -0.002167255152016878 0.0180185679346323 -0.08042726665735245
v -0.004026808310300112 0.018196405842900276 -0.07938399165868759
v -0.0021085988264530897 0.018196405842900276 -0.08023359626531601
f 6445 6446 6447
v -0.002167255152016878 0.0180185679346323 -0.08042726665735245
v -0.0021085988264530897 0.018196405842900276 -0.08023359626531601
v -0.0010970400180667639 0.0180185679346323 -0.08066896349191666
f 6448 6449 6450
v -0.0010970400180667639 0.0180185679346323 -0.08066896349191666
v -0.0021085988264530897 0.018196405842900276 -0.08023359626531601
v -0.0010667326860129833 0.018196405842900276 -0.08046893030405045
f 6451 6452 6453
v -0.0010970400180667639 0.0180185679346323 -0.08066896349191666
v -0.0010667326860129833 0.018196405842900276 -0.08046893030405045
v 1.1326611684125965e-06 0.0180185679346323 -0.0807543620467186
f 6454 6455 6456
v 1.1326611684125965e-06 0.0180185679346323 -0.0807543620467186
v -0.0010667326860129833 0.018196405842900276 -0.08046893030405045
v 1.0956196092593018e-06 0.018196405842900276 -0.08055181056261063
f 6457 6458 6459
v 1.1326611684125965e-06 0.0180185679346323 -0.0807543620467186
v 1.0956196092593018e-06 0.018196405842900276 -0.08055181056261063
v 0.001097796717658639 0.0180185679346323 -0.08066897839307785
f 6460 6461 6462
v 0.001097796717658639 0.0180185679346323 -0.08066897839307785
v 1.0956196092593018e-06 0.018196405842900276 -0.08055181056261063
v 0.0010674935765564442 0.018196405842900276 -0.08046887069940567
f 6463 6464 6465
v 0.001097796717658639 0.0180185679346323 -0.08066897839307785
v 0.0010674935765564442 0.018196405842900276 -0.08046887069940567
v 0.0021662230137735605 0.0180185679346323 -0.08042605966329575
f 6466 6467 6468
v 0.0021662230137735605 0.0180185679346323 -0.08042605966329575
v 0.0010674935765564442 0.018196405842900276 -0.08046887069940567
v 0.0021076861303299665 0.018196405842900276 -0.0802324041724205
f 6469 6470 6471
v 0.0021662230137735605 0.0180185679346323 -0.08042605966329575
v 0.0021076861303299665 0.018196405842900276 -0.0802324041724205
v 0.003181779757142067 0.0180185679346323 -0.08004594594240189
f 6472 6473 6474
v -0.003257074160501361 0.01770627684891224 -0.08021902292966843
v -0.0031813024543225765 0.0180185679346323 -0.08005047589540482
v -0.002220761962234974 0.01770627684891224 -0.08060381561517715
f 6475 6476 6477
v -0.002220761962234974 0.01770627684891224 -0.08060381561517715
v -0.0031813024543225765 0.0180185679346323 -0.08005047589540482
v -0.002167255152016878 0.0180185679346323 -0.08042726665735245
f 6478 6479 6480
v -0.002220761962234974 0.01770627684891224 -0.08060381561517715
v -0.002167255152016878 0.0180185679346323 -0.08042726665735245
v -0.0011246887734159827 0.01770627684891224 -0.08085135370492935
f 6481 6482 6483
v -0.0011246887734159827 0.01770627684891224 -0.08085135370492935
v -0.002167255152016878 0.0180185679346323 -0.08042726665735245
v -0.0010970400180667639 0.0180185679346323 -0.08066896349191666
f 6484 6485 6486
v -0.0011246887734159827 0.01770627684891224 -0.08085135370492935
v -0.0010970400180667639 0.0180185679346323 -0.08066896349191666
v 1.161682575911982e-06 0.01770627684891224 -0.08093901723623276
f 6487 6488 6489
v 1.161682575911982e-06 0.01770627684891224 -0.08093901723623276
v -0.0010970400180667639 0.0180185679346323 -0.08066896349191666
v 1.1326611684125965e-06 0.0180185679346323 -0.0807543620467186
f 6490 6491 6492
v 1.161682575911982e-06 0.01770627684891224 -0.08093901723623276
v 1.1326611684125965e-06 0.0180185679346323 -0.0807543620467186
v 0.0011254282435402274 0.01770627684891224 -0.08085141330957413
f 6493 6494 6495
v 0.0011254282435402274 0.01770627684891224 -0.08085141330957413
v 1.1326611684125965e-06 0.0180185679346323 -0.0807543620467186
v 0.001097796717658639 0.0180185679346323 -0.08066897839307785
f 6496 6497 6498
v 0.0011254282435402274 0.01770627684891224 -0.08085141330957413
v 0.001097796717658639 0.0180185679346323 -0.08066897839307785
v 0.002219600835815072 0.01770627684891224 -0.08060260862112045
f 6499 6500 6501
v 0.002219600835815072 0.01770627684891224 -0.08060260862112045
v 0.001097796717658639 0.0180185679346323 -0.08066897839307785
v 0.0021662230137735605 0.0180185679346323 -0.08042605966329575
f 6502 6503 6504
v 0.002219600835815072 0.01770627684891224 -0.08060260862112045
v 0.0021662230137735605 0.0180185679346323 -0.08042605966329575
v 0.003257427364587784 0.01770627684891224 -0.08021420985460281
f 6505 6506 6507
v 0.003257427364587784 0.01770627684891224 -0.08021420985460281
v 0.0021662230137735605 0.0180185679346323 -0.08042605966329575
v 0.003181779757142067 0.0180185679346323 -0.08004594594240189
f 6508 6509 6510
v 0.003257427364587784 0.01770627684891224 -0.08021420985460281
v 0.003181779757142067 0.0180185679346323 -0.08004594594240189
v 0.004227835219353437 0.01770627684891224 -0.07970952242612839
f 6511 6512 6513
v 0.008715156465768814 0.01770627684891224 -0.07530740648508072
v 0.007303647696971893 0.0180185679346323 -0.07682894915342331
v 0.008563500829041004 0.0180185679346323 -0.0752023383975029
f 6514 6515 6516
v 0.008563500829041004 0.0180185679346323 -0.0752023383975029
v 0.007303647696971893 0.0180185679346323 -0.07682894915342331
v 0.007150681223720312 0.018196405842900276 -0.0766964927315712
f 6517 6518 6519
v 0.008563500829041004 0.0180185679346323 -0.0752023383975029
v 0.007150681223720312 0.018196405842900276 -0.0766964927315712
v 0.00839716661721468 0.018196405842900276 -0.0750870630145073
f 6520 6521 6522
v 0.00839716661721468 0.018196405842900276 -0.0750870630145073
v 0.007150681223720312 0.018196405842900276 -0.0766964927315712
v 0.006902278866618872 0.018336156383156776 -0.07648114114999771
f 6523 6524 6525
v 0.00839716661721468 0.018196405842900276 -0.0750870630145073
v 0.006902278866618872 0.018336156383156776 -0.07648114114999771
v 0.008126982487738132 0.018336156383156776 -0.07489962130784988
f 6526 6527 6528
v 0.008126982487738132 0.018336156383156776 -0.07489962130784988
v 0.006902278866618872 0.018336156383156776 -0.07648114114999771
v 0.007574232295155525 0.018361428752541542 -0.0752900168299675
f 6529 6530 6531
v 0.008126982487738132 0.018336156383156776 -0.07489962130784988
v 0.007574232295155525 0.018361428752541542 -0.0752900168299675
v 0.009190261363983154 0.018336156383156776 -0.0732092335820198
f 6532 6533 6534
v 0.009190261363983154 0.018336156383156776 -0.0732092335820198
v 0.007574232295155525 0.018361428752541542 -0.0752900168299675
v 0.008998041041195393 0.018361428752541542 -0.07309914380311966
f 6535 6536 6537
v 0.009190261363983154 0.018336156383156776 -0.0732092335820198
v 0.008998041041195393 0.018361428752541542 -0.07309914380311966
v 0.009641834534704685 0.018361428752541542 -0.07190456241369247
f 6538 6539 6540
v -0.011642036959528923 0.01736142672598362 -0.06991928070783615
v -0.011571407318115234 0.017743902280926704 -0.0698905810713768
v -0.0108172707259655 0.01736142672598362 -0.07178526371717453
f 6541 6542 6543
v -0.0108172707259655 0.01736142672598362 -0.07178526371717453
v -0.011571407318115234 0.017743902280926704 -0.0698905810713768
v -0.010760225355625153 0.01770627684891224 -0.07175783067941666
f 6544 6545 6546
v -0.0108172707259655 0.01736142672598362 -0.07178526371717453
v -0.010760225355625153 0.01770627684891224 -0.07175783067941666
v -0.009857739321887493 0.01736142672598362 -0.07361356168985367
f 6547 6548 6549
v -0.009857739321887493 0.01736142672598362 -0.07361356168985367
v -0.010760225355625153 0.01770627684891224 -0.07175783067941666
v -0.009810013696551323 0.01770627684891224 -0.07356851547956467
f 6550 6551 6552
v -0.009857739321887493 0.01736142672598362 -0.07361356168985367
v -0.009810013696551323 0.01770627684891224 -0.07356851547956467
v -0.008767262101173401 0.01736142672598362 -0.07534349709749222
f 6553 6554 6555
v -0.008767262101173401 0.01736142672598362 -0.07534349709749222
v -0.009810013696551323 0.01770627684891224 -0.07356851547956467
v -0.008716297335922718 0.01770627684891224 -0.0753079429268837
f 6556 6557 6558
v -0.008767262101173401 0.01736142672598362 -0.07534349709749222
v -0.008716297335922718 0.01770627684891224 -0.0753079429268837
v -0.007723300252109766 0.01736142672598362 -0.07671885937452316
f 6559 6560 6561
v -0.007723300252109766 0.01736142672598362 -0.07671885937452316
v -0.008716297335922718 0.01770627684891224 -0.0753079429268837
v -0.007446602918207645 0.01770627684891224 -0.07694638520479202
f 6562 6563 6564
v -0.007723300252109766 0.01736142672598362 -0.07671885937452316
v -0.007446602918207645 0.01770627684891224 -0.07694638520479202
v -0.0060014668852090836 0.01736142672598362 -0.07849498838186264
f 6565 6566 6567
v -0.0060014668852090836 0.01736142672598362 -0.07849498838186264
v -0.007446602918207645 0.01770627684891224 -0.07694638520479202
v -0.005959694739431143 0.01770627684891224 -0.07844675332307816
f 6568 6569 6570
v -0.0060014668852090836 0.01736142672598362 -0.07849498838186264
v -0.005959694739431143 0.01770627684891224 -0.07844675332307816
v -0.0055223507806658745 0.01736142672598362 -0.07889365404844284
f 6571 6572 6573
v -0.0055223507806658745 0.01736142672598362 -0.07889365404844284
v -0.005959694739431143 0.01770627684891224 -0.07844675332307816
v -0.004253833554685116 0.01736142672598362 -0.07976893335580826
f 6574 6575 6576
v -0.0086460430175066 0.018361428752541542 -0.07369645684957504
v -0.00794617272913456 0.018361428752541542 -0.07477415353059769
v -0.008128207176923752 0.018336156383156776 -0.07490042597055435
f 6577 6578 6579
v -0.008128207176923752 0.018336156383156776 -0.07490042597055435
v -0.00794617272913456 0.018361428752541542 -0.07477415353059769
v -0.006905701011419296 0.018336156383156776 -0.0764789804816246
f 6580 6581 6582
v -0.008128207176923752 0.018336156383156776 -0.07490042597055435
v -0.006905701011419296 0.018336156383156776 -0.0764789804816246
v -0.007154142018407583 0.018196405842900276 -0.07669378072023392
f 6583 6584 6585
v -0.007154142018407583 0.018196405842900276 -0.07669378072023392
v -0.006905701011419296 0.018336156383156776 -0.0764789804816246
v -0.005705225747078657 0.018196405842900276 -0.07815518230199814
f 6586 6587 6588
v -0.007154142018407583 0.018196405842900276 -0.07669378072023392
v -0.005705225747078657 0.018196405842900276 -0.07815518230199814
v -0.005838323384523392 0.0180185679346323 -0.07830771058797836
f 6589 6590 6591
v -0.005838323384523392 0.0180185679346323 -0.07830771058797836
v -0.005705225747078657 0.018196405842900276 -0.07815518230199814
v -0.004130030982196331 0.0180185679346323 -0.07955867797136307
f 6592 6593 6594
v -0.005838323384523392 0.0180185679346323 -0.07830771058797836
v -0.004130030982196331 0.0180185679346323 -0.07955867797136307
v -0.004224175121635199 0.01770627684891224 -0.07971792668104172
f 6595 6596 6597
v -0.004224175121635199 0.01770627684891224 -0.07971792668104172
v -0.004130030982196331 0.0180185679346323 -0.07955867797136307
v -0.003257074160501361 0.01770627684891224 -0.08021902292966843
f 6598 6599 6600
v -0.004224175121635199 0.01770627684891224 -0.07971792668104172
v -0.003257074160501361 0.01770627684891224 -0.08021902292966843
v -0.0031019700691103935 0.01736142672598362 -0.08035189658403397
f 6601 6602 6603
v -0.0031019700691103935 0.01736142672598362 -0.08035189658403397
v -0.003257074160501361 0.01770627684891224 -0.08021902292966843
v -0.002220761962234974 0.01770627684891224 -0.08060381561517715
f 6604 6605 6606
v -0.0031019700691103935 0.01736142672598362 -0.08035189658403397
v -0.002220761962234974 0.01770627684891224 -0.08060381561517715
v -0.0011341096833348274 0.01736142672598362 -0.08091426640748978
f 6607 6608 6609
v -0.0011341096833348274 0.01736142672598362 -0.08091426640748978
v -0.002220761962234974 0.01770627684891224 -0.08060381561517715
v -0.0011246887734159827 0.01770627684891224 -0.08085135370492935
f 6610 6611 6612
v -0.0011341096833348274 0.01736142672598362 -0.08091426640748978
v -0.0011246887734159827 0.01770627684891224 -0.08085135370492935
v -0.0007811180548742414 0.01736142672598362 -0.08095938712358475
f 6613 6614 6615
v -0.0007811180548742414 0.01736142672598362 -0.08095938712358475
v -0.0011246887734159827 0.01770627684891224 -0.08085135370492935
v 1.161682575911982e-06 0.01770627684891224 -0.08093901723623276
f 6616 6617 6618
v -0.0007811180548742414 0.01736142672598362 -0.08095938712358475
v 1.161682575911982e-06 0.01770627684891224 -0.08093901723623276
v 0.0011348272673785686 0.01736142672598362 -0.08091387897729874
f 6619 6620 6621
v 0.0011348272673785686 0.01736142672598362 -0.08091387897729874
v 1.161682575911982e-06 0.01770627684891224 -0.08093901723623276
v 0.0011254282435402274 0.01770627684891224 -0.08085141330957413
f 6622 6623 6624
v 0.0011348272673785686 0.01736142672598362 -0.08091387897729874
v 0.0011254282435402274 0.01770627684891224 -0.08085141330957413
v 0.0015668694395571947 0.01736142672598362 -0.08083567768335342
f 6625 6626 6627
v 0.0015668694395571947 0.01736142672598362 -0.08083567768335342
v 0.0011254282435402274 0.01770627684891224 -0.08085141330957413
v 0.002219600835815072 0.01770627684891224 -0.08060260862112045
f 6628 6629 6630
v 0.0015668694395571947 0.01736142672598362 -0.08083567768335342
v 0.002219600835815072 0.01770627684891224 -0.08060260862112045
v 0.0032832599245011806 0.01736142672598362 -0.0802721157670021
f 6631 6632 6633
v 0.0032832599245011806 0.01736142672598362 -0.0802721157670021
v 0.002219600835815072 0.01770627684891224 -0.08060260862112045
v 0.003257427364587784 0.01770627684891224 -0.08021420985460281
f 6634 6635 6636
v 0.0032832599245011806 0.01736142672598362 -0.0802721157670021
v 0.003257427364587784 0.01770627684891224 -0.08021420985460281
v 0.003961899783462286 0.01736142672598362 -0.07993412762880325
f 6637 6638 6639
v 0.003961899783462286 0.01736142672598362 -0.07993412762880325
v 0.003257427364587784 0.01770627684891224 -0.08021420985460281
v 0.004227835219353437 0.01770627684891224 -0.07970952242612839
f 6640 6641 6642
v 0.003961899783462286 0.01736142672598362 -0.07993412762880325
v 0.004227835219353437 0.01770627684891224 -0.07970952242612839
v 0.004260057117789984 0.01736142672598362 -0.07976415008306503
f 6643 6644 6645
v 0.004260057117789984 0.01736142672598362 -0.07976415008306503
v 0.004227835219353437 0.01770627684891224 -0.07970952242612839
v 0.0059607489965856075 0.01770627684891224 -0.07844386249780655
f 6646 6647 6648
v 0.004260057117789984 0.01736142672598362 -0.07976415008306503
v 0.0059607489965856075 0.01770627684891224 -0.07844386249780655
v 0.006002636160701513 0.01736142672598362 -0.07849233597517014
f 6649 6650 6651
v 0.007443125359714031 0.01770627684891224 -0.07694969326257706
v 0.007490267511457205 0.01736142672598362 -0.07699090987443924
v 0.0059607489965856075 0.01770627684891224 -0.07844386249780655
f 6652 6653 6654
v 0.0059607489965856075 0.01770627684891224 -0.07844386249780655
v 0.007490267511457205 0.01736142672598362 -0.07699090987443924
v 0.006313372403383255 0.01736142672598362 -0.07821246236562729
f 6655 6656 6657
v 0.0059607489965856075 0.01770627684891224 -0.07844386249780655
v 0.006313372403383255 0.01736142672598362 -0.07821246236562729
v 0.006002636160701513 0.01736142672598362 -0.07849233597517014
f 6658 6659 6660
v 0.009865915402770042 0.01736142672598362 -0.0735960379242897
v 0.008555659092962742 0.01736142672598362 -0.07564019411802292
v 0.008715156465768814 0.01770627684891224 -0.07530740648508072
f 6661 6662 6663
v 0.008715156465768814 0.01770627684891224 -0.07530740648508072
v 0.008555659092962742 0.01736142672598362 -0.07564019411802292
v 0.007443125359714031 0.01770627684891224 -0.07694969326257706
f 6664 6665 6666
v 0.008715156465768814 0.01770627684891224 -0.07530740648508072
v 0.007443125359714031 0.01770627684891224 -0.07694969326257706
v 0.007303647696971893 0.0180185679346323 -0.07682894915342331
f 6667 6668 6669
v 0.007303647696971893 0.0180185679346323 -0.07682894915342331
v 0.007443125359714031 0.01770627684891224 -0.07694969326257706
v 0.0059607489965856075 0.01770627684891224 -0.07844386249780655
f 6670 6671 6672
v 0.007303647696971893 0.0180185679346323 -0.07682894915342331
v 0.0059607489965856075 0.01770627684891224 -0.07844386249780655
v 0.005839349236339331 0.0180185679346323 -0.07830502837896347
f 6673 6674 6675
v 0.005839349236339331 0.0180185679346323 -0.07830502837896347
v 0.0059607489965856075 0.01770627684891224 -0.07844386249780655
v 0.004227835219353437 0.01770627684891224 -0.07970952242612839
f 6676 6677 6678
v 0.005839349236339331 0.0180185679346323 -0.07830502837896347
v 0.004227835219353437 0.01770627684891224 -0.07970952242612839
v 0.004133718553930521 0.0180185679346323 -0.07955086976289749
f 6679 6680 6681
v 0.004133718553930521 0.0180185679346323 -0.07955086976289749
v 0.004227835219353437 0.01770627684891224 -0.07970952242612839
v 0.003181779757142067 0.0180185679346323 -0.08004594594240189
f 6682 6683 6684
v 0.004133718553930521 0.0180185679346323 -0.07955086976289749
v 0.003181779757142067 0.0180185679346323 -0.08004594594240189
v 0.004030504729598761 0.018196405842900276 -0.07937683910131454
f 6685 6686 6687
v 0.004030504729598761 0.018196405842900276 -0.07937683910131454
v 0.003181779757142067 0.0180185679346323 -0.08004594594240189
v 0.0021076861303299665 0.018196405842900276 -0.0802324041724205
f 6688 6689 6690
v 0.004030504729598761 0.018196405842900276 -0.07937683910131454
v 0.0021076861303299665 0.018196405842900276 -0.0802324041724205
v 0.0038629272021353245 0.018336156383156776 -0.07909402996301651
f 6691 6692 6693
v 0.0038629272021353245 0.018336156383156776 -0.07909402996301651
v 0.0021076861303299665 0.018196405842900276 -0.0802324041724205
v 0.002012648619711399 0.018336156383156776 -0.0799177959561348
f 6694 6695 6696
v 0.0038629272021353245 0.018336156383156776 -0.07909402996301651
v 0.002012648619711399 0.018336156383156776 -0.0799177959561348
v 0.003516278462484479 0.018361428752541542 -0.0790373906493187
f 6697 6698 6699
v 0.003516278462484479 0.018361428752541542 -0.0790373906493187
v 0.002012648619711399 0.018336156383156776 -0.0799177959561348
v 0.001948631601408124 0.018361428752541542 -0.07970581203699112
f 6700 6701 6702
v -0.01470761839300394 0.009795854799449444 -0.050772376358509064
v -0.01438395120203495 0.010000842623412609 -0.05070263892412186
v -0.014335802756249905 0.01087563019245863 -0.053123123943805695
f 6703 6704 6705
v -0.014335802756249905 0.01087563019245863 -0.053123123943805695
v -0.01438395120203495 0.010000842623412609 -0.05070263892412186
v -0.01400094572454691 0.010073441080749035 -0.05067793279886246
f 6706 6707 6708
v -0.014335802756249905 0.01087563019245863 -0.053123123943805695
v -0.01400094572454691 0.010073441080749035 -0.05067793279886246
v -0.013962239027023315 0.010827372781932354 -0.0527774915099144
f 6709 6710 6711
v -0.014923058450222015 0.009488302282989025 -0.05087699741125107
v -0.01470761839300394 0.009795854799449444 -0.050772376358509064
v -0.014661883935332298 0.010674814693629742 -0.05321408063173294
f 6712 6713 6714
v -0.014514191076159477 0.012222367338836193 -0.05858146399259567
v -0.014549605548381805 0.01208705734461546 -0.058304689824581146
v -0.014490325003862381 0.012441965751349926 -0.058122046291828156
f 6715 6716 6717
v -0.014490325003862381 0.012441965751349926 -0.058122046291828156
v -0.014549605548381805 0.01208705734461546 -0.058304689824581146
v -0.014797540381550789 0.010994534008204937 -0.055921055376529694
f 6718 6719 6720
v -0.014490325003862381 0.012441965751349926 -0.058122046291828156
v -0.014797540381550789 0.010994534008204937 -0.055921055376529694
v -0.014731230214238167 0.011352243833243847 -0.05575928837060928
f 6721 6722 6723
v -0.014731230214238167 0.011352243833243847 -0.05575928837060928
v -0.014797540381550789 0.010994534008204937 -0.055921055376529694
v -0.014949360862374306 0.010010178200900555 -0.05348218232393265
f 6724 6725 6726
v -0.014731230214238167 0.011352243833243847 -0.05575928837060928
v -0.014949360862374306 0.010010178200900555 -0.05348218232393265
v -0.014877480454742908 0.010370316915214062 -0.05334039777517319
f 6727 6728 6729
v -0.014877480454742908 0.010370316915214062 -0.05334039777517319
v -0.014949360862374306 0.010010178200900555 -0.05348218232393265
v -0.015000945888459682 0.009126718156039715 -0.05099999159574509
f 6730 6731 6732
v -0.014877480454742908 0.010370316915214062 -0.05334039777517319
v -0.015000945888459682 0.009126718156039715 -0.05099999159574509
v -0.014923058450222015 0.009488302282989025 -0.05087699741125107
f 6733 6734 6735
v -0.013962239027023315 0.010827372781932354 -0.0527774915099144
v -0.013950220309197903 0.01094332616776228 -0.05308101326227188
v -0.014335802756249905 0.01087563019245863 -0.053123123943805695
f 6736 6737 6738
v -0.014335802756249905 0.01087563019245863 -0.053123123943805695
v -0.013950220309197903 0.01094332616776228 -0.05308101326227188
v -0.013800985179841518 0.011911029927432537 -0.05543779581785202
f 6739 6740 6741
v -0.014335802756249905 0.01087563019245863 -0.053123123943805695
v -0.013800985179841518 0.011911029927432537 -0.05543779581785202
v -0.014189908280968666 0.011849473230540752 -0.05549704283475876
f 6742 6743 6744
v -0.014189908280968666 0.011849473230540752 -0.05549704283475876
v -0.013800985179841518 0.011911029927432537 -0.05543779581785202
v -0.013557382859289646 0.012983801774680614 -0.05773752182722092
f 6745 6746 6747
v -0.014189908280968666 0.011849473230540752 -0.05549704283475876
v -0.013557382859289646 0.012983801774680614 -0.05773752182722092
v -0.01395006850361824 0.01292960625141859 -0.057813502848148346
f 6748 6749 6750
v -0.01395006850361824 0.01292960625141859 -0.057813502848148346
v -0.013557382859289646 0.012983801774680614 -0.05773752182722092
v -0.013220969587564468 0.014152216725051403 -0.05998534709215164
f 6751 6752 6753
v -0.01395006850361824 0.01292960625141859 -0.057813502848148346
v -0.013220969587564468 0.014152216725051403 -0.05998534709215164
v -0.013617485761642456 0.014106067828834057 -0.06007767468690872
f 6754 6755 6756
v -0.013617485761642456 0.014106067828834057 -0.06007767468690872
v -0.013220969587564468 0.014152216725051403 -0.05998534709215164
v -0.012258591130375862 0.016663284972310066 -0.06442434340715408
f 6757 6758 6759
v -0.011872028931975365 0.017381632700562477 -0.06583487242460251
v -0.011976290494203568 0.017755964770913124 -0.06695034354925156
v -0.012258591130375862 0.016663284972310066 -0.06442434340715408
f 6760 6761 6762
v -0.012258591130375862 0.016663284972310066 -0.06442434340715408
v -0.011976290494203568 0.017755964770913124 -0.06695034354925156
v -0.012658626772463322 0.016629965975880623 -0.06454954296350479
f 6763 6764 6765
v -0.012258591130375862 0.016663284972310066 -0.06442434340715408
v -0.012658626772463322 0.016629965975880623 -0.06454954296350479
v -0.013617485761642456 0.014106067828834057 -0.06007767468690872
f 6766 6767 6768
v -0.014514191076159477 0.012222367338836193 -0.05858146399259567
v -0.014490325003862381 0.012441965751349926 -0.058122046291828156
v -0.014206914231181145 0.013274225406348705 -0.06063155084848404
f 6769 6770 6771
v -0.014206914231181145 0.013274225406348705 -0.06063155084848404
v -0.014490325003862381 0.012441965751349926 -0.058122046291828156
v -0.014155789278447628 0.013627353124320507 -0.060430191457271576
f 6772 6773 6774
v -0.014206914231181145 0.013274225406348705 -0.06063155084848404
v -0.014155789278447628 0.013627353124320507 -0.060430191457271576
v -0.013462468981742859 0.015277187339961529 -0.06423448771238327
f 6775 6776 6777
v -0.013462468981742859 0.015277187339961529 -0.06423448771238327
v -0.014155789278447628 0.013627353124320507 -0.060430191457271576
v -0.013188634999096394 0.016148732975125313 -0.06495393067598343
f 6778 6779 6780
v -0.013462468981742859 0.015277187339961529 -0.06423448771238327
v -0.013188634999096394 0.016148732975125313 -0.06495393067598343
v -0.013224577531218529 0.015784958377480507 -0.06516189128160477
f 6781 6782 6783
v -0.013224577531218529 0.015784958377480507 -0.06516189128160477
v -0.013188634999096394 0.016148732975125313 -0.06495393067598343
v -0.012496771290898323 0.017244892194867134 -0.06731625646352768
f 6784 6785 6786
v -0.013224577531218529 0.015784958377480507 -0.06516189128160477
v -0.012496771290898323 0.017244892194867134 -0.06731625646352768
v -0.0125363077968359 0.016861433163285255 -0.06747552007436752
f 6787 6788 6789
v -0.0125363077968359 0.016861433163285255 -0.06747552007436752
v -0.012496771290898323 0.017244892194867134 -0.06731625646352768
v -0.012067467905580997 0.01761406846344471 -0.06857842952013016
f 6790 6791 6792
v -0.0125363077968359 0.016861433163285255 -0.06747552007436752
v -0.012067467905580997 0.01761406846344471 -0.06857842952013016
v -0.012118049897253513 0.017223024740815163 -0.06868334859609604
f 6793 6794 6795
v -0.011872028931975365 0.017381632700562477 -0.06583487242460251
v -0.011586285196244717 0.01779554970562458 -0.0668073371052742
v -0.011976290494203568 0.017755964770913124 -0.06695034354925156
f 6796 6797 6798
v -0.011976290494203568 0.017755964770913124 -0.06695034354925156
v -0.011586285196244717 0.01779554970562458 -0.0668073371052742
v -0.011178621090948582 0.018199274316430092 -0.06812498718500137
f 6799 6800 6801
v -0.011976290494203568 0.017755964770913124 -0.06695034354925156
v -0.011178621090948582 0.018199274316430092 -0.06812498718500137
v -0.011554920114576817 0.01814603991806507 -0.0682738646864891
f 6802 6803 6804
v -0.011554920114576817 0.01814603991806507 -0.0682738646864891
v -0.011178621090948582 0.018199274316430092 -0.06812498718500137
v -0.010715587064623833 0.018361428752541542 -0.06954286247491837
f 6805 6806 6807
v -0.011554920114576817 0.01814603991806507 -0.0682738646864891
v -0.010715587064623833 0.018361428752541542 -0.06954286247491837
v -0.011069917120039463 0.018284598365426064 -0.06968682259321213
f 6808 6809 6810
v -0.01470761839300394 0.009795854799449444 -0.050772376358509064
v -0.014335802756249905 0.01087563019245863 -0.053123123943805695
v -0.014661883935332298 0.010674814693629742 -0.05321408063173294
f 6811 6812 6813
v -0.014661883935332298 0.010674814693629742 -0.05321408063173294
v -0.014335802756249905 0.01087563019245863 -0.053123123943805695
v -0.014189908280968666 0.011849473230540752 -0.05549704283475876
f 6814 6815 6816
v -0.014661883935332298 0.010674814693629742 -0.05321408063173294
v -0.014189908280968666 0.011849473230540752 -0.05549704283475876
v -0.01451745443046093 0.011653433553874493 -0.05560994893312454
f 6817 6818 6819
v -0.01451745443046093 0.011653433553874493 -0.05560994893312454
v -0.014189908280968666 0.011849473230540752 -0.05549704283475876
v -0.01395006850361824 0.01292960625141859 -0.057813502848148346
f 6820 6821 6822
v -0.01451745443046093 0.011653433553874493 -0.05560994893312454
v -0.01395006850361824 0.01292960625141859 -0.057813502848148346
v -0.014279074966907501 0.01273925881832838 -0.05794879049062729
f 6823 6824 6825
v -0.014279074966907501 0.01273925881832838 -0.05794879049062729
v -0.01395006850361824 0.01292960625141859 -0.057813502848148346
v -0.013617485761642456 0.014106067828834057 -0.06007767468690872
f 6826 6827 6828
v -0.014279074966907501 0.01273925881832838 -0.05794879049062729
v -0.013617485761642456 0.014106067828834057 -0.06007767468690872
v -0.013947739265859127 0.013921397738158703 -0.060234494507312775
f 6829 6830 6831
v -0.013947739265859127 0.013921397738158703 -0.060234494507312775
v -0.013617485761642456 0.014106067828834057 -0.06007767468690872
v -0.012658626772463322 0.016629965975880623 -0.06454954296350479
f 6832 6833 6834
v -0.013947739265859127 0.013921397738158703 -0.060234494507312775
v -0.012658626772463322 0.016629965975880623 -0.06454954296350479
v -0.012988236732780933 0.01644839532673359 -0.06473692506551743
f 6835 6836 6837
v -0.012988236732780933 0.01644839532673359 -0.06473692506551743
v -0.012658626772463322 0.016629965975880623 -0.06454954296350479
v -0.011976290494203568 0.017755964770913124 -0.06695034354925156
f 6838 6839 6840
v -0.012988236732780933 0.01644839532673359 -0.06473692506551743
v -0.011976290494203568 0.017755964770913124 -0.06695034354925156
v -0.012298655696213245 0.017561787739396095 -0.06713034957647324
f 6841 6842 6843
v -0.012298655696213245 0.017561787739396095 -0.06713034957647324
v -0.011976290494203568 0.017755964770913124 -0.06695034354925156
v -0.011554920114576817 0.01814603991806507 -0.0682738646864891
f 6844 6845 6846
v -0.012298655696213245 0.017561787739396095 -0.06713034957647324
v -0.011554920114576817 0.01814603991806507 -0.0682738646864891
v -0.011868778616189957 0.017940158024430275 -0.06843388825654984
f 6847 6848 6849
v -0.011868778616189957 0.017940158024430275 -0.06843388825654984
v -0.011554920114576817 0.01814603991806507 -0.0682738646864891
v -0.011069917120039463 0.018284598365426064 -0.06968682259321213
f 6850 6851 6852
v -0.011868778616189957 0.017940158024430275 -0.06843388825654984
v -0.011069917120039463 0.018284598365426064 -0.06968682259321213
v -0.011370571330189705 0.018068375065922737 -0.06980898231267929
f 6853 6854 6855
v -0.014923058450222015 0.009488302282989025 -0.05087699741125107
v -0.014661883935332298 0.010674814693629742 -0.05321408063173294
v -0.014877480454742908 0.010370316915214062 -0.05334039777517319
f 6856 6857 6858
v -0.014877480454742908 0.010370316915214062 -0.05334039777517319
v -0.014661883935332298 0.010674814693629742 -0.05321408063173294
v -0.01451745443046093 0.011653433553874493 -0.05560994893312454
f 6859 6860 6861
v -0.014877480454742908 0.010370316915214062 -0.05334039777517319
v -0.01451745443046093 0.011653433553874493 -0.05560994893312454
v -0.014731230214238167 0.011352243833243847 -0.05575928837060928
f 6862 6863 6864
v -0.014731230214238167 0.011352243833243847 -0.05575928837060928
v -0.01451745443046093 0.011653433553874493 -0.05560994893312454
v -0.014279074966907501 0.01273925881832838 -0.05794879049062729
f 6865 6866 6867
v -0.014731230214238167 0.011352243833243847 -0.05575928837060928
v -0.014279074966907501 0.01273925881832838 -0.05794879049062729
v -0.014490325003862381 0.012441965751349926 -0.058122046291828156
f 6868 6869 6870
v -0.014490325003862381 0.012441965751349926 -0.058122046291828156
v -0.014279074966907501 0.01273925881832838 -0.05794879049062729
v -0.013947739265859127 0.013921397738158703 -0.060234494507312775
f 6871 6872 6873
v -0.014490325003862381 0.012441965751349926 -0.058122046291828156
v -0.013947739265859127 0.013921397738158703 -0.060234494507312775
v -0.014155789278447628 0.013627353124320507 -0.060430191457271576
f 6874 6875 6876
v -0.014155789278447628 0.013627353124320507 -0.060430191457271576
v -0.013947739265859127 0.013921397738158703 -0.060234494507312775
v -0.012988236732780933 0.01644839532673359 -0.06473692506551743
f 6877 6878 6879
v -0.014155789278447628 0.013627353124320507 -0.060430191457271576
v -0.012988236732780933 0.01644839532673359 -0.06473692506551743
v -0.013188634999096394 0.016148732975125313 -0.06495393067598343
f 6880 6881 6882
v -0.013188634999096394 0.016148732975125313 -0.06495393067598343
v -0.012988236732780933 0.01644839532673359 -0.06473692506551743
v -0.012298655696213245 0.017561787739396095 -0.06713034957647324
f 6883 6884 6885
v -0.013188634999096394 0.016148732975125313 -0.06495393067598343
v -0.012298655696213245 0.017561787739396095 -0.06713034957647324
v -0.012496771290898323 0.017244892194867134 -0.06731625646352768
f 6886 6887 6888
v -0.012496771290898323 0.017244892194867134 -0.06731625646352768
v -0.012298655696213245 0.017561787739396095 -0.06713034957647324
v -0.011868778616189957 0.017940158024430275 -0.06843388825654984
f 6889 6890 6891
v -0.012496771290898323 0.017244892194867134 -0.06731625646352768
v -0.011868778616189957 0.017940158024430275 -0.06843388825654984
v -0.012067467905580997 0.01761406846344471 -0.06857842952013016
f 6892 6893 6894
v -0.012067467905580997 0.01761406846344471 -0.06857842952013016
v -0.011868778616189957 0.017940158024430275 -0.06843388825654984
v -0.011370571330189705 0.018068375065922737 -0.06980898231267929
f 6895 6896 6897
v -0.012067467905580997 0.01761406846344471 -0.06857842952013016
v -0.011370571330189705 0.018068375065922737 -0.06980898231267929
v -0.011571407318115234 0.017743902280926704 -0.0698905810713768
f 6898 6899 6900
v -0.011571407318115234 0.017743902280926704 -0.0698905810713768
v -0.011642036959528923 0.01736142672598362 -0.06991928070783615
v -0.012067467905580997 0.01761406846344471 -0.06857842952013016
f 6901 6902 6903
v -0.012067467905580997 0.01761406846344471 -0.06857842952013016
v -0.011642036959528923 0.01736142672598362 -0.06991928070783615
v -0.011913534253835678 0.01731686480343342 -0.06923066824674606
f 6904 6905 6906
v -0.012067467905580997 0.01761406846344471 -0.06857842952013016
v -0.011913534253835678 0.01731686480343342 -0.06923066824674606
v -0.012118049897253513 0.017223024740815163 -0.06868334859609604
f 6907 6908 6909
v -0.015000945888459682 0.008359196595847607 -0.04860701411962509
v -0.015000945888459682 0.007668937556445599 -0.04619049280881882
v -0.014923058450222015 0.008037674240767956 -0.04609096795320511
f 6910 6911 6912
v -0.01400094572454691 0.008726748637855053 -0.04626943916082382
v -0.01400094572454691 0.010073441080749035 -0.05067793279886246
v -0.01438395120203495 0.010000842623412609 -0.05070263892412186
f 6913 6914 6915
v -0.015000945888459682 0.009126718156039715 -0.05099999159574509
v -0.015000945888459682 0.008359196595847607 -0.04860701411962509
v -0.014923058450222015 0.009488302282989025 -0.05087699741125107
f 6916 6917 6918
v -0.014923058450222015 0.009488302282989025 -0.05087699741125107
v -0.015000945888459682 0.008359196595847607 -0.04860701411962509
v -0.014923058450222015 0.008037674240767956 -0.04609096795320511
f 6919 6920 6921
v -0.014923058450222015 0.009488302282989025 -0.05087699741125107
v -0.014923058450222015 0.008037674240767956 -0.04609096795320511
v -0.01470761839300394 0.009795854799449444 -0.050772376358509064
f 6922 6923 6924
v -0.01470761839300394 0.009795854799449444 -0.050772376358509064
v -0.014923058450222015 0.008037674240767956 -0.04609096795320511
v -0.01470761839300394 0.008351321332156658 -0.046006329357624054
f 6925 6926 6927
v -0.01470761839300394 0.009795854799449444 -0.050772376358509064
v -0.01470761839300394 0.008351321332156658 -0.046006329357624054
v -0.01438395120203495 0.010000842623412609 -0.05070263892412186
f 6928 6929 6930
v -0.01438395120203495 0.010000842623412609 -0.05070263892412186
v -0.01470761839300394 0.008351321332156658 -0.046006329357624054
v -0.01438395120203495 0.008560354821383953 -0.04594991356134415
f 6931 6932 6933
v -0.01438395120203495 0.010000842623412609 -0.05070263892412186
v -0.01438395120203495 0.008560354821383953 -0.04594991356134415
v -0.01400094572454691 0.008726748637855053 -0.04626943916082382
f 6934 6935 6936
v -0.01400094572454691 0.008726748637855053 -0.04626943916082382
v -0.01438395120203495 0.008560354821383953 -0.04594991356134415
v -0.01400094572454691 0.008634398691356182 -0.0459299311041832
f 6937 6938 6939
v -0.019216235727071762 0.004546838812530041 -0.025333354249596596
v -0.018915699794888496 0.004758167080581188 -0.025170857086777687
v -0.01785925216972828 0.005080792121589184 -0.027667099609971046
f 6940 6941 6942
v -0.019409015774726868 0.004217955283820629 -0.025461534038186073
v -0.019216235727071762 0.004546838812530041 -0.025333354249596596
v -0.018166378140449524 0.0048695458099246025 -0.02781517244875431
f 6943 6944 6945
v -0.018423201516270638 0.004151488654315472 -0.028011465445160866
v -0.019466428086161613 0.0038269339129328728 -0.025536010041832924
v -0.018363775685429573 0.004541399888694286 -0.02793603576719761
f 6946 6947 6948
v -0.018363775685429573 0.004541399888694286 -0.02793603576719761
v -0.019466428086161613 0.0038269339129328728 -0.025536010041832924
v -0.019409015774726868 0.004217955283820629 -0.025461534038186073
f 6949 6950 6951
v -0.015137556940317154 0.0063326312229037285 -0.03531230241060257
v -0.01615985669195652 0.005830715410411358 -0.03279375284910202
v -0.01578073762357235 0.0058945296332240105 -0.03268077224493027
f 6952 6953 6954
v -0.01578073762357235 0.0058945296332240105 -0.03268077224493027
v -0.01615985669195652 0.005830715410411358 -0.03279375284910202
v -0.016940053552389145 0.005436728708446026 -0.03021111525595188
f 6955 6956 6957
v -0.01578073762357235 0.0058945296332240105 -0.03268077224493027
v -0.016940053552389145 0.005436728708446026 -0.03021111525595188
v -0.016566039994359016 0.005499470047652721 -0.030078688636422157
f 6958 6959 6960
v -0.016566039994359016 0.005499470047652721 -0.030078688636422157
v -0.016940053552389145 0.005436728708446026 -0.03021111525595188
v -0.01785925216972828 0.005080792121589184 -0.027667099609971046
f 6961 6962 6963
v -0.016566039994359016 0.005499470047652721 -0.030078688636422157
v -0.01785925216972828 0.005080792121589184 -0.027667099609971046
v -0.017491646111011505 0.005142676644027233 -0.027515331283211708
f 6964 6965 6966
v -0.017491646111011505 0.005142676644027233 -0.027515331283211708
v -0.01785925216972828 0.005080792121589184 -0.027667099609971046
v -0.018915699794888496 0.004758167080581188 -0.025170857086777687
f 6967 6968 6969
v -0.017491646111011505 0.005142676644027233 -0.027515331283211708
v -0.018915699794888496 0.004758167080581188 -0.025170857086777687
v -0.018555738031864166 0.004819351248443127 -0.02500000037252903
f 6970 6971 6972
v -0.014775495044887066 0.006664718501269817 -0.03715207427740097
v -0.01502346619963646 0.006751867942512035 -0.03803824633359909
v -0.015137556940317154 0.0063326312229037285 -0.03531230241060257
f 6973 6974 6975
v -0.015137556940317154 0.0063326312229037285 -0.03531230241060257
v -0.01502346619963646 0.006751867942512035 -0.03803824633359909
v -0.015520423650741577 0.00626749824732542 -0.035405851900577545
f 6976 6977 6978
v -0.015137556940317154 0.0063326312229037285 -0.03531230241060257
v -0.015520423650741577 0.00626749824732542 -0.035405851900577545
v -0.01615985669195652 0.005830715410411358 -0.03279375284910202
f 6979 6980 6981
v -0.014775495044887066 0.006664718501269817 -0.03715207427740097
v -0.01463827583938837 0.006818625144660473 -0.03796391934156418
v -0.01502346619963646 0.006751867942512035 -0.03803824633359909
f 6982 6983 6984
v -0.01502346619963646 0.006751867942512035 -0.03803824633359909
v -0.01463827583938837 0.006818625144660473 -0.03796391934156418
v -0.014283283613622189 0.007358829490840435 -0.04062522202730179
f 6985 6986 6987
v -0.01502346619963646 0.006751867942512035 -0.03803824633359909
v -0.014283283613622189 0.007358829490840435 -0.04062522202730179
v -0.01466931402683258 0.007290090434253216 -0.04068069905042648
f 6988 6989 6990
v -0.01466931402683258 0.007290090434253216 -0.04068069905042648
v -0.014283283613622189 0.007358829490840435 -0.04062522202730179
v -0.014071300625801086 0.007961350493133068 -0.043284498155117035
f 6991 6992 6993
v -0.01466931402683258 0.007290090434253216 -0.04068069905042648
v -0.014071300625801086 0.007961350493133068 -0.043284498155117035
v -0.01445662323385477 0.007890204899013042 -0.043321751058101654
f 6994 6995 6996
v -0.01445662323385477 0.007890204899013042 -0.043321751058101654
v -0.014071300625801086 0.007961350493133068 -0.043284498155117035
v -0.01400094572454691 0.008634398691356182 -0.0459299311041832
f 6997 6998 6999
v -0.01445662323385477 0.007890204899013042 -0.043321751058101654
v -0.01400094572454691 0.008634398691356182 -0.0459299311041832
v -0.014383952133357525 0.008560354821383953 -0.04594991356134415
f 7000 7001 7002
v -0.019216235727071762 0.004546838812530041 -0.025333354249596596
v -0.01785925216972828 0.005080792121589184 -0.027667099609971046
v -0.018166378140449524 0.0048695458099246025 -0.02781517244875431
f 7003 7004 7005
v -0.018166378140449524 0.0048695458099246025 -0.02781517244875431
v -0.01785925216972828 0.005080792121589184 -0.027667099609971046
v -0.016940053552389145 0.005436728708446026 -0.03021111525595188
f 7006 7007 7008
v -0.018166378140449524 0.0048695458099246025 -0.02781517244875431
v -0.016940053552389145 0.005436728708446026 -0.03021111525595188
v -0.017252780497074127 0.005225571803748608 -0.030344823375344276
f 7009 7010 7011
v -0.017252780497074127 0.005225571803748608 -0.030344823375344276
v -0.016940053552389145 0.005436728708446026 -0.03021111525595188
v -0.01615985669195652 0.005830715410411358 -0.03279375284910202
f 7012 7013 7014
v -0.017252780497074127 0.005225571803748608 -0.030344823375344276
v -0.01615985669195652 0.005830715410411358 -0.03279375284910202
v -0.01647716574370861 0.005619692616164684 -0.03291326016187668
f 7015 7016 7017
v -0.01647716574370861 0.005619692616164684 -0.03291326016187668
v -0.01615985669195652 0.005830715410411358 -0.03279375284910202
v -0.015520423650741577 0.00626749824732542 -0.035405851900577545
f 7018 7019 7020
v -0.01647716574370861 0.005619692616164684 -0.03291326016187668
v -0.015520423650741577 0.00626749824732542 -0.035405851900577545
v -0.015841256827116013 0.00605666171759367 -0.03551148623228073
f 7021 7022 7023
v -0.015841256827116013 0.00605666171759367 -0.03551148623228073
v -0.015520423650741577 0.00626749824732542 -0.035405851900577545
v -0.01502346619963646 0.006751867942512035 -0.03803824633359909
f 7024 7025 7026
v -0.015841256827116013 0.00605666171759367 -0.03551148623228073
v -0.01502346619963646 0.006751867942512035 -0.03803824633359909
v -0.015346734784543514 0.0065412698313593864 -0.03813041001558304
f 7027 7028 7029
v -0.015346734784543514 0.0065412698313593864 -0.03813041001558304
v -0.01502346619963646 0.006751867942512035 -0.03803824633359909
v -0.01466931402683258 0.007290090434253216 -0.04068069905042648
f 7030 7031 7032
v -0.015346734784543514 0.0065412698313593864 -0.03813041001558304
v -0.01466931402683258 0.007290090434253216 -0.04068069905042648
v -0.014993892051279545 0.007079835049808025 -0.04076003283262253
f 7033 7034 7035
v -0.014993892051279545 0.007079835049808025 -0.04076003283262253
v -0.01466931402683258 0.007290090434253216 -0.04068069905042648
v -0.01445662323385477 0.007890204899013042 -0.043321751058101654
f 7036 7037 7038
v -0.014993892051279545 0.007079835049808025 -0.04076003283262253
v -0.01445662323385477 0.007890204899013042 -0.043321751058101654
v -0.01478134747594595 0.007680448703467846 -0.04338908940553665
f 7039 7040 7041
v -0.01478134747594595 0.007680448703467846 -0.04338908940553665
v -0.01445662323385477 0.007890204899013042 -0.043321751058101654
v -0.014383952133357525 0.008560354821383953 -0.04594991356134415
f 7042 7043 7044
v -0.01478134747594595 0.007680448703467846 -0.04338908940553665
v -0.014383952133357525 0.008560354821383953 -0.04594991356134415
v -0.01470762025564909 0.008351321332156658 -0.046006329357624054
f 7045 7046 7047
v -0.019409015774726868 0.004217955283820629 -0.025461534038186073
v -0.018166378140449524 0.0048695458099246025 -0.02781517244875431
v -0.018363775685429573 0.004541399888694286 -0.02793603576719761
f 7048 7049 7050
v -0.018363775685429573 0.004541399888694286 -0.02793603576719761
v -0.018166378140449524 0.0048695458099246025 -0.02781517244875431
v -0.017252780497074127 0.005225571803748608 -0.030344823375344276
f 7051 7052 7053
v -0.018363775685429573 0.004541399888694286 -0.02793603576719761
v -0.017252780497074127 0.005225571803748608 -0.030344823375344276
v -0.01745426468551159 0.004898357205092907 -0.030458683148026466
f 7054 7055 7056
v -0.01745426468551159 0.004898357205092907 -0.030458683148026466
v -0.017252780497074127 0.005225571803748608 -0.030344823375344276
v -0.01647716574370861 0.005619692616164684 -0.03291326016187668
f 7057 7058 7059
v -0.01745426468551159 0.004898357205092907 -0.030458683148026466
v -0.01647716574370861 0.005619692616164684 -0.03291326016187668
v -0.01668221689760685 0.005293655209243298 -0.033020563423633575
f 7060 7061 7062
v -0.01668221689760685 0.005293655209243298 -0.033020563423633575
v -0.01647716574370861 0.005619692616164684 -0.03291326016187668
v -0.015841256827116013 0.00605666171759367 -0.03551148623228073
f 7063 7064 7065
v -0.01668221689760685 0.005293655209243298 -0.033020563423633575
v -0.015841256827116013 0.00605666171759367 -0.03551148623228073
v -0.01604936085641384 0.005732099525630474 -0.03561272472143173
f 7066 7067 7068
v -0.01604936085641384 0.005732099525630474 -0.03561272472143173
v -0.015841256827116013 0.00605666171759367 -0.03551148623228073
v -0.015346734784543514 0.0065412698313593864 -0.03813041001558304
f 7069 7070 7071
v -0.01604936085641384 0.005732099525630474 -0.03561272472143173
v -0.015346734784543514 0.0065412698313593864 -0.03813041001558304
v -0.015557389706373215 0.006218570284545422 -0.03822622448205948
f 7072 7073 7074
v -0.015557389706373215 0.006218570284545422 -0.03822622448205948
v -0.015346734784543514 0.0065412698313593864 -0.03813041001558304
v -0.014993892051279545 0.007079835049808025 -0.04076003283262253
f 7075 7076 7077
v -0.015557389706373215 0.006218570284545422 -0.03822622448205948
v -0.014993892051279545 0.007079835049808025 -0.04076003283262253
v -0.015206608921289444 0.006759467534720898 -0.0408511683344841
f 7078 7079 7080
v -0.015206608921289444 0.006759467534720898 -0.0408511683344841
v -0.014993892051279545 0.007079835049808025 -0.04076003283262253
v -0.01478134747594595 0.007680448703467846 -0.04338908940553665
f 7081 7082 7083
v -0.015206608921289444 0.006759467534720898 -0.0408511683344841
v -0.01478134747594595 0.007680448703467846 -0.04338908940553665
v -0.014995653182268143 0.007363046519458294 -0.043476469814777374
f 7084 7085 7086
v -0.014995653182268143 0.007363046519458294 -0.043476469814777374
v -0.01478134747594595 0.007680448703467846 -0.04338908940553665
v -0.01470762025564909 0.008351321332156658 -0.046006329357624054
f 7087 7088 7089
v -0.014995653182268143 0.007363046519458294 -0.043476469814777374
v -0.01470762025564909 0.008351321332156658 -0.046006329357624054
v -0.01492305938154459 0.008037674240767956 -0.04609096795320511
f 7090 7091 7092
v -0.018423201516270638 0.004151488654315472 -0.028011465445160866
v -0.018363775685429573 0.004541399888694286 -0.02793603576719761
v -0.01788138411939144 0.004354427568614483 -0.029466772451996803
f 7093 7094 7095
v -0.01788138411939144 0.004354427568614483 -0.029466772451996803
v -0.018363775685429573 0.004541399888694286 -0.02793603576719761
v -0.01745426468551159 0.004898357205092907 -0.030458683148026466
f 7096 7097 7098
v -0.01788138411939144 0.004354427568614483 -0.029466772451996803
v -0.01745426468551159 0.004898357205092907 -0.030458683148026466
v -0.017515743151307106 0.004509824328124523 -0.030535468831658363
f 7099 7100 7101
v -0.017515743151307106 0.004509824328124523 -0.030535468831658363
v -0.01745426468551159 0.004898357205092907 -0.030458683148026466
v -0.01668221689760685 0.005293655209243298 -0.033020563423633575
f 7102 7103 7104
v -0.017515743151307106 0.004509824328124523 -0.030535468831658363
v -0.01668221689760685 0.005293655209243298 -0.033020563423633575
v -0.01674583926796913 0.0049068508669734 -0.0330992117524147
f 7105 7106 7107
v -0.01674583926796913 0.0049068508669734 -0.0330992117524147
v -0.01668221689760685 0.005293655209243298 -0.033020563423633575
v -0.01604936085641384 0.005732099525630474 -0.03561272472143173
f 7108 7109 7110
v -0.01674583926796913 0.0049068508669734 -0.0330992117524147
v -0.01604936085641384 0.005732099525630474 -0.03561272472143173
v -0.01611527055501938 0.005347470752894878 -0.03569389134645462
f 7111 7112 7113
v -0.01611527055501938 0.005347470752894878 -0.03569389134645462
v -0.01604936085641384 0.005732099525630474 -0.03561272472143173
v -0.015557389706373215 0.006218570284545422 -0.03822622448205948
f 7114 7115 7116
v -0.01611527055501938 0.005347470752894878 -0.03569389134645462
v -0.015557389706373215 0.006218570284545422 -0.03822622448205948
v -0.01562577858567238 0.005836660973727703 -0.03831066936254501
f 7117 7118 7119
v -0.01562577858567238 0.005836660973727703 -0.03831066936254501
v -0.015557389706373215 0.006218570284545422 -0.03822622448205948
v -0.015206608921289444 0.006759467534720898 -0.0408511683344841
f 7120 7121 7122
v -0.01562577858567238 0.005836660973727703 -0.03831066936254501
v -0.015206608921289444 0.006759467534720898 -0.0408511683344841
v -0.015277747996151447 0.006380963139235973 -0.04093969613313675
f 7123 7124 7125
v -0.015277747996151447 0.006380963139235973 -0.04093969613313675
v -0.015206608921289444 0.006759467534720898 -0.0408511683344841
v -0.014995653182268143 0.007363046519458294 -0.043476469814777374
f 7126 7127 7128
v -0.015277747996151447 0.006380963139235973 -0.04093969613313675
v -0.014995653182268143 0.007363046519458294 -0.043476469814777374
v -0.01506992056965828 0.006988863460719585 -0.04356998950242996
f 7129 7130 7131
v -0.01506992056965828 0.006988863460719585 -0.04356998950242996
v -0.014995653182268143 0.007363046519458294 -0.043476469814777374
v -0.01492305938154459 0.008037674240767956 -0.04609096795320511
f 7132 7133 7134
v -0.01506992056965828 0.006988863460719585 -0.04356998950242996
v -0.01492305938154459 0.008037674240767956 -0.04609096795320511
v -0.015000945888459682 0.007668937556445599 -0.04619049280881882
f 7135 7136 7137
v -0.020382724702358246 0.0035855798050761223 -0.023624712601304054
v -0.021244127303361893 0.003380107693374157 -0.021996671333909035
v -0.020549574866890907 0.003923754207789898 -0.02311674691736698
f 7138 7139 7140
v -0.029074721038341522 0.0026924340054392815 -0.011042647995054722
v -0.028717203065752983 0.002842220477759838 -0.011237912811338902
v -0.02785545587539673 0.002913828007876873 -0.012240522541105747
f 7141 7142 7143
v -0.02684212476015091 0.0032389191910624504 -0.012240462936460972
v -0.026830388233065605 0.0032395971938967705 -0.01224579755216837
v -0.02587355114519596 0.0033715544268488884 -0.013995164074003696
f 7144 7145 7146
v -0.02587355114519596 0.0033715544268488884 -0.013995164074003696
v -0.026830388233065605 0.0032395971938967705 -0.01224579755216837
v -0.023923859000205994 0.0036854324862360954 -0.01584526337683201
f 7147 7148 7149
v -0.02587355114519596 0.0033715544268488884 -0.013995164074003696
v -0.023923859000205994 0.0036854324862360954 -0.01584526337683201
v -0.024246033281087875 0.0036314306780695915 -0.01608901657164097
f 7150 7151 7152
v -0.024246033281087875 0.0036314306780695915 -0.01608901657164097
v -0.023923859000205994 0.0036854324862360954 -0.01584526337683201
v -0.023053990676999092 0.003836478106677532 -0.017064759507775307
f 7153 7154 7155
v -0.024246033281087875 0.0036314306780695915 -0.01608901657164097
v -0.023053990676999092 0.003836478106677532 -0.017064759507775307
v -0.022737205028533936 0.00390006136149168 -0.018253469839692116
f 7156 7157 7158
v -0.022737205028533936 0.00390006136149168 -0.018253469839692116
v -0.023053990676999092 0.003836478106677532 -0.017064759507775307
v -0.020999865606427193 0.004235389642417431 -0.020285362377762794
f 7159 7160 7161
v -0.022737205028533936 0.00390006136149168 -0.018253469839692116
v -0.020999865606427193 0.004235389642417431 -0.020285362377762794
v -0.021342575550079346 0.004178049974143505 -0.020493263378739357
f 7162 7163 7164
v -0.021342575550079346 0.004178049974143505 -0.020493263378739357
v -0.020999865606427193 0.004235389642417431 -0.020285362377762794
v -0.01987803913652897 0.004485058598220348 -0.022301116958260536
f 7165 7166 7167
v -0.021342575550079346 0.004178049974143505 -0.020493263378739357
v -0.01987803913652897 0.004485058598220348 -0.022301116958260536
v -0.0200676117092371 0.004464338533580303 -0.022800052538514137
f 7168 7169 7170
v -0.0200676117092371 0.004464338533580303 -0.022800052538514137
v -0.01987803913652897 0.004485058598220348 -0.022301116958260536
v -0.018555738031864166 0.004819351248443127 -0.02500000037252903
f 7171 7172 7173
v -0.0200676117092371 0.004464338533580303 -0.022800052538514137
v -0.018555738031864166 0.004819351248443127 -0.02500000037252903
v -0.018915699794888496 0.004758167080581188 -0.025170857086777687
f 7174 7175 7176
v -0.02799364924430847 0.003059769980609417 -0.011630558408796787
v -0.02777744270861149 0.003108474425971508 -0.011744850315153599
v -0.027608051896095276 0.0031225858256220818 -0.011989199556410313
f 7177 7178 7179
v -0.027608051896095276 0.0031225858256220818 -0.011989199556410313
v -0.02777744270861149 0.003108474425971508 -0.011744850315153599
v -0.02729020081460476 0.003192703239619732 -0.012001329101622105
f 7180 7181 7182
v -0.027608051896095276 0.0031225858256220818 -0.011989199556410313
v -0.02729020081460476 0.003192703239619732 -0.012001329101622105
v -0.02587355114519596 0.0033715544268488884 -0.013995164074003696
f 7183 7184 7185
v -0.02587355114519596 0.0033715544268488884 -0.013995164074003696
v -0.02729020081460476 0.003192703239619732 -0.012001329101622105
v -0.02693789266049862 0.0032315878197550774 -0.012188666500151157
f 7186 7187 7188
v -0.02587355114519596 0.0033715544268488884 -0.013995164074003696
v -0.02693789266049862 0.0032315878197550774 -0.012188666500151157
v -0.02684212476015091 0.0032389191910624504 -0.012240462936460972
f 7189 7190 7191
v -0.029789099469780922 0.0021832315251231194 -0.01065164152532816
v -0.027486370876431465 0.0022605760022997856 -0.013135128654539585
v -0.02988489717245102 0.0020210323855280876 -0.010592603124678135
f 7192 7193 7194
v -0.02988489717245102 0.0020210323855280876 -0.010592603124678135
v -0.027486370876431465 0.0022605760022997856 -0.013135128654539585
v -0.029907118529081345 0.001936870627105236 -0.010575645603239536
f 7195 7196 7197
v -0.02468397095799446 0.0030898703262209892 -0.01647823490202427
v -0.025189220905303955 0.0026154620572924614 -0.01594107784330845
v -0.02629423700273037 0.0028296886011958122 -0.014407061971724033
f 7198 7199 7200
v -0.02629423700273037 0.0028296886011958122 -0.014407061971724033
v -0.025189220905303955 0.0026154620572924614 -0.01594107784330845
v -0.027486370876431465 0.0022605760022997856 -0.013135128654539585
f 7201 7202 7203
v -0.02629423700273037 0.0028296886011958122 -0.014407061971724033
v -0.027486370876431465 0.0022605760022997856 -0.013135128654539585
v -0.028010284528136253 0.0025804294273257256 -0.012422853149473667
f 7204 7205 7206
v -0.028010284528136253 0.0025804294273257256 -0.012422853149473667
v -0.027486370876431465 0.0022605760022997856 -0.013135128654539585
v -0.029789099469780922 0.0021832315251231194 -0.01065164152532816
f 7207 7208 7209
v -0.028010284528136253 0.0025804294273257256 -0.012422853149473667
v -0.029789099469780922 0.0021832315251231194 -0.01065164152532816
v -0.02959909662604332 0.0023718206211924553 -0.01075857225805521
f 7210 7211 7212
v -0.020549574866890907 0.003923754207789898 -0.02311674691736698
v -0.021244127303361893 0.003380107693374157 -0.021996671333909035
v -0.021811144426465034 0.0036371303722262383 -0.020834902301430702
f 7213 7214 7215
v -0.021811144426465034 0.0036371303722262383 -0.020834902301430702
v -0.021244127303361893 0.003380107693374157 -0.021996671333909035
v -0.023105008527636528 0.002989361993968487 -0.01890074647963047
f 7216 7217 7218
v -0.021811144426465034 0.0036371303722262383 -0.020834902301430702
v -0.023105008527636528 0.002989361993968487 -0.01890074647963047
v -0.02319108322262764 0.0033588213846087456 -0.01861930824816227
f 7219 7220 7221
v -0.02319108322262764 0.0033588213846087456 -0.01861930824816227
v -0.023105008527636528 0.002989361993968487 -0.01890074647963047
v -0.02360518090426922 0.002894285134971142 -0.01814783550798893
f 7222 7223 7224
v -0.02319108322262764 0.0033588213846087456 -0.01861930824816227
v -0.02360518090426922 0.002894285134971142 -0.01814783550798893
v -0.02468397095799446 0.0030898703262209892 -0.01647823490202427
f 7225 7226 7227
v -0.02468397095799446 0.0030898703262209892 -0.01647823490202427
v -0.02360518090426922 0.002894285134971142 -0.01814783550798893
v -0.024727093055844307 0.0026935813948512077 -0.016559148207306862
f 7228 7229 7230
v -0.02468397095799446 0.0030898703262209892 -0.01647823490202427
v -0.024727093055844307 0.0026935813948512077 -0.016559148207306862
v -0.025189220905303955 0.0026154620572924614 -0.01594107784330845
f 7231 7232 7233
v -0.020382724702358246 0.0035855798050761223 -0.023624712601304054
v -0.020549574866890907 0.003923754207789898 -0.02311674691736698
v -0.019742203876376152 0.0037514595314860344 -0.024938533082604408
f 7234 7235 7236
v -0.019742203876376152 0.0037514595314860344 -0.024938533082604408
v -0.020549574866890907 0.003923754207789898 -0.02311674691736698
v -0.019409015774726868 0.004217955283820629 -0.025461534038186073
f 7237 7238 7239
v -0.019742203876376152 0.0037514595314860344 -0.024938533082604408
v -0.019409015774726868 0.004217955283820629 -0.025461534038186073
v -0.019466428086161613 0.0038269339129328728 -0.025536010041832924
f 7240 7241 7242
v -0.028717203065752983 0.002842220477759838 -0.011237912811338902
v -0.02799364924430847 0.003059769980609417 -0.011630558408796787
v -0.02785545587539673 0.002913828007876873 -0.012240522541105747
f 7243 7244 7245
v -0.02785545587539673 0.002913828007876873 -0.012240522541105747
v -0.02799364924430847 0.003059769980609417 -0.011630558408796787
v -0.027608051896095276 0.0031225858256220818 -0.011989199556410313
f 7246 7247 7248
v -0.02785545587539673 0.002913828007876873 -0.012240522541105747
v -0.027608051896095276 0.0031225858256220818 -0.011989199556410313
v -0.02613191306591034 0.0031624091789126396 -0.014232837595045567
f 7249 7250 7251
v -0.02613191306591034 0.0031624091789126396 -0.014232837595045567
v -0.027608051896095276 0.0031225858256220818 -0.011989199556410313
v -0.02587355114519596 0.0033715544268488884 -0.013995164074003696
f 7252 7253 7254
v -0.02613191306591034 0.0031624091789126396 -0.014232837595045567
v -0.02587355114519596 0.0033715544268488884 -0.013995164074003696
v -0.0245145745575428 0.0034218905493617058 -0.016312533989548683
f 7255 7256 7257
v -0.0245145745575428 0.0034218905493617058 -0.016312533989548683
v -0.02587355114519596 0.0033715544268488884 -0.013995164074003696
v -0.024246033281087875 0.0036314306780695915 -0.01608901657164097
f 7258 7259 7260
v -0.0245145745575428 0.0034218905493617058 -0.016312533989548683
v -0.024246033281087875 0.0036314306780695915 -0.01608901657164097
v -0.023015083745121956 0.0036901189014315605 -0.018462399020791054
f 7261 7262 7263
v -0.023015083745121956 0.0036901189014315605 -0.018462399020791054
v -0.024246033281087875 0.0036314306780695915 -0.01608901657164097
v -0.022737205028533936 0.00390006136149168 -0.018253469839692116
f 7264 7265 7266
v -0.023015083745121956 0.0036901189014315605 -0.018462399020791054
v -0.022737205028533936 0.00390006136149168 -0.018253469839692116
v -0.021628983318805695 0.003967690281569958 -0.02068718709051609
f 7267 7268 7269
v -0.021628983318805695 0.003967690281569958 -0.02068718709051609
v -0.022737205028533936 0.00390006136149168 -0.018253469839692116
v -0.021342575550079346 0.004178049974143505 -0.020493263378739357
f 7270 7271 7272
v -0.021628983318805695 0.003967690281569958 -0.02068718709051609
v -0.021342575550079346 0.004178049974143505 -0.020493263378739357
v -0.02036171779036522 0.004253561608493328 -0.022978538647294044
f 7273 7274 7275
v -0.02036171779036522 0.004253561608493328 -0.022978538647294044
v -0.021342575550079346 0.004178049974143505 -0.020493263378739357
v -0.0200676117092371 0.004464338533580303 -0.022800052538514137
f 7276 7277 7278
v -0.02036171779036522 0.004253561608493328 -0.022978538647294044
v -0.0200676117092371 0.004464338533580303 -0.022800052538514137
v -0.019216235727071762 0.004546838812530041 -0.025333354249596596
f 7279 7280 7281
v -0.019216235727071762 0.004546838812530041 -0.025333354249596596
v -0.0200676117092371 0.004464338533580303 -0.022800052538514137
v -0.018915699794888496 0.004758167080581188 -0.025170857086777687
f 7282 7283 7284
v -0.02959909662604332 0.0023718206211924553 -0.01075857225805521
v -0.029074721038341522 0.0026924340054392815 -0.011042647995054722
v -0.028010284528136253 0.0025804294273257256 -0.012422853149473667
f 7285 7286 7287
v -0.028010284528136253 0.0025804294273257256 -0.012422853149473667
v -0.029074721038341522 0.0026924340054392815 -0.011042647995054722
v -0.02785545587539673 0.002913828007876873 -0.012240522541105747
f 7288 7289 7290
v -0.028010284528136253 0.0025804294273257256 -0.012422853149473667
v -0.02785545587539673 0.002913828007876873 -0.012240522541105747
v -0.02629423700273037 0.0028296886011958122 -0.014407061971724033
f 7291 7292 7293
v -0.02629423700273037 0.0028296886011958122 -0.014407061971724033
v -0.02785545587539673 0.002913828007876873 -0.012240522541105747
v -0.02613191306591034 0.0031624091789126396 -0.014232837595045567
f 7294 7295 7296
v -0.02629423700273037 0.0028296886011958122 -0.014407061971724033
v -0.02613191306591034 0.0031624091789126396 -0.014232837595045567
v -0.02468397095799446 0.0030898703262209892 -0.01647823490202427
f 7297 7298 7299
v -0.02468397095799446 0.0030898703262209892 -0.01647823490202427
v -0.02613191306591034 0.0031624091789126396 -0.014232837595045567
v -0.0245145745575428 0.0034218905493617058 -0.016312533989548683
f 7300 7301 7302
v -0.02468397095799446 0.0030898703262209892 -0.01647823490202427
v -0.0245145745575428 0.0034218905493617058 -0.016312533989548683
v -0.02319108322262764 0.0033588213846087456 -0.01861930824816227
f 7303 7304 7305
v -0.02319108322262764 0.0033588213846087456 -0.01861930824816227
v -0.0245145745575428 0.0034218905493617058 -0.016312533989548683
v -0.023015083745121956 0.0036901189014315605 -0.018462399020791054
f 7306 7307 7308
v -0.02319108322262764 0.0033588213846087456 -0.01861930824816227
v -0.023015083745121956 0.0036901189014315605 -0.018462399020791054
v -0.021811144426465034 0.0036371303722262383 -0.020834902301430702
f 7309 7310 7311
v -0.021811144426465034 0.0036371303722262383 -0.020834902301430702
v -0.023015083745121956 0.0036901189014315605 -0.018462399020791054
v -0.021628983318805695 0.003967690281569958 -0.02068718709051609
f 7312 7313 7314
v -0.021811144426465034 0.0036371303722262383 -0.020834902301430702
v -0.021628983318805695 0.003967690281569958 -0.02068718709051609
v -0.020549574866890907 0.003923754207789898 -0.02311674691736698
f 7315 7316 7317
v -0.020549574866890907 0.003923754207789898 -0.02311674691736698
v -0.021628983318805695 0.003967690281569958 -0.02068718709051609
v -0.02036171779036522 0.004253561608493328 -0.022978538647294044
f 7318 7319 7320
v -0.020549574866890907 0.003923754207789898 -0.02311674691736698
v -0.02036171779036522 0.004253561608493328 -0.022978538647294044
v -0.019409015774726868 0.004217955283820629 -0.025461534038186073
f 7321 7322 7323
v -0.019409015774726868 0.004217955283820629 -0.025461534038186073
v -0.02036171779036522 0.004253561608493328 -0.022978538647294044
v -0.019216235727071762 0.004546838812530041 -0.025333354249596596
f 7324 7325 7326
v 0.013454379513859749 0.0051795123144984245 -0.05944228917360306
v 0.013734211213886738 0.0038068993017077446 -0.057064853608608246
v 0.009776427410542965 0.0038068993017077446 -0.057064853608608246
f 7327 7328 7329
v 0.009070553816854954 0.006520154885947704 -0.061764366924762726
v 0.01307699829339981 0.006520154885947704 -0.061764366924762726
v 0.009486867114901543 0.005167621187865734 -0.05942169576883316
f 7330 7331 7332
v 0.009486867114901543 0.005167621187865734 -0.05942169576883316
v 0.01307699829339981 0.006520154885947704 -0.061764366924762726
v 0.013454379513859749 0.0051795123144984245 -0.05944228917360306
f 7333 7334 7335
v 0.009486867114901543 0.005167621187865734 -0.05942169576883316
v 0.013454379513859749 0.0051795123144984245 -0.05944228917360306
v 0.00962864700704813 0.004572938196361065 -0.058391667902469635
f 7336 7337 7338
v 0.00962864700704813 0.004572938196361065 -0.058391667902469635
v 0.013454379513859749 0.0051795123144984245 -0.05944228917360306
v 0.009776427410542965 0.0038068993017077446 -0.057064853608608246
f 7339 7340 7341
v 0.01063378993421793 -0.006600637920200825 -0.0302471611648798
v 0.01063378993421793 1.2400502782838885e-05 -0.029376531019806862
v 0.010452480986714363 -0.006155167706310749 -0.03147066384553909
f 7342 7343 7344
v 0.010452480986714363 -0.006155167706310749 -0.03147066384553909
v 0.01063378993421793 1.2400502782838885e-05 -0.029376531019806862
v 0.010157916694879532 0.0005492967902682722 -0.03345467895269394
f 7345 7346 7347
v 0.010452480986714363 -0.006155167706310749 -0.03147066384553909
v 0.010157916694879532 0.0005492967902682722 -0.03345467895269394
v 0.010110653005540371 -0.004925054498016834 -0.034849874675273895
f 7348 7349 7350
v 0.010110653005540371 -0.004925054498016834 -0.034849874675273895
v 0.010157916694879532 0.0005492967902682722 -0.03345467895269394
v 0.009999054484069347 0.0010893745347857475 -0.03755699843168259
f 7351 7352 7353
v 0.010110653005540371 -0.004925054498016834 -0.034849874675273895
v 0.009999054484069347 0.0010893745347857475 -0.03755699843168259
v 0.009999054484069347 -0.0037100957706570625 -0.03818885236978531
f 7354 7355 7356
v -9.352456231681572e-07 0.018361428752541542 -0.06954286247491837
v -0.010715587064623833 0.018361428752541542 -0.06954286247491837
v -0.011178621090948582 0.018199274316430092 -0.06812498718500137
f 7357 7358 7359
v -0.017491646111011505 0.005142676644027233 -0.027515331283211708
v -0.018555738031864166 0.004819351248443127 -0.02500000037252903
v 0.022506587207317352 0.004819351248443127 -0.02500000037252903
f 7360 7361 7362
v -0.017491646111011505 0.005142676644027233 -0.027515331283211708
v 0.022506587207317352 0.004819351248443127 -0.02500000037252903
v -0.016566039994359016 0.005499470047652721 -0.030078688636422157
f 7363 7364 7365
v 0.021325359120965004 0.005503716878592968 -0.030100995674729347
v -0.015137556940317154 0.0063326312229037285 -0.03531230241060257
v 0.022506587207317352 0.004819351248443127 -0.02500000037252903
f 7366 7367 7368
v 0.022506587207317352 0.004819351248443127 -0.02500000037252903
v -0.015137556940317154 0.0063326312229037285 -0.03531230241060257
v -0.01578073762357235 0.0058945296332240105 -0.03268077224493027
f 7369 7370 7371
v 0.022506587207317352 0.004819351248443127 -0.02500000037252903
v -0.01578073762357235 0.0058945296332240105 -0.03268077224493027
v -0.016566039994359016 0.005499470047652721 -0.030078688636422157
f 7372 7373 7374
v 0.021325359120965004 0.005503716878592968 -0.030100995674729347
v 0.02053934335708618 0.0058812303468585014 -0.03259093314409256
v -0.015137556940317154 0.0063326312229037285 -0.03531230241060257
f 7375 7376 7377
v -0.015137556940317154 0.0063326312229037285 -0.03531230241060257
v 0.02053934335708618 0.0058812303468585014 -0.03259093314409256
v 0.019607001915574074 0.006283554248511791 -0.035026706755161285
f 7378 7379 7380
v -0.015137556940317154 0.0063326312229037285 -0.03531230241060257
v 0.019607001915574074 0.006283554248511791 -0.035026706755161285
v -0.014775495044887066 0.006664718501269817 -0.03715207427740097
f 7381 7382 7383
v 0.019607001915574074 0.006283554248511791 -0.035026706755161285
v 0.018627632409334183 0.006665940396487713 -0.037157945334911346
v -0.014775495044887066 0.006664718501269817 -0.03715207427740097
f 7384 7385 7386
v -0.014775495044887066 0.006664718501269817 -0.03715207427740097
v 0.018627632409334183 0.006665940396487713 -0.037157945334911346
v 0.01851053722202778 0.006709250621497631 -0.03738897293806076
f 7387 7388 7389
v -0.014775495044887066 0.006664718501269817 -0.03715207427740097
v 0.01851053722202778 0.006709250621497631 -0.03738897293806076
v 0.017227431759238243 0.007154854945838451 -0.03965087980031967
f 7390 7391 7392
v -0.014071300625801086 0.007961350493133068 -0.043284498155117035
v -0.014283283613622189 0.007358829490840435 -0.04062522202730179
v 0.013999054208397865 0.008055205456912518 -0.0436718687415123
f 7393 7394 7395
v -0.014071300625801086 0.007961350493133068 -0.043284498155117035
v 0.013999054208397865 0.008055205456912518 -0.0436718687415123
v -0.01400094572454691 0.008634398691356182 -0.0459299311041832
f 7396 7397 7398
v -0.01400094572454691 0.008634398691356182 -0.0459299311041832
v 0.013999054208397865 0.008055205456912518 -0.0436718687415123
v 0.013999054208397865 0.008726748637855053 -0.04626943916082382
f 7399 7400 7401
v -0.01400094572454691 0.008634398691356182 -0.0459299311041832
v 0.013999054208397865 0.008726748637855053 -0.04626943916082382
v -0.01400094572454691 0.008726748637855053 -0.04626943916082382
f 7402 7403 7404
v 0.017227431759238243 0.007154854945838451 -0.03965087980031967
v 0.015729833394289017 0.007611225359141827 -0.04177208989858627
v -0.014775495044887066 0.006664718501269817 -0.03715207427740097
f 7405 7406 7407
v -0.014775495044887066 0.006664718501269817 -0.03715207427740097
v 0.015729833394289017 0.007611225359141827 -0.04177208989858627
v 0.013999054208397865 0.008055205456912518 -0.0436718687415123
f 7408 7409 7410
v -0.014775495044887066 0.006664718501269817 -0.03715207427740097
v 0.013999054208397865 0.008055205456912518 -0.0436718687415123
v -0.01463827583938837 0.006818625144660473 -0.03796391934156418
f 7411 7412 7413
v -0.01463827583938837 0.006818625144660473 -0.03796391934156418
v 0.013999054208397865 0.008055205456912518 -0.0436718687415123
v -0.014283283613622189 0.007358829490840435 -0.04062522202730179
f 7414 7415 7416
v -0.01400094572454691 0.008726748637855053 -0.04626943916082382
v 0.013999054208397865 0.008726748637855053 -0.04626943916082382
v -0.01400094572454691 0.010073441080749035 -0.05067793279886246
f 7417 7418 7419
v -0.01400094572454691 0.010073441080749035 -0.05067793279886246
v 0.013999054208397865 0.008726748637855053 -0.04626943916082382
v 0.013999054208397865 0.010073441080749035 -0.05067794770002365
f 7420 7421 7422
v -0.01400094572454691 0.010073441080749035 -0.05067793279886246
v 0.013999054208397865 0.010073441080749035 -0.05067794770002365
v -0.013962239027023315 0.010827372781932354 -0.0527774915099144
f 7423 7424 7425
v 0.013999054208397865 0.010073441080749035 -0.05067794770002365
v 0.013960307464003563 0.010827216319739819 -0.05277753621339798
v -0.013962239027023315 0.010827372781932354 -0.0527774915099144
f 7426 7427 7428
v -0.013962239027023315 0.010827372781932354 -0.0527774915099144
v 0.013960307464003563 0.010827216319739819 -0.05277753621339798
v 0.013948277570307255 0.01094315480440855 -0.05308116227388382
f 7429 7430 7431
v -0.013962239027023315 0.010827372781932354 -0.0527774915099144
v 0.013948277570307255 0.01094315480440855 -0.05308116227388382
v -0.013950220309197903 0.01094332616776228 -0.05308101326227188
f 7432 7433 7434
v -0.013950220309197903 0.01094332616776228 -0.05308101326227188
v 0.013948277570307255 0.01094315480440855 -0.05308116227388382
v 0.013799002394080162 0.01191051583737135 -0.05543806403875351
f 7435 7436 7437
v -0.013950220309197903 0.01094332616776228 -0.05308101326227188
v 0.013799002394080162 0.01191051583737135 -0.05543806403875351
v -0.013800985179841518 0.011911029927432537 -0.05543779581785202
f 7438 7439 7440
v -0.013800985179841518 0.011911029927432537 -0.05543779581785202
v 0.013799002394080162 0.01191051583737135 -0.05543806403875351
v 0.013555523939430714 0.012982855550944805 -0.05773719400167465
f 7441 7442 7443
v -0.013800985179841518 0.011911029927432537 -0.05543779581785202
v 0.013555523939430714 0.012982855550944805 -0.05773719400167465
v -0.013557382859289646 0.012983801774680614 -0.05773752182722092
f 7444 7445 7446
v -0.013557382859289646 0.012983801774680614 -0.05773752182722092
v 0.013555523939430714 0.012982855550944805 -0.05773719400167465
v 0.013219269923865795 0.014150585047900677 -0.059984274208545685
f 7447 7448 7449
v -0.013557382859289646 0.012983801774680614 -0.05773752182722092
v 0.013219269923865795 0.014150585047900677 -0.059984274208545685
v -0.013220969587564468 0.014152216725051403 -0.05998534709215164
f 7450 7451 7452
v -0.013220969587564468 0.014152216725051403 -0.05998534709215164
v 0.013219269923865795 0.014150585047900677 -0.059984274208545685
v 0.012256640009582043 0.01666153408586979 -0.06442459672689438
f 7453 7454 7455
v -0.013220969587564468 0.014152216725051403 -0.05998534709215164
v 0.012256640009582043 0.01666153408586979 -0.06442459672689438
v -0.012258591130375862 0.016663284972310066 -0.06442434340715408
f 7456 7457 7458
v -0.012258591130375862 0.016663284972310066 -0.06442434340715408
v 0.012256640009582043 0.01666153408586979 -0.06442459672689438
v 0.011870191432535648 0.01738179661333561 -0.06583481281995773
f 7459 7460 7461
v 0.010713716968894005 0.018361428752541542 -0.06954286247491837
v -9.352456231681572e-07 0.018361428752541542 -0.06954286247491837
v 0.011176741681993008 0.018199549987912178 -0.06812500208616257
f 7462 7463 7464
v 0.011176741681993008 0.018199549987912178 -0.06812500208616257
v -9.352456231681572e-07 0.018361428752541542 -0.06954286247491837
v -0.011178621090948582 0.018199274316430092 -0.06812498718500137
f 7465 7466 7467
v 0.011176741681993008 0.018199549987912178 -0.06812500208616257
v -0.011178621090948582 0.018199274316430092 -0.06812498718500137
v 0.011584366671741009 0.01779637672007084 -0.06680754572153091
f 7468 7469 7470
v 0.011584366671741009 0.01779637672007084 -0.06680754572153091
v -0.011178621090948582 0.018199274316430092 -0.06812498718500137
v -0.011586285196244717 0.01779554970562458 -0.0668073371052742
f 7471 7472 7473
v 0.011584366671741009 0.01779637672007084 -0.06680754572153091
v -0.011586285196244717 0.01779554970562458 -0.0668073371052742
v 0.011870191432535648 0.01738179661333561 -0.06583481281995773
f 7474 7475 7476
v 0.011870191432535648 0.01738179661333561 -0.06583481281995773
v -0.011586285196244717 0.01779554970562458 -0.0668073371052742
v -0.011872028931975365 0.017381632700562477 -0.06583487242460251
f 7477 7478 7479
v 0.011870191432535648 0.01738179661333561 -0.06583481281995773
v -0.011872028931975365 0.017381632700562477 -0.06583487242460251
v -0.012258591130375862 0.016663284972310066 -0.06442434340715408
f 7480 7481 7482
v -0.01752862147986889 -0.0014493586495518684 -0.01827339269220829
v 0.011736245825886726 -0.0006503062904812396 -0.024342769756913185
v -0.020742319524288177 -0.002080698497593403 -0.013477885164320469
f 7483 7484 7485
v -0.020742319524288177 -0.002080698497593403 -0.013477885164320469
v 0.011736245825886726 -0.0006503062904812396 -0.024342769756913185
v 0.013798694126307964 -0.0014340253546833992 -0.018389875069260597
f 7486 7487 7488
v -0.020742319524288177 -0.002080698497593403 -0.013477885164320469
v 0.013798694126307964 -0.0014340253546833992 -0.018389875069260597
v 0.016199246048927307 -0.002080698497593403 -0.013477885164320469
f 7489 7490 7491
v -0.01752862147986889 -0.0014493586495518684 -0.01827339269220829
v -0.014464137144386768 -0.0006635012687183917 -0.024242574349045753
v 0.011736245825886726 -0.0006503062904812396 -0.024342769756913185
f 7492 7493 7494
v 0.011736245825886726 -0.0006503062904812396 -0.024342769756913185
v -0.014464137144386768 -0.0006635012687183917 -0.024242574349045753
v -0.012527413666248322 1.2400502782838885e-05 -0.029376531019806862
f 7495 7496 7497
v 0.011736245825886726 -0.0006503062904812396 -0.024342769756913185
v -0.012527413666248322 1.2400502782838885e-05 -0.029376531019806862
v 0.01063378993421793 1.2400502782838885e-05 -0.029376531019806862
f 7498 7499 7500
v 0.01063378993421793 1.2400502782838885e-05 -0.029376531019806862
v -0.012527413666248322 1.2400502782838885e-05 -0.029376531019806862
v -0.011341758072376251 0.0006103021441958845 -0.03391809016466141
f 7501 7502 7503
v 0.01063378993421793 1.2400502782838885e-05 -0.029376531019806862
v -0.011341758072376251 0.0006103021441958845 -0.03391809016466141
v 0.010157916694879532 0.0005492967902682722 -0.03345467895269394
f 7504 7505 7506
v 0.010157916694879532 0.0005492967902682722 -0.03345467895269394
v -0.011341758072376251 0.0006103021441958845 -0.03391809016466141
v 0.009999054484069347 0.0010893745347857475 -0.03755699843168259
f 7507 7508 7509
v 0.009999054484069347 0.0010893745347857475 -0.03755699843168259
v -0.011341758072376251 0.0006103021441958845 -0.03391809016466141
v -0.010503146797418594 0.0012413812801241875 -0.038711585104465485
f 7510 7511 7512
v 0.009999054484069347 0.0010893745347857475 -0.03755699843168259
v -0.010503146797418594 0.0012413812801241875 -0.038711585104465485
v 0.009999054484069347 0.0012413812801241875 -0.038711585104465485
f 7513 7514 7515
v -0.024721043184399605 -0.01364744920283556 -0.010000013746321201
v -0.02491040900349617 -0.01364744920283556 -0.010000013746321201
v -0.023993536829948425 -0.006046478636562824 -0.010000013746321201
f 7516 7517 7518
v 0.006324027199298143 -0.008764837868511677 -0.010000013746321201
v 0.005463867448270321 -0.009624999947845936 -0.010000013746321201
v -0.006325973197817802 -0.012835157103836536 -0.010000013746321201
f 7519 7520 7521
v -0.006325973197817802 -0.012835157103836536 -0.010000013746321201
v 0.005463867448270321 -0.009624999947845936 -0.010000013746321201
v 0.005149026867002249 -0.010800001211464405 -0.010000013746321201
f 7522 7523 7524
v -0.006325973197817802 -0.012835157103836536 -0.010000013746321201
v 0.005149026867002249 -0.010800001211464405 -0.010000013746321201
v -0.00750097306445241 -0.013149996288120747 -0.010000013746321201
f 7525 7526 7527
v -0.024721043184399605 -0.014320102520287037 -0.010000013746321201
v -0.027500972151756287 -0.014800001867115498 -0.010000013746321201
v -0.028514286503195763 -0.014320102520287037 -0.010000013746321201
f 7528 7529 7530
v -0.028514286503195763 -0.014320102520287037 -0.010000013746321201
v -0.027500972151756287 -0.014800001867115498 -0.010000013746321201
v -0.028539324179291725 -0.014614571817219257 -0.010000013746321201
f 7531 7532 7533
v -0.028514286503195763 -0.014320102520287037 -0.010000013746321201
v -0.028539324179291725 -0.014614571817219257 -0.010000013746321201
v -0.02935638092458248 -0.013937738724052906 -0.010000013746321201
f 7534 7535 7536
v -0.02935638092458248 -0.013937738724052906 -0.010000013746321201
v -0.028539324179291725 -0.014614571817219257 -0.010000013746321201
v -0.029622294008731842 -0.013921317644417286 -0.010000013746321201
f 7537 7538 7539
v -0.02935638092458248 -0.013937738724052906 -0.010000013746321201
v -0.029622294008731842 -0.013921317644417286 -0.010000013746321201
v -0.030073845759034157 -0.013342832215130329 -0.010000013746321201
f 7540 7541 7542
v -0.024721043184399605 -0.014320102520287037 -0.010000013746321201
v -0.009536132216453552 -0.011975002475082874 -0.010000013746321201
v -0.027500972151756287 -0.014800001867115498 -0.010000013746321201
f 7543 7544 7545
v -0.027500972151756287 -0.014800001867115498 -0.010000013746321201
v -0.009536132216453552 -0.011975002475082874 -0.010000013746321201
v -0.008675972931087017 -0.012835157103836536 -0.010000013746321201
f 7546 7547 7548
v -0.027500972151756287 -0.014800001867115498 -0.010000013746321201
v -0.008675972931087017 -0.012835157103836536 -0.010000013746321201
v -0.00750097306445241 -0.013149996288120747 -0.010000013746321201
f 7549 7550 7551
v 0.01936686970293522 -0.014800001867115498 -0.010000013746321201
v 0.00953418668359518 -0.011975002475082874 -0.010000013746321201
v 0.01936686970293522 -0.013810400851070881 -0.010000013746321201
f 7552 7553 7554
v 0.01936686970293522 -0.013810400851070881 -0.010000013746321201
v 0.00953418668359518 -0.011975002475082874 -0.010000013746321201
v 0.009849026799201965 -0.010800001211464405 -0.010000013746321201
f 7555 7556 7557
v 0.01936686970293522 -0.013810400851070881 -0.010000013746321201
v 0.009849026799201965 -0.010800001211464405 -0.010000013746321201
v 0.018653003498911858 -0.006046478636562824 -0.010000013746321201
f 7558 7559 7560
v 0.009849026799201965 -0.010800001211464405 -0.010000013746321201
v 0.00953418668359518 -0.009624999947845936 -0.010000013746321201
v 0.018653003498911858 -0.006046478636562824 -0.010000013746321201
f 7561 7562 7563
v 0.018653003498911858 -0.006046478636562824 -0.010000013746321201
v 0.00953418668359518 -0.009624999947845936 -0.010000013746321201
v 0.008674027398228645 -0.008764837868511677 -0.010000013746321201
f 7564 7565 7566
v 0.018653003498911858 -0.006046478636562824 -0.010000013746321201
v 0.008674027398228645 -0.008764837868511677 -0.010000013746321201
v 0.007499027065932751 -0.008449998684227467 -0.010000013746321201
f 7567 7568 7569
v 0.018653003498911858 -0.006046478636562824 -0.010000013746321201
v -0.00750097306445241 -0.008449998684227467 -0.010000013746321201
v -0.023993536829948425 -0.006046478636562824 -0.010000013746321201
f 7570 7571 7572
v -0.023993536829948425 -0.006046478636562824 -0.010000013746321201
v -0.00750097306445241 -0.008449998684227467 -0.010000013746321201
v -0.008675972931087017 -0.008764837868511677 -0.010000013746321201
f 7573 7574 7575
v -0.023993536829948425 -0.006046478636562824 -0.010000013746321201
v -0.008675972931087017 -0.008764837868511677 -0.010000013746321201
v -0.024721043184399605 -0.01364744920283556 -0.010000013746321201
f 7576 7577 7578
v -0.024721043184399605 -0.01364744920283556 -0.010000013746321201
v -0.008675972931087017 -0.008764837868511677 -0.010000013746321201
v -0.009536132216453552 -0.009624999947845936 -0.010000013746321201
f 7579 7580 7581
v -0.024721043184399605 -0.01364744920283556 -0.010000013746321201
v -0.009536132216453552 -0.009624999947845936 -0.010000013746321201
v -0.024721043184399605 -0.014320102520287037 -0.010000013746321201
f 7582 7583 7584
v -0.024721043184399605 -0.014320102520287037 -0.010000013746321201
v -0.009536132216453552 -0.009624999947845936 -0.010000013746321201
v -0.009850973263382912 -0.010800001211464405 -0.010000013746321201
f 7585 7586 7587
v -0.024721043184399605 -0.014320102520287037 -0.010000013746321201
v -0.009850973263382912 -0.010800001211464405 -0.010000013746321201
v -0.009536132216453552 -0.011975002475082874 -0.010000013746321201
f 7588 7589 7590
v 0.005149026867002249 -0.010800001211464405 -0.010000013746321201
v 0.005463867448270321 -0.011975002475082874 -0.010000013746321201
v -0.00750097306445241 -0.013149996288120747 -0.010000013746321201
f 7591 7592 7593
v -0.00750097306445241 -0.013149996288120747 -0.010000013746321201
v 0.005463867448270321 -0.011975002475082874 -0.010000013746321201
v 0.006324027199298143 -0.012835157103836536 -0.010000013746321201
f 7594 7595 7596
v -0.00750097306445241 -0.013149996288120747 -0.010000013746321201
v 0.006324027199298143 -0.012835157103836536 -0.010000013746321201
v -0.027500972151756287 -0.014800001867115498 -0.010000013746321201
f 7597 7598 7599
v -0.027500972151756287 -0.014800001867115498 -0.010000013746321201
v 0.006324027199298143 -0.012835157103836536 -0.010000013746321201
v 0.007499027065932751 -0.013149996288120747 -0.010000013746321201
f 7600 7601 7602
v -0.027500972151756287 -0.014800001867115498 -0.010000013746321201
v 0.007499027065932751 -0.013149996288120747 -0.010000013746321201
v 0.01936686970293522 -0.014800001867115498 -0.010000013746321201
f 7603 7604 7605
v 0.01936686970293522 -0.014800001867115498 -0.010000013746321201
v 0.007499027065932751 -0.013149996288120747 -0.010000013746321201
v 0.008674027398228645 -0.012835157103836536 -0.010000013746321201
f 7606 7607 7608
v 0.01936686970293522 -0.014800001867115498 -0.010000013746321201
v 0.008674027398228645 -0.012835157103836536 -0.010000013746321201
v 0.00953418668359518 -0.011975002475082874 -0.010000013746321201
f 7609 7610 7611
v -0.006325973197817802 -0.012835157103836536 -0.010000013746321201
v -0.00546581344678998 -0.011975002475082874 -0.010000013746321201
v 0.006324027199298143 -0.008764837868511677 -0.010000013746321201
f 7612 7613 7614
v 0.006324027199298143 -0.008764837868511677 -0.010000013746321201
v -0.00546581344678998 -0.011975002475082874 -0.010000013746321201
v -0.005150972865521908 -0.010800001211464405 -0.010000013746321201
f 7615 7616 7617
v 0.006324027199298143 -0.008764837868511677 -0.010000013746321201
v -0.005150972865521908 -0.010800001211464405 -0.010000013746321201
v 0.007499027065932751 -0.008449998684227467 -0.010000013746321201
f 7618 7619 7620
v 0.007499027065932751 -0.008449998684227467 -0.010000013746321201
v -0.005150972865521908 -0.010800001211464405 -0.010000013746321201
v -0.00546581344678998 -0.009624999947845936 -0.010000013746321201
f 7621 7622 7623
v 0.007499027065932751 -0.008449998684227467 -0.010000013746321201
v -0.00546581344678998 -0.009624999947845936 -0.010000013746321201
v 0.018653003498911858 -0.006046478636562824 -0.010000013746321201
f 7624 7625 7626
v 0.018653003498911858 -0.006046478636562824 -0.010000013746321201
v -0.00546581344678998 -0.009624999947845936 -0.010000013746321201
v -0.006325973197817802 -0.008764837868511677 -0.010000013746321201
f 7627 7628 7629
v 0.018653003498911858 -0.006046478636562824 -0.010000013746321201
v -0.006325973197817802 -0.008764837868511677 -0.010000013746321201
v -0.00750097306445241 -0.008449998684227467 -0.010000013746321201
f 7630 7631 7632
v -0.00750097306445241 0.013150001876056194 -0.010000013746321201
v -0.008675972931087017 0.012835162691771984 -0.010000013746321201
v -0.027500972151756287 0.014800000004470348 -0.010000013746321201
f 7633 7634 7635
v -0.027500972151756287 0.014800000004470348 -0.010000013746321201
v -0.008675972931087017 0.012835162691771984 -0.010000013746321201
v -0.009536132216453552 0.011975000612437725 -0.010000013746321201
f 7636 7637 7638
v -0.027500972151756287 0.014800000004470348 -0.010000013746321201
v -0.009536132216453552 0.011975000612437725 -0.010000013746321201
v -0.009850973263382912 0.010799999348819256 -0.010000013746321201
f 7639 7640 7641
v -0.029712390154600143 0.00440069567412138 -0.010000013746321201
v -0.030500972643494606 0.003755795769393444 -0.010000013746321201
v -0.030500972643494606 0.011800001375377178 -0.010000013746321201
f 7642 7643 7644
v 0.02749902755022049 0.014800000004470348 -0.010000013746321201
v 0.007499027065932751 0.013150001876056194 -0.010000013746321201
v -0.027500972151756287 0.014800000004470348 -0.010000013746321201
f 7645 7646 7647
v -0.027500972151756287 0.014800000004470348 -0.010000013746321201
v 0.007499027065932751 0.013150001876056194 -0.010000013746321201
v 0.006324027199298143 0.012835162691771984 -0.010000013746321201
f 7648 7649 7650
v -0.027500972151756287 0.014800000004470348 -0.010000013746321201
v 0.006324027199298143 0.012835162691771984 -0.010000013746321201
v -0.00750097306445241 0.013150001876056194 -0.010000013746321201
f 7651 7652 7653
v -0.00750097306445241 0.013150001876056194 -0.010000013746321201
v 0.006324027199298143 0.012835162691771984 -0.010000013746321201
v 0.005463867448270321 0.011975000612437725 -0.010000013746321201
f 7654 7655 7656
v -0.00750097306445241 0.013150001876056194 -0.010000013746321201
v 0.005463867448270321 0.011975000612437725 -0.010000013746321201
v -0.006325973197817802 0.012835162691771984 -0.010000013746321201
f 7657 7658 7659
v 0.005149026867002249 0.010799999348819256 -0.010000013746321201
v -0.00750097306445241 0.008449996821582317 -0.010000013746321201
v -0.006325973197817802 0.008764843456447124 -0.010000013746321201
f 7660 7661 7662
v -0.029712390154600143 0.00440069567412138 -0.010000013746321201
v -0.030500972643494606 0.011800001375377178 -0.010000013746321201
v -0.029093516990542412 0.004735144786536694 -0.010000013746321201
f 7663 7664 7665
v -0.029622294008731842 0.013921323232352734 -0.010000013746321201
v -0.028649022802710533 0.014571639709174633 -0.010000013746321201
v -0.03027261234819889 0.012948053888976574 -0.010000013746321201
f 7666 7667 7668
v -0.03027261234819889 0.012948053888976574 -0.010000013746321201
v -0.028649022802710533 0.014571639709174633 -0.010000013746321201
v -0.027500972151756287 0.014800000004470348 -0.010000013746321201
f 7669 7670 7671
v -0.03027261234819889 0.012948053888976574 -0.010000013746321201
v -0.027500972151756287 0.014800000004470348 -0.010000013746321201
v -0.030500972643494606 0.011800001375377178 -0.010000013746321201
f 7672 7673 7674
v -0.030500972643494606 0.011800001375377178 -0.010000013746321201
v -0.027500972151756287 0.014800000004470348 -0.010000013746321201
v -0.009850973263382912 0.010799999348819256 -0.010000013746321201
f 7675 7676 7677
v -0.030500972643494606 0.011800001375377178 -0.010000013746321201
v -0.009850973263382912 0.010799999348819256 -0.010000013746321201
v -0.009536132216453552 0.009624998085200787 -0.010000013746321201
f 7678 7679 7680
v 0.03049902617931366 0.011800001375377178 -0.010000013746321201
v 0.028805822134017944 0.004866930656135082 -0.010000013746321201
v 0.028419572860002518 0.005002337507903576 -0.010000013746321201
f 7681 7682 7683
v 0.028999026864767075 0.014398078434169292 -0.010000013746321201
v 0.030097102746367455 0.013299996964633465 -0.010000013746321201
v 0.02749902755022049 0.014800000004470348 -0.010000013746321201
f 7684 7685 7686
v 0.02749902755022049 0.014800000004470348 -0.010000013746321201
v 0.030097102746367455 0.013299996964633465 -0.010000013746321201
v 0.03049902617931366 0.011800001375377178 -0.010000013746321201
f 7687 7688 7689
v -0.006325973197817802 0.008764843456447124 -0.010000013746321201
v -0.00546581344678998 0.009624998085200787 -0.010000013746321201
v 0.005149026867002249 0.010799999348819256 -0.010000013746321201
f 7690 7691 7692
v 0.005149026867002249 0.010799999348819256 -0.010000013746321201
v -0.00546581344678998 0.009624998085200787 -0.010000013746321201
v -0.005150972865521908 0.010799999348819256 -0.010000013746321201
f 7693 7694 7695
v 0.005149026867002249 0.010799999348819256 -0.010000013746321201
v -0.005150972865521908 0.010799999348819256 -0.010000013746321201
v 0.005463867448270321 0.011975000612437725 -0.010000013746321201
f 7696 7697 7698
v 0.005463867448270321 0.011975000612437725 -0.010000013746321201
v -0.005150972865521908 0.010799999348819256 -0.010000013746321201
v -0.00546581344678998 0.011975000612437725 -0.010000013746321201
f 7699 7700 7701
v 0.005463867448270321 0.011975000612437725 -0.010000013746321201
v -0.00546581344678998 0.011975000612437725 -0.010000013746321201
v -0.006325973197817802 0.012835162691771984 -0.010000013746321201
f 7702 7703 7704
v 0.03049902617931366 0.003729480318725109 -0.010000013746321201
v 0.029937608167529106 0.004236887209117413 -0.010000013746321201
v 0.03049902617931366 0.011800001375377178 -0.010000013746321201
f 7705 7706 7707
v 0.03049902617931366 0.011800001375377178 -0.010000013746321201
v 0.029937608167529106 0.004236887209117413 -0.010000013746321201
v 0.029770351946353912 0.004356990568339825 -0.010000013746321201
f 7708 7709 7710
v 0.03049902617931366 0.011800001375377178 -0.010000013746321201
v 0.029770351946353912 0.004356990568339825 -0.010000013746321201
v 0.028805822134017944 0.004866930656135082 -0.010000013746321201
f 7711 7712 7713
v 0.028419572860002518 0.005002337507903576 -0.010000013746321201
v 0.009849026799201965 0.010799999348819256 -0.010000013746321201
v 0.03049902617931366 0.011800001375377178 -0.010000013746321201
f 7714 7715 7716
v 0.03049902617931366 0.011800001375377178 -0.010000013746321201
v 0.009849026799201965 0.010799999348819256 -0.010000013746321201
v 0.00953418668359518 0.011975000612437725 -0.010000013746321201
f 7717 7718 7719
v 0.03049902617931366 0.011800001375377178 -0.010000013746321201
v 0.00953418668359518 0.011975000612437725 -0.010000013746321201
v 0.02749902755022049 0.014800000004470348 -0.010000013746321201
f 7720 7721 7722
v 0.02749902755022049 0.014800000004470348 -0.010000013746321201
v 0.00953418668359518 0.011975000612437725 -0.010000013746321201
v 0.008674027398228645 0.012835162691771984 -0.010000013746321201
f 7723 7724 7725
v 0.02749902755022049 0.014800000004470348 -0.010000013746321201
v 0.008674027398228645 0.012835162691771984 -0.010000013746321201
v 0.007499027065932751 0.013150001876056194 -0.010000013746321201
f 7726 7727 7728
v -0.026829088106751442 0.005224431864917278 -0.010000013746321201
v -0.027168186381459236 0.005213628523051739 -0.010000013746321201
v -0.030500972643494606 0.011800001375377178 -0.010000013746321201
f 7729 7730 7731
v -0.030500972643494606 0.011800001375377178 -0.010000013746321201
v -0.027168186381459236 0.005213628523051739 -0.010000013746321201
v -0.02831118181347847 0.005018952302634716 -0.010000013746321201
f 7732 7733 7734
v -0.030500972643494606 0.011800001375377178 -0.010000013746321201
v -0.02831118181347847 0.005018952302634716 -0.010000013746321201
v -0.029093516990542412 0.004735144786536694 -0.010000013746321201
f 7735 7736 7737
v 0.005149026867002249 0.010799999348819256 -0.010000013746321201
v 0.005463867448270321 0.009624998085200787 -0.010000013746321201
v -0.00750097306445241 0.008449996821582317 -0.010000013746321201
f 7738 7739 7740
v -0.00750097306445241 0.008449996821582317 -0.010000013746321201
v 0.005463867448270321 0.009624998085200787 -0.010000013746321201
v 0.006324027199298143 0.008764843456447124 -0.010000013746321201
f 7741 7742 7743
v -0.00750097306445241 0.008449996821582317 -0.010000013746321201
v 0.006324027199298143 0.008764843456447124 -0.010000013746321201
v 0.007499027065932751 0.008449996821582317 -0.010000013746321201
f 7744 7745 7746
v -0.009536132216453552 0.009624998085200787 -0.010000013746321201
v -0.008675972931087017 0.008764843456447124 -0.010000013746321201
v -0.030500972643494606 0.011800001375377178 -0.010000013746321201
f 7747 7748 7749
v -0.030500972643494606 0.011800001375377178 -0.010000013746321201
v -0.008675972931087017 0.008764843456447124 -0.010000013746321201
v -0.00750097306445241 0.008449996821582317 -0.010000013746321201
f 7750 7751 7752
v -0.030500972643494606 0.011800001375377178 -0.010000013746321201
v -0.00750097306445241 0.008449996821582317 -0.010000013746321201
v -0.026829088106751442 0.005224431864917278 -0.010000013746321201
f 7753 7754 7755
v -0.026829088106751442 0.005224431864917278 -0.010000013746321201
v -0.00750097306445241 0.008449996821582317 -0.010000013746321201
v 0.007499027065932751 0.008449996821582317 -0.010000013746321201
f 7756 7757 7758
v -0.026829088106751442 0.005224431864917278 -0.010000013746321201
v 0.007499027065932751 0.008449996821582317 -0.010000013746321201
v 0.026971064507961273 0.005224431864917278 -0.010000013746321201
f 7759 7760 7761
v 0.026971064507961273 0.005224431864917278 -0.010000013746321201
v 0.007499027065932751 0.008449996821582317 -0.010000013746321201
v 0.008674027398228645 0.008764843456447124 -0.010000013746321201
f 7762 7763 7764
v 0.026971064507961273 0.005224431864917278 -0.010000013746321201
v 0.008674027398228645 0.008764843456447124 -0.010000013746321201
v 0.028419572860002518 0.005002337507903576 -0.010000013746321201
f 7765 7766 7767
v 0.028419572860002518 0.005002337507903576 -0.010000013746321201
v 0.008674027398228645 0.008764843456447124 -0.010000013746321201
v 0.00953418668359518 0.009624998085200787 -0.010000013746321201
f 7768 7769 7770
v 0.028419572860002518 0.005002337507903576 -0.010000013746321201
v 0.00953418668359518 0.009624998085200787 -0.010000013746321201
v 0.009849026799201965 0.010799999348819256 -0.010000013746321201
f 7771 7772 7773
v 0.010768946260213852 -0.006878216750919819 -0.029484519734978676
v 0.014421194791793823 -0.006037008948624134 -0.031795717775821686
v 0.015348328277468681 -0.007801790721714497 -0.026947015896439552
f 7774 7775 7776
v 0.019487867131829262 -0.01171130407601595 -0.016205722466111183
v 0.021169772371649742 -0.0127567695453763 -0.013333343900740147
v 0.018492253497242928 -0.013525073416531086 -0.011222445406019688
f 7777 7778 7779
v 0.018492253497242928 -0.013525073416531086 -0.011222445406019688
v 0.021169772371649742 -0.0127567695453763 -0.013333343900740147
v 0.022526782006025314 -0.013490972109138966 -0.011316114105284214
f 7780 7781 7782
v 0.018492253497242928 -0.013525073416531086 -0.011222445406019688
v 0.022526782006025314 -0.013490972109138966 -0.011316114105284214
v 0.022634269669651985 -0.013525073416531086 -0.011222445406019688
f 7783 7784 7785
v 0.009999054484069347 -0.0037100957706570625 -0.03818885236978531
v 0.009999054484069347 0.0008602095185779035 -0.050745658576488495
v 0.013999054208397865 0.0008602095185779035 -0.050745658576488495
f 7786 7787 7788
v 0.013600936159491539 -0.010314268060028553 -0.020044052973389626
v 0.012410505674779415 -0.009171118028461933 -0.02318483032286167
v 0.016383862122893333 -0.009100181050598621 -0.02337970770895481
f 7789 7790 7791
v 0.016383862122893333 -0.009100181050598621 -0.02337970770895481
v 0.012410505674779415 -0.009171118028461933 -0.02318483032286167
v 0.01173466444015503 -0.00837931502610445 -0.02536028064787388
f 7792 7793 7794
v 0.016383862122893333 -0.009100181050598621 -0.02337970770895481
v 0.01173466444015503 -0.00837931502610445 -0.02536028064787388
v 0.015348328277468681 -0.007801790721714497 -0.026947015896439552
f 7795 7796 7797
v 0.015348328277468681 -0.007801790721714497 -0.026947015896439552
v 0.01173466444015503 -0.00837931502610445 -0.02536028064787388
v 0.011455588042736053 -0.008004528470337391 -0.026389995589852333
f 7798 7799 7800
v 0.015348328277468681 -0.007801790721714497 -0.026947015896439552
v 0.011455588042736053 -0.008004528470337391 -0.026389995589852333
v 0.010768946260213852 -0.006878216750919819 -0.029484519734978676
f 7801 7802 7803
v 0.010768946260213852 -0.006878216750919819 -0.029484519734978676
v 0.01063378993421793 -0.006600637920200825 -0.0302471611648798
v 0.014421194791793823 -0.006037008948624134 -0.031795717775821686
f 7804 7805 7806
v 0.014421194791793823 -0.006037008948624134 -0.031795717775821686
v 0.01063378993421793 -0.006600637920200825 -0.0302471611648798
v 0.010452480986714363 -0.006155167706310749 -0.03147066384553909
f 7807 7808 7809
v 0.014421194791793823 -0.006037008948624134 -0.031795717775821686
v 0.010452480986714363 -0.006155167706310749 -0.03147066384553909
v 0.014150482602417469 -0.00513217318803072 -0.03428172320127487
f 7810 7811 7812
v 0.014150482602417469 -0.00513217318803072 -0.03428172320127487
v 0.010452480986714363 -0.006155167706310749 -0.03147066384553909
v 0.010110653005540371 -0.004925054498016834 -0.034849874675273895
f 7813 7814 7815
v 0.014150482602417469 -0.00513217318803072 -0.03428172320127487
v 0.010110653005540371 -0.004925054498016834 -0.034849874675273895
v 0.014004712924361229 -0.004041341133415699 -0.03727876394987106
f 7816 7817 7818
v 0.014004712924361229 -0.004041341133415699 -0.03727876394987106
v 0.010110653005540371 -0.004925054498016834 -0.034849874675273895
v 0.009999054484069347 -0.0037100957706570625 -0.03818885236978531
f 7819 7820 7821
v 0.014004712924361229 -0.004041341133415699 -0.03727876394987106
v 0.009999054484069347 -0.0037100957706570625 -0.03818885236978531
v 0.013999054208397865 -0.0037802504375576973 -0.037996090948581696
f 7822 7823 7824
v 0.013999054208397865 -0.0037802504375576973 -0.037996090948581696
v 0.009999054484069347 -0.0037100957706570625 -0.03818885236978531
v 0.013999054208397865 0.0008602095185779035 -0.050745658576488495
f 7825 7826 7827
v 0.018492253497242928 -0.013525073416531086 -0.011222445406019688
v 0.016644518822431564 -0.012493771500885487 -0.01405590120702982
v 0.019487867131829262 -0.01171130407601595 -0.016205722466111183
f 7828 7829 7830
v 0.019487867131829262 -0.01171130407601595 -0.016205722466111183
v 0.016644518822431564 -0.012493771500885487 -0.01405590120702982
v 0.015013928525149822 -0.011423294432461262 -0.01699700392782688
f 7831 7832 7833
v 0.019487867131829262 -0.01171130407601595 -0.016205722466111183
v 0.015013928525149822 -0.011423294432461262 -0.01699700392782688
v 0.01770542934536934 -0.010364745743572712 -0.01990535296499729
f 7834 7835 7836
v 0.01770542934536934 -0.010364745743572712 -0.01990535296499729
v 0.015013928525149822 -0.011423294432461262 -0.01699700392782688
v 0.013600936159491539 -0.010314268060028553 -0.020044052973389626
f 7837 7838 7839
v 0.01770542934536934 -0.010364745743572712 -0.01990535296499729
v 0.013600936159491539 -0.010314268060028553 -0.020044052973389626
v 0.01708320900797844 -0.009807613678276539 -0.021436059847474098
f 7840 7841 7842
v 0.01708320900797844 -0.009807613678276539 -0.021436059847474098
v 0.013600936159491539 -0.010314268060028553 -0.020044052973389626
v 0.016383862122893333 -0.009100181050598621 -0.02337970770895481
f 7843 7844 7845
v -0.026830388233065605 0.0032395971938967705 -0.01224579755216837
v 0.026971034705638885 0.0032395897433161736 -0.012245737947523594
v 0.026462262496352196 0.003327581100165844 -0.012956165708601475
f 7846 7847 7848
v 0.026462262496352196 0.003327581100165844 -0.012956165708601475
v 0.025422049686312675 0.0035361675545573235 -0.014640145935118198
v -0.026830388233065605 0.0032395971938967705 -0.01224579755216837
f 7849 7850 7851
v -0.026830388233065605 0.0032395971938967705 -0.01224579755216837
v 0.025422049686312675 0.0035361675545573235 -0.014640145935118198
v 0.025133101269602776 0.0036030663177371025 -0.015180283226072788
f 7852 7853 7854
v -0.026830388233065605 0.0032395971938967705 -0.01224579755216837
v 0.025133101269602776 0.0036030663177371025 -0.015180283226072788
v 0.0238457340747118 0.003982643596827984 -0.018244827166199684
f 7855 7856 7857
v 0.0238457340747118 0.003982643596827984 -0.018244827166199684
v 0.02380737103521824 0.003997172228991985 -0.018362129107117653
v -0.026830388233065605 0.0032395971938967705 -0.01224579755216837
f 7858 7859 7860
v -0.026830388233065605 0.0032395971938967705 -0.01224579755216837
v 0.02380737103521824 0.003997172228991985 -0.018362129107117653
v 0.023044681176543236 0.004390801303088665 -0.02154008485376835
f 7861 7862 7863
v -0.026830388233065605 0.0032395971938967705 -0.01224579755216837
v 0.023044681176543236 0.004390801303088665 -0.02154008485376835
v -0.023923859000205994 0.0036854324862360954 -0.01584526337683201
f 7864 7865 7866
v -0.023923859000205994 0.0036854324862360954 -0.01584526337683201
v 0.023044681176543236 0.004390801303088665 -0.02154008485376835
v -0.023053990676999092 0.003836478106677532 -0.017064759507775307
f 7867 7868 7869
v 0.022506587207317352 0.004819351248443127 -0.02500000037252903
v -0.018555738031864166 0.004819351248443127 -0.02500000037252903
v 0.02296922355890274 0.00445487629622221 -0.02205742336809635
f 7870 7871 7872
v 0.02296922355890274 0.00445487629622221 -0.02205742336809635
v -0.018555738031864166 0.004819351248443127 -0.02500000037252903
v -0.01987803913652897 0.004485058598220348 -0.022301116958260536
f 7873 7874 7875
v 0.02296922355890274 0.00445487629622221 -0.02205742336809635
v -0.01987803913652897 0.004485058598220348 -0.022301116958260536
v 0.023044681176543236 0.004390801303088665 -0.02154008485376835
f 7876 7877 7878
v 0.023044681176543236 0.004390801303088665 -0.02154008485376835
v -0.01987803913652897 0.004485058598220348 -0.022301116958260536
v -0.020999865606427193 0.004235389642417431 -0.020285362377762794
f 7879 7880 7881
v 0.023044681176543236 0.004390801303088665 -0.02154008485376835
v -0.020999865606427193 0.004235389642417431 -0.020285362377762794
v -0.023053990676999092 0.003836478106677532 -0.017064759507775307
f 7882 7883 7884
v 0.028091859072446823 -0.009226624853909016 -0.011337094940245152
v 0.028110869228839874 -0.009234403260052204 -0.011315726675093174
v 0.02549009583890438 -0.009234321303665638 -0.011315965093672276
f 7885 7886 7887
v 0.023242102935910225 -0.005731341429054737 -0.02094031311571598
v 0.02360481768846512 -0.0062596919015049934 -0.01948867179453373
v 0.020254865288734436 -0.005870913155376911 -0.02055683173239231
f 7888 7889 7890
v 0.023552482947707176 -0.008201909251511097 -0.01415249053388834
v 0.025958670303225517 -0.008187864907085896 -0.014191054739058018
v 0.02549009583890438 -0.009234321303665638 -0.011315965093672276
f 7891 7892 7893
v 0.02549009583890438 -0.009234321303665638 -0.011315965093672276
v 0.025958670303225517 -0.008187864907085896 -0.014191054739058018
v 0.02696465142071247 -0.008723688311874866 -0.012718909420073032
f 7894 7895 7896
v 0.02549009583890438 -0.009234321303665638 -0.011315965093672276
v 0.02696465142071247 -0.008723688311874866 -0.012718909420073032
v 0.028091859072446823 -0.009226624853909016 -0.011337094940245152
f 7897 7898 7899
v 0.020254865288734436 -0.005870913155376911 -0.02055683173239231
v 0.02360481768846512 -0.0062596919015049934 -0.01948867179453373
v 0.021847346797585487 -0.0071165310218930244 -0.017134541645646095
f 7900 7901 7902
v 0.021847346797585487 -0.0071165310218930244 -0.017134541645646095
v 0.02360481768846512 -0.0062596919015049934 -0.01948867179453373
v 0.02434057742357254 -0.0070326076820492744 -0.0173651073127985
f 7903 7904 7905
v 0.021847346797585487 -0.0071165310218930244 -0.017134541645646095
v 0.02434057742357254 -0.0070326076820492744 -0.0173651073127985
v 0.022715764120221138 -0.0076943980529904366 -0.01554685179144144
f 7906 7907 7908
v 0.022715764120221138 -0.0076943980529904366 -0.01554685179144144
v 0.02434057742357254 -0.0070326076820492744 -0.0173651073127985
v 0.0250279251486063 -0.007583786733448505 -0.015850776806473732
f 7909 7910 7911
v 0.022715764120221138 -0.0076943980529904366 -0.01554685179144144
v 0.0250279251486063 -0.007583786733448505 -0.015850776806473732
v 0.023552482947707176 -0.008201909251511097 -0.01415249053388834
f 7912 7913 7914
v 0.023552482947707176 -0.008201909251511097 -0.01415249053388834
v 0.0250279251486063 -0.007583786733448505 -0.015850776806473732
v 0.02580469660460949 -0.008096394129097462 -0.014442377723753452
f 7915 7916 7917
v 0.023552482947707176 -0.008201909251511097 -0.01415249053388834
v 0.02580469660460949 -0.008096394129097462 -0.014442377723753452
v 0.025958670303225517 -0.008187864907085896 -0.014191054739058018
f 7918 7919 7920
v 0.016998358070850372 0.0014086244627833366 -0.04055721312761307
v 0.01837165094912052 0.0005447519361041486 -0.03818374127149582
v 0.016999054700136185 0.00010299956193193793 -0.03697004169225693
f 7921 7922 7923
v 0.016999054700136185 0.00010299956193193793 -0.03697004169225693
v 0.01837165094912052 0.0005447519361041486 -0.03818374127149582
v 0.019298573955893517 -0.00015808368334546685 -0.0362526997923851
f 7924 7925 7926
v 0.016999054700136185 0.00010299956193193793 -0.03697004169225693
v 0.019298573955893517 -0.00015808368334546685 -0.0362526997923851
v 0.017136339098215103 -0.0011462913826107979 -0.03353763371706009
f 7927 7928 7929
v 0.023242102935910225 -0.005731341429054737 -0.02094031311571598
v 0.020254865288734436 -0.005870913155376911 -0.02055683173239231
v 0.02296922355890274 -0.005155523307621479 -0.022522369399666786
f 7930 7931 7932
v 0.02296922355890274 -0.005155523307621479 -0.022522369399666786
v 0.020254865288734436 -0.005870913155376911 -0.02055683173239231
v 0.019176969304680824 -0.00481474120169878 -0.023458654060959816
f 7933 7934 7935
v 0.02296922355890274 -0.005155523307621479 -0.022522369399666786
v 0.019176969304680824 -0.00481474120169878 -0.023458654060959816
v 0.022530796006321907 -0.004133191891014576 -0.025331193581223488
f 7936 7937 7938
v 0.022530796006321907 -0.004133191891014576 -0.025331193581223488
v 0.019176969304680824 -0.00481474120169878 -0.023458654060959816
v 0.01846010982990265 -0.003941995091736317 -0.0258565042167902
f 7939 7940 7941
v 0.022530796006321907 -0.004133191891014576 -0.025331193581223488
v 0.01846010982990265 -0.003941995091736317 -0.0258565042167902
v 0.021742060780525208 -0.002792094834148884 -0.029015833511948586
f 7942 7943 7944
v 0.019298573955893517 -0.00015808368334546685 -0.0362526997923851
v 0.02017255499958992 -0.0009384500444866717 -0.034108661115169525
v 0.017136339098215103 -0.0011462913826107979 -0.03353763371706009
f 7945 7946 7947
v 0.017136339098215103 -0.0011462913826107979 -0.03353763371706009
v 0.02017255499958992 -0.0009384500444866717 -0.034108661115169525
v 0.020360294729471207 -0.0011247145012021065 -0.03359692543745041
f 7948 7949 7950
v 0.017136339098215103 -0.0011462913826107979 -0.03353763371706009
v 0.020360294729471207 -0.0011247145012021065 -0.03359692543745041
v 0.017366627231240273 -0.0019389288499951363 -0.031359873712062836
f 7951 7952 7953
v 0.017366627231240273 -0.0019389288499951363 -0.031359873712062836
v 0.020360294729471207 -0.0011247145012021065 -0.03359692543745041
v 0.021742060780525208 -0.002792094834148884 -0.029015833511948586
f 7954 7955 7956
v 0.017366627231240273 -0.0019389288499951363 -0.031359873712062836
v 0.021742060780525208 -0.002792094834148884 -0.029015833511948586
v 0.01822878047823906 -0.003613022156059742 -0.026760349050164223
f 7957 7958 7959
v 0.01822878047823906 -0.003613022156059742 -0.026760349050164223
v 0.021742060780525208 -0.002792094834148884 -0.029015833511948586
v 0.01846010982990265 -0.003941995091736317 -0.0258565042167902
f 7960 7961 7962
v 0.013499054126441479 -0.000802164024207741 -0.023539209738373756
v 0.013499054126441479 -0.00037280196556821465 -0.02361215092241764
v 0.013499054126441479 -0.00037280196556821465 -0.02101215161383152
f 7963 7964 7965
v 0.013499054126441479 -0.00037280196556821465 -0.02101215161383152
v 0.013499054126441479 -0.00037280196556821465 -0.02361215092241764
v 0.013499054126441479 5.656009307131171e-05 -0.023539209738373756
f 7966 7967 7968
v 0.013499054126441479 -0.00037280196556821465 -0.02101215161383152
v 0.013499054126441479 5.656009307131171e-05 -0.023539209738373756
v 0.013499054126441479 5.656009307131171e-05 -0.021085107699036598
f 7969 7970 7971
v 0.013499054126441479 -0.001633395440876484 -0.022629806771874428
v 0.013499054126441479 -0.0013323547318577766 -0.023189226165413857
v 0.013499054126441479 -0.000802164024207741 -0.023539209738373756
f 7972 7973 7974
v 0.013499054126441479 0.0008877990185283124 -0.021994510665535927
v 0.013499054126441479 0.0005867508589290082 -0.021435091271996498
v 0.013499054126441479 0.0008877990185283124 -0.022629806771874428
f 7975 7976 7977
v 0.013499054126441479 0.0008877990185283124 -0.022629806771874428
v 0.013499054126441479 0.0005867508589290082 -0.021435091271996498
v 0.013499054126441479 5.656009307131171e-05 -0.021085107699036598
f 7978 7979 7980
v 0.013499054126441479 0.0008877990185283124 -0.022629806771874428
v 0.013499054126441479 5.656009307131171e-05 -0.021085107699036598
v 0.013499054126441479 0.0005867508589290082 -0.023189226165413857
f 7981 7982 7983
v 0.013499054126441479 0.0005867508589290082 -0.023189226165413857
v 0.013499054126441479 5.656009307131171e-05 -0.021085107699036598
v 0.013499054126441479 5.656009307131171e-05 -0.023539209738373756
f 7984 7985 7986
v 0.013499054126441479 -0.001633395440876484 -0.021994510665535927
v 0.013499054126441479 -0.001633395440876484 -0.022629806771874428
v 0.013499054126441479 -0.0013323547318577766 -0.021435091271996498
f 7987 7988 7989
v 0.013499054126441479 -0.0013323547318577766 -0.021435091271996498
v 0.013499054126441479 -0.001633395440876484 -0.022629806771874428
v 0.013499054126441479 -0.000802164024207741 -0.023539209738373756
f 7990 7991 7992
v 0.013499054126441479 -0.0013323547318577766 -0.021435091271996498
v 0.013499054126441479 -0.000802164024207741 -0.023539209738373756
v 0.013499054126441479 -0.000802164024207741 -0.021085107699036598
f 7993 7994 7995
v 0.013499054126441479 -0.000802164024207741 -0.021085107699036598
v 0.013499054126441479 -0.000802164024207741 -0.023539209738373756
v 0.013499054126441479 -0.00037280196556821465 -0.02101215161383152
f 7996 7997 7998
v -0.016500946134328842 -0.000802164024207741 -0.021085107699036598
v -0.016500946134328842 -0.00037280196556821465 -0.02101215161383152
v -0.016500946134328842 -0.000802164024207741 -0.023539209738373756
f 7999 8000 8001
v -0.016500946134328842 0.0008877990185283124 -0.022629806771874428
v -0.016500946134328842 0.0005867508589290082 -0.023189226165413857
v -0.016500946134328842 5.656009307131171e-05 -0.023539209738373756
f 8002 8003 8004
v -0.016500946134328842 5.656009307131171e-05 -0.021085107699036598
v -0.016500946134328842 0.0005867508589290082 -0.021435091271996498
v -0.016500946134328842 0.0008877990185283124 -0.021994510665535927
f 8005 8006 8007
v -0.016500946134328842 -0.0013323547318577766 -0.021435091271996498
v -0.016500946134328842 -0.000802164024207741 -0.021085107699036598
v -0.016500946134328842 -0.001633395440876484 -0.021994510665535927
f 8008 8009 8010
v -0.016500946134328842 -0.001633395440876484 -0.021994510665535927
v -0.016500946134328842 -0.000802164024207741 -0.021085107699036598
v -0.016500946134328842 -0.000802164024207741 -0.023539209738373756
f 8011 8012 8013
v -0.016500946134328842 -0.001633395440876484 -0.021994510665535927
v -0.016500946134328842 -0.000802164024207741 -0.023539209738373756
v -0.016500946134328842 -0.001633395440876484 -0.022629806771874428
f 8014 8015 8016
v -0.016500946134328842 -0.001633395440876484 -0.022629806771874428
v -0.016500946134328842 -0.000802164024207741 -0.023539209738373756
v -0.016500946134328842 -0.0013323547318577766 -0.023189226165413857
f 8017 8018 8019
v -0.016500946134328842 0.0008877990185283124 -0.021994510665535927
v -0.016500946134328842 0.0008877990185283124 -0.022629806771874428
v -0.016500946134328842 5.656009307131171e-05 -0.021085107699036598
f 8020 8021 8022
v -0.016500946134328842 5.656009307131171e-05 -0.021085107699036598
v -0.016500946134328842 0.0008877990185283124 -0.022629806771874428
v -0.016500946134328842 5.656009307131171e-05 -0.023539209738373756
f 8023 8024 8025
v -0.016500946134328842 5.656009307131171e-05 -0.021085107699036598
v -0.016500946134328842 5.656009307131171e-05 -0.023539209738373756
v -0.016500946134328842 -0.00037280196556821465 -0.02101215161383152
f 8026 8027 8028
v -0.016500946134328842 -0.00037280196556821465 -0.02101215161383152
v -0.016500946134328842 5.656009307131171e-05 -0.023539209738373756
v -0.016500946134328842 -0.00037280196556821465 -0.02361215092241764
f 8029 8030 8031
v -0.016500946134328842 -0.00037280196556821465 -0.02101215161383152
v -0.016500946134328842 -0.00037280196556821465 -0.02361215092241764
v -0.016500946134328842 -0.000802164024207741 -0.023539209738373756
f 8032 8033 8034
v 0.010999053716659546 0.0036651520058512688 -0.04843799024820328
v 0.010999053716659546 0.0043151481077075005 -0.04861215502023697
v 0.010999053716659546 0.004879201762378216 -0.04614090174436569
f 8035 8036 8037
v 0.010999053716659546 0.004879201762378216 -0.04614090174436569
v 0.010999053716659546 0.0043151481077075005 -0.04861215502023697
v 0.010999053716659546 0.004879201762378216 -0.048483408987522125
f 8038 8039 8040
v 0.010999053716659546 0.005582558922469616 -0.04702287167310715
v 0.010999053716659546 0.005331533960998058 -0.04650161415338516
v 0.010999053716659546 0.005582558922469616 -0.04760143905878067
f 8041 8042 8043
v 0.010999053716659546 0.005582558922469616 -0.04760143905878067
v 0.010999053716659546 0.005331533960998058 -0.04650161415338516
v 0.010999053716659546 0.004879201762378216 -0.04614090174436569
f 8044 8045 8046
v 0.010999053716659546 0.005582558922469616 -0.04760143905878067
v 0.010999053716659546 0.004879201762378216 -0.04614090174436569
v 0.010999053716659546 0.005331533960998058 -0.048122696578502655
f 8047 8048 8049
v 0.010999053716659546 0.005331533960998058 -0.048122696578502655
v 0.010999053716659546 0.004879201762378216 -0.04614090174436569
v 0.010999053716659546 0.004879201762378216 -0.048483408987522125
f 8050 8051 8052
v 0.010999053716659546 0.0036651520058512688 -0.04618632048368454
v 0.010999053716659546 0.0031893206760287285 -0.04666215926408768
v 0.010999053716659546 0.00301514845341444 -0.047312162816524506
f 8053 8054 8055
v 0.010999053716659546 0.004879201762378216 -0.04614090174436569
v 0.010999053716659546 0.0043151481077075005 -0.04601215571165085
v 0.010999053716659546 0.0036651520058512688 -0.04843799024820328
f 8056 8057 8058
v 0.010999053716659546 0.0036651520058512688 -0.04843799024820328
v 0.010999053716659546 0.0043151481077075005 -0.04601215571165085
v 0.010999053716659546 0.0036651520058512688 -0.04618632048368454
f 8059 8060 8061
v 0.010999053716659546 0.0036651520058512688 -0.04843799024820328
v 0.010999053716659546 0.0036651520058512688 -0.04618632048368454
v 0.010999053716659546 0.0031893206760287285 -0.04796215146780014
f 8062 8063 8064
v 0.010999053716659546 0.0031893206760287285 -0.04796215146780014
v 0.010999053716659546 0.0036651520058512688 -0.04618632048368454
v 0.010999053716659546 0.00301514845341444 -0.047312162816524506
f 8065 8066 8067
v -0.015000945888459682 0.003657984547317028 -0.04619049280881882
v -0.015000945888459682 0.00497231911867857 -0.04619049280881882
v -0.015000945888459682 0.0036651520058512688 -0.04618632048368454
f 8068 8069 8070
v -0.015000945888459682 0.0036651520058512688 -0.04618632048368454
v -0.015000945888459682 0.00497231911867857 -0.04619049280881882
v -0.015000945888459682 0.004965151660144329 -0.04618632048368454
f 8071 8072 8073
v -0.015000945888459682 0.0036651520058512688 -0.04618632048368454
v -0.015000945888459682 0.004965151660144329 -0.04618632048368454
v -0.015000945888459682 0.0043151481077075005 -0.04601215571165085
f 8074 8075 8076
v -0.011000946164131165 0.005440982989966869 -0.04796215146780014
v -0.011000946164131165 0.004965151660144329 -0.04843799024820328
v -0.011000946164131165 0.0043151481077075005 -0.04861215502023697
f 8077 8078 8079
v -0.011000946164131165 0.0031893206760287285 -0.04666215926408768
v -0.011000946164131165 0.0036651520058512688 -0.04618632048368454
v -0.011000946164131165 0.0043151481077075005 -0.04601215571165085
f 8080 8081 8082
v -0.011000946164131165 0.0043151481077075005 -0.04861215502023697
v -0.011000946164131165 0.0036651520058512688 -0.04843799024820328
v -0.011000946164131165 0.0031893206760287285 -0.04796215146780014
f 8083 8084 8085
v -0.011000946164131165 0.004965151660144329 -0.04618632048368454
v -0.011000946164131165 0.005440982989966869 -0.04666215926408768
v -0.011000946164131165 0.0043151481077075005 -0.04601215571165085
f 8086 8087 8088
v -0.011000946164131165 0.0043151481077075005 -0.04601215571165085
v -0.011000946164131165 0.005440982989966869 -0.04666215926408768
v -0.011000946164131165 0.005615147762000561 -0.047312162816524506
f 8089 8090 8091
v -0.011000946164131165 0.005615147762000561 -0.047312162816524506
v -0.011000946164131165 0.005440982989966869 -0.04796215146780014
v -0.011000946164131165 0.0043151481077075005 -0.04601215571165085
f 8092 8093 8094
v -0.011000946164131165 0.0043151481077075005 -0.04601215571165085
v -0.011000946164131165 0.005440982989966869 -0.04796215146780014
v -0.011000946164131165 0.0043151481077075005 -0.04861215502023697
f 8095 8096 8097
v -0.011000946164131165 0.0043151481077075005 -0.04601215571165085
v -0.011000946164131165 0.0043151481077075005 -0.04861215502023697
v -0.011000946164131165 0.0031893206760287285 -0.04666215926408768
f 8098 8099 8100
v -0.011000946164131165 0.0031893206760287285 -0.04666215926408768
v -0.011000946164131165 0.0043151481077075005 -0.04861215502023697
v -0.011000946164131165 0.0031893206760287285 -0.04796215146780014
f 8101 8102 8103
v -0.011000946164131165 0.0031893206760287285 -0.04666215926408768
v -0.011000946164131165 0.0031893206760287285 -0.04796215146780014
v -0.011000946164131165 0.00301514845341444 -0.047312162816524506
f 8104 8105 8106
v 0.007999054156243801 0.013012382201850414 -0.06848341971635818
v 0.007999054156243801 0.013576428405940533 -0.06861215084791183
v 0.007999054156243801 0.013576428405940533 -0.06601215153932571
f 8107 8108 8109
v 0.007999054156243801 0.013576428405940533 -0.06601215153932571
v 0.007999054156243801 0.013576428405940533 -0.06861215084791183
v 0.007999054156243801 0.014140474610030651 -0.06848341971635818
f 8110 8111 8112
v 0.007999054156243801 0.013576428405940533 -0.06601215153932571
v 0.007999054156243801 0.014140474610030651 -0.06848341971635818
v 0.007999054156243801 0.014140474610030651 -0.06614089757204056
f 8113 8114 8115
v 0.007999054156243801 0.012309025041759014 -0.06760143488645554
v 0.007999054156243801 0.012560050003230572 -0.06812269240617752
v 0.007999054156243801 0.013012382201850414 -0.06848341971635818
f 8116 8117 8118
v 0.007999054156243801 0.013576428405940533 -0.06601215153932571
v 0.007999054156243801 0.013012382201850414 -0.06614089757204056
v 0.007999054156243801 0.012560050003230572 -0.06650162488222122
f 8119 8120 8121
v 0.007999054156243801 0.014843831770122051 -0.0670228824019432
v 0.007999054156243801 0.014592806808650494 -0.06650162488222122
v 0.007999054156243801 0.014843831770122051 -0.06760143488645554
f 8122 8123 8124
v 0.007999054156243801 0.014843831770122051 -0.06760143488645554
v 0.007999054156243801 0.014592806808650494 -0.06650162488222122
v 0.007999054156243801 0.014140474610030651 -0.06614089757204056
f 8125 8126 8127
v 0.007999054156243801 0.014843831770122051 -0.06760143488645554
v 0.007999054156243801 0.014140474610030651 -0.06614089757204056
v 0.007999054156243801 0.014592806808650494 -0.06812269240617752
f 8128 8129 8130
v 0.007999054156243801 0.014592806808650494 -0.06812269240617752
v 0.007999054156243801 0.014140474610030651 -0.06614089757204056
v 0.007999054156243801 0.014140474610030651 -0.06848341971635818
f 8131 8132 8133
v 0.007999054156243801 0.013012382201850414 -0.06848341971635818
v 0.007999054156243801 0.013576428405940533 -0.06601215153932571
v 0.007999054156243801 0.012309025041759014 -0.06760143488645554
f 8134 8135 8136
v 0.007999054156243801 0.012309025041759014 -0.06760143488645554
v 0.007999054156243801 0.013576428405940533 -0.06601215153932571
v 0.007999054156243801 0.012560050003230572 -0.06650162488222122
f 8137 8138 8139
v 0.007999054156243801 0.012309025041759014 -0.06760143488645554
v 0.007999054156243801 0.012560050003230572 -0.06650162488222122
v 0.007999054156243801 0.012309025041759014 -0.0670228824019432
f 8140 8141 8142
v -0.008000945672392845 0.013576428405940533 -0.06861215084791183
v -0.008000945672392845 0.012926424853503704 -0.0661863163113594
v -0.008000945672392845 0.014140474610030651 -0.06848341971635818
f 8143 8144 8145
v -0.008000945672392845 0.014140474610030651 -0.06848341971635818
v -0.008000945672392845 0.012926424853503704 -0.0661863163113594
v -0.008000945672392845 0.014843831770122051 -0.06760143488645554
f 8146 8147 8148
v -0.008000945672392845 0.014140474610030651 -0.06848341971635818
v -0.008000945672392845 0.014843831770122051 -0.06760143488645554
v -0.008000945672392845 0.014592806808650494 -0.06812269240617752
f 8149 8150 8151
v -0.008000945672392845 0.014843831770122051 -0.0670228824019432
v -0.008000945672392845 0.014843831770122051 -0.06760143488645554
v -0.008000945672392845 0.014592806808650494 -0.06650162488222122
f 8152 8153 8154
v -0.008000945672392845 0.014592806808650494 -0.06650162488222122
v -0.008000945672392845 0.014843831770122051 -0.06760143488645554
v -0.008000945672392845 0.012926424853503704 -0.0661863163113594
f 8155 8156 8157
v -0.008000945672392845 0.014592806808650494 -0.06650162488222122
v -0.008000945672392845 0.012926424853503704 -0.0661863163113594
v -0.008000945672392845 0.014140474610030651 -0.06614089757204056
f 8158 8159 8160
v -0.008000945672392845 0.014140474610030651 -0.06614089757204056
v -0.008000945672392845 0.012926424853503704 -0.0661863163113594
v -0.008000945672392845 0.013576428405940533 -0.06601215153932571
f 8161 8162 8163
v -0.008000945672392845 0.012276428751647472 -0.06731215864419937
v -0.008000945672392845 0.012450593523681164 -0.06666215509176254
v -0.008000945672392845 0.012450593523681164 -0.0679621621966362
f 8164 8165 8166
v -0.008000945672392845 0.012450593523681164 -0.0679621621966362
v -0.008000945672392845 0.012450593523681164 -0.06666215509176254
v -0.008000945672392845 0.012926424853503704 -0.0661863163113594
f 8167 8168 8169
v -0.008000945672392845 0.012450593523681164 -0.0679621621966362
v -0.008000945672392845 0.012926424853503704 -0.0661863163113594
v -0.008000945672392845 0.012926424853503704 -0.06843798607587814
f 8170 8171 8172
v -0.008000945672392845 0.012926424853503704 -0.06843798607587814
v -0.008000945672392845 0.012926424853503704 -0.0661863163113594
v -0.008000945672392845 0.013576428405940533 -0.06861215084791183
f 8173 8174 8175
v -0.010000946000218391 0.0034589720889925957 -0.04619049280881882
v -0.010096995159983635 0.0022764233872294426 -0.04294147342443466
v -0.010000946000218391 -0.00029979372629895806 -0.04755856841802597
f 8176 8177 8178
v -0.010000946000218391 -0.00029979372629895806 -0.04755856841802597
v -0.010096995159983635 0.0022764233872294426 -0.04294147342443466
v -0.010096995159983635 -0.0014823423698544502 -0.044309549033641815
f 8179 8180 8181
v 0.009942573495209217 0.002569998614490032 -0.05475030094385147
v 0.009999054484069347 0.001485752873122692 -0.0523553267121315
v 0.009999054484069347 0.005209493450820446 -0.05100000649690628
f 8182 8183 8184
v 0.009486867114901543 0.005167621187865734 -0.05942169576883316
v 0.00962864700704813 0.004572938196361065 -0.058391667902469635
v 0.00962866935878992 0.007510597817599773 -0.057322241365909576
f 8185 8186 8187
v 0.00962866935878992 0.007510597817599773 -0.057322241365909576
v 0.00962864700704813 0.004572938196361065 -0.058391667902469635
v 0.009776427410542965 0.0038068993017077446 -0.057064853608608246
f 8188 8189 8190
v 0.00962866935878992 0.007510597817599773 -0.057322241365909576
v 0.009776427410542965 0.0038068993017077446 -0.057064853608608246
v 0.009999054484069347 0.005209493450820446 -0.05100000649690628
f 8191 8192 8193
v 0.009999054484069347 0.005209493450820446 -0.05100000649690628
v 0.009776427410542965 0.0038068993017077446 -0.057064853608608246
v 0.0098763108253479 0.003145146183669567 -0.05587216466665268
f 8194 8195 8196
v 0.009999054484069347 0.005209493450820446 -0.05100000649690628
v 0.0098763108253479 0.003145146183669567 -0.05587216466665268
v 0.009942573495209217 0.002569998614490032 -0.05475030094385147
f 8197 8198 8199
v 0.008637355640530586 0.009546990506350994 -0.06291718035936356
v 0.008637684397399426 0.007539520971477032 -0.06364630907773972
v 0.008766396902501583 0.0072701675817370415 -0.06312494724988937
f 8200 8201 8202
v 0.008637355640530586 0.009546990506350994 -0.06291718035936356
v 0.008766396902501583 0.0072701675817370415 -0.06312494724988937
v 0.00962866935878992 0.007510597817599773 -0.057322241365909576
f 8203 8204 8205
v 0.00962866935878992 0.007510597817599773 -0.057322241365909576
v 0.008766396902501583 0.0072701675817370415 -0.06312494724988937
v 0.009070553816854954 0.006520154885947704 -0.061764366924762726
f 8206 8207 8208
v 0.00962866935878992 0.007510597817599773 -0.057322241365909576
v 0.009070553816854954 0.006520154885947704 -0.061764366924762726
v 0.009486867114901543 0.005167621187865734 -0.05942169576883316
f 8209 8210 8211
v 0.006122322753071785 0.01212229859083891 -0.06999277323484421
v 0.006513325963169336 0.010049673728644848 -0.06981899589300156
v 0.007245978340506554 0.011188159696757793 -0.06742624193429947
f 8212 8213 8214
v 0.007245978340506554 0.011188159696757793 -0.06742624193429947
v 0.006513325963169336 0.010049673728644848 -0.06981899589300156
v 0.007313570473343134 0.00939165335148573 -0.06787901371717453
f 8215 8216 8217
v 0.007245978340506554 0.011188159696757793 -0.06742624193429947
v 0.007313570473343134 0.00939165335148573 -0.06787901371717453
v 0.008637355640530586 0.009546990506350994 -0.06291718035936356
f 8218 8219 8220
v 0.008637355640530586 0.009546990506350994 -0.06291718035936356
v 0.007313570473343134 0.00939165335148573 -0.06787901371717453
v 0.008142312057316303 0.008391807787120342 -0.06543286889791489
f 8221 8222 8223
v 0.008637355640530586 0.009546990506350994 -0.06291718035936356
v 0.008142312057316303 0.008391807787120342 -0.06543286889791489
v 0.008637684397399426 0.007539520971477032 -0.06364630907773972
f 8224 8225 8226
v 0.004488334525376558 0.01100806426256895 -0.07350147515535355
v 0.0045272246934473515 0.010995897464454174 -0.0734446570277214
v 0.0045272731222212315 0.013099919073283672 -0.07267876714468002
f 8227 8228 8229
v 0.0045272731222212315 0.013099919073283672 -0.07267876714468002
v 0.0045272246934473515 0.010995897464454174 -0.0734446570277214
v 0.005497816950082779 0.010629448108375072 -0.0718587264418602
f 8230 8231 8232
v 0.0045272731222212315 0.013099919073283672 -0.07267876714468002
v 0.005497816950082779 0.010629448108375072 -0.0718587264418602
v 0.006122322753071785 0.01212229859083891 -0.06999277323484421
f 8233 8234 8235
v 0.006122322753071785 0.01212229859083891 -0.06999277323484421
v 0.005497816950082779 0.010629448108375072 -0.0718587264418602
v 0.006121891085058451 0.010300743393599987 -0.07065675407648087
f 8236 8237 8238
v 0.006122322753071785 0.01212229859083891 -0.06999277323484421
v 0.006121891085058451 0.010300743393599987 -0.07065675407648087
v 0.006513325963169336 0.010049673728644848 -0.06981899589300156
f 8239 8240 8241
v 0.004488334525376558 0.01100806426256895 -0.07350147515535355
v 0.0045272731222212315 0.013099919073283672 -0.07267876714468002
v 0.0034729442559182644 0.011271449737250805 -0.0748184397816658
f 8242 8243 8244
v 0.0034729442559182644 0.011271449737250805 -0.0748184397816658
v 0.0045272731222212315 0.013099919073283672 -0.07267876714468002
v 0.0026721719186753035 0.013856607489287853 -0.07475776225328445
f 8245 8246 8247
v 0.0034729442559182644 0.011271449737250805 -0.0748184397816658
v 0.0026721719186753035 0.013856607489287853 -0.07475776225328445
v 0.002811446087434888 0.01139512937515974 -0.07551459223031998
f 8248 8249 8250
v 0.0009796962840482593 0.01161752175539732 -0.07677506655454636
v 0.0010250911582261324 0.011614355258643627 -0.07675660401582718
v 0.001024985103867948 0.0142367510125041 -0.07580218464136124
f 8251 8252 8253
v 0.001024985103867948 0.0142367510125041 -0.07580218464136124
v 0.0010250911582261324 0.011614355258643627 -0.07675660401582718
v 0.001820663921535015 0.011538754217326641 -0.07632295042276382
f 8254 8255 8256
v 0.001024985103867948 0.0142367510125041 -0.07580218464136124
v 0.001820663921535015 0.011538754217326641 -0.07632295042276382
v 0.0026721719186753035 0.013856607489287853 -0.07475776225328445
f 8257 8258 8259
v 0.0026721719186753035 0.013856607489287853 -0.07475776225328445
v 0.001820663921535015 0.011538754217326641 -0.07632295042276382
v 0.0026724825147539377 0.01141840498894453 -0.07564490288496017
f 8260 8261 8262
v 0.0026721719186753035 0.013856607489287853 -0.07475776225328445
v 0.0026724825147539377 0.01141840498894453 -0.07564490288496017
v 0.002811446087434888 0.01139512937515974 -0.07551459223031998
f 8263 8264 8265
v 0.0009796962840482593 0.01161752175539732 -0.07677506655454636
v 0.001024985103867948 0.0142367510125041 -0.07580218464136124
v 0.00024443314759992063 0.011648948304355145 -0.07695946842432022
f 8266 8267 8268
v 0.00024443314759992063 0.011648948304355145 -0.07695946842432022
v 0.001024985103867948 0.0142367510125041 -0.07580218464136124
v -0.00025018994347192347 0.01430430542677641 -0.0759877935051918
f 8269 8270 8271
v 0.00024443314759992063 0.011648948304355145 -0.07695946842432022
v -0.00025018994347192347 0.01430430542677641 -0.0759877935051918
v -0.00025025528157129884 0.011648240499198437 -0.07695450633764267
f 8272 8273 8274
v -0.00025025528157129884 0.011648240499198437 -0.07695450633764267
v -0.00025018994347192347 0.01430430542677641 -0.0759877935051918
v -0.0005463187699206173 0.011640298180282116 -0.0769071951508522
f 8275 8276 8277
v -0.0005463187699206173 0.011640298180282116 -0.0769071951508522
v -0.00025018994347192347 0.01430430542677641 -0.0759877935051918
v -0.0015100239543244243 0.014155778102576733 -0.07557971030473709
f 8278 8279 8280
v -0.0005463187699206173 0.011640298180282116 -0.0769071951508522
v -0.0015100239543244243 0.014155778102576733 -0.07557971030473709
v -0.0014059426030144095 0.011581758968532085 -0.07657819241285324
f 8281 8282 8283
v -0.0029822310898452997 0.013754579238593578 -0.07447744160890579
v -0.002373841591179371 0.011465209536254406 -0.07591084390878677
v -0.0015100239543244243 0.014155778102576733 -0.07557971030473709
f 8284 8285 8286
v -0.0015100239543244243 0.014155778102576733 -0.07557971030473709
v -0.002373841591179371 0.011465209536254406 -0.07591084390878677
v -0.0015104039339348674 0.011571603827178478 -0.07652004808187485
f 8287 8288 8289
v -0.0015100239543244243 0.014155778102576733 -0.07557971030473709
v -0.0015104039339348674 0.011571603827178478 -0.07652004808187485
v -0.0014059426030144095 0.011581758968532085 -0.07657819241285324
f 8290 8291 8292
v -0.004474967252463102 0.013126048259437084 -0.07275056093931198
v -0.00447528762742877 0.011019664816558361 -0.07351673394441605
v -0.0029822310898452997 0.013754579238593578 -0.07447744160890579
f 8293 8294 8295
v -0.0029822310898452997 0.013754579238593578 -0.07447744160890579
v -0.00447528762742877 0.011019664816558361 -0.07351673394441605
v -0.003816722659394145 0.011195848695933819 -0.07440026849508286
f 8296 8297 8298
v -0.003816722659394145 0.011195848695933819 -0.07440026849508286
v -0.003468808950856328 0.011271449737250805 -0.0748184397816658
v -0.0029822310898452997 0.013754579238593578 -0.07447744160890579
f 8299 8300 8301
v -0.0029822310898452997 0.013754579238593578 -0.07447744160890579
v -0.003468808950856328 0.011271449737250805 -0.0748184397816658
v -0.002983268117532134 0.011364969424903393 -0.07534606009721756
f 8302 8303 8304
v -0.0029822310898452997 0.013754579238593578 -0.07447744160890579
v -0.002983268117532134 0.011364969424903393 -0.07534606009721756
v -0.002373841591179371 0.011465209536254406 -0.07591084390878677
f 8305 8306 8307
v -0.006844568531960249 0.009806494228541851 -0.06905563920736313
v -0.006107270251959562 0.01031616609543562 -0.07069339603185654
v -0.006107404828071594 0.012136097066104412 -0.07003069669008255
f 8308 8309 8310
v -0.006107404828071594 0.012136097066104412 -0.07003069669008255
v -0.006107270251959562 0.01031616609543562 -0.07069339603185654
v -0.005914553999900818 0.010425309650599957 -0.07108060270547867
f 8311 8312 8313
v -0.006107404828071594 0.012136097066104412 -0.07003069669008255
v -0.005914553999900818 0.010425309650599957 -0.07108060270547867
v -0.004474967252463102 0.013126048259437084 -0.07275056093931198
f 8314 8315 8316
v -0.004474967252463102 0.013126048259437084 -0.07275056093931198
v -0.005914553999900818 0.010425309650599957 -0.07108060270547867
v -0.004966041538864374 0.01085450779646635 -0.07276972383260727
f 8317 8318 8319
v -0.004474967252463102 0.013126048259437084 -0.07275056093931198
v -0.004966041538864374 0.01085450779646635 -0.07276972383260727
v -0.00447528762742877 0.011019664816558361 -0.07351673394441605
f 8320 8321 8322
v -0.006844568531960249 0.009806494228541851 -0.06905563920736313
v -0.006107404828071594 0.012136097066104412 -0.07003069669008255
v -0.00775277940556407 0.008905011229217052 -0.06662919372320175
f 8323 8324 8325
v -0.00775277940556407 0.008905011229217052 -0.06662919372320175
v -0.006107404828071594 0.012136097066104412 -0.07003069669008255
v -0.007776930928230286 0.010638224892318249 -0.06591532379388809
f 8326 8327 8328
v -0.00775277940556407 0.008905011229217052 -0.06662919372320175
v -0.007776930928230286 0.010638224892318249 -0.06591532379388809
v -0.00777698727324605 0.008875328116118908 -0.06655677407979965
f 8329 8330 8331
v -0.00777698727324605 0.008875328116118908 -0.06655677407979965
v -0.007776930928230286 0.010638224892318249 -0.06591532379388809
v -0.008488357067108154 0.007808643393218517 -0.06418410688638687
f 8332 8333 8334
v -0.008488357067108154 0.007808643393218517 -0.06418410688638687
v -0.007776930928230286 0.010638224892318249 -0.06591532379388809
v -0.009090856648981571 0.008772502653300762 -0.06078929454088211
f 8335 8336 8337
v -0.008488357067108154 0.007808643393218517 -0.06418410688638687
v -0.009090856648981571 0.008772502653300762 -0.06078929454088211
v -0.009064272046089172 0.006520154885947704 -0.061764366924762726
f 8338 8339 8340
v -0.009856238961219788 0.0066487742587924 -0.05495438724756241
v -0.009484870359301567 0.005167814902961254 -0.05942203849554062
v -0.009090856648981571 0.008772502653300762 -0.06078929454088211
f 8341 8342 8343
v -0.009090856648981571 0.008772502653300762 -0.06078929454088211
v -0.009484870359301567 0.005167814902961254 -0.05942203849554062
v -0.00909087061882019 0.006446043960750103 -0.061635978519916534
f 8344 8345 8346
v -0.009090856648981571 0.008772502653300762 -0.06078929454088211
v -0.00909087061882019 0.006446043960750103 -0.061635978519916534
v -0.009064272046089172 0.006520154885947704 -0.061764366924762726
f 8347 8348 8349
v -0.010000946000218391 0.001485752873122692 -0.0523553267121315
v -0.009985762648284435 0.0020300624892115593 -0.0536099448800087
v -0.010000946000218391 0.005209493450820446 -0.05099999159574509
f 8350 8351 8352
v -0.010000946000218391 0.005209493450820446 -0.05099999159574509
v -0.009985762648284435 0.0020300624892115593 -0.0536099448800087
v -0.009944920428097248 0.002570020966231823 -0.054750360548496246
f 8353 8354 8355
v -0.010000946000218391 0.005209493450820446 -0.05099999159574509
v -0.009944920428097248 0.002570020966231823 -0.054750360548496246
v -0.009856238961219788 0.0066487742587924 -0.05495438724756241
f 8356 8357 8358
v -0.009856238961219788 0.0066487742587924 -0.05495438724756241
v -0.009944920428097248 0.002570020966231823 -0.054750360548496246
v -0.00977782066911459 0.0038068993017077446 -0.057064853608608246
f 8359 8360 8361
v -0.009856238961219788 0.0066487742587924 -0.05495438724756241
v -0.00977782066911459 0.0038068993017077446 -0.057064853608608246
v -0.009484870359301567 0.005167814902961254 -0.05942203849554062
f 8362 8363 8364
v -0.010092143900692463 0.002048286609351635 -0.04302450269460678
v -0.010087418369948864 0.0018201200291514397 -0.043107546865940094
v -0.010091101750731468 0.0018201200291514397 -0.043107546865940094
f 8365 8366 8367
v -0.010054023936390877 -0.0014823423698544502 -0.044309549033641815
v -0.010096995159983635 -0.0014823423698544502 -0.044309549033641815
v -0.010091101750731468 0.0018201200291514397 -0.043107546865940094
f 8368 8369 8370
v -0.010091101750731468 0.0018201200291514397 -0.043107546865940094
v -0.010096995159983635 -0.0014823423698544502 -0.044309549033641815
v -0.010096995159983635 0.0022764233872294426 -0.04294147342443466
f 8371 8372 8373
v -0.010091101750731468 0.0018201200291514397 -0.043107546865940094
v -0.010096995159983635 0.0022764233872294426 -0.04294147342443466
v -0.010092143900692463 0.002048286609351635 -0.04302450269460678
f 8374 8375 8376
v 0.009999054484069347 -0.0037100957706570625 -0.03818885236978531
v 0.009999054484069347 0.0010893745347857475 -0.03755699843168259
v 0.009999054484069347 0.0012413812801241875 -0.038711585104465485
f 8377 8378 8379
v 0.009999054484069347 0.0012413812801241875 -0.038711585104465485
v 0.009999054484069347 0.001643436960875988 -0.040854789316654205
v 0.009999054484069347 -0.0037100957706570625 -0.03818885236978531
f 8380 8381 8382
v 0.009999054484069347 -0.0037100957706570625 -0.03818885236978531
v 0.009999054484069347 0.001643436960875988 -0.040854789316654205
v 0.009999054484069347 0.0022764233872294426 -0.04294147342443466
f 8383 8384 8385
v 0.009999054484069347 -0.0037100957706570625 -0.03818885236978531
v 0.009999054484069347 0.0022764233872294426 -0.04294147342443466
v 0.009999054484069347 0.0008602095185779035 -0.050745658576488495
f 8386 8387 8388
v 0.009999054484069347 0.0008602095185779035 -0.050745658576488495
v 0.009999054484069347 0.0022764233872294426 -0.04294147342443466
v 0.009999054484069347 0.005209493450820446 -0.05100000649690628
f 8389 8390 8391
v 0.009999054484069347 0.0008602095185779035 -0.050745658576488495
v 0.009999054484069347 0.005209493450820446 -0.05100000649690628
v 0.009999054484069347 0.001485752873122692 -0.0523553267121315
f 8392 8393 8394
v -0.010000946000218391 0.001485752873122692 -0.0523553267121315
v -0.010000946000218391 0.005209493450820446 -0.05099999159574509
v -0.010000946000218391 0.0008602095185779035 -0.050745658576488495
f 8395 8396 8397
v -0.010000946000218391 0.0008602095185779035 -0.050745658576488495
v -0.010000946000218391 0.005209493450820446 -0.05099999159574509
v -0.010000946000218391 0.0034589720889925957 -0.04619049280881882
f 8398 8399 8400
v -0.010000946000218391 0.0008602095185779035 -0.050745658576488495
v -0.010000946000218391 0.0034589720889925957 -0.04619049280881882
v -0.010000946000218391 -0.00029979372629895806 -0.04755856841802597
f 8401 8402 8403
v -0.010087418369948864 0.0018201200291514397 -0.043107546865940094
v -0.010092143900692463 0.002048286609351635 -0.04302450269460678
v -0.010161234997212887 0.0016735894605517387 -0.04199453443288803
f 8404 8405 8406
v -0.010161234997212887 0.0016735894605517387 -0.04199453443288803
v -0.010092143900692463 0.002048286609351635 -0.04302450269460678
v -0.010096995159983635 0.0022764233872294426 -0.04294147342443466
f 8407 8408 8409
v -0.010161234997212887 0.0016735894605517387 -0.04199453443288803
v -0.010096995159983635 0.0022764233872294426 -0.04294147342443466
v -0.01025761105120182 0.0015272824093699455 -0.04088320583105087
f 8410 8411 8412
v -0.012527413666248322 -0.006600637920200825 -0.0302471611648798
v -0.012527413666248322 1.2400502782838885e-05 -0.029376531019806862
v -0.013193774037063122 -0.007290673442184925 -0.02835116721689701
f 8413 8414 8415
v -0.013193774037063122 -0.007290673442184925 -0.02835116721689701
v -0.012527413666248322 1.2400502782838885e-05 -0.029376531019806862
v -0.014464137144386768 -0.0006635012687183917 -0.024242574349045753
f 8416 8417 8418
v -0.02491040900349617 -0.014086690731346607 -0.01005783025175333
v -0.02485678531229496 -0.014013205654919147 -0.010105275548994541
v -0.02491040900349617 -0.01364744920283556 -0.010000013746321201
f 8419 8420 8421
v -0.02491040900349617 -0.01364744920283556 -0.010000013746321201
v -0.02485678531229496 -0.014013205654919147 -0.010105275548994541
v -0.024790722876787186 -0.013946895487606525 -0.010167264379560947
f 8422 8423 8424
v -0.02491040900349617 -0.01364744920283556 -0.010000013746321201
v -0.024790722876787186 -0.013946895487606525 -0.010167264379560947
v -0.023993536829948425 -0.006046478636562824 -0.010000013746321201
f 8425 8426 8427
v -0.024790722876787186 -0.013946895487606525 -0.010167264379560947
v -0.02462862804532051 -0.013850254006683826 -0.01032900158315897
v -0.023993536829948425 -0.006046478636562824 -0.010000013746321201
f 8428 8429 8430
v -0.023993536829948425 -0.006046478636562824 -0.010000013746321201
v -0.02462862804532051 -0.013850254006683826 -0.01032900158315897
v -0.02222355455160141 -0.01288472581654787 -0.012981020845472813
f 8431 8432 8433
v -0.023993536829948425 -0.006046478636562824 -0.010000013746321201
v -0.02222355455160141 -0.01288472581654787 -0.012981020845472813
v -0.02380887046456337 -0.005184982903301716 -0.010093861259520054
f 8434 8435 8436
v -0.02380887046456337 -0.005184982903301716 -0.010093861259520054
v -0.02222355455160141 -0.01288472581654787 -0.012981020845472813
v -0.02347538061439991 -0.0043717073276638985 -0.010367476381361485
f 8437 8438 8439
v -0.021786754950881004 -0.002493743784725666 -0.012162053026258945
v -0.021314943209290504 -0.012483355589210987 -0.014083647169172764
v -0.02108157053589821 -0.0021648304536938667 -0.013034188188612461
f 8440 8441 8442
v -0.02108157053589821 -0.0021648304536938667 -0.013034188188612461
v -0.021314943209290504 -0.012483355589210987 -0.014083647169172764
v -0.01995810866355896 -0.0118397893384099 -0.01585196889936924
f 8443 8444 8445
v -0.02108157053589821 -0.0021648304536938667 -0.013034188188612461
v -0.01995810866355896 -0.0118397893384099 -0.01585196889936924
v -0.020742319524288177 -0.002080698497593403 -0.013477885164320469
f 8446 8447 8448
v -0.020742319524288177 -0.002080698497593403 -0.013477885164320469
v -0.01995810866355896 -0.0118397893384099 -0.01585196889936924
v -0.017904317006468773 -0.010743622668087482 -0.018864313140511513
f 8449 8450 8451
v -0.020742319524288177 -0.002080698497593403 -0.013477885164320469
v -0.017904317006468773 -0.010743622668087482 -0.018864313140511513
v -0.01752862147986889 -0.0014493586495518684 -0.01827339269220829
f 8452 8453 8454
v -0.01752862147986889 -0.0014493586495518684 -0.01827339269220829
v -0.017904317006468773 -0.010743622668087482 -0.018864313140511513
v -0.01622546836733818 -0.009704423137009144 -0.021719330921769142
f 8455 8456 8457
v -0.01752862147986889 -0.0014493586495518684 -0.01827339269220829
v -0.01622546836733818 -0.009704423137009144 -0.021719330921769142
v -0.014464137144386768 -0.0006635012687183917 -0.024242574349045753
f 8458 8459 8460
v -0.014464137144386768 -0.0006635012687183917 -0.024242574349045753
v -0.01622546836733818 -0.009704423137009144 -0.021719330921769142
v -0.014617803506553173 -0.0085375951603055 -0.024924779310822487
f 8461 8462 8463
v -0.014464137144386768 -0.0006635012687183917 -0.024242574349045753
v -0.014617803506553173 -0.0085375951603055 -0.024924779310822487
v -0.013193774037063122 -0.007290673442184925 -0.02835116721689701
f 8464 8465 8466
v -0.021786754950881004 -0.002493743784725666 -0.012162053026258945
v -0.022435493767261505 -0.002991032786667347 -0.011418485082685947
v -0.021314943209290504 -0.012483355589210987 -0.014083647169172764
f 8467 8468 8469
v -0.021314943209290504 -0.012483355589210987 -0.014083647169172764
v -0.022435493767261505 -0.002991032786667347 -0.011418485082685947
v -0.022831358015537262 -0.0034056873992085457 -0.010995619930326939
f 8470 8471 8472
v -0.021314943209290504 -0.012483355589210987 -0.014083647169172764
v -0.022831358015537262 -0.0034056873992085457 -0.010995619930326939
v -0.02222355455160141 -0.01288472581654787 -0.012981020845472813
f 8473 8474 8475
v -0.02222355455160141 -0.01288472581654787 -0.012981020845472813
v -0.022831358015537262 -0.0034056873992085457 -0.010995619930326939
v -0.02301165647804737 -0.0036319317296147346 -0.010810964740812778
f 8476 8477 8478
v -0.02222355455160141 -0.01288472581654787 -0.012981020845472813
v -0.02301165647804737 -0.0036319317296147346 -0.010810964740812778
v -0.02347538061439991 -0.0043717073276638985 -0.010367476381361485
f 8479 8480 8481
v -0.02491040900349617 -0.01364744920283556 -0.010000013746321201
v -0.024721043184399605 -0.01364744920283556 -0.010000013746321201
v -0.02491040900349617 -0.014086690731346607 -0.01005783025175333
f 8482 8483 8484
v -0.02491040900349617 -0.014086690731346607 -0.01005783025175333
v -0.024721043184399605 -0.01364744920283556 -0.010000013746321201
v -0.02469509094953537 -0.013867002911865711 -0.010028892196714878
f 8485 8486 8487
v -0.02491040900349617 -0.014086690731346607 -0.01005783025175333
v -0.02469509094953537 -0.013867002911865711 -0.010028892196714878
v -0.024669161066412926 -0.014086690731346607 -0.01005783025175333
f 8488 8489 8490
v -0.024669161066412926 -0.014086690731346607 -0.01005783025175333
v -0.02469509094953537 -0.013867002911865711 -0.010028892196714878
v -0.02469131164252758 -0.014141221530735493 -0.01003312412649393
f 8491 8492 8493
v -0.02469131164252758 -0.014141221530735493 -0.01003312412649393
v -0.02469509094953537 -0.013867002911865711 -0.010028892196714878
v -0.024721043184399605 -0.01364744920283556 -0.010000013746321201
f 8494 8495 8496
v -0.02469131164252758 -0.014141221530735493 -0.01003312412649393
v -0.024721043184399605 -0.01364744920283556 -0.010000013746321201
v -0.024721043184399605 -0.014320102520287037 -0.010000013746321201
f 8497 8498 8499
v 0.019243543967604637 -0.01388127077370882 -0.010182076133787632
v 0.016644518822431564 -0.012493771500885487 -0.01405590120702982
v 0.018492253497242928 -0.013525073416531086 -0.011222445406019688
f 8500 8501 8502
v 0.018492253497242928 -0.013525073416531086 -0.011222445406019688
v 0.01886754482984543 -0.013803143985569477 -0.010708236135542393
v 0.019243543967604637 -0.01388127077370882 -0.010182076133787632
f 8503 8504 8505
v 0.019243543967604637 -0.01388127077370882 -0.010182076133787632
v 0.01886754482984543 -0.013803143985569477 -0.010708236135542393
v 0.01905844546854496 -0.014020663686096668 -0.010462486185133457
f 8506 8507 8508
v 0.019243543967604637 -0.01388127077370882 -0.010182076133787632
v 0.01905844546854496 -0.014020663686096668 -0.010462486185133457
v 0.019243543967604637 -0.014302370138466358 -0.010237508453428745
f 8509 8510 8511
v 0.019243543967604637 -0.01388127077370882 -0.010182076133787632
v 0.01936686970293522 -0.013810400851070881 -0.010000013746321201
v 0.016644518822431564 -0.012493771500885487 -0.01405590120702982
f 8512 8513 8514
v 0.016644518822431564 -0.012493771500885487 -0.01405590120702982
v 0.01936686970293522 -0.013810400851070881 -0.010000013746321201
v 0.018653003498911858 -0.006046478636562824 -0.010000013746321201
f 8515 8516 8517
v 0.016644518822431564 -0.012493771500885487 -0.01405590120702982
v 0.018653003498911858 -0.006046478636562824 -0.010000013746321201
v 0.018628111109137535 -0.0058184461668133736 -0.010006510652601719
f 8518 8519 8520
v 0.018628111109137535 -0.0058184461668133736 -0.010006510652601719
v 0.018443800508975983 -0.004920748062431812 -0.01016166154295206
v 0.016644518822431564 -0.012493771500885487 -0.01405590120702982
f 8521 8522 8523
v 0.016644518822431564 -0.012493771500885487 -0.01405590120702982
v 0.018443800508975983 -0.004920748062431812 -0.01016166154295206
v 0.018130453303456306 -0.004068349488079548 -0.010523372329771519
f 8524 8525 8526
v 0.016644518822431564 -0.012493771500885487 -0.01405590120702982
v 0.018130453303456306 -0.004068349488079548 -0.010523372329771519
v 0.017720595002174377 -0.003328968770802021 -0.011064850725233555
f 8527 8528 8529
v 0.017720595002174377 -0.003328968770802021 -0.011064850725233555
v 0.017230333760380745 -0.0027211280539631844 -0.011776917614042759
v 0.016644518822431564 -0.012493771500885487 -0.01405590120702982
f 8530 8531 8532
v 0.016644518822431564 -0.012493771500885487 -0.01405590120702982
v 0.017230333760380745 -0.0027211280539631844 -0.011776917614042759
v 0.01672622188925743 -0.0023091183975338936 -0.012574457563459873
f 8533 8534 8535
v 0.016644518822431564 -0.012493771500885487 -0.01405590120702982
v 0.01672622188925743 -0.0023091183975338936 -0.012574457563459873
v 0.015013928525149822 -0.011423294432461262 -0.01699700392782688
f 8536 8537 8538
v 0.015013928525149822 -0.011423294432461262 -0.01699700392782688
v 0.01672622188925743 -0.0023091183975338936 -0.012574457563459873
v 0.016199246048927307 -0.002080698497593403 -0.013477885164320469
f 8539 8540 8541
v 0.015013928525149822 -0.011423294432461262 -0.01699700392782688
v 0.016199246048927307 -0.002080698497593403 -0.013477885164320469
v 0.013600936159491539 -0.010314268060028553 -0.020044052973389626
f 8542 8543 8544
v 0.013600936159491539 -0.010314268060028553 -0.020044052973389626
v 0.016199246048927307 -0.002080698497593403 -0.013477885164320469
v 0.013798694126307964 -0.0014340253546833992 -0.018389875069260597
f 8545 8546 8547
v 0.013600936159491539 -0.010314268060028553 -0.020044052973389626
v 0.013798694126307964 -0.0014340253546833992 -0.018389875069260597
v 0.012410505674779415 -0.009171118028461933 -0.02318483032286167
f 8548 8549 8550
v 0.012410505674779415 -0.009171118028461933 -0.02318483032286167
v 0.013798694126307964 -0.0014340253546833992 -0.018389875069260597
v 0.011736245825886726 -0.0006503062904812396 -0.024342769756913185
f 8551 8552 8553
v 0.01063378993421793 -0.006600637920200825 -0.0302471611648798
v 0.010768946260213852 -0.006878216750919819 -0.029484519734978676
v 0.01063378993421793 1.2400502782838885e-05 -0.029376531019806862
f 8554 8555 8556
v 0.01063378993421793 1.2400502782838885e-05 -0.029376531019806862
v 0.010768946260213852 -0.006878216750919819 -0.029484519734978676
v 0.011455588042736053 -0.008004528470337391 -0.026389995589852333
f 8557 8558 8559
v 0.01063378993421793 1.2400502782838885e-05 -0.029376531019806862
v 0.011455588042736053 -0.008004528470337391 -0.026389995589852333
v 0.011736245825886726 -0.0006503062904812396 -0.024342769756913185
f 8560 8561 8562
v 0.011736245825886726 -0.0006503062904812396 -0.024342769756913185
v 0.011455588042736053 -0.008004528470337391 -0.026389995589852333
v 0.01173466444015503 -0.00837931502610445 -0.02536028064787388
f 8563 8564 8565
v 0.011736245825886726 -0.0006503062904812396 -0.024342769756913185
v 0.01173466444015503 -0.00837931502610445 -0.02536028064787388
v 0.012410505674779415 -0.009171118028461933 -0.02318483032286167
f 8566 8567 8568
v 0.019206229597330093 -0.014302370138466358 -0.010237508453428745
v 0.01936686970293522 -0.014800001867115498 -0.010000013746321201
v 0.019224876537919044 -0.01409177202731371 -0.010209792293608189
f 8569 8570 8571
v 0.019224876537919044 -0.01409177202731371 -0.010209792293608189
v 0.01936686970293522 -0.014800001867115498 -0.010000013746321201
v 0.01936686970293522 -0.013810400851070881 -0.010000013746321201
f 8572 8573 8574
v 0.019224876537919044 -0.01409177202731371 -0.010209792293608189
v 0.01936686970293522 -0.013810400851070881 -0.010000013746321201
v 0.019243543967604637 -0.01388127077370882 -0.010182076133787632
f 8575 8576 8577
v 0.019243543967604637 -0.01388127077370882 -0.010182076133787632
v 0.019243543967604637 -0.014302370138466358 -0.010237508453428745
v 0.019224876537919044 -0.01409177202731371 -0.010209792293608189
f 8578 8579 8580
v 0.019224876537919044 -0.01409177202731371 -0.010209792293608189
v 0.019243543967604637 -0.014302370138466358 -0.010237508453428745
v 0.019206229597330093 -0.014302370138466358 -0.010237508453428745
f 8581 8582 8583
v -0.01025761105120182 0.0015272824093699455 -0.04088320583105087
v -0.010091101750731468 0.0018201200291514397 -0.043107546865940094
v -0.010161234997212887 0.0016735894605517387 -0.04199453443288803
f 8584 8585 8586
v -0.010161234997212887 0.0016735894605517387 -0.04199453443288803
v -0.010091101750731468 0.0018201200291514397 -0.043107546865940094
v -0.010087418369948864 0.0018201200291514397 -0.043107546865940094
f 8587 8588 8589
v -0.010054023936390877 -0.0014823423698544502 -0.044309549033641815
v -0.010091101750731468 0.0018201200291514397 -0.043107546865940094
v -0.01025761105120182 0.0015272824093699455 -0.04088320583105087
f 8590 8591 8592
v -0.010503146797418594 0.0012413812801241875 -0.038711585104465485
v -0.01025761105120182 0.0015272824093699455 -0.04088320583105087
v -0.010261568240821362 0.0016368282958865166 -0.040827713906764984
f 8593 8594 8595
v -0.010261568240821362 0.0016368282958865166 -0.040827713906764984
v -0.01025761105120182 0.0015272824093699455 -0.04088320583105087
v -0.010096995159983635 0.0022764233872294426 -0.04294147342443466
f 8596 8597 8598
v -0.010054023936390877 -0.0014823423698544502 -0.044309549033641815
v -0.01025761105120182 0.0015272824093699455 -0.04088320583105087
v -0.010350276716053486 -0.0028564156964421272 -0.04053393751382828
f 8599 8600 8601
v -0.010350276716053486 -0.0028564156964421272 -0.04053393751382828
v -0.01025761105120182 0.0015272824093699455 -0.04088320583105087
v -0.010503146797418594 0.0012413812801241875 -0.038711585104465485
f 8602 8603 8604
v -0.010350276716053486 -0.0028564156964421272 -0.04053393751382828
v -0.010503146797418594 0.0012413812801241875 -0.038711585104465485
v -0.010806750506162643 -0.004017260856926441 -0.03734492510557175
f 8605 8606 8607
v -0.010806750506162643 -0.004017260856926441 -0.03734492510557175
v -0.010503146797418594 0.0012413812801241875 -0.038711585104465485
v -0.011341758072376251 0.0006103021441958845 -0.03391809016466141
f 8608 8609 8610
v -0.010806750506162643 -0.004017260856926441 -0.03734492510557175
v -0.011341758072376251 0.0006103021441958845 -0.03391809016466141
v -0.011524992063641548 -0.005282421596348286 -0.03386879712343216
f 8611 8612 8613
v -0.011524992063641548 -0.005282421596348286 -0.03386879712343216
v -0.011341758072376251 0.0006103021441958845 -0.03391809016466141
v -0.012527413666248322 1.2400502782838885e-05 -0.029376531019806862
f 8614 8615 8616
v -0.011524992063641548 -0.005282421596348286 -0.03386879712343216
v -0.012527413666248322 1.2400502782838885e-05 -0.029376531019806862
v -0.012527413666248322 -0.006600637920200825 -0.0302471611648798
f 8617 8618 8619
v -0.01400094572454691 0.0008602095185779035 -0.050745658576488495
v -0.010000946000218391 0.0008602095185779035 -0.050745658576488495
v -0.01400094572454691 -0.000673254078719765 -0.0465325191617012
f 8620 8621 8622
v -0.01400094572454691 -0.000673254078719765 -0.0465325191617012
v -0.010000946000218391 0.0008602095185779035 -0.050745658576488495
v -0.010000946000218391 -0.00029979372629895806 -0.04755856841802597
f 8623 8624 8625
v -0.01400094572454691 -0.000673254078719765 -0.0465325191617012
v -0.010000946000218391 -0.00029979372629895806 -0.04755856841802597
v -0.014249853789806366 -0.002502051182091236 -0.04150792211294174
f 8626 8627 8628
v -0.014249853789806366 -0.002502051182091236 -0.04150792211294174
v -0.010000946000218391 -0.00029979372629895806 -0.04755856841802597
v -0.010096995159983635 -0.0014823423698544502 -0.044309549033641815
f 8629 8630 8631
v -0.014249853789806366 -0.002502051182091236 -0.04150792211294174
v -0.010096995159983635 -0.0014823423698544502 -0.044309549033641815
v -0.014367688447237015 -0.002892625518143177 -0.04043484479188919
f 8632 8633 8634
v -0.028710495680570602 -0.013715368695557117 -0.010699593462049961
v -0.02569354884326458 -0.01249889750033617 -0.014041834510862827
v -0.02862081117928028 -0.013753158040344715 -0.01059576217085123
f 8635 8636 8637
v -0.02862081117928028 -0.013753158040344715 -0.01059576217085123
v -0.02569354884326458 -0.01249889750033617 -0.014041834510862827
v -0.01995810866355896 -0.0118397893384099 -0.01585196889936924
f 8638 8639 8640
v -0.02862081117928028 -0.013753158040344715 -0.01059576217085123
v -0.01995810866355896 -0.0118397893384099 -0.01585196889936924
v -0.028529949486255646 -0.013788011856377125 -0.010500007309019566
f 8641 8642 8643
v -0.028529949486255646 -0.013788011856377125 -0.010500007309019566
v -0.01995810866355896 -0.0118397893384099 -0.01585196889936924
v -0.021314943209290504 -0.012483355589210987 -0.014083647169172764
f 8644 8645 8646
v -0.028529949486255646 -0.013788011856377125 -0.010500007309019566
v -0.021314943209290504 -0.012483355589210987 -0.014083647169172764
v -0.028447309508919716 -0.013833743520081043 -0.010374301113188267
f 8647 8648 8649
v -0.028447309508919716 -0.013833743520081043 -0.010374301113188267
v -0.021314943209290504 -0.012483355589210987 -0.014083647169172764
v -0.02222355455160141 -0.01288472581654787 -0.012981020845472813
f 8650 8651 8652
v -0.028447309508919716 -0.013833743520081043 -0.010374301113188267
v -0.02222355455160141 -0.01288472581654787 -0.012981020845472813
v -0.028442220762372017 -0.013850254006683826 -0.01032900158315897
f 8653 8654 8655
v -0.028442220762372017 -0.013850254006683826 -0.01032900158315897
v -0.02222355455160141 -0.01288472581654787 -0.012981020845472813
v -0.02462862804532051 -0.013850254006683826 -0.01032900158315897
f 8656 8657 8658
v -0.02569354884326458 -0.01249889750033617 -0.014041834510862827
v -0.024646900594234467 -0.012021494098007679 -0.015353464521467686
v -0.01995810866355896 -0.0118397893384099 -0.01585196889936924
f 8659 8660 8661
v -0.01995810866355896 -0.0118397893384099 -0.01585196889936924
v -0.024646900594234467 -0.012021494098007679 -0.015353464521467686
v -0.02268635667860508 -0.011031200177967548 -0.018074283376336098
f 8662 8663 8664
v -0.01995810866355896 -0.0118397893384099 -0.01585196889936924
v -0.02268635667860508 -0.011031200177967548 -0.018074283376336098
v -0.017904317006468773 -0.010743622668087482 -0.018864313140511513
f 8665 8666 8667
v -0.017904317006468773 -0.010743622668087482 -0.018864313140511513
v -0.02268635667860508 -0.011031200177967548 -0.018074283376336098
v -0.02160543017089367 -0.010420595295727253 -0.019751915708184242
f 8668 8669 8670
v -0.017904317006468773 -0.010743622668087482 -0.018864313140511513
v -0.02160543017089367 -0.010420595295727253 -0.019751915708184242
v -0.01622546836733818 -0.009704423137009144 -0.021719330921769142
f 8671 8672 8673
v -0.01622546836733818 -0.009704423137009144 -0.021719330921769142
v -0.02160543017089367 -0.010420595295727253 -0.019751915708184242
v -0.020087698474526405 -0.009463523514568806 -0.02238144911825657
f 8674 8675 8676
v -0.01622546836733818 -0.009704423137009144 -0.021719330921769142
v -0.020087698474526405 -0.009463523514568806 -0.02238144911825657
v -0.014617803506553173 -0.0085375951603055 -0.024924779310822487
f 8677 8678 8679
v -0.010096995159983635 -0.0014823423698544502 -0.044309549033641815
v -0.010054023936390877 -0.0014823423698544502 -0.044309549033641815
v -0.014367688447237015 -0.002892625518143177 -0.04043484479188919
f 8680 8681 8682
v -0.014367688447237015 -0.002892625518143177 -0.04043484479188919
v -0.010054023936390877 -0.0014823423698544502 -0.044309549033641815
v -0.010350276716053486 -0.0028564156964421272 -0.04053393751382828
f 8683 8684 8685
v -0.014367688447237015 -0.002892625518143177 -0.04043484479188919
v -0.010350276716053486 -0.0028564156964421272 -0.04053393751382828
v -0.014991611242294312 -0.004313175566494465 -0.036531902849674225
f 8686 8687 8688
v -0.014991611242294312 -0.004313175566494465 -0.036531902849674225
v -0.010350276716053486 -0.0028564156964421272 -0.04053393751382828
v -0.010806750506162643 -0.004017260856926441 -0.03734492510557175
f 8689 8690 8691
v -0.014991611242294312 -0.004313175566494465 -0.036531902849674225
v -0.010806750506162643 -0.004017260856926441 -0.03734492510557175
v -0.015462479554116726 -0.005085413344204426 -0.034410201013088226
f 8692 8693 8694
v -0.015462479554116726 -0.005085413344204426 -0.034410201013088226
v -0.010806750506162643 -0.004017260856926441 -0.03734492510557175
v -0.011524992063641548 -0.005282421596348286 -0.03386879712343216
f 8695 8696 8697
v -0.015462479554116726 -0.005085413344204426 -0.034410201013088226
v -0.011524992063641548 -0.005282421596348286 -0.03386879712343216
v -0.016218775883316994 -0.00608875323086977 -0.031653545796871185
f 8698 8699 8700
v -0.016218775883316994 -0.00608875323086977 -0.031653545796871185
v -0.011524992063641548 -0.005282421596348286 -0.03386879712343216
v -0.012527413666248322 -0.006600637920200825 -0.0302471611648798
f 8701 8702 8703
v -0.016218775883316994 -0.00608875323086977 -0.031653545796871185
v -0.012527413666248322 -0.006600637920200825 -0.0302471611648798
v -0.016748374328017235 -0.006684479303658009 -0.030016804113984108
f 8704 8705 8706
v -0.016748374328017235 -0.006684479303658009 -0.030016804113984108
v -0.012527413666248322 -0.006600637920200825 -0.0302471611648798
v -0.013193774037063122 -0.007290673442184925 -0.02835116721689701
f 8707 8708 8709
v -0.016748374328017235 -0.006684479303658009 -0.030016804113984108
v -0.013193774037063122 -0.007290673442184925 -0.02835116721689701
v -0.017923330888152122 -0.007810984738171101 -0.02692175842821598
f 8710 8711 8712
v -0.017923330888152122 -0.007810984738171101 -0.02692175842821598
v -0.013193774037063122 -0.007290673442184925 -0.02835116721689701
v -0.014617803506553173 -0.0085375951603055 -0.024924779310822487
f 8713 8714 8715
v -0.017923330888152122 -0.007810984738171101 -0.02692175842821598
v -0.014617803506553173 -0.0085375951603055 -0.024924779310822487
v -0.01871432363986969 -0.008464758284389973 -0.025125542655587196
f 8716 8717 8718
v -0.01871432363986969 -0.008464758284389973 -0.025125542655587196
v -0.014617803506553173 -0.0085375951603055 -0.024924779310822487
v -0.020087698474526405 -0.009463523514568806 -0.02238144911825657
f 8719 8720 8721
v 0.009999054484069347 0.0022764233872294426 -0.04294147342443466
v -0.010096995159983635 0.0022764233872294426 -0.04294147342443466
v -0.010000946000218391 0.0034589720889925957 -0.04619049280881882
f 8722 8723 8724
v 0.009999054484069347 0.0022764233872294426 -0.04294147342443466
v -0.010000946000218391 0.0034589720889925957 -0.04619049280881882
v 0.009999054484069347 0.005209493450820446 -0.05100000649690628
f 8725 8726 8727
v 0.009999054484069347 0.005209493450820446 -0.05100000649690628
v -0.010000946000218391 0.0034589720889925957 -0.04619049280881882
v -0.010000946000218391 0.005209493450820446 -0.05099999159574509
f 8728 8729 8730
v 0.009999054484069347 0.005209493450820446 -0.05100000649690628
v -0.010000946000218391 0.005209493450820446 -0.05099999159574509
v -0.009856238961219788 0.0066487742587924 -0.05495438724756241
f 8731 8732 8733
v 0.006122322753071785 0.01212229859083891 -0.06999277323484421
v -0.009090856648981571 0.008772502653300762 -0.06078929454088211
v -0.007776930928230286 0.010638224892318249 -0.06591532379388809
f 8734 8735 8736
v 0.006122322753071785 0.01212229859083891 -0.06999277323484421
v 0.007245978340506554 0.011188159696757793 -0.06742624193429947
v -0.009090856648981571 0.008772502653300762 -0.06078929454088211
f 8737 8738 8739
v -0.009090856648981571 0.008772502653300762 -0.06078929454088211
v 0.007245978340506554 0.011188159696757793 -0.06742624193429947
v 0.008637355640530586 0.009546990506350994 -0.06291718035936356
f 8740 8741 8742
v -0.009090856648981571 0.008772502653300762 -0.06078929454088211
v 0.008637355640530586 0.009546990506350994 -0.06291718035936356
v -0.009856238961219788 0.0066487742587924 -0.05495438724756241
f 8743 8744 8745
v -0.009856238961219788 0.0066487742587924 -0.05495438724756241
v 0.008637355640530586 0.009546990506350994 -0.06291718035936356
v 0.00962866935878992 0.007510597817599773 -0.057322241365909576
f 8746 8747 8748
v -0.009856238961219788 0.0066487742587924 -0.05495438724756241
v 0.00962866935878992 0.007510597817599773 -0.057322241365909576
v 0.009999054484069347 0.005209493450820446 -0.05100000649690628
f 8749 8750 8751
v -0.00025018994347192347 0.01430430542677641 -0.0759877935051918
v 0.001024985103867948 0.0142367510125041 -0.07580218464136124
v -0.0015100239543244243 0.014155778102576733 -0.07557971030473709
f 8752 8753 8754
v -0.0015100239543244243 0.014155778102576733 -0.07557971030473709
v 0.001024985103867948 0.0142367510125041 -0.07580218464136124
v 0.0026721719186753035 0.013856607489287853 -0.07475776225328445
f 8755 8756 8757
v -0.0015100239543244243 0.014155778102576733 -0.07557971030473709
v 0.0026721719186753035 0.013856607489287853 -0.07475776225328445
v -0.0029822310898452997 0.013754579238593578 -0.07447744160890579
f 8758 8759 8760
v -0.0029822310898452997 0.013754579238593578 -0.07447744160890579
v 0.0026721719186753035 0.013856607489287853 -0.07475776225328445
v 0.0045272731222212315 0.013099919073283672 -0.07267876714468002
f 8761 8762 8763
v -0.0029822310898452997 0.013754579238593578 -0.07447744160890579
v 0.0045272731222212315 0.013099919073283672 -0.07267876714468002
v -0.004474967252463102 0.013126048259437084 -0.07275056093931198
f 8764 8765 8766
v -0.004474967252463102 0.013126048259437084 -0.07275056093931198
v 0.0045272731222212315 0.013099919073283672 -0.07267876714468002
v 0.006122322753071785 0.01212229859083891 -0.06999277323484421
f 8767 8768 8769
v -0.004474967252463102 0.013126048259437084 -0.07275056093931198
v 0.006122322753071785 0.01212229859083891 -0.06999277323484421
v -0.006107404828071594 0.012136097066104412 -0.07003069669008255
f 8770 8771 8772
v -0.006107404828071594 0.012136097066104412 -0.07003069669008255
v 0.006122322753071785 0.01212229859083891 -0.06999277323484421
v -0.007776930928230286 0.010638224892318249 -0.06591532379388809
f 8773 8774 8775
v -0.00977782066911459 0.0038068993017077446 -0.057064853608608246
v -0.013736097142100334 0.0038068993017077446 -0.057064853608608246
v -0.009484870359301567 0.005167814902961254 -0.05942203849554062
f 8776 8777 8778
v -0.009484870359301567 0.005167814902961254 -0.05942203849554062
v -0.013736097142100334 0.0038068993017077446 -0.057064853608608246
v -0.013456262648105621 0.0051795123144984245 -0.05944228917360306
f 8779 8780 8781
v -0.009484870359301567 0.005167814902961254 -0.05942203849554062
v -0.013456262648105621 0.0051795123144984245 -0.05944228917360306
v -0.00909087061882019 0.006446043960750103 -0.061635978519916534
f 8782 8783 8784
v -0.00909087061882019 0.006446043960750103 -0.061635978519916534
v -0.013456262648105621 0.0051795123144984245 -0.05944228917360306
v -0.013078877702355385 0.006520154885947704 -0.061764366924762726
f 8785 8786 8787
v -0.00909087061882019 0.006446043960750103 -0.061635978519916534
v -0.013078877702355385 0.006520154885947704 -0.061764366924762726
v -0.009064272046089172 0.006520154885947704 -0.061764366924762726
f 8788 8789 8790
v 0.008032392710447311 0.011271449737250805 -0.0748184397816658
v 0.0034729442559182644 0.011271449737250805 -0.0748184397816658
v 0.006490567699074745 0.01161802839487791 -0.07678397744894028
f 8791 8792 8793
v 0.006490567699074745 0.01161802839487791 -0.07678397744894028
v 0.0034729442559182644 0.011271449737250805 -0.0748184397816658
v 0.002811446087434888 0.01139512937515974 -0.07551459223031998
f 8794 8795 8796
v 0.006490567699074745 0.01161802839487791 -0.07678397744894028
v 0.002811446087434888 0.01139512937515974 -0.07551459223031998
v 0.0057500265538692474 0.011751833371818066 -0.07754283398389816
f 8797 8798 8799
v 0.0057500265538692474 0.011751833371818066 -0.07754283398389816
v 0.002811446087434888 0.01139512937515974 -0.07551459223031998
v 0.00464877812191844 0.011916267685592175 -0.07847534865140915
f 8800 8801 8802
v 0.00464877812191844 0.011916267685592175 -0.07847534865140915
v 0.002811446087434888 0.01139512937515974 -0.07551459223031998
v 0.0026724825147539377 0.01141840498894453 -0.07564490288496017
f 8803 8804 8805
v 0.00464877812191844 0.011916267685592175 -0.07847534865140915
v 0.0026724825147539377 0.01141840498894453 -0.07564490288496017
v 0.0037521685007959604 0.012021916918456554 -0.07907453924417496
f 8806 8807 8808
v 0.0037521685007959604 0.012021916918456554 -0.07907453924417496
v 0.0026724825147539377 0.01141840498894453 -0.07564490288496017
v 0.001820663921535015 0.011538754217326641 -0.07632295042276382
f 8809 8810 8811
v 0.0037521685007959604 0.012021916918456554 -0.07907453924417496
v 0.001820663921535015 0.011538754217326641 -0.07632295042276382
v 0.0024609153624624014 0.012133072130382061 -0.07970493286848068
f 8812 8813 8814
v 0.0024609153624624014 0.012133072130382061 -0.07970493286848068
v 0.001820663921535015 0.011538754217326641 -0.07632295042276382
v 0.0010250911582261324 0.011614355258643627 -0.07675660401582718
f 8815 8816 8817
v 0.0024609153624624014 0.012133072130382061 -0.07970493286848068
v 0.0010250911582261324 0.011614355258643627 -0.07675660401582718
v 0.001760508748702705 0.012173610739409924 -0.07993484288454056
f 8818 8819 8820
v 0.001760508748702705 0.012173610739409924 -0.07993484288454056
v 0.0010250911582261324 0.011614355258643627 -0.07675660401582718
v 0.0009796962840482593 0.01161752175539732 -0.07677506655454636
f 8821 8822 8823
v 0.001760508748702705 0.012173610739409924 -0.07993484288454056
v 0.0009796962840482593 0.01161752175539732 -0.07677506655454636
v -2.56876728599309e-06 0.012215125374495983 -0.08017029613256454
f 8824 8825 8826
v -2.56876728599309e-06 0.012215125374495983 -0.08017029613256454
v 0.0009796962840482593 0.01161752175539732 -0.07677506655454636
v 0.00024443314759992063 0.011648948304355145 -0.07695946842432022
f 8827 8828 8829
v -2.56876728599309e-06 0.012215125374495983 -0.08017029613256454
v 0.00024443314759992063 0.011648948304355145 -0.07695946842432022
v -0.0004294801037758589 0.01221283059567213 -0.08015724271535873
f 8830 8831 8832
v -0.0004294801037758589 0.01221283059567213 -0.08015724271535873
v 0.00024443314759992063 0.011648948304355145 -0.07695946842432022
v -0.00025025528157129884 0.011648240499198437 -0.07695450633764267
f 8833 8834 8835
v -0.0004294801037758589 0.01221283059567213 -0.08015724271535873
v -0.00025025528157129884 0.011648240499198437 -0.07695450633764267
v -0.0012573575368151069 0.012194628827273846 -0.08005402237176895
f 8836 8837 8838
v -0.0012573575368151069 0.012194628827273846 -0.08005402237176895
v -0.00025025528157129884 0.011648240499198437 -0.07695450633764267
v -0.0005463187699206173 0.011640298180282116 -0.0769071951508522
f 8839 8840 8841
v -0.0012573575368151069 0.012194628827273846 -0.08005402237176895
v -0.0005463187699206173 0.011640298180282116 -0.0769071951508522
v -0.002573050558567047 0.012126031331717968 -0.07966499775648117
f 8842 8843 8844
v -0.002573050558567047 0.012126031331717968 -0.07966499775648117
v -0.0005463187699206173 0.011640298180282116 -0.0769071951508522
v -0.0014059426030144095 0.011581758968532085 -0.07657819241285324
f 8845 8846 8847
v -0.002573050558567047 0.012126031331717968 -0.07966499775648117
v -0.0014059426030144095 0.011581758968532085 -0.07657819241285324
v -0.003600412979722023 0.012038144282996655 -0.07916656881570816
f 8848 8849 8850
v -0.003600412979722023 0.012038144282996655 -0.07916656881570816
v -0.0014059426030144095 0.011581758968532085 -0.07657819241285324
v -0.0015104039339348674 0.011571603827178478 -0.07652004808187485
f 8851 8852 8853
v -0.003600412979722023 0.012038144282996655 -0.07916656881570816
v -0.0015104039339348674 0.011571603827178478 -0.07652004808187485
v -0.00449815858155489 0.0119363097473979 -0.0785890445113182
f 8854 8855 8856
v -0.00449815858155489 0.0119363097473979 -0.0785890445113182
v -0.0015104039339348674 0.011571603827178478 -0.07652004808187485
v -0.002373841591179371 0.011465209536254406 -0.07591084390878677
f 8857 8858 8859
v -0.00449815858155489 0.0119363097473979 -0.0785890445113182
v -0.002373841591179371 0.011465209536254406 -0.07591084390878677
v -0.004650879185646772 0.011916573159396648 -0.07847710698843002
f 8860 8861 8862
v -0.004650879185646772 0.011916573159396648 -0.07847710698843002
v -0.002373841591179371 0.011465209536254406 -0.07591084390878677
v -0.002983268117532134 0.011364969424903393 -0.07534606009721756
f 8863 8864 8865
v -0.004650879185646772 0.011916573159396648 -0.07847710698843002
v -0.002983268117532134 0.011364969424903393 -0.07534606009721756
v -0.006363404914736748 0.01164292823523283 -0.07692519575357437
f 8866 8867 8868
v -0.006363404914736748 0.01164292823523283 -0.07692519575357437
v -0.002983268117532134 0.011364969424903393 -0.07534606009721756
v -0.003468808950856328 0.011271449737250805 -0.0748184397816658
f 8869 8870 8871
v -0.006363404914736748 0.01164292823523283 -0.07692519575357437
v -0.003468808950856328 0.011271449737250805 -0.0748184397816658
v -0.008034257218241692 0.011271449737250805 -0.0748184397816658
f 8872 8873 8874
v -0.010715587064623833 0.018361428752541542 -0.06954286247491837
v -9.352456231681572e-07 0.018361428752541542 -0.06954286247491837
v -0.009915914386510849 0.018361428752541542 -0.07135175913572311
f 8875 8876 8877
v -0.009915914386510849 0.018361428752541542 -0.07135175913572311
v -9.352456231681572e-07 0.018361428752541542 -0.06954286247491837
v -0.0086460430175066 0.018361428752541542 -0.07369645684957504
f 8878 8879 8880
v -9.352456231681572e-07 0.018361428752541542 -0.06954286247491837
v -0.004723455291241407 0.018361428752541542 -0.07824770361185074
v -0.005343633703887463 0.018361428752541542 -0.07774022966623306
f 8881 8882 8883
v 0.0014909259043633938 0.018361428752541542 -0.07982753962278366
v 0.0009851427748799324 0.018361428752541542 -0.07992475479841232
v -9.352456231681572e-07 0.018361428752541542 -0.06954286247491837
f 8884 8885 8886
v -9.352456231681572e-07 0.018361428752541542 -0.06954286247491837
v 0.0009851427748799324 0.018361428752541542 -0.07992475479841232
v -0.0006641476647928357 0.018361428752541542 -0.07996615022420883
f 8887 8888 8889
v -9.352456231681572e-07 0.018361428752541542 -0.06954286247491837
v -0.0006641476647928357 0.018361428752541542 -0.07996615022420883
v -0.0009845599997788668 0.018361428752541542 -0.07992494851350784
f 8890 8891 8892
v -0.005343633703887463 0.018361428752541542 -0.07774022966623306
v -0.0067383237183094025 0.018361428752541542 -0.07633418589830399
v -9.352456231681572e-07 0.018361428752541542 -0.06954286247491837
f 8893 8894 8895
v -9.352456231681572e-07 0.018361428752541542 -0.06954286247491837
v -0.0067383237183094025 0.018361428752541542 -0.07633418589830399
v -0.00794617272913456 0.018361428752541542 -0.07477415353059769
f 8896 8897 8898
v -9.352456231681572e-07 0.018361428752541542 -0.06954286247491837
v -0.00794617272913456 0.018361428752541542 -0.07477415353059769
v -0.0086460430175066 0.018361428752541542 -0.07369645684957504
f 8899 8900 8901
v 0.010713716968894005 0.018361428752541542 -0.06954286247491837
v 0.009641834534704685 0.018361428752541542 -0.07190456241369247
v -9.352456231681572e-07 0.018361428752541542 -0.06954286247491837
f 8902 8903 8904
v -9.352456231681572e-07 0.018361428752541542 -0.06954286247491837
v 0.009641834534704685 0.018361428752541542 -0.07190456241369247
v 0.008998041041195393 0.018361428752541542 -0.07309914380311966
f 8905 8906 8907
v -9.352456231681572e-07 0.018361428752541542 -0.06954286247491837
v 0.008998041041195393 0.018361428752541542 -0.07309914380311966
v 0.007574232295155525 0.018361428752541542 -0.0752900168299675
f 8908 8909 8910
v -0.0009845599997788668 0.018361428752541542 -0.07992494851350784
v -0.0027198910247534513 0.018361428752541542 -0.07942918688058853
v -9.352456231681572e-07 0.018361428752541542 -0.06954286247491837
f 8911 8912 8913
v -9.352456231681572e-07 0.018361428752541542 -0.06954286247491837
v -0.0027198910247534513 0.018361428752541542 -0.07942918688058853
v -0.0037466096691787243 0.018361428752541542 -0.07890883833169937
f 8914 8915 8916
v -9.352456231681572e-07 0.018361428752541542 -0.06954286247491837
v -0.0037466096691787243 0.018361428752541542 -0.07890883833169937
v -0.004723455291241407 0.018361428752541542 -0.07824770361185074
f 8917 8918 8919
v 0.007574232295155525 0.018361428752541542 -0.0752900168299675
v 0.006734935566782951 0.018361428752541542 -0.07633595913648605
v -9.352456231681572e-07 0.018361428752541542 -0.06954286247491837
f 8920 8921 8922
v -9.352456231681572e-07 0.018361428752541542 -0.06954286247491837
v 0.006734935566782951 0.018361428752541542 -0.07633595913648605
v 0.005424367263913155 0.018361428752541542 -0.07766788452863693
f 8923 8924 8925
v -9.352456231681572e-07 0.018361428752541542 -0.06954286247491837
v 0.005424367263913155 0.018361428752541542 -0.07766788452863693
v 0.0053444309160113335 0.018361428752541542 -0.07773838192224503
f 8926 8927 8928
v 0.0053444309160113335 0.018361428752541542 -0.07773838192224503
v 0.003516278462484479 0.018361428752541542 -0.0790373906493187
v -9.352456231681572e-07 0.018361428752541542 -0.06954286247491837
f 8929 8930 8931
v -9.352456231681572e-07 0.018361428752541542 -0.06954286247491837
v 0.003516278462484479 0.018361428752541542 -0.0790373906493187
v 0.001948631601408124 0.018361428752541542 -0.07970581203699112
f 8932 8933 8934
v -9.352456231681572e-07 0.018361428752541542 -0.06954286247491837
v 0.001948631601408124 0.018361428752541542 -0.07970581203699112
v 0.0014909259043633938 0.018361428752541542 -0.07982753962278366
f 8935 8936 8937
v 0.03049902617931366 0.003729480318725109 -0.010000013746321201
v 0.03049902617931366 0.011800001375377178 -0.010000013746321201
v 0.03049902617931366 0.011800001375377178 -0.004999988712370396
f 8938 8939 8940
v 0.03049902617931366 0.003729480318725109 -0.010000013746321201
v 0.03049902617931366 0.011800001375377178 -0.004999988712370396
v 0.030498981475830078 -0.010342028923332691 -0.010000013746321201
f 8941 8942 8943
v 0.030498981475830078 -0.010342028923332691 -0.010000013746321201
v 0.03049902617931366 0.011800001375377178 -0.004999988712370396
v 0.03049902617931366 -0.011800003238022327 -0.004999988712370396
f 8944 8945 8946
v 0.030498981475830078 -0.010342028923332691 -0.010000013746321201
v 0.03049902617931366 -0.011800003238022327 -0.004999988712370396
v 0.03049902617931366 -0.011800003238022327 -0.010000013746321201
f 8947 8948 8949
v -0.030500972643494606 -0.011800003238022327 -0.010000013746321201
v -0.030500972643494606 -0.011800003238022327 -0.004999988712370396
v -0.030500972643494606 0.003755795769393444 -0.010000013746321201
f 8950 8951 8952
v -0.030500972643494606 0.003755795769393444 -0.010000013746321201
v -0.030500972643494606 -0.011800003238022327 -0.004999988712370396
v -0.030500972643494606 0.011800001375377178 -0.004999988712370396
f 8953 8954 8955
v -0.030500972643494606 0.003755795769393444 -0.010000013746321201
v -0.030500972643494606 0.011800001375377178 -0.004999988712370396
v -0.030500972643494606 0.011800001375377178 -0.010000013746321201
f 8956 8957 8958
v 0.014099027030169964 0.014800000004470348 -0.004999988712370396
v 0.014099027030169964 -0.014800001867115498 -0.004999988712370396
v 0.02749902755022049 0.014800000004470348 -0.004999988712370396
f 8959 8960 8961
v 0.02749902755022049 0.014800000004470348 -0.004999988712370396
v 0.014099027030169964 -0.014800001867115498 -0.004999988712370396
v 0.02749902755022049 -0.014800001867115498 -0.004999988712370396
f 8962 8963 8964
v 0.030097102746367455 0.013299996964633465 -0.004999988712370396
v 0.028999026864767075 0.014398078434169292 -0.004999988712370396
v 0.03049902617931366 0.011800001375377178 -0.004999988712370396
f 8965 8966 8967
v 0.03049902617931366 0.011800001375377178 -0.004999988712370396
v 0.028999026864767075 0.014398078434169292 -0.004999988712370396
v 0.02749902755022049 0.014800000004470348 -0.004999988712370396
f 8968 8969 8970
v 0.03049902617931366 0.011800001375377178 -0.004999988712370396
v 0.02749902755022049 0.014800000004470348 -0.004999988712370396
v 0.03049902617931366 -0.011800003238022327 -0.004999988712370396
f 8971 8972 8973
v 0.03049902617931366 -0.011800003238022327 -0.004999988712370396
v 0.02749902755022049 0.014800000004470348 -0.004999988712370396
v 0.02749902755022049 -0.014800001867115498 -0.004999988712370396
f 8974 8975 8976
v 0.03049902617931366 -0.011800003238022327 -0.004999988712370396
v 0.02749902755022049 -0.014800001867115498 -0.004999988712370396
v 0.030097102746367455 -0.013299998827278614 -0.004999988712370396
f 8977 8978 8979
v 0.030097102746367455 -0.013299998827278614 -0.004999988712370396
v 0.02749902755022049 -0.014800001867115498 -0.004999988712370396
v 0.028999026864767075 -0.014398072846233845 -0.004999988712370396
f 8980 8981 8982
v -0.006171859335154295 0.011859933845698833 -0.004999988712370396
v -0.00584359560161829 0.01117828767746687 -0.004999988712370396
v 0.010099027305841446 0.014800000004470348 -0.004999988712370396
f 8983 8984 8985
v 0.008828140795230865 -0.009740066714584827 -0.004999988712370396
v 0.009156404063105583 -0.010421712882816792 -0.004999988712370396
v 0.00897127017378807 0.009949999861419201 -0.004999988712370396
f 8986 8987 8988
v 0.00897127017378807 0.009949999861419201 -0.004999988712370396
v 0.009156404063105583 -0.010421712882816792 -0.004999988712370396
v 0.009199026972055435 0.010799999348819256 -0.004999988712370396
f 8989 8990 8991
v 0.005799027159810066 -0.010800001211464405 -0.004999988712370396
v 0.006026783958077431 -0.00995000172406435 -0.004999988712370396
v -0.00584359560161829 -0.010421712882816792 -0.004999988712370396
f 8992 8993 8994
v 0.010099027305841446 0.014800000004470348 -0.004999988712370396
v 0.008349026553332806 0.012272241525352001 -0.004999988712370396
v 0.00897127017378807 0.01164999883621931 -0.004999988712370396
f 8995 8996 8997
v 0.008828140795230865 -0.011859935708343983 -0.004999988712370396
v 0.008236628957092762 -0.012331646867096424 -0.004999988712370396
v 0.010099027305841446 -0.014800001867115498 -0.004999988712370396
f 8998 8999 9000
v 0.010099027305841446 -0.014800001867115498 -0.004999988712370396
v 0.008236628957092762 -0.012331646867096424 -0.004999988712370396
v 0.007499027065932751 -0.012500000186264515 -0.004999988712370396
f 9001 9002 9003
v 0.010099027305841446 -0.014800001867115498 -0.004999988712370396
v 0.007499027065932751 -0.012500000186264515 -0.004999988712370396
v -0.027500972151756287 -0.014800001867115498 -0.004999988712370396
f 9004 9005 9006
v -0.027500972151756287 -0.014800001867115498 -0.004999988712370396
v 0.007499027065932751 -0.012500000186264515 -0.004999988712370396
v 0.0066490271128714085 -0.01227224338799715 -0.004999988712370396
f 9007 9008 9009
v -0.027500972151756287 -0.014800001867115498 -0.004999988712370396
v 0.0066490271128714085 -0.01227224338799715 -0.004999988712370396
v 0.006026783958077431 -0.01165000069886446 -0.004999988712370396
f 9010 9011 9012
v -0.027500972151756287 0.014800000004470348 -0.004999988712370396
v -0.028649022802710533 0.014571639709174633 -0.004999988712370396
v -0.029622294008731842 0.013921323232352734 -0.004999988712370396
f 9013 9014 9015
v -0.008973215706646442 0.01164999883621931 -0.004999988712370396
v -0.008350973017513752 0.012272241525352001 -0.004999988712370396
v -0.027500972151756287 0.014800000004470348 -0.004999988712370396
f 9016 9017 9018
v -0.027500972151756287 0.014800000004470348 -0.004999988712370396
v -0.008350973017513752 0.012272241525352001 -0.004999988712370396
v -0.00750097306445241 0.012499998323619366 -0.004999988712370396
f 9019 9020 9021
v -0.027500972151756287 0.014800000004470348 -0.004999988712370396
v -0.00750097306445241 0.012499998323619366 -0.004999988712370396
v 0.010099027305841446 0.014800000004470348 -0.004999988712370396
f 9022 9023 9024
v 0.010099027305841446 0.014800000004470348 -0.004999988712370396
v -0.00750097306445241 0.012499998323619366 -0.004999988712370396
v -0.006763370707631111 0.012331645004451275 -0.004999988712370396
f 9025 9026 9027
v 0.010099027305841446 0.014800000004470348 -0.004999988712370396
v -0.006763370707631111 0.012331645004451275 -0.004999988712370396
v -0.006171859335154295 0.011859933845698833 -0.004999988712370396
f 9028 9029 9030
v -0.00750097306445241 -0.009100002236664295 -0.004999988712370396
v -0.006763370707631111 -0.009268355555832386 -0.004999988712370396
v 0.00897127017378807 0.009949999861419201 -0.004999988712370396
f 9031 9032 9033
v 0.00897127017378807 0.009949999861419201 -0.004999988712370396
v -0.006763370707631111 -0.009268355555832386 -0.004999988712370396
v -0.006171859335154295 -0.009740066714584827 -0.004999988712370396
f 9034 9035 9036
v 0.00897127017378807 0.009949999861419201 -0.004999988712370396
v -0.006171859335154295 -0.009740066714584827 -0.004999988712370396
v -0.00584359560161829 -0.010421712882816792 -0.004999988712370396
f 9037 9038 9039
v 0.00897127017378807 0.01164999883621931 -0.004999988712370396
v 0.009199026972055435 0.010799999348819256 -0.004999988712370396
v 0.010099027305841446 0.014800000004470348 -0.004999988712370396
f 9040 9041 9042
v 0.010099027305841446 0.014800000004470348 -0.004999988712370396
v 0.009199026972055435 0.010799999348819256 -0.004999988712370396
v 0.009156404063105583 -0.010421712882816792 -0.004999988712370396
f 9043 9044 9045
v 0.010099027305841446 0.014800000004470348 -0.004999988712370396
v 0.009156404063105583 -0.010421712882816792 -0.004999988712370396
v 0.010099027305841446 -0.014800001867115498 -0.004999988712370396
f 9046 9047 9048
v 0.010099027305841446 -0.014800001867115498 -0.004999988712370396
v 0.009156404063105583 -0.010421712882816792 -0.004999988712370396
v 0.009156404063105583 -0.011178282089531422 -0.004999988712370396
f 9049 9050 9051
v 0.010099027305841446 -0.014800001867115498 -0.004999988712370396
v 0.009156404063105583 -0.011178282089531422 -0.004999988712370396
v 0.008828140795230865 -0.011859935708343983 -0.004999988712370396
f 9052 9053 9054
v -0.030315546318888664 -0.012838353402912617 -0.004999988712370396
v -0.029622294008731842 -0.013921317644417286 -0.004999988712370396
v -0.030500972643494606 -0.011800003238022327 -0.004999988712370396
f 9055 9056 9057
v -0.030500972643494606 -0.011800003238022327 -0.004999988712370396
v -0.029622294008731842 -0.013921317644417286 -0.004999988712370396
v -0.028539324179291725 -0.014614571817219257 -0.004999988712370396
f 9058 9059 9060
v -0.030500972643494606 -0.011800003238022327 -0.004999988712370396
v -0.028539324179291725 -0.014614571817219257 -0.004999988712370396
v -0.027500972151756287 -0.014800001867115498 -0.004999988712370396
f 9061 9062 9063
v -0.008973215706646442 -0.00995000172406435 -0.004999988712370396
v -0.030500972643494606 -0.011800003238022327 -0.004999988712370396
v -0.009200973436236382 -0.010800001211464405 -0.004999988712370396
f 9064 9065 9066
v -0.009200973436236382 -0.010800001211464405 -0.004999988712370396
v -0.030500972643494606 -0.011800003238022327 -0.004999988712370396
v -0.027500972151756287 -0.014800001867115498 -0.004999988712370396
f 9067 9068 9069
v -0.009200973436236382 -0.010800001211464405 -0.004999988712370396
v -0.027500972151756287 -0.014800001867115498 -0.004999988712370396
v -0.008973215706646442 -0.01165000069886446 -0.004999988712370396
f 9070 9071 9072
v -0.009200973436236382 0.010799999348819256 -0.004999988712370396
v -0.008973215706646442 0.01164999883621931 -0.004999988712370396
v -0.030500972643494606 0.011800001375377178 -0.004999988712370396
f 9073 9074 9075
v -0.030500972643494606 0.011800001375377178 -0.004999988712370396
v -0.008973215706646442 0.01164999883621931 -0.004999988712370396
v -0.027500972151756287 0.014800000004470348 -0.004999988712370396
f 9076 9077 9078
v -0.030500972643494606 0.011800001375377178 -0.004999988712370396
v -0.027500972151756287 0.014800000004470348 -0.004999988712370396
v -0.03027261234819889 0.012948053888976574 -0.004999988712370396
f 9079 9080 9081
v -0.03027261234819889 0.012948053888976574 -0.004999988712370396
v -0.027500972151756287 0.014800000004470348 -0.004999988712370396
v -0.029622294008731842 0.013921323232352734 -0.004999988712370396
f 9082 9083 9084
v 0.006026783958077431 -0.00995000172406435 -0.004999988712370396
v 0.0066490271128714085 -0.00932775903493166 -0.004999988712370396
v -0.00584359560161829 -0.010421712882816792 -0.004999988712370396
f 9085 9086 9087
v -0.00584359560161829 -0.010421712882816792 -0.004999988712370396
v 0.0066490271128714085 -0.00932775903493166 -0.004999988712370396
v 0.007499027065932751 -0.009100002236664295 -0.004999988712370396
f 9088 9089 9090
v -0.00584359560161829 -0.010421712882816792 -0.004999988712370396
v 0.007499027065932751 -0.009100002236664295 -0.004999988712370396
v 0.00897127017378807 0.009949999861419201 -0.004999988712370396
f 9091 9092 9093
v 0.00897127017378807 0.009949999861419201 -0.004999988712370396
v 0.007499027065932751 -0.009100002236664295 -0.004999988712370396
v 0.008236628957092762 -0.009268355555832386 -0.004999988712370396
f 9094 9095 9096
v 0.00897127017378807 0.009949999861419201 -0.004999988712370396
v 0.008236628957092762 -0.009268355555832386 -0.004999988712370396
v 0.008828140795230865 -0.009740066714584827 -0.004999988712370396
f 9097 9098 9099
v 0.005799027159810066 -0.010800001211464405 -0.004999988712370396
v -0.00584359560161829 -0.010421712882816792 -0.004999988712370396
v 0.006026783958077431 -0.01165000069886446 -0.004999988712370396
f 9100 9101 9102
v 0.006026783958077431 -0.01165000069886446 -0.004999988712370396
v -0.00584359560161829 -0.010421712882816792 -0.004999988712370396
v -0.00584359560161829 -0.011178282089531422 -0.004999988712370396
f 9103 9104 9105
v 0.006026783958077431 -0.01165000069886446 -0.004999988712370396
v -0.00584359560161829 -0.011178282089531422 -0.004999988712370396
v -0.006171859335154295 -0.011859935708343983 -0.004999988712370396
f 9106 9107 9108
v -0.009200973436236382 0.010799999348819256 -0.004999988712370396
v -0.030500972643494606 0.011800001375377178 -0.004999988712370396
v -0.008973215706646442 0.009949999861419201 -0.004999988712370396
f 9109 9110 9111
v -0.008973215706646442 0.009949999861419201 -0.004999988712370396
v -0.030500972643494606 0.011800001375377178 -0.004999988712370396
v -0.030500972643494606 -0.011800003238022327 -0.004999988712370396
f 9112 9113 9114
v -0.008973215706646442 0.009949999861419201 -0.004999988712370396
v -0.030500972643494606 -0.011800003238022327 -0.004999988712370396
v -0.008350973017513752 0.00932775717228651 -0.004999988712370396
f 9115 9116 9117
v -0.008350973017513752 0.00932775717228651 -0.004999988712370396
v -0.030500972643494606 -0.011800003238022327 -0.004999988712370396
v -0.008973215706646442 -0.00995000172406435 -0.004999988712370396
f 9118 9119 9120
v -0.008350973017513752 0.00932775717228651 -0.004999988712370396
v -0.008973215706646442 -0.00995000172406435 -0.004999988712370396
v -0.00750097306445241 0.009100000374019146 -0.004999988712370396
f 9121 9122 9123
v -0.00750097306445241 -0.009100002236664295 -0.004999988712370396
v 0.00897127017378807 0.009949999861419201 -0.004999988712370396
v -0.008350973017513752 -0.00932775903493166 -0.004999988712370396
f 9124 9125 9126
v -0.008350973017513752 -0.00932775903493166 -0.004999988712370396
v 0.00897127017378807 0.009949999861419201 -0.004999988712370396
v 0.008349026553332806 0.00932775717228651 -0.004999988712370396
f 9127 9128 9129
v -0.008350973017513752 -0.00932775903493166 -0.004999988712370396
v 0.008349026553332806 0.00932775717228651 -0.004999988712370396
v -0.008973215706646442 -0.00995000172406435 -0.004999988712370396
f 9130 9131 9132
v -0.008973215706646442 -0.00995000172406435 -0.004999988712370396
v 0.008349026553332806 0.00932775717228651 -0.004999988712370396
v 0.007499027065932751 0.009100000374019146 -0.004999988712370396
f 9133 9134 9135
v -0.008973215706646442 -0.00995000172406435 -0.004999988712370396
v 0.007499027065932751 0.009100000374019146 -0.004999988712370396
v 0.006761424709111452 0.009268353693187237 -0.004999988712370396
f 9136 9137 9138
v -0.006171859335154295 -0.011859935708343983 -0.004999988712370396
v -0.006763370707631111 -0.012331646867096424 -0.004999988712370396
v 0.006026783958077431 -0.01165000069886446 -0.004999988712370396
f 9139 9140 9141
v 0.006026783958077431 -0.01165000069886446 -0.004999988712370396
v -0.006763370707631111 -0.012331646867096424 -0.004999988712370396
v -0.00750097306445241 -0.012500000186264515 -0.004999988712370396
f 9142 9143 9144
v 0.006026783958077431 -0.01165000069886446 -0.004999988712370396
v -0.00750097306445241 -0.012500000186264515 -0.004999988712370396
v -0.027500972151756287 -0.014800001867115498 -0.004999988712370396
f 9145 9146 9147
v -0.027500972151756287 -0.014800001867115498 -0.004999988712370396
v -0.00750097306445241 -0.012500000186264515 -0.004999988712370396
v -0.008350973017513752 -0.01227224338799715 -0.004999988712370396
f 9148 9149 9150
v -0.027500972151756287 -0.014800001867115498 -0.004999988712370396
v -0.008350973017513752 -0.01227224338799715 -0.004999988712370396
v -0.008973215706646442 -0.01165000069886446 -0.004999988712370396
f 9151 9152 9153
v 0.006761424709111452 0.009268353693187237 -0.004999988712370396
v -0.00584359560161829 0.010421711020171642 -0.004999988712370396
v -0.006171859335154295 0.009740064851939678 -0.004999988712370396
f 9154 9155 9156
v 0.006761424709111452 0.009268353693187237 -0.004999988712370396
v -0.006171859335154295 0.009740064851939678 -0.004999988712370396
v -0.008973215706646442 -0.00995000172406435 -0.004999988712370396
f 9157 9158 9159
v -0.008973215706646442 -0.00995000172406435 -0.004999988712370396
v -0.006171859335154295 0.009740064851939678 -0.004999988712370396
v -0.006763370707631111 0.009268353693187237 -0.004999988712370396
f 9160 9161 9162
v -0.008973215706646442 -0.00995000172406435 -0.004999988712370396
v -0.006763370707631111 0.009268353693187237 -0.004999988712370396
v -0.00750097306445241 0.009100000374019146 -0.004999988712370396
f 9163 9164 9165
v 0.006761424709111452 0.009268353693187237 -0.004999988712370396
v 0.006169913336634636 0.009740064851939678 -0.004999988712370396
v -0.00584359560161829 0.010421711020171642 -0.004999988712370396
f 9166 9167 9168
v -0.00584359560161829 0.010421711020171642 -0.004999988712370396
v 0.006169913336634636 0.009740064851939678 -0.004999988712370396
v 0.005841649603098631 0.010421711020171642 -0.004999988712370396
f 9169 9170 9171
v -0.00584359560161829 0.010421711020171642 -0.004999988712370396
v 0.005841649603098631 0.010421711020171642 -0.004999988712370396
v -0.00584359560161829 0.01117828767746687 -0.004999988712370396
f 9172 9173 9174
v -0.00584359560161829 0.01117828767746687 -0.004999988712370396
v 0.005841649603098631 0.010421711020171642 -0.004999988712370396
v 0.005841649603098631 0.01117828767746687 -0.004999988712370396
f 9175 9176 9177
v 0.005841649603098631 0.01117828767746687 -0.004999988712370396
v 0.006169913336634636 0.011859933845698833 -0.004999988712370396
v -0.00584359560161829 0.01117828767746687 -0.004999988712370396
f 9178 9179 9180
v -0.00584359560161829 0.01117828767746687 -0.004999988712370396
v 0.006169913336634636 0.011859933845698833 -0.004999988712370396
v 0.006761424709111452 0.012331645004451275 -0.004999988712370396
f 9181 9182 9183
v -0.00584359560161829 0.01117828767746687 -0.004999988712370396
v 0.006761424709111452 0.012331645004451275 -0.004999988712370396
v 0.010099027305841446 0.014800000004470348 -0.004999988712370396
f 9184 9185 9186
v 0.010099027305841446 0.014800000004470348 -0.004999988712370396
v 0.006761424709111452 0.012331645004451275 -0.004999988712370396
v 0.007499027065932751 0.012499998323619366 -0.004999988712370396
f 9187 9188 9189
v 0.010099027305841446 0.014800000004470348 -0.004999988712370396
v 0.007499027065932751 0.012499998323619366 -0.004999988712370396
v 0.008349026553332806 0.012272241525352001 -0.004999988712370396
f 9190 9191 9192
v 0.024911032989621162 -0.014399525709450245 -0.010000013746321201
v 0.02749902755022049 -0.014800001867115498 -0.010000013746321201
v 0.024647660553455353 -0.014658537693321705 -0.010000013746321201
f 9193 9194 9195
v 0.024647660553455353 -0.014658537693321705 -0.010000013746321201
v 0.02749902755022049 -0.014800001867115498 -0.010000013746321201
v 0.024464718997478485 -0.0147999944165349 -0.010000013746321201
f 9196 9197 9198
v 0.028110764920711517 -0.011113700456917286 -0.010000013746321201
v 0.028366675600409508 -0.011106741614639759 -0.010000013746321201
v 0.030097102746367455 -0.013299998827278614 -0.010000013746321201
f 9199 9200 9201
v 0.028366675600409508 -0.011106741614639759 -0.010000013746321201
v 0.02877413108944893 -0.011065875180065632 -0.010000013746321201
v 0.030097102746367455 -0.013299998827278614 -0.010000013746321201
f 9202 9203 9204
v 0.030097102746367455 -0.013299998827278614 -0.010000013746321201
v 0.02877413108944893 -0.011065875180065632 -0.010000013746321201
v 0.029373088851571083 -0.01093252468854189 -0.010000013746321201
f 9205 9206 9207
v 0.030097102746367455 -0.013299998827278614 -0.010000013746321201
v 0.029373088851571083 -0.01093252468854189 -0.010000013746321201
v 0.03049902617931366 -0.011800003238022327 -0.010000013746321201
f 9208 9209 9210
v 0.03049902617931366 -0.011800003238022327 -0.010000013746321201
v 0.029373088851571083 -0.01093252468854189 -0.010000013746321201
v 0.03021799959242344 -0.01054858136922121 -0.010000013746321201
f 9211 9212 9213
v 0.03049902617931366 -0.011800003238022327 -0.010000013746321201
v 0.03021799959242344 -0.01054858136922121 -0.010000013746321201
v 0.030498981475830078 -0.010342028923332691 -0.010000013746321201
f 9214 9215 9216
v 0.024911032989621162 -0.014399525709450245 -0.010000013746321201
v 0.025223346427083015 -0.013942536897957325 -0.010000013746321201
v 0.02749902755022049 -0.014800001867115498 -0.010000013746321201
f 9217 9218 9219
v 0.02749902755022049 -0.014800001867115498 -0.010000013746321201
v 0.025223346427083015 -0.013942536897957325 -0.010000013746321201
v 0.025249695405364037 -0.013890338130295277 -0.010000013746321201
f 9220 9221 9222
v 0.02749902755022049 -0.014800001867115498 -0.010000013746321201
v 0.025249695405364037 -0.013890338130295277 -0.010000013746321201
v 0.028999026864767075 -0.014398072846233845 -0.010000013746321201
f 9223 9224 9225
v 0.028999026864767075 -0.014398072846233845 -0.010000013746321201
v 0.025249695405364037 -0.013890338130295277 -0.010000013746321201
v 0.025490112602710724 -0.012829204089939594 -0.010000013746321201
f 9226 9227 9228
v 0.028999026864767075 -0.014398072846233845 -0.010000013746321201
v 0.025490112602710724 -0.012829204089939594 -0.010000013746321201
v 0.030097102746367455 -0.013299998827278614 -0.010000013746321201
f 9229 9230 9231
v 0.030097102746367455 -0.013299998827278614 -0.010000013746321201
v 0.025490112602710724 -0.012829204089939594 -0.010000013746321201
v 0.02549009583890438 -0.011113700456917286 -0.010000013746321201
f 9232 9233 9234
v 0.030097102746367455 -0.013299998827278614 -0.010000013746321201
v 0.02549009583890438 -0.011113700456917286 -0.010000013746321201
v 0.028110764920711517 -0.011113700456917286 -0.010000013746321201
f 9235 9236 9237
v -0.00750097306445241 -0.012500000186264515 -0.008000009693205357
v -0.00750097306445241 -0.012500000186264515 -0.004999988712370396
v -0.006763370707631111 -0.012331646867096424 -0.008000009693205357
f 9238 9239 9240
v -0.006763370707631111 -0.012331646867096424 -0.008000009693205357
v -0.00750097306445241 -0.012500000186264515 -0.004999988712370396
v -0.006763370707631111 -0.012331646867096424 -0.004999988712370396
f 9241 9242 9243
v -0.006763370707631111 -0.012331646867096424 -0.008000009693205357
v -0.006763370707631111 -0.012331646867096424 -0.004999988712370396
v -0.006171859335154295 -0.011859935708343983 -0.008000009693205357
f 9244 9245 9246
v -0.006171859335154295 -0.011859935708343983 -0.008000009693205357
v -0.006763370707631111 -0.012331646867096424 -0.004999988712370396
v -0.006171859335154295 -0.011859935708343983 -0.004999988712370396
f 9247 9248 9249
v -0.006171859335154295 -0.011859935708343983 -0.008000009693205357
v -0.006171859335154295 -0.011859935708343983 -0.004999988712370396
v -0.00584359560161829 -0.011178282089531422 -0.008000009693205357
f 9250 9251 9252
v -0.00584359560161829 -0.011178282089531422 -0.008000009693205357
v -0.006171859335154295 -0.011859935708343983 -0.004999988712370396
v -0.00584359560161829 -0.011178282089531422 -0.004999988712370396
f 9253 9254 9255
v -0.00584359560161829 -0.011178282089531422 -0.008000009693205357
v -0.00584359560161829 -0.011178282089531422 -0.004999988712370396
v -0.00584359560161829 -0.010421712882816792 -0.008000009693205357
f 9256 9257 9258
v -0.00584359560161829 -0.010421712882816792 -0.008000009693205357
v -0.00584359560161829 -0.011178282089531422 -0.004999988712370396
v -0.00584359560161829 -0.010421712882816792 -0.004999988712370396
f 9259 9260 9261
v -0.00584359560161829 -0.010421712882816792 -0.008000009693205357
v -0.00584359560161829 -0.010421712882816792 -0.004999988712370396
v -0.006171859335154295 -0.009740066714584827 -0.008000009693205357
f 9262 9263 9264
v -0.006171859335154295 -0.009740066714584827 -0.008000009693205357
v -0.00584359560161829 -0.010421712882816792 -0.004999988712370396
v -0.006171859335154295 -0.009740066714584827 -0.004999988712370396
f 9265 9266 9267
v -0.006171859335154295 -0.009740066714584827 -0.008000009693205357
v -0.006171859335154295 -0.009740066714584827 -0.004999988712370396
v -0.006763370707631111 -0.009268355555832386 -0.008000009693205357
f 9268 9269 9270
v -0.006763370707631111 -0.009268355555832386 -0.008000009693205357
v -0.006171859335154295 -0.009740066714584827 -0.004999988712370396
v -0.006763370707631111 -0.009268355555832386 -0.004999988712370396
f 9271 9272 9273
v -0.006763370707631111 -0.009268355555832386 -0.008000009693205357
v -0.006763370707631111 -0.009268355555832386 -0.004999988712370396
v -0.00750097306445241 -0.009100002236664295 -0.008000009693205357
f 9274 9275 9276
v -0.00750097306445241 -0.009100002236664295 -0.008000009693205357
v -0.006763370707631111 -0.009268355555832386 -0.004999988712370396
v -0.00750097306445241 -0.009100002236664295 -0.004999988712370396
f 9277 9278 9279
v 0.007499027065932751 -0.012500000186264515 -0.008000009693205357
v 0.007499027065932751 -0.012500000186264515 -0.004999988712370396
v 0.008236628957092762 -0.012331646867096424 -0.008000009693205357
f 9280 9281 9282
v 0.008236628957092762 -0.012331646867096424 -0.008000009693205357
v 0.007499027065932751 -0.012500000186264515 -0.004999988712370396
v 0.008236628957092762 -0.012331646867096424 -0.004999988712370396
f 9283 9284 9285
v 0.008236628957092762 -0.012331646867096424 -0.008000009693205357
v 0.008236628957092762 -0.012331646867096424 -0.004999988712370396
v 0.008828140795230865 -0.011859935708343983 -0.008000009693205357
f 9286 9287 9288
v 0.008828140795230865 -0.011859935708343983 -0.008000009693205357
v 0.008236628957092762 -0.012331646867096424 -0.004999988712370396
v 0.008828140795230865 -0.011859935708343983 -0.004999988712370396
f 9289 9290 9291
v 0.008828140795230865 -0.011859935708343983 -0.008000009693205357
v 0.008828140795230865 -0.011859935708343983 -0.004999988712370396
v 0.009156404063105583 -0.011178282089531422 -0.008000009693205357
f 9292 9293 9294
v 0.009156404063105583 -0.011178282089531422 -0.008000009693205357
v 0.008828140795230865 -0.011859935708343983 -0.004999988712370396
v 0.009156404063105583 -0.011178282089531422 -0.004999988712370396
f 9295 9296 9297
v 0.009156404063105583 -0.011178282089531422 -0.008000009693205357
v 0.009156404063105583 -0.011178282089531422 -0.004999988712370396
v 0.009156404063105583 -0.010421712882816792 -0.008000009693205357
f 9298 9299 9300
v 0.009156404063105583 -0.010421712882816792 -0.008000009693205357
v 0.009156404063105583 -0.011178282089531422 -0.004999988712370396
v 0.009156404063105583 -0.010421712882816792 -0.004999988712370396
f 9301 9302 9303
v 0.009156404063105583 -0.010421712882816792 -0.008000009693205357
v 0.009156404063105583 -0.010421712882816792 -0.004999988712370396
v 0.008828140795230865 -0.009740066714584827 -0.008000009693205357
f 9304 9305 9306
v 0.008828140795230865 -0.009740066714584827 -0.008000009693205357
v 0.009156404063105583 -0.010421712882816792 -0.004999988712370396
v 0.008828140795230865 -0.009740066714584827 -0.004999988712370396
f 9307 9308 9309
v 0.008828140795230865 -0.009740066714584827 -0.008000009693205357
v 0.008828140795230865 -0.009740066714584827 -0.004999988712370396
v 0.008236628957092762 -0.009268355555832386 -0.008000009693205357
f 9310 9311 9312
v 0.008236628957092762 -0.009268355555832386 -0.008000009693205357
v 0.008828140795230865 -0.009740066714584827 -0.004999988712370396
v 0.008236628957092762 -0.009268355555832386 -0.004999988712370396
f 9313 9314 9315
v 0.008236628957092762 -0.009268355555832386 -0.008000009693205357
v 0.008236628957092762 -0.009268355555832386 -0.004999988712370396
v 0.007499027065932751 -0.009100002236664295 -0.008000009693205357
f 9316 9317 9318
v 0.007499027065932751 -0.009100002236664295 -0.008000009693205357
v 0.008236628957092762 -0.009268355555832386 -0.004999988712370396
v 0.007499027065932751 -0.009100002236664295 -0.004999988712370396
f 9319 9320 9321
v 0.007499027065932751 0.009100000374019146 -0.008000009693205357
v 0.007499027065932751 0.009100000374019146 -0.004999988712370396
v 0.008349026553332806 0.00932775717228651 -0.008000009693205357
f 9322 9323 9324
v 0.008349026553332806 0.00932775717228651 -0.008000009693205357
v 0.007499027065932751 0.009100000374019146 -0.004999988712370396
v 0.008349026553332806 0.00932775717228651 -0.004999988712370396
f 9325 9326 9327
v 0.008349026553332806 0.00932775717228651 -0.008000009693205357
v 0.008349026553332806 0.00932775717228651 -0.004999988712370396
v 0.00897127017378807 0.009949999861419201 -0.008000009693205357
f 9328 9329 9330
v 0.00897127017378807 0.009949999861419201 -0.008000009693205357
v 0.008349026553332806 0.00932775717228651 -0.004999988712370396
v 0.00897127017378807 0.009949999861419201 -0.004999988712370396
f 9331 9332 9333
v 0.00897127017378807 0.009949999861419201 -0.008000009693205357
v 0.00897127017378807 0.009949999861419201 -0.004999988712370396
v 0.009199026972055435 0.010799999348819256 -0.008000009693205357
f 9334 9335 9336
v 0.009199026972055435 0.010799999348819256 -0.008000009693205357
v 0.00897127017378807 0.009949999861419201 -0.004999988712370396
v 0.009199026972055435 0.010799999348819256 -0.004999988712370396
f 9337 9338 9339
v 0.009199026972055435 0.010799999348819256 -0.008000009693205357
v 0.009199026972055435 0.010799999348819256 -0.004999988712370396
v 0.00897127017378807 0.01164999883621931 -0.008000009693205357
f 9340 9341 9342
v 0.00897127017378807 0.01164999883621931 -0.008000009693205357
v 0.009199026972055435 0.010799999348819256 -0.004999988712370396
v 0.00897127017378807 0.01164999883621931 -0.004999988712370396
f 9343 9344 9345
v 0.00897127017378807 0.01164999883621931 -0.008000009693205357
v 0.00897127017378807 0.01164999883621931 -0.004999988712370396
v 0.008349026553332806 0.012272241525352001 -0.008000009693205357
f 9346 9347 9348
v 0.008349026553332806 0.012272241525352001 -0.008000009693205357
v 0.00897127017378807 0.01164999883621931 -0.004999988712370396
v 0.008349026553332806 0.012272241525352001 -0.004999988712370396
f 9349 9350 9351
v 0.008349026553332806 0.012272241525352001 -0.008000009693205357
v 0.008349026553332806 0.012272241525352001 -0.004999988712370396
v 0.007499027065932751 0.012499998323619366 -0.008000009693205357
f 9352 9353 9354
v 0.007499027065932751 0.012499998323619366 -0.008000009693205357
v 0.008349026553332806 0.012272241525352001 -0.004999988712370396
v 0.007499027065932751 0.012499998323619366 -0.004999988712370396
f 9355 9356 9357
v -0.00750097306445241 0.009100000374019146 -0.008000009693205357
v -0.00750097306445241 0.009100000374019146 -0.004999988712370396
v -0.006763370707631111 0.009268353693187237 -0.008000009693205357
f 9358 9359 9360
v -0.006763370707631111 0.009268353693187237 -0.008000009693205357
v -0.00750097306445241 0.009100000374019146 -0.004999988712370396
v -0.006763370707631111 0.009268353693187237 -0.004999988712370396
f 9361 9362 9363
v -0.006763370707631111 0.009268353693187237 -0.008000009693205357
v -0.006763370707631111 0.009268353693187237 -0.004999988712370396
v -0.006171859335154295 0.009740064851939678 -0.008000009693205357
f 9364 9365 9366
v -0.006171859335154295 0.009740064851939678 -0.008000009693205357
v -0.006763370707631111 0.009268353693187237 -0.004999988712370396
v -0.006171859335154295 0.009740064851939678 -0.004999988712370396
f 9367 9368 9369
v -0.006171859335154295 0.009740064851939678 -0.008000009693205357
v -0.006171859335154295 0.009740064851939678 -0.004999988712370396
v -0.00584359560161829 0.010421711020171642 -0.008000009693205357
f 9370 9371 9372
v -0.00584359560161829 0.010421711020171642 -0.008000009693205357
v -0.006171859335154295 0.009740064851939678 -0.004999988712370396
v -0.00584359560161829 0.010421711020171642 -0.004999988712370396
f 9373 9374 9375
v -0.00584359560161829 0.010421711020171642 -0.008000009693205357
v -0.00584359560161829 0.010421711020171642 -0.004999988712370396
v -0.00584359560161829 0.01117828767746687 -0.008000009693205357
f 9376 9377 9378
v -0.00584359560161829 0.01117828767746687 -0.008000009693205357
v -0.00584359560161829 0.010421711020171642 -0.004999988712370396
v -0.00584359560161829 0.01117828767746687 -0.004999988712370396
f 9379 9380 9381
v -0.00584359560161829 0.01117828767746687 -0.008000009693205357
v -0.00584359560161829 0.01117828767746687 -0.004999988712370396
v -0.006171859335154295 0.011859933845698833 -0.008000009693205357
f 9382 9383 9384
v -0.006171859335154295 0.011859933845698833 -0.008000009693205357
v -0.00584359560161829 0.01117828767746687 -0.004999988712370396
v -0.006171859335154295 0.011859933845698833 -0.004999988712370396
f 9385 9386 9387
v -0.006171859335154295 0.011859933845698833 -0.008000009693205357
v -0.006171859335154295 0.011859933845698833 -0.004999988712370396
v -0.006763370707631111 0.012331645004451275 -0.008000009693205357
f 9388 9389 9390
v -0.006763370707631111 0.012331645004451275 -0.008000009693205357
v -0.006171859335154295 0.011859933845698833 -0.004999988712370396
v -0.006763370707631111 0.012331645004451275 -0.004999988712370396
f 9391 9392 9393
v -0.006763370707631111 0.012331645004451275 -0.008000009693205357
v -0.006763370707631111 0.012331645004451275 -0.004999988712370396
v -0.00750097306445241 0.012499998323619366 -0.008000009693205357
f 9394 9395 9396
v -0.00750097306445241 0.012499998323619366 -0.008000009693205357
v -0.006763370707631111 0.012331645004451275 -0.004999988712370396
v -0.00750097306445241 0.012499998323619366 -0.004999988712370396
f 9397 9398 9399
v -0.009064272046089172 0.006520154885947704 -0.061764366924762726
v -0.013078877702355385 0.006520154885947704 -0.061764366924762726
v -0.008488357067108154 0.007808643393218517 -0.06418410688638687
f 9400 9401 9402
v -0.008488357067108154 0.007808643393218517 -0.06418410688638687
v -0.013078877702355385 0.006520154885947704 -0.061764366924762726
v -0.012341395020484924 0.00820122193545103 -0.06501277536153793
f 9403 9404 9405
v -0.008488357067108154 0.007808643393218517 -0.06418410688638687
v -0.012341395020484924 0.00820122193545103 -0.06501277536153793
v -0.00777698727324605 0.008875328116118908 -0.06655677407979965
f 9406 9407 9408
v -0.00777698727324605 0.008875328116118908 -0.06655677407979965
v -0.012341395020484924 0.00820122193545103 -0.06501277536153793
v -0.00775277940556407 0.008905011229217052 -0.06662919372320175
f 9409 9410 9411
v -0.008034257218241692 0.011271449737250805 -0.0748184397816658
v -0.003468808950856328 0.011271449737250805 -0.0748184397816658
v -0.003816722659394145 0.011195848695933819 -0.07440026849508286
f 9412 9413 9414
v -0.003816722659394145 0.011195848695933819 -0.07440026849508286
v -0.00447528762742877 0.011019664816558361 -0.07351673394441605
v -0.008034257218241692 0.011271449737250805 -0.0748184397816658
f 9415 9416 9417
v -0.008034257218241692 0.011271449737250805 -0.0748184397816658
v -0.00447528762742877 0.011019664816558361 -0.07351673394441605
v -0.004966041538864374 0.01085450779646635 -0.07276972383260727
f 9418 9419 9420
v -0.008034257218241692 0.011271449737250805 -0.0748184397816658
v -0.004966041538864374 0.01085450779646635 -0.07276972383260727
v -0.009031482972204685 0.010963852517306805 -0.0732601061463356
f 9421 9422 9423
v -0.009031482972204685 0.010963852517306805 -0.0732601061463356
v -0.004966041538864374 0.01085450779646635 -0.07276972383260727
v -0.005914553999900818 0.010425309650599957 -0.07108060270547867
f 9424 9425 9426
v -0.009031482972204685 0.010963852517306805 -0.0732601061463356
v -0.005914553999900818 0.010425309650599957 -0.07108060270547867
v -0.009899093769490719 0.010576876811683178 -0.07164595276117325
f 9427 9428 9429
v -0.009899093769490719 0.010576876811683178 -0.07164595276117325
v -0.005914553999900818 0.010425309650599957 -0.07108060270547867
v -0.006107270251959562 0.01031616609543562 -0.07069339603185654
f 9430 9431 9432
v -0.009899093769490719 0.010576876811683178 -0.07164595276117325
v -0.006107270251959562 0.01031616609543562 -0.07069339603185654
v -0.01065145619213581 0.010108339600265026 -0.06999669224023819
f 9433 9434 9435
v -0.01065145619213581 0.010108339600265026 -0.06999669224023819
v -0.006107270251959562 0.01031616609543562 -0.07069339603185654
v -0.006844568531960249 0.009806494228541851 -0.06905563920736313
f 9436 9437 9438
v -0.01065145619213581 0.010108339600265026 -0.06999669224023819
v -0.006844568531960249 0.009806494228541851 -0.06905563920736313
v -0.011302720755338669 0.009556169621646404 -0.068332739174366
f 9439 9440 9441
v -0.011302720755338669 0.009556169621646404 -0.068332739174366
v -0.006844568531960249 0.009806494228541851 -0.06905563920736313
v -0.00775277940556407 0.008905011229217052 -0.06662919372320175
f 9442 9443 9444
v -0.011302720755338669 0.009556169621646404 -0.068332739174366
v -0.00775277940556407 0.008905011229217052 -0.06662919372320175
v -0.01139211654663086 0.009466844610869884 -0.06808354705572128
f 9445 9446 9447
v -0.01139211654663086 0.009466844610869884 -0.06808354705572128
v -0.00775277940556407 0.008905011229217052 -0.06662919372320175
v -0.012341395020484924 0.00820122193545103 -0.06501277536153793
f 9448 9449 9450
v -0.010000946000218391 0.0008602095185779035 -0.050745658576488495
v -0.01400094572454691 0.0008602095185779035 -0.050745658576488495
v -0.010000946000218391 0.001485752873122692 -0.0523553267121315
f 9451 9452 9453
v -0.010000946000218391 0.001485752873122692 -0.0523553267121315
v -0.01400094572454691 0.0008602095185779035 -0.050745658576488495
v -0.01400094572454691 0.0010885028168559074 -0.05135730654001236
f 9454 9455 9456
v -0.010000946000218391 0.001485752873122692 -0.0523553267121315
v -0.01400094572454691 0.0010885028168559074 -0.05135730654001236
v -0.00998576357960701 0.0020300624892115593 -0.0536099448800087
f 9457 9458 9459
v -0.00998576357960701 0.0020300624892115593 -0.0536099448800087
v -0.01400094572454691 0.0010885028168559074 -0.05135730654001236
v -0.013945848681032658 0.0021956590935587883 -0.05396955460309982
f 9460 9461 9462
v -0.00998576357960701 0.0020300624892115593 -0.0536099448800087
v -0.013945848681032658 0.0021956590935587883 -0.05396955460309982
v -0.009944920428097248 0.002570020966231823 -0.054750360548496246
f 9463 9464 9465
v -0.009944920428097248 0.002570020966231823 -0.054750360548496246
v -0.013945848681032658 0.0021956590935587883 -0.05396955460309982
v -0.013932572677731514 0.002335774712264538 -0.05426669865846634
f 9466 9467 9468
v -0.009944920428097248 0.002570020966231823 -0.054750360548496246
v -0.013932572677731514 0.002335774712264538 -0.05426669865846634
v -0.00977782066911459 0.0038068993017077446 -0.057064853608608246
f 9469 9470 9471
v -0.00977782066911459 0.0038068993017077446 -0.057064853608608246
v -0.013932572677731514 0.002335774712264538 -0.05426669865846634
v -0.013736097142100334 0.0038068993017077446 -0.057064853608608246
f 9472 9473 9474
v -0.010261568240821362 0.0016368282958865166 -0.040827713906764984
v -0.010096995159983635 0.0022764233872294426 -0.04294147342443466
v 0.009999054484069347 0.0022764233872294426 -0.04294147342443466
f 9475 9476 9477
v 0.009999054484069347 0.0022764233872294426 -0.04294147342443466
v 0.009999054484069347 0.001643436960875988 -0.040854789316654205
v -0.010261568240821362 0.0016368282958865166 -0.040827713906764984
f 9478 9479 9480
v -0.010261568240821362 0.0016368282958865166 -0.040827713906764984
v 0.009999054484069347 0.001643436960875988 -0.040854789316654205
v 0.009999054484069347 0.0012413812801241875 -0.038711585104465485
f 9481 9482 9483
v -0.010261568240821362 0.0016368282958865166 -0.040827713906764984
v 0.009999054484069347 0.0012413812801241875 -0.038711585104465485
v -0.010503146797418594 0.0012413812801241875 -0.038711585104465485
f 9484 9485 9486
v 0.007313570473343134 0.00939165335148573 -0.06787901371717453
v 0.006513325963169336 0.010049673728644848 -0.06981899589300156
v 0.010649606585502625 0.01010833214968443 -0.06999675184488297
f 9487 9488 9489
v 0.004488334525376558 0.01100806426256895 -0.07350147515535355
v 0.0034729442559182644 0.011271449737250805 -0.0748184397816658
v 0.008032392710447311 0.011271449737250805 -0.0748184397816658
f 9490 9491 9492
v 0.010649606585502625 0.01010833214968443 -0.06999675184488297
v 0.006513325963169336 0.010049673728644848 -0.06981899589300156
v 0.009897238574922085 0.010576869361102581 -0.07164598256349564
f 9493 9494 9495
v 0.009897238574922085 0.010576869361102581 -0.07164598256349564
v 0.006513325963169336 0.010049673728644848 -0.06981899589300156
v 0.006121891085058451 0.010300743393599987 -0.07065675407648087
f 9496 9497 9498
v 0.009897238574922085 0.010576869361102581 -0.07164598256349564
v 0.006121891085058451 0.010300743393599987 -0.07065675407648087
v 0.009029620327055454 0.010963852517306805 -0.0732601210474968
f 9499 9500 9501
v 0.009029620327055454 0.010963852517306805 -0.0732601210474968
v 0.006121891085058451 0.010300743393599987 -0.07065675407648087
v 0.005497816950082779 0.010629448108375072 -0.0718587264418602
f 9502 9503 9504
v 0.009029620327055454 0.010963852517306805 -0.0732601210474968
v 0.005497816950082779 0.010629448108375072 -0.0718587264418602
v 0.008032392710447311 0.011271449737250805 -0.0748184397816658
f 9505 9506 9507
v 0.008032392710447311 0.011271449737250805 -0.0748184397816658
v 0.005497816950082779 0.010629448108375072 -0.0718587264418602
v 0.0045272246934473515 0.010995897464454174 -0.0734446570277214
f 9508 9509 9510
v 0.008032392710447311 0.011271449737250805 -0.0748184397816658
v 0.0045272246934473515 0.010995897464454174 -0.0734446570277214
v 0.004488334525376558 0.01100806426256895 -0.07350147515535355
f 9511 9512 9513
v 0.012339528650045395 0.008201214484870434 -0.06501280516386032
v 0.01307699829339981 0.006520154885947704 -0.061764366924762726
v 0.009070553816854954 0.006520154885947704 -0.061764366924762726
f 9514 9515 9516
v 0.010649606585502625 0.01010833214968443 -0.06999675184488297
v 0.011300871148705482 0.00955615472048521 -0.06833279877901077
v 0.007313570473343134 0.00939165335148573 -0.06787901371717453
f 9517 9518 9519
v 0.007313570473343134 0.00939165335148573 -0.06787901371717453
v 0.011300871148705482 0.00955615472048521 -0.06833279877901077
v 0.011390280909836292 0.009466844610869884 -0.06808354705572128
f 9520 9521 9522
v 0.007313570473343134 0.00939165335148573 -0.06787901371717453
v 0.011390280909836292 0.009466844610869884 -0.06808354705572128
v 0.008142312057316303 0.008391807787120342 -0.06543286889791489
f 9523 9524 9525
v 0.008142312057316303 0.008391807787120342 -0.06543286889791489
v 0.011390280909836292 0.009466844610869884 -0.06808354705572128
v 0.012146074324846268 0.008516731671988964 -0.06571472436189651
f 9526 9527 9528
v 0.008142312057316303 0.008391807787120342 -0.06543286889791489
v 0.012146074324846268 0.008516731671988964 -0.06571472436189651
v 0.008637684397399426 0.007539520971477032 -0.06364630907773972
f 9529 9530 9531
v 0.008637684397399426 0.007539520971477032 -0.06364630907773972
v 0.012146074324846268 0.008516731671988964 -0.06571472436189651
v 0.012339528650045395 0.008201214484870434 -0.06501280516386032
f 9532 9533 9534
v 0.008637684397399426 0.007539520971477032 -0.06364630907773972
v 0.012339528650045395 0.008201214484870434 -0.06501280516386032
v 0.008766396902501583 0.0072701675817370415 -0.06312494724988937
f 9535 9536 9537
v 0.008766396902501583 0.0072701675817370415 -0.06312494724988937
v 0.012339528650045395 0.008201214484870434 -0.06501280516386032
v 0.009070553816854954 0.006520154885947704 -0.061764366924762726
f 9538 9539 9540
v -0.012143957428634167 0.013576428405940533 -0.06861215084791183
v -0.008000945672392845 0.013576428405940533 -0.06861215084791183
v -0.008000945672392845 0.014140474610030651 -0.06848341971635818
f 9541 9542 9543
v -0.012143957428634167 0.013576428405940533 -0.06861215084791183
v -0.008000945672392845 0.014140474610030651 -0.06848341971635818
v -0.012186432257294655 0.014117035083472729 -0.06849441677331924
f 9544 9545 9546
v -0.012186432257294655 0.014117035083472729 -0.06849441677331924
v -0.008000945672392845 0.014140474610030651 -0.06848341971635818
v -0.008000945672392845 0.014592806808650494 -0.06812269240617752
f 9547 9548 9549
v -0.012186432257294655 0.014117035083472729 -0.06849441677331924
v -0.008000945672392845 0.014592806808650494 -0.06812269240617752
v -0.012320982292294502 0.014600212685763836 -0.06811331957578659
f 9550 9551 9552
v -0.012320982292294502 0.014600212685763836 -0.06811331957578659
v -0.008000945672392845 0.014592806808650494 -0.06812269240617752
v -0.008000945672392845 0.014843831770122051 -0.06760143488645554
f 9553 9554 9555
v -0.012320982292294502 0.014600212685763836 -0.06811331957578659
v -0.008000945672392845 0.014843831770122051 -0.06760143488645554
v -0.012512308545410633 0.01485470961779356 -0.06754878908395767
f 9556 9557 9558
v -0.012512308545410633 0.01485470961779356 -0.06754878908395767
v -0.008000945672392845 0.014843831770122051 -0.06760143488645554
v -0.008000945672392845 0.014843831770122051 -0.0670228824019432
f 9559 9560 9561
v -0.012512308545410633 0.01485470961779356 -0.06754878908395767
v -0.008000945672392845 0.014843831770122051 -0.0670228824019432
v -0.012722192332148552 0.014807972125709057 -0.06689586490392685
f 9562 9563 9564
v -0.012722192332148552 0.014807972125709057 -0.06689586490392685
v -0.008000945672392845 0.014843831770122051 -0.0670228824019432
v -0.008000945672392845 0.014592806808650494 -0.06650162488222122
f 9565 9566 9567
v -0.012722192332148552 0.014807972125709057 -0.06689586490392685
v -0.008000945672392845 0.014592806808650494 -0.06650162488222122
v -0.012872204184532166 0.014507840387523174 -0.06640525907278061
f 9568 9569 9570
v -0.012872204184532166 0.014507840387523174 -0.06640525907278061
v -0.008000945672392845 0.014592806808650494 -0.06650162488222122
v -0.008000945672392845 0.014140474610030651 -0.06614089757204056
f 9571 9572 9573
v -0.012872204184532166 0.014507840387523174 -0.06640525907278061
v -0.008000945672392845 0.014140474610030651 -0.06614089757204056
v -0.012950208969414234 0.014141763560473919 -0.0661415085196495
f 9574 9575 9576
v -0.012950208969414234 0.014141763560473919 -0.0661415085196495
v -0.008000945672392845 0.014140474610030651 -0.06614089757204056
v -0.012972047552466393 0.013948570005595684 -0.06606655567884445
f 9577 9578 9579
v -0.012972047552466393 0.013948570005595684 -0.06606655567884445
v -0.008000945672392845 0.014140474610030651 -0.06614089757204056
v -0.008000945672392845 0.013576428405940533 -0.06601215153932571
f 9580 9581 9582
v -0.012972047552466393 0.013948570005595684 -0.06606655567884445
v -0.008000945672392845 0.013576428405940533 -0.06601215153932571
v -0.012987807393074036 0.013576428405940533 -0.06601215153932571
f 9583 9584 9585
v 0.01214208547025919 0.013576428405940533 -0.06861215084791183
v 0.007999054156243801 0.013576428405940533 -0.06861215084791183
v 0.007999054156243801 0.013012382201850414 -0.06848341971635818
f 9586 9587 9588
v 0.01214208547025919 0.013576428405940533 -0.06861215084791183
v 0.007999054156243801 0.013012382201850414 -0.06848341971635818
v 0.012184560298919678 0.013035821728408337 -0.06849441677331924
f 9589 9590 9591
v 0.012184560298919678 0.013035821728408337 -0.06849441677331924
v 0.007999054156243801 0.013012382201850414 -0.06848341971635818
v 0.007999054156243801 0.012560050003230572 -0.06812269240617752
f 9592 9593 9594
v 0.012184560298919678 0.013035821728408337 -0.06849441677331924
v 0.007999054156243801 0.012560050003230572 -0.06812269240617752
v 0.012319110333919525 0.01255264412611723 -0.06811331957578659
f 9595 9596 9597
v 0.012319110333919525 0.01255264412611723 -0.06811331957578659
v 0.007999054156243801 0.012560050003230572 -0.06812269240617752
v 0.012422418221831322 0.012376333586871624 -0.06781192868947983
f 9598 9599 9600
v 0.012422418221831322 0.012376333586871624 -0.06781192868947983
v 0.007999054156243801 0.012560050003230572 -0.06812269240617752
v 0.007999054156243801 0.012309025041759014 -0.06760143488645554
f 9601 9602 9603
v 0.012422418221831322 0.012376333586871624 -0.06781192868947983
v 0.007999054156243801 0.012309025041759014 -0.06760143488645554
v 0.012510435655713081 0.012298147194087505 -0.06754878908395767
f 9604 9605 9606
v 0.012510435655713081 0.012298147194087505 -0.06754878908395767
v 0.007999054156243801 0.012309025041759014 -0.06760143488645554
v 0.007999054156243801 0.012309025041759014 -0.0670228824019432
f 9607 9608 9609
v 0.012510435655713081 0.012298147194087505 -0.06754878908395767
v 0.007999054156243801 0.012309025041759014 -0.0670228824019432
v 0.012720318511128426 0.012344884686172009 -0.06689586490392685
f 9610 9611 9612
v 0.012720318511128426 0.012344884686172009 -0.06689586490392685
v 0.007999054156243801 0.012309025041759014 -0.0670228824019432
v 0.007999054156243801 0.012560050003230572 -0.06650162488222122
f 9613 9614 9615
v 0.012720318511128426 0.012344884686172009 -0.06689586490392685
v 0.007999054156243801 0.012560050003230572 -0.06650162488222122
v 0.012870329432189465 0.012645016424357891 -0.06640525907278061
f 9616 9617 9618
v 0.012870329432189465 0.012645016424357891 -0.06640525907278061
v 0.007999054156243801 0.012560050003230572 -0.06650162488222122
v 0.007999054156243801 0.013012382201850414 -0.06614089757204056
f 9619 9620 9621
v 0.012870329432189465 0.012645016424357891 -0.06640525907278061
v 0.007999054156243801 0.013012382201850414 -0.06614089757204056
v 0.012948334217071533 0.013011093251407146 -0.0661415085196495
f 9622 9623 9624
v 0.012948334217071533 0.013011093251407146 -0.0661415085196495
v 0.007999054156243801 0.013012382201850414 -0.06614089757204056
v 0.012970172800123692 0.013204286806285381 -0.06606655567884445
f 9625 9626 9627
v 0.012970172800123692 0.013204286806285381 -0.06606655567884445
v 0.007999054156243801 0.013012382201850414 -0.06614089757204056
v 0.007999054156243801 0.013576428405940533 -0.06601215153932571
f 9628 9629 9630
v 0.012970172800123692 0.013204286806285381 -0.06606655567884445
v 0.007999054156243801 0.013576428405940533 -0.06601215153932571
v 0.012985932640731335 0.013576428405940533 -0.06601215153932571
f 9631 9632 9633
v -0.011000946164131165 0.0043151481077075005 -0.04601215571165085
v -0.015000945888459682 0.0043151481077075005 -0.04601215571165085
v -0.011000946164131165 0.004965151660144329 -0.04618632048368454
f 9634 9635 9636
v -0.011000946164131165 0.004965151660144329 -0.04618632048368454
v -0.015000945888459682 0.0043151481077075005 -0.04601215571165085
v -0.015000945888459682 0.004965151660144329 -0.04618632048368454
f 9637 9638 9639
v -0.011000946164131165 0.004965151660144329 -0.04618632048368454
v -0.015000945888459682 0.004965151660144329 -0.04618632048368454
v -0.011000946164131165 0.005440982989966869 -0.04666215926408768
f 9640 9641 9642
v -0.015000945888459682 0.004965151660144329 -0.04618632048368454
v -0.015000945888459682 0.00497231911867857 -0.04619049280881882
v -0.011000946164131165 0.005440982989966869 -0.04666215926408768
f 9643 9644 9645
v -0.011000946164131165 0.005440982989966869 -0.04666215926408768
v -0.015000945888459682 0.00497231911867857 -0.04619049280881882
v -0.015000945888459682 0.005440982989966869 -0.04666215926408768
f 9646 9647 9648
v -0.011000946164131165 0.005440982989966869 -0.04666215926408768
v -0.015000945888459682 0.005440982989966869 -0.04666215926408768
v -0.011000946164131165 0.005615147762000561 -0.047312162816524506
f 9649 9650 9651
v -0.011000946164131165 0.005615147762000561 -0.047312162816524506
v -0.015000945888459682 0.005440982989966869 -0.04666215926408768
v -0.015000945888459682 0.005615147762000561 -0.047312162816524506
f 9652 9653 9654
v -0.011000946164131165 0.005615147762000561 -0.047312162816524506
v -0.015000945888459682 0.005615147762000561 -0.047312162816524506
v -0.011000946164131165 0.005440982989966869 -0.04796215146780014
f 9655 9656 9657
v -0.011000946164131165 0.005440982989966869 -0.04796215146780014
v -0.015000945888459682 0.005615147762000561 -0.047312162816524506
v -0.015000945888459682 0.005440982989966869 -0.04796215146780014
f 9658 9659 9660
v -0.011000946164131165 0.005440982989966869 -0.04796215146780014
v -0.015000945888459682 0.005440982989966869 -0.04796215146780014
v -0.011000946164131165 0.004965151660144329 -0.04843799024820328
f 9661 9662 9663
v -0.011000946164131165 0.004965151660144329 -0.04843799024820328
v -0.015000945888459682 0.005440982989966869 -0.04796215146780014
v -0.015000945888459682 0.004965151660144329 -0.04843799024820328
f 9664 9665 9666
v -0.011000946164131165 0.004965151660144329 -0.04843799024820328
v -0.015000945888459682 0.004965151660144329 -0.04843799024820328
v -0.011000946164131165 0.0043151481077075005 -0.04861215502023697
f 9667 9668 9669
v -0.011000946164131165 0.0043151481077075005 -0.04861215502023697
v -0.015000945888459682 0.004965151660144329 -0.04843799024820328
v -0.015000945888459682 0.0043151481077075005 -0.04861215502023697
f 9670 9671 9672
v 0.010999053716659546 0.0043151481077075005 -0.04601215571165085
v 0.014999054372310638 0.0043151481077075005 -0.04601215571165085
v 0.010999053716659546 0.0036651520058512688 -0.04618632048368454
f 9673 9674 9675
v 0.010999053716659546 0.0036651520058512688 -0.04618632048368454
v 0.014999054372310638 0.0043151481077075005 -0.04601215571165085
v 0.014999054372310638 0.0036651520058512688 -0.04618632048368454
f 9676 9677 9678
v 0.010999053716659546 0.0036651520058512688 -0.04618632048368454
v 0.014999054372310638 0.0036651520058512688 -0.04618632048368454
v 0.010999053716659546 0.0031893206760287285 -0.04666215926408768
f 9679 9680 9681
v 0.010999053716659546 0.0031893206760287285 -0.04666215926408768
v 0.014999054372310638 0.0036651520058512688 -0.04618632048368454
v 0.014999054372310638 0.0031893206760287285 -0.04666215926408768
f 9682 9683 9684
v 0.010999053716659546 0.0031893206760287285 -0.04666215926408768
v 0.014999054372310638 0.0031893206760287285 -0.04666215926408768
v 0.010999053716659546 0.00301514845341444 -0.047312162816524506
f 9685 9686 9687
v 0.010999053716659546 0.00301514845341444 -0.047312162816524506
v 0.014999054372310638 0.0031893206760287285 -0.04666215926408768
v 0.014999054372310638 0.00301514845341444 -0.047312162816524506
f 9688 9689 9690
v 0.010999053716659546 0.00301514845341444 -0.047312162816524506
v 0.014999054372310638 0.00301514845341444 -0.047312162816524506
v 0.010999053716659546 0.0031893206760287285 -0.04796215146780014
f 9691 9692 9693
v 0.010999053716659546 0.0031893206760287285 -0.04796215146780014
v 0.014999054372310638 0.00301514845341444 -0.047312162816524506
v 0.014999054372310638 0.0031893206760287285 -0.04796215146780014
f 9694 9695 9696
v 0.010999053716659546 0.0031893206760287285 -0.04796215146780014
v 0.014999054372310638 0.0031893206760287285 -0.04796215146780014
v 0.010999053716659546 0.0036651520058512688 -0.04843799024820328
f 9697 9698 9699
v 0.010999053716659546 0.0036651520058512688 -0.04843799024820328
v 0.014999054372310638 0.0031893206760287285 -0.04796215146780014
v 0.014999054372310638 0.0036651520058512688 -0.04843799024820328
f 9700 9701 9702
v 0.010999053716659546 0.0036651520058512688 -0.04843799024820328
v 0.014999054372310638 0.0036651520058512688 -0.04843799024820328
v 0.010999053716659546 0.0043151481077075005 -0.04861215502023697
f 9703 9704 9705
v 0.010999053716659546 0.0043151481077075005 -0.04861215502023697
v 0.014999054372310638 0.0036651520058512688 -0.04843799024820328
v 0.014999054372310638 0.0043151481077075005 -0.04861215502023697
f 9706 9707 9708
v -0.016500946134328842 -0.00037280196556821465 -0.02361215092241764
v -0.020389078184962273 -0.00037280196556821465 -0.02361215092241764
v -0.016500946134328842 -0.000802164024207741 -0.023539209738373756
f 9709 9710 9711
v -0.016500946134328842 -0.000802164024207741 -0.023539209738373756
v -0.020389078184962273 -0.00037280196556821465 -0.02361215092241764
v -0.02038908563554287 -0.0003786283195950091 -0.02361215092241764
f 9712 9713 9714
v -0.02174212597310543 -0.0008845152915455401 -0.021117115393280983
v -0.021803129464387894 -0.00037280196556821465 -0.02101215161383152
v -0.016500946134328842 -0.00037280196556821465 -0.02101215161383152
f 9715 9716 9717
v -0.016500946134328842 -0.00037280196556821465 -0.02101215161383152
v -0.016500946134328842 -0.000802164024207741 -0.021085107699036598
v -0.02174212597310543 -0.0008845152915455401 -0.021117115393280983
f 9718 9719 9720
v -0.02174212597310543 -0.0008845152915455401 -0.021117115393280983
v -0.016500946134328842 -0.000802164024207741 -0.021085107699036598
v -0.016500946134328842 -0.0013323547318577766 -0.021435091271996498
f 9721 9722 9723
v -0.02174212597310543 -0.0008845152915455401 -0.021117115393280983
v -0.016500946134328842 -0.0013323547318577766 -0.021435091271996498
v -0.02156953141093254 -0.0013156803324818611 -0.02141728438436985
f 9724 9725 9726
v -0.02156953141093254 -0.0013156803324818611 -0.02141728438436985
v -0.016500946134328842 -0.0013323547318577766 -0.021435091271996498
v -0.021334543824195862 -0.0015815990045666695 -0.021833861246705055
f 9727 9728 9729
v -0.021334543824195862 -0.0015815990045666695 -0.021833861246705055
v -0.016500946134328842 -0.0013323547318577766 -0.021435091271996498
v -0.016500946134328842 -0.001633395440876484 -0.021994510665535927
f 9730 9731 9732
v -0.021334543824195862 -0.0015815990045666695 -0.021833861246705055
v -0.016500946134328842 -0.001633395440876484 -0.021994510665535927
v -0.021244971081614494 -0.0016336338594555855 -0.021995151415467262
f 9733 9734 9735
v -0.02059895731508732 -0.0013202698901295662 -0.023202160373330116
v -0.020820723846554756 -0.001586143858730793 -0.022778788581490517
v -0.016500946134328842 -0.001633395440876484 -0.022629806771874428
f 9736 9737 9738
v -0.016500946134328842 -0.001633395440876484 -0.022629806771874428
v -0.020820723846554756 -0.001586143858730793 -0.022778788581490517
v -0.020900603383779526 -0.0016337381675839424 -0.0226286593824625
f 9739 9740 9741
v -0.016500946134328842 -0.001633395440876484 -0.022629806771874428
v -0.020900603383779526 -0.0016337381675839424 -0.0226286593824625
v -0.016500946134328842 -0.001633395440876484 -0.021994510665535927
f 9742 9743 9744
v -0.016500946134328842 -0.001633395440876484 -0.021994510665535927
v -0.020900603383779526 -0.0016337381675839424 -0.0226286593824625
v -0.021075021475553513 -0.0016727792099118233 -0.0223050806671381
f 9745 9746 9747
v -0.016500946134328842 -0.001633395440876484 -0.021994510665535927
v -0.021075021475553513 -0.0016727792099118233 -0.0223050806671381
v -0.021244971081614494 -0.0016336338594555855 -0.021995151415467262
f 9748 9749 9750
v -0.02038908563554287 -0.0003786283195950091 -0.02361215092241764
v -0.02044549025595188 -0.0008986266911961138 -0.02350103296339512
v -0.016500946134328842 -0.000802164024207741 -0.023539209738373756
f 9751 9752 9753
v -0.016500946134328842 -0.000802164024207741 -0.023539209738373756
v -0.02044549025595188 -0.0008986266911961138 -0.02350103296339512
v -0.02059895731508732 -0.0013202698901295662 -0.023202160373330116
f 9754 9755 9756
v -0.016500946134328842 -0.000802164024207741 -0.023539209738373756
v -0.02059895731508732 -0.0013202698901295662 -0.023202160373330116
v -0.016500946134328842 -0.0013323547318577766 -0.023189226165413857
f 9757 9758 9759
v -0.016500946134328842 -0.0013323547318577766 -0.023189226165413857
v -0.02059895731508732 -0.0013202698901295662 -0.023202160373330116
v -0.016500946134328842 -0.001633395440876484 -0.022629806771874428
f 9760 9761 9762
v 0.013499054126441479 5.656009307131171e-05 -0.023539209738373756
v 0.013499054126441479 -0.00037280196556821465 -0.02361215092241764
v 0.02377416379749775 -0.00037280196556821465 -0.02361215092241764
f 9763 9764 9765
v 0.024157369509339333 0.00012711709132418036 -0.021112123504281044
v 0.024177173152565956 -0.00037280196556821465 -0.02101215161383152
v 0.013499054126441479 -0.00037280196556821465 -0.02101215161383152
f 9766 9767 9768
v 0.013499054126441479 -0.00037280196556821465 -0.02101215161383152
v 0.013499054126441479 5.656009307131171e-05 -0.021085107699036598
v 0.024157369509339333 0.00012711709132418036 -0.021112123504281044
f 9769 9770 9771
v 0.024157369509339333 0.00012711709132418036 -0.021112123504281044
v 0.013499054126441479 5.656009307131171e-05 -0.021085107699036598
v 0.013499054126441479 0.0005867508589290082 -0.021435091271996498
f 9772 9773 9774
v 0.024157369509339333 0.00012711709132418036 -0.021112123504281044
v 0.013499054126441479 0.0005867508589290082 -0.021435091271996498
v 0.024104202166199684 0.0005484623252414167 -0.021394947543740273
f 9775 9776 9777
v 0.024104202166199684 0.0005484623252414167 -0.021394947543740273
v 0.013499054126441479 0.0005867508589290082 -0.021435091271996498
v 0.024032780900597572 0.0008288798271678388 -0.02181621827185154
f 9778 9779 9780
v 0.024032780900597572 0.0008288798271678388 -0.02181621827185154
v 0.013499054126441479 0.0005867508589290082 -0.021435091271996498
v 0.013499054126441479 0.0008877990185283124 -0.021994510665535927
f 9781 9782 9783
v 0.024032780900597572 0.0008288798271678388 -0.02181621827185154
v 0.013499054126441479 0.0008877990185283124 -0.021994510665535927
v 0.024005353450775146 0.0008879703818820417 -0.021994376555085182
f 9784 9785 9786
v 0.013499054126441479 0.0008877990185283124 -0.022629806771874428
v 0.013499054126441479 0.0005867508589290082 -0.023189226165413857
v 0.023837801069021225 0.0005869818269275129 -0.023188987746834755
f 9787 9788 9789
v 0.023837801069021225 0.0005869818269275129 -0.023188987746834755
v 0.023883702233433723 0.0008009103476069868 -0.02287108637392521
v 0.013499054126441479 0.0008877990185283124 -0.022629806771874428
f 9790 9791 9792
v 0.013499054126441479 0.0008877990185283124 -0.022629806771874428
v 0.023883702233433723 0.0008009103476069868 -0.02287108637392521
v 0.023917468264698982 0.0008878064691089094 -0.022629747167229652
f 9793 9794 9795
v 0.013499054126441479 0.0008877990185283124 -0.022629806771874428
v 0.023917468264698982 0.0008878064691089094 -0.022629747167229652
v 0.013499054126441479 0.0008877990185283124 -0.021994510665535927
f 9796 9797 9798
v 0.013499054126441479 0.0008877990185283124 -0.021994510665535927
v 0.023917468264698982 0.0008878064691089094 -0.022629747167229652
v 0.023960497230291367 0.0009271976887248456 -0.022312158718705177
f 9799 9800 9801
v 0.013499054126441479 0.0008877990185283124 -0.021994510665535927
v 0.023960497230291367 0.0009271976887248456 -0.022312158718705177
v 0.024005353450775146 0.0008879703818820417 -0.021994376555085182
f 9802 9803 9804
v 0.02377416379749775 -0.00037280196556821465 -0.02361215092241764
v 0.02377617172896862 -0.00018896633991971612 -0.02359909750521183
v 0.013499054126441479 5.656009307131171e-05 -0.023539209738373756
f 9805 9806 9807
v 0.013499054126441479 5.656009307131171e-05 -0.023539209738373756
v 0.02377617172896862 -0.00018896633991971612 -0.02359909750521183
v 0.023785358294844627 5.685066571459174e-05 -0.0235391054302454
f 9808 9809 9810
v 0.013499054126441479 5.656009307131171e-05 -0.023539209738373756
v 0.023785358294844627 5.685066571459174e-05 -0.0235391054302454
v 0.013499054126441479 0.0005867508589290082 -0.023189226165413857
f 9811 9812 9813
v 0.013499054126441479 0.0005867508589290082 -0.023189226165413857
v 0.023785358294844627 5.685066571459174e-05 -0.0235391054302454
v 0.023813173174858093 0.00040330266347154975 -0.02335507608950138
f 9814 9815 9816
v 0.013499054126441479 0.0005867508589290082 -0.023189226165413857
v 0.023813173174858093 0.00040330266347154975 -0.02335507608950138
v 0.023837801069021225 0.0005869818269275129 -0.023188987746834755
f 9817 9818 9819
v 0.013999054208397865 0.0008602095185779035 -0.050745658576488495
v 0.009999054484069347 0.0008602095185779035 -0.050745658576488495
v 0.013999054208397865 0.0010885028168559074 -0.05135730654001236
f 9820 9821 9822
v 0.013999054208397865 0.0010885028168559074 -0.05135730654001236
v 0.009999054484069347 0.0008602095185779035 -0.050745658576488495
v 0.009999054484069347 0.001485752873122692 -0.0523553267121315
f 9823 9824 9825
v 0.013999054208397865 0.0010885028168559074 -0.05135730654001236
v 0.009999054484069347 0.001485752873122692 -0.0523553267121315
v 0.013943959958851337 0.0021956590935587883 -0.05396955460309982
f 9826 9827 9828
v 0.013943959958851337 0.0021956590935587883 -0.05396955460309982
v 0.009999054484069347 0.001485752873122692 -0.0523553267121315
v 0.01393065694719553 0.002336050383746624 -0.054267264902591705
f 9829 9830 9831
v 0.01393065694719553 0.002336050383746624 -0.054267264902591705
v 0.009999054484069347 0.001485752873122692 -0.0523553267121315
v 0.009942573495209217 0.002569998614490032 -0.05475030094385147
f 9832 9833 9834
v 0.01393065694719553 0.002336050383746624 -0.054267264902591705
v 0.009942573495209217 0.002569998614490032 -0.05475030094385147
v 0.013734211213886738 0.0038068993017077446 -0.057064853608608246
f 9835 9836 9837
v 0.013734211213886738 0.0038068993017077446 -0.057064853608608246
v 0.009942573495209217 0.002569998614490032 -0.05475030094385147
v 0.009876311756670475 0.003145146183669567 -0.05587216466665268
f 9838 9839 9840
v 0.013734211213886738 0.0038068993017077446 -0.057064853608608246
v 0.009876311756670475 0.003145146183669567 -0.05587216466665268
v 0.009776427410542965 0.0038068993017077446 -0.057064853608608246
f 9841 9842 9843
v 0.013999054208397865 -0.0037802504375576973 -0.037996090948581696
v 0.013999054208397865 0.0008602095185779035 -0.050745658576488495
v 0.014345170930027962 0.0009182867943309247 -0.050724513828754425
f 9844 9845 9846
v 0.014937245287001133 0.0014746589586138725 -0.05052202194929123
v 0.014999054372310638 0.0017998991534113884 -0.0504036471247673
v 0.014937245287001133 -0.003165801055729389 -0.03777245432138443
f 9847 9848 9849
v 0.014937245287001133 -0.003165801055729389 -0.03777245432138443
v 0.014999054372310638 0.0017998991534113884 -0.0504036471247673
v 0.014999054372310638 -0.0028405608609318733 -0.037654079496860504
f 9850 9851 9852
v 0.013999054208397865 -0.0037802504375576973 -0.037996090948581696
v 0.014345170930027962 0.0009182867943309247 -0.050724513828754425
v 0.014345170930027962 -0.003722173161804676 -0.03797496110200882
f 9853 9854 9855
v 0.014345170930027962 -0.003722173161804676 -0.03797496110200882
v 0.014345170930027962 0.0009182867943309247 -0.050724513828754425
v 0.014706160873174667 0.0011354340240359306 -0.05064547806978226
f 9856 9857 9858
v 0.014345170930027962 -0.003722173161804676 -0.03797496110200882
v 0.014706160873174667 0.0011354340240359306 -0.05064547806978226
v 0.014706067740917206 -0.003504929132759571 -0.037895895540714264
f 9859 9860 9861
v 0.014706067740917206 -0.003504929132759571 -0.037895895540714264
v 0.014706160873174667 0.0011354340240359306 -0.05064547806978226
v 0.014937245287001133 -0.003165801055729389 -0.03777245432138443
f 9862 9863 9864
v 0.014937245287001133 -0.003165801055729389 -0.03777245432138443
v 0.014706160873174667 0.0011354340240359306 -0.05064547806978226
v 0.01470966637134552 0.0011387495324015617 -0.05064428597688675
f 9865 9866 9867
v 0.014937245287001133 -0.003165801055729389 -0.03777245432138443
v 0.01470966637134552 0.0011387495324015617 -0.05064428597688675
v 0.014937245287001133 0.0014746589586138725 -0.05052202194929123
f 9868 9869 9870
v -0.015000945888459682 0.0017998991534113884 -0.0504036471247673
v -0.014976629987359047 0.001593935303390026 -0.05047859996557236
v -0.015000945888459682 0.00026644294848665595 -0.04619049280881882
f 9871 9872 9873
v -0.015000945888459682 0.00026644294848665595 -0.04619049280881882
v -0.014976629987359047 0.001593935303390026 -0.05047859996557236
v -0.014939137734472752 -5.880469689145684e-05 -0.04630886763334274
f 9874 9875 9876
v -0.014976629987359047 0.001593935303390026 -0.05047859996557236
v -0.014939137734472752 0.0014746589586138725 -0.05052202194929123
v -0.014939137734472752 -5.880469689145684e-05 -0.04630886763334274
f 9877 9878 9879
v -0.014939137734472752 -5.880469689145684e-05 -0.04630886763334274
v -0.014939137734472752 0.0014746589586138725 -0.05052202194929123
v -0.0147714763879776 0.001200939528644085 -0.050621651113033295
f 9880 9881 9882
v -0.014939137734472752 -5.880469689145684e-05 -0.04630886763334274
v -0.0147714763879776 0.001200939528644085 -0.050621651113033295
v -0.01470786239951849 -0.00039785081753507257 -0.04643227905035019
f 9883 9884 9885
v -0.01470786239951849 -0.00039785081753507257 -0.04643227905035019
v -0.0147714763879776 0.001200939528644085 -0.050621651113033295
v -0.014484081417322159 0.0009771538898348808 -0.050703100860118866
f 9886 9887 9888
v -0.01470786239951849 -0.00039785081753507257 -0.04643227905035019
v -0.014484081417322159 0.0009771538898348808 -0.050703100860118866
v -0.01434706337749958 -0.0006151693523861468 -0.04651137441396713
f 9889 9890 9891
v -0.01434706337749958 -0.0006151693523861468 -0.04651137441396713
v -0.014484081417322159 0.0009771538898348808 -0.050703100860118866
v -0.01404966413974762 0.0008613271056674421 -0.05074525624513626
f 9892 9893 9894
v -0.01434706337749958 -0.0006151693523861468 -0.04651137441396713
v -0.01404966413974762 0.0008613271056674421 -0.05074525624513626
v -0.01400094572454691 -0.000673254078719765 -0.0465325191617012
f 9895 9896 9897
v -0.01400094572454691 -0.000673254078719765 -0.0465325191617012
v -0.01404966413974762 0.0008613271056674421 -0.05074525624513626
v -0.01400094572454691 0.0008602095185779035 -0.050745658576488495
f 9898 9899 9900
v -0.00750097306445241 0.013150001876056194 -0.008000009693205357
v -0.00750097306445241 0.013150001876056194 -0.010000013746321201
v -0.006325973197817802 0.012835162691771984 -0.008000009693205357
f 9901 9902 9903
v -0.006325973197817802 0.012835162691771984 -0.008000009693205357
v -0.00750097306445241 0.013150001876056194 -0.010000013746321201
v -0.006325973197817802 0.012835162691771984 -0.010000013746321201
f 9904 9905 9906
v -0.006325973197817802 0.012835162691771984 -0.008000009693205357
v -0.006325973197817802 0.012835162691771984 -0.010000013746321201
v -0.00546581344678998 0.011975000612437725 -0.008000009693205357
f 9907 9908 9909
v -0.00546581344678998 0.011975000612437725 -0.008000009693205357
v -0.006325973197817802 0.012835162691771984 -0.010000013746321201
v -0.00546581344678998 0.011975000612437725 -0.010000013746321201
f 9910 9911 9912
v -0.00546581344678998 0.011975000612437725 -0.008000009693205357
v -0.00546581344678998 0.011975000612437725 -0.010000013746321201
v -0.005150972865521908 0.010799999348819256 -0.008000009693205357
f 9913 9914 9915
v -0.005150972865521908 0.010799999348819256 -0.008000009693205357
v -0.00546581344678998 0.011975000612437725 -0.010000013746321201
v -0.005150972865521908 0.010799999348819256 -0.010000013746321201
f 9916 9917 9918
v -0.005150972865521908 0.010799999348819256 -0.008000009693205357
v -0.005150972865521908 0.010799999348819256 -0.010000013746321201
v -0.00546581344678998 0.009624998085200787 -0.008000009693205357
f 9919 9920 9921
v -0.00546581344678998 0.009624998085200787 -0.008000009693205357
v -0.005150972865521908 0.010799999348819256 -0.010000013746321201
v -0.00546581344678998 0.009624998085200787 -0.010000013746321201
f 9922 9923 9924
v -0.00546581344678998 0.009624998085200787 -0.008000009693205357
v -0.00546581344678998 0.009624998085200787 -0.010000013746321201
v -0.006325973197817802 0.008764843456447124 -0.008000009693205357
f 9925 9926 9927
v -0.006325973197817802 0.008764843456447124 -0.008000009693205357
v -0.00546581344678998 0.009624998085200787 -0.010000013746321201
v -0.006325973197817802 0.008764843456447124 -0.010000013746321201
f 9928 9929 9930
v -0.006325973197817802 0.008764843456447124 -0.008000009693205357
v -0.006325973197817802 0.008764843456447124 -0.010000013746321201
v -0.00750097306445241 0.008449996821582317 -0.008000009693205357
f 9931 9932 9933
v -0.00750097306445241 0.008449996821582317 -0.008000009693205357
v -0.006325973197817802 0.008764843456447124 -0.010000013746321201
v -0.00750097306445241 0.008449996821582317 -0.010000013746321201
f 9934 9935 9936
v 0.007499027065932751 0.013150001876056194 -0.008000009693205357
v 0.007499027065932751 0.013150001876056194 -0.010000013746321201
v 0.008674027398228645 0.012835162691771984 -0.008000009693205357
f 9937 9938 9939
v 0.008674027398228645 0.012835162691771984 -0.008000009693205357
v 0.007499027065932751 0.013150001876056194 -0.010000013746321201
v 0.008674027398228645 0.012835162691771984 -0.010000013746321201
f 9940 9941 9942
v 0.008674027398228645 0.012835162691771984 -0.008000009693205357
v 0.008674027398228645 0.012835162691771984 -0.010000013746321201
v 0.00953418668359518 0.011975000612437725 -0.008000009693205357
f 9943 9944 9945
v 0.00953418668359518 0.011975000612437725 -0.008000009693205357
v 0.008674027398228645 0.012835162691771984 -0.010000013746321201
v 0.00953418668359518 0.011975000612437725 -0.010000013746321201
f 9946 9947 9948
v 0.00953418668359518 0.011975000612437725 -0.008000009693205357
v 0.00953418668359518 0.011975000612437725 -0.010000013746321201
v 0.009849026799201965 0.010799999348819256 -0.008000009693205357
f 9949 9950 9951
v 0.009849026799201965 0.010799999348819256 -0.008000009693205357
v 0.00953418668359518 0.011975000612437725 -0.010000013746321201
v 0.009849026799201965 0.010799999348819256 -0.010000013746321201
f 9952 9953 9954
v 0.009849026799201965 0.010799999348819256 -0.008000009693205357
v 0.009849026799201965 0.010799999348819256 -0.010000013746321201
v 0.00953418668359518 0.009624998085200787 -0.008000009693205357
f 9955 9956 9957
v 0.00953418668359518 0.009624998085200787 -0.008000009693205357
v 0.009849026799201965 0.010799999348819256 -0.010000013746321201
v 0.00953418668359518 0.009624998085200787 -0.010000013746321201
f 9958 9959 9960
v 0.00953418668359518 0.009624998085200787 -0.008000009693205357
v 0.00953418668359518 0.009624998085200787 -0.010000013746321201
v 0.008674027398228645 0.008764843456447124 -0.008000009693205357
f 9961 9962 9963
v 0.008674027398228645 0.008764843456447124 -0.008000009693205357
v 0.00953418668359518 0.009624998085200787 -0.010000013746321201
v 0.008674027398228645 0.008764843456447124 -0.010000013746321201
f 9964 9965 9966
v 0.008674027398228645 0.008764843456447124 -0.008000009693205357
v 0.008674027398228645 0.008764843456447124 -0.010000013746321201
v 0.007499027065932751 0.008449996821582317 -0.008000009693205357
f 9967 9968 9969
v 0.007499027065932751 0.008449996821582317 -0.008000009693205357
v 0.008674027398228645 0.008764843456447124 -0.010000013746321201
v 0.007499027065932751 0.008449996821582317 -0.010000013746321201
f 9970 9971 9972
v 0.007499027065932751 -0.008449998684227467 -0.008000009693205357
v 0.007499027065932751 -0.008449998684227467 -0.010000013746321201
v 0.008674027398228645 -0.008764837868511677 -0.008000009693205357
f 9973 9974 9975
v 0.008674027398228645 -0.008764837868511677 -0.008000009693205357
v 0.007499027065932751 -0.008449998684227467 -0.010000013746321201
v 0.008674027398228645 -0.008764837868511677 -0.010000013746321201
f 9976 9977 9978
v 0.008674027398228645 -0.008764837868511677 -0.008000009693205357
v 0.008674027398228645 -0.008764837868511677 -0.010000013746321201
v 0.00953418668359518 -0.009624999947845936 -0.008000009693205357
f 9979 9980 9981
v 0.00953418668359518 -0.009624999947845936 -0.008000009693205357
v 0.008674027398228645 -0.008764837868511677 -0.010000013746321201
v 0.00953418668359518 -0.009624999947845936 -0.010000013746321201
f 9982 9983 9984
v 0.00953418668359518 -0.009624999947845936 -0.008000009693205357
v 0.00953418668359518 -0.009624999947845936 -0.010000013746321201
v 0.009849026799201965 -0.010800001211464405 -0.008000009693205357
f 9985 9986 9987
v 0.009849026799201965 -0.010800001211464405 -0.008000009693205357
v 0.00953418668359518 -0.009624999947845936 -0.010000013746321201
v 0.009849026799201965 -0.010800001211464405 -0.010000013746321201
f 9988 9989 9990
v 0.009849026799201965 -0.010800001211464405 -0.008000009693205357
v 0.009849026799201965 -0.010800001211464405 -0.010000013746321201
v 0.00953418668359518 -0.011975002475082874 -0.008000009693205357
f 9991 9992 9993
v 0.00953418668359518 -0.011975002475082874 -0.008000009693205357
v 0.009849026799201965 -0.010800001211464405 -0.010000013746321201
v 0.00953418668359518 -0.011975002475082874 -0.010000013746321201
f 9994 9995 9996
v 0.00953418668359518 -0.011975002475082874 -0.008000009693205357
v 0.00953418668359518 -0.011975002475082874 -0.010000013746321201
v 0.008674027398228645 -0.012835157103836536 -0.008000009693205357
f 9997 9998 9999
v 0.008674027398228645 -0.012835157103836536 -0.008000009693205357
v 0.00953418668359518 -0.011975002475082874 -0.010000013746321201
v 0.008674027398228645 -0.012835157103836536 -0.010000013746321201
f 10000 10001 10002
v 0.008674027398228645 -0.012835157103836536 -0.008000009693205357
v 0.008674027398228645 -0.012835157103836536 -0.010000013746321201
v 0.007499027065932751 -0.013149996288120747 -0.008000009693205357
f 10003 10004 10005
v 0.007499027065932751 -0.013149996288120747 -0.008000009693205357
v 0.008674027398228645 -0.012835157103836536 -0.010000013746321201
v 0.007499027065932751 -0.013149996288120747 -0.010000013746321201
f 10006 10007 10008
v -0.00750097306445241 -0.008449998684227467 -0.008000009693205357
v -0.00750097306445241 -0.008449998684227467 -0.010000013746321201
v -0.006325973197817802 -0.008764837868511677 -0.008000009693205357
f 10009 10010 10011
v -0.006325973197817802 -0.008764837868511677 -0.008000009693205357
v -0.00750097306445241 -0.008449998684227467 -0.010000013746321201
v -0.006325973197817802 -0.008764837868511677 -0.010000013746321201
f 10012 10013 10014
v -0.006325973197817802 -0.008764837868511677 -0.008000009693205357
v -0.006325973197817802 -0.008764837868511677 -0.010000013746321201
v -0.00546581344678998 -0.009624999947845936 -0.008000009693205357
f 10015 10016 10017
v -0.00546581344678998 -0.009624999947845936 -0.008000009693205357
v -0.006325973197817802 -0.008764837868511677 -0.010000013746321201
v -0.00546581344678998 -0.009624999947845936 -0.010000013746321201
f 10018 10019 10020
v -0.00546581344678998 -0.009624999947845936 -0.008000009693205357
v -0.00546581344678998 -0.009624999947845936 -0.010000013746321201
v -0.005150972865521908 -0.010800001211464405 -0.008000009693205357
f 10021 10022 10023
v -0.005150972865521908 -0.010800001211464405 -0.008000009693205357
v -0.00546581344678998 -0.009624999947845936 -0.010000013746321201
v -0.005150972865521908 -0.010800001211464405 -0.010000013746321201
f 10024 10025 10026
v -0.005150972865521908 -0.010800001211464405 -0.008000009693205357
v -0.005150972865521908 -0.010800001211464405 -0.010000013746321201
v -0.00546581344678998 -0.011975002475082874 -0.008000009693205357
f 10027 10028 10029
v -0.00546581344678998 -0.011975002475082874 -0.008000009693205357
v -0.005150972865521908 -0.010800001211464405 -0.010000013746321201
v -0.00546581344678998 -0.011975002475082874 -0.010000013746321201
f 10030 10031 10032
v -0.00546581344678998 -0.011975002475082874 -0.008000009693205357
v -0.00546581344678998 -0.011975002475082874 -0.010000013746321201
v -0.006325973197817802 -0.012835157103836536 -0.008000009693205357
f 10033 10034 10035
v -0.006325973197817802 -0.012835157103836536 -0.008000009693205357
v -0.00546581344678998 -0.011975002475082874 -0.010000013746321201
v -0.006325973197817802 -0.012835157103836536 -0.010000013746321201
f 10036 10037 10038
v -0.006325973197817802 -0.012835157103836536 -0.008000009693205357
v -0.006325973197817802 -0.012835157103836536 -0.010000013746321201
v -0.00750097306445241 -0.013149996288120747 -0.008000009693205357
f 10039 10040 10041
v -0.00750097306445241 -0.013149996288120747 -0.008000009693205357
v -0.006325973197817802 -0.012835157103836536 -0.010000013746321201
v -0.00750097306445241 -0.013149996288120747 -0.010000013746321201
f 10042 10043 10044
v -0.01708139292895794 0.007599557749927044 6.356975390531261e-09
v -0.01860100030899048 0.00774999987334013 6.356975390531261e-09
v -0.01708139292895794 0.007599557749927044 0.0020000103395432234
f 10045 10046 10047
v -0.01708139292895794 0.007599557749927044 0.0020000103395432234
v -0.01860100030899048 0.00774999987334013 6.356975390531261e-09
v -0.01860100030899048 0.00774999987334013 0.004000014625489712
f 10048 10049 10050
v -0.01708139292895794 0.007599557749927044 0.0020000103395432234
v -0.01860100030899048 0.00774999987334013 0.004000014625489712
v -0.01674630306661129 0.00752479862421751 0.0020000103395432234
f 10051 10052 10053
v -0.01860100030899048 0.00774999987334013 0.004000014625489712
v -0.01674630306661129 0.00752479862421751 0.004000014625489712
v -0.01674630306661129 0.00752479862421751 0.0020000103395432234
f 10054 10055 10056
v -0.01674630306661129 0.00752479862421751 0.0020000103395432234
v -0.01674630306661129 0.00752479862421751 0.004000014625489712
v -0.014999395236372948 0.0068622855469584465 0.004000014625489712
f 10057 10058 10059
v -0.01674630306661129 0.00752479862421751 0.0020000103395432234
v -0.014999395236372948 0.0068622855469584465 0.004000014625489712
v -0.014999395236372948 0.0068622855469584465 0.0020000103395432234
f 10060 10061 10062
v -0.014999395236372948 0.0068622855469584465 0.0020000103395432234
v -0.014999395236372948 0.0068622855469584465 0.004000014625489712
v -0.01346179936081171 0.005800957791507244 0.004000014625489712
f 10063 10064 10065
v -0.014999395236372948 0.0068622855469584465 0.0020000103395432234
v -0.01346179936081171 0.005800957791507244 0.004000014625489712
v -0.01346179936081171 0.005800957791507244 0.0020000103395432234
f 10066 10067 10068
v -0.01346179936081171 0.005800957791507244 0.0020000103395432234
v -0.01346179936081171 0.005800957791507244 0.004000014625489712
v -0.012222874909639359 0.004402498714625835 0.004000014625489712
f 10069 10070 10071
v -0.01346179936081171 0.005800957791507244 0.0020000103395432234
v -0.012222874909639359 0.004402498714625835 0.004000014625489712
v -0.012222874909639359 0.004402498714625835 0.0020000103395432234
f 10072 10073 10074
v -0.012222874909639359 0.004402498714625835 0.0020000103395432234
v -0.012222874909639359 0.004402498714625835 0.004000014625489712
v -0.011354624293744564 0.0027481867000460625 0.004000014625489712
f 10075 10076 10077
v -0.012222874909639359 0.004402498714625835 0.0020000103395432234
v -0.011354624293744564 0.0027481867000460625 0.004000014625489712
v -0.011354624293744564 0.0027481867000460625 0.0020000103395432234
f 10078 10079 10080
v -0.011354624293744564 0.0027481867000460625 0.0020000103395432234
v -0.011354624293744564 0.0027481867000460625 0.004000014625489712
v -0.010907506570219994 0.0009341565310023725 0.004000014625489712
f 10081 10082 10083
v -0.011354624293744564 0.0027481867000460625 0.0020000103395432234
v -0.010907506570219994 0.0009341565310023725 0.004000014625489712
v -0.010907506570219994 0.0009341565310023725 0.0020000103395432234
f 10084 10085 10086
v -0.010907506570219994 0.0009341565310023725 0.0020000103395432234
v -0.010907506570219994 0.0009341565310023725 0.004000014625489712
v -0.010907506570219994 -0.0009341585100628436 0.004000014625489712
f 10087 10088 10089
v -0.010907506570219994 0.0009341565310023725 0.0020000103395432234
v -0.010907506570219994 -0.0009341585100628436 0.004000014625489712
v -0.010907506570219994 -0.0009341585100628436 0.0020000103395432234
f 10090 10091 10092
v -0.010907506570219994 -0.0009341585100628436 0.0020000103395432234
v -0.010907506570219994 -0.0009341585100628436 0.004000014625489712
v -0.011354624293744564 -0.0027481885626912117 0.004000014625489712
f 10093 10094 10095
v -0.010907506570219994 -0.0009341585100628436 0.0020000103395432234
v -0.011354624293744564 -0.0027481885626912117 0.004000014625489712
v -0.011354624293744564 -0.0027481885626912117 0.0020000103395432234
f 10096 10097 10098
v -0.011354624293744564 -0.0027481885626912117 0.0020000103395432234
v -0.011354624293744564 -0.0027481885626912117 0.004000014625489712
v -0.012222874909639359 -0.004402500577270985 0.004000014625489712
f 10099 10100 10101
v -0.011354624293744564 -0.0027481885626912117 0.0020000103395432234
v -0.012222874909639359 -0.004402500577270985 0.004000014625489712
v -0.012222874909639359 -0.004402500577270985 0.0020000103395432234
f 10102 10103 10104
v -0.012222874909639359 -0.004402500577270985 0.0020000103395432234
v -0.012222874909639359 -0.004402500577270985 0.004000014625489712
v -0.01346179936081171 -0.005800959654152393 0.004000014625489712
f 10105 10106 10107
v -0.012222874909639359 -0.004402500577270985 0.0020000103395432234
v -0.01346179936081171 -0.005800959654152393 0.004000014625489712
v -0.01346179936081171 -0.005800959654152393 0.0020000103395432234
f 10108 10109 10110
v -0.01346179936081171 -0.005800959654152393 0.0020000103395432234
v -0.01346179936081171 -0.005800959654152393 0.004000014625489712
v -0.014999395236372948 -0.006862287409603596 0.004000014625489712
f 10111 10112 10113
v -0.01346179936081171 -0.005800959654152393 0.0020000103395432234
v -0.014999395236372948 -0.006862287409603596 0.004000014625489712
v -0.014999395236372948 -0.006862287409603596 0.0020000103395432234
f 10114 10115 10116
v -0.014999395236372948 -0.006862287409603596 0.0020000103395432234
v -0.014999395236372948 -0.006862287409603596 0.004000014625489712
v -0.01674630306661129 -0.0075248004868626595 0.004000014625489712
f 10117 10118 10119
v -0.01860100030899048 -0.007750001735985279 6.356975390531261e-09
v -0.01708139292895794 -0.007599559612572193 6.356975390531261e-09
v -0.01860100030899048 -0.007750001735985279 0.004000014625489712
f 10120 10121 10122
v -0.01860100030899048 -0.007750001735985279 0.004000014625489712
v -0.01708139292895794 -0.007599559612572193 6.356975390531261e-09
v -0.01708139292895794 -0.007599559612572193 0.0020000103395432234
f 10123 10124 10125
v -0.01860100030899048 -0.007750001735985279 0.004000014625489712
v -0.01708139292895794 -0.007599559612572193 0.0020000103395432234
v -0.01674630306661129 -0.0075248004868626595 0.004000014625489712
f 10126 10127 10128
v -0.01674630306661129 -0.0075248004868626595 0.004000014625489712
v -0.01708139292895794 -0.007599559612572193 0.0020000103395432234
v -0.01674630306661129 -0.0075248004868626595 0.0020000103395432234
f 10129 10130 10131
v -0.01674630306661129 -0.0075248004868626595 0.004000014625489712
v -0.01674630306661129 -0.0075248004868626595 0.0020000103395432234
v -0.014999395236372948 -0.006862287409603596 0.0020000103395432234
f 10132 10133 10134
v -0.01860100030899048 -0.00449999887496233 0.00500000175088644
v -0.01860100030899048 -0.00449999887496233 0.004000014625489712
v -0.017210423946380615 -0.004279752261936665 0.004000014625489712
f 10135 10136 10137
v -0.01860100030899048 -0.00449999887496233 0.00500000175088644
v -0.017210423946380615 -0.004279752261936665 0.004000014625489712
v -0.017210423946380615 -0.004279752261936665 0.00500000175088644
f 10138 10139 10140
v -0.017210423946380615 -0.004279752261936665 0.00500000175088644
v -0.017210423946380615 -0.004279752261936665 0.004000014625489712
v -0.015955965965986252 -0.0036405744031071663 0.004000014625489712
f 10141 10142 10143
v -0.017210423946380615 -0.004279752261936665 0.00500000175088644
v -0.015955965965986252 -0.0036405744031071663 0.004000014625489712
v -0.015955965965986252 -0.0036405744031071663 0.00500000175088644
f 10144 10145 10146
v -0.015955965965986252 -0.0036405744031071663 0.00500000175088644
v -0.015955965965986252 -0.0036405744031071663 0.004000014625489712
v -0.014960423111915588 -0.0026450352743268013 0.004000014625489712
f 10147 10148 10149
v -0.015955965965986252 -0.0036405744031071663 0.00500000175088644
v -0.014960423111915588 -0.0026450352743268013 0.004000014625489712
v -0.014960423111915588 -0.0026450352743268013 0.00500000175088644
f 10150 10151 10152
v -0.014960423111915588 -0.0026450352743268013 0.00500000175088644
v -0.014960423111915588 -0.0026450352743268013 0.004000014625489712
v -0.01432124525308609 -0.0013905735686421394 0.004000014625489712
f 10153 10154 10155
v -0.014960423111915588 -0.0026450352743268013 0.00500000175088644
v -0.01432124525308609 -0.0013905735686421394 0.004000014625489712
v -0.01432124525308609 -0.0013905735686421394 0.00500000175088644
f 10156 10157 10158
v -0.01432124525308609 -0.0013905735686421394 0.00500000175088644
v -0.01432124525308609 -0.0013905735686421394 0.004000014625489712
v -0.014100999571383 2.736447957119026e-09 0.004000014625489712
f 10159 10160 10161
v -0.01432124525308609 -0.0013905735686421394 0.00500000175088644
v -0.014100999571383 2.736447957119026e-09 0.004000014625489712
v -0.014100999571383 2.736447957119026e-09 0.00500000175088644
f 10162 10163 10164
v -0.014100999571383 2.736447957119026e-09 0.00500000175088644
v -0.014100999571383 2.736447957119026e-09 0.004000014625489712
v -0.01432124525308609 0.0013905791565775871 0.004000014625489712
f 10165 10166 10167
v -0.014100999571383 2.736447957119026e-09 0.00500000175088644
v -0.01432124525308609 0.0013905791565775871 0.004000014625489712
v -0.01432124525308609 0.0013905791565775871 0.00500000175088644
f 10168 10169 10170
v -0.01432124525308609 0.0013905791565775871 0.00500000175088644
v -0.01432124525308609 0.0013905791565775871 0.004000014625489712
v -0.014960423111915588 0.002645033411681652 0.004000014625489712
f 10171 10172 10173
v -0.01432124525308609 0.0013905791565775871 0.00500000175088644
v -0.014960423111915588 0.002645033411681652 0.004000014625489712
v -0.014960423111915588 0.002645033411681652 0.00500000175088644
f 10174 10175 10176
v -0.014960423111915588 0.002645033411681652 0.00500000175088644
v -0.014960423111915588 0.002645033411681652 0.004000014625489712
v -0.015955965965986252 0.003640579991042614 0.004000014625489712
f 10177 10178 10179
v -0.014960423111915588 0.002645033411681652 0.00500000175088644
v -0.015955965965986252 0.003640579991042614 0.004000014625489712
v -0.015955965965986252 0.003640579991042614 0.00500000175088644
f 10180 10181 10182
v -0.015955965965986252 0.003640579991042614 0.00500000175088644
v -0.015955965965986252 0.003640579991042614 0.004000014625489712
v -0.017210423946380615 0.004279757849872112 0.004000014625489712
f 10183 10184 10185
v -0.015955965965986252 0.003640579991042614 0.00500000175088644
v -0.017210423946380615 0.004279757849872112 0.004000014625489712
v -0.017210423946380615 0.004279757849872112 0.00500000175088644
f 10186 10187 10188
v -0.017210423946380615 0.004279757849872112 0.00500000175088644
v -0.017210423946380615 0.004279757849872112 0.004000014625489712
v -0.01860100030899048 0.004499997012317181 0.004000014625489712
f 10189 10190 10191
v -0.017210423946380615 0.004279757849872112 0.00500000175088644
v -0.01860100030899048 0.004499997012317181 0.004000014625489712
v -0.01860100030899048 0.004499997012317181 0.00500000175088644
f 10192 10193 10194
v -0.01860100030899048 0.00305000226944685 0.00500000175088644
v -0.01860100030899048 0.00305000226944685 0.004000014625489712
v -0.017433814704418182 0.0028178347274661064 0.00500000175088644
f 10195 10196 10197
v -0.017433814704418182 0.0028178347274661064 0.00500000175088644
v -0.01860100030899048 0.00305000226944685 0.004000014625489712
v -0.017433814704418182 0.0028178347274661064 0.004000014625489712
f 10198 10199 10200
v -0.017433814704418182 0.0028178347274661064 0.00500000175088644
v -0.017433814704418182 0.0028178347274661064 0.004000014625489712
v -0.01644432358443737 0.002156677655875683 0.00500000175088644
f 10201 10202 10203
v -0.01644432358443737 0.002156677655875683 0.00500000175088644
v -0.017433814704418182 0.0028178347274661064 0.004000014625489712
v -0.01644432358443737 0.002156677655875683 0.004000014625489712
f 10204 10205 10206
v -0.01644432358443737 0.002156677655875683 0.00500000175088644
v -0.01644432358443737 0.002156677655875683 0.004000014625489712
v -0.015783166512846947 0.001167180947959423 0.00500000175088644
f 10207 10208 10209
v -0.015783166512846947 0.001167180947959423 0.00500000175088644
v -0.01644432358443737 0.002156677655875683 0.004000014625489712
v -0.015783166512846947 0.001167180947959423 0.004000014625489712
f 10210 10211 10212
v -0.015783166512846947 0.001167180947959423 0.00500000175088644
v -0.015783166512846947 0.001167180947959423 0.004000014625489712
v -0.015550999902188778 2.736447957119026e-09 0.00500000175088644
f 10213 10214 10215
v -0.015550999902188778 2.736447957119026e-09 0.00500000175088644
v -0.015783166512846947 0.001167180947959423 0.004000014625489712
v -0.015550999902188778 2.736447957119026e-09 0.004000014625489712
f 10216 10217 10218
v -0.015550999902188778 2.736447957119026e-09 0.00500000175088644
v -0.015550999902188778 2.736447957119026e-09 0.004000014625489712
v -0.015783166512846947 -0.0011671828106045723 0.00500000175088644
f 10219 10220 10221
v -0.015783166512846947 -0.0011671828106045723 0.00500000175088644
v -0.015550999902188778 2.736447957119026e-09 0.004000014625489712
v -0.015783166512846947 -0.0011671828106045723 0.004000014625489712
f 10222 10223 10224
v -0.015783166512846947 -0.0011671828106045723 0.00500000175088644
v -0.015783166512846947 -0.0011671828106045723 0.004000014625489712
v -0.01644432358443737 -0.002156672067940235 0.00500000175088644
f 10225 10226 10227
v -0.01644432358443737 -0.002156672067940235 0.00500000175088644
v -0.015783166512846947 -0.0011671828106045723 0.004000014625489712
v -0.01644432358443737 -0.002156672067940235 0.004000014625489712
f 10228 10229 10230
v -0.01644432358443737 -0.002156672067940235 0.00500000175088644
v -0.01644432358443737 -0.002156672067940235 0.004000014625489712
v -0.017433814704418182 -0.0028178291395306587 0.00500000175088644
f 10231 10232 10233
v -0.017433814704418182 -0.0028178291395306587 0.00500000175088644
v -0.01644432358443737 -0.002156672067940235 0.004000014625489712
v -0.017433814704418182 -0.0028178291395306587 0.004000014625489712
f 10234 10235 10236
v -0.017433814704418182 -0.0028178291395306587 0.00500000175088644
v -0.017433814704418182 -0.0028178291395306587 0.004000014625489712
v -0.01860100030899048 -0.003049996681511402 0.00500000175088644
f 10237 10238 10239
v -0.01860100030899048 -0.003049996681511402 0.00500000175088644
v -0.017433814704418182 -0.0028178291395306587 0.004000014625489712
v -0.01860100030899048 -0.003049996681511402 0.004000014625489712
f 10240 10241 10242
v -0.01860100030899048 -0.0016500027850270271 6.356975390531261e-09
v -0.01860100030899048 -0.0016500027850270271 0.004000014625489712
v -0.017775999382138252 -0.0014289440587162971 6.356975390531261e-09
f 10243 10244 10245
v -0.017775999382138252 -0.0014289440587162971 6.356975390531261e-09
v -0.01860100030899048 -0.0016500027850270271 0.004000014625489712
v -0.017775999382138252 -0.0014289440587162971 0.004000014625489712
f 10246 10247 10248
v -0.017775999382138252 -0.0014289440587162971 6.356975390531261e-09
v -0.017775999382138252 -0.0014289440587162971 0.004000014625489712
v -0.017172057181596756 -0.0008250000537373126 6.356975390531261e-09
f 10249 10250 10251
v -0.017172057181596756 -0.0008250000537373126 6.356975390531261e-09
v -0.017775999382138252 -0.0014289440587162971 0.004000014625489712
v -0.017172057181596756 -0.0008250000537373126 0.004000014625489712
f 10252 10253 10254
v -0.017172057181596756 -0.0008250000537373126 6.356975390531261e-09
v -0.017172057181596756 -0.0008250000537373126 0.004000014625489712
v -0.016951000317931175 2.736447957119026e-09 6.356975390531261e-09
f 10255 10256 10257
v -0.016951000317931175 2.736447957119026e-09 6.356975390531261e-09
v -0.017172057181596756 -0.0008250000537373126 0.004000014625489712
v -0.016951000317931175 2.736447957119026e-09 0.004000014625489712
f 10258 10259 10260
v -0.016951000317931175 2.736447957119026e-09 6.356975390531261e-09
v -0.016951000317931175 2.736447957119026e-09 0.004000014625489712
v -0.017172057181596756 0.0008249980746768415 6.356975390531261e-09
f 10261 10262 10263
v -0.017172057181596756 0.0008249980746768415 6.356975390531261e-09
v -0.016951000317931175 2.736447957119026e-09 0.004000014625489712
v -0.017172057181596756 0.0008249980746768415 0.004000014625489712
f 10264 10265 10266
v -0.017172057181596756 0.0008249980746768415 6.356975390531261e-09
v -0.017172057181596756 0.0008249980746768415 0.004000014625489712
v -0.017775999382138252 0.001428942196071148 6.356975390531261e-09
f 10267 10268 10269
v -0.017775999382138252 0.001428942196071148 6.356975390531261e-09
v -0.017172057181596756 0.0008249980746768415 0.004000014625489712
v -0.017775999382138252 0.001428942196071148 0.004000014625489712
f 10270 10271 10272
v -0.017775999382138252 0.001428942196071148 6.356975390531261e-09
v -0.017775999382138252 0.001428942196071148 0.004000014625489712
v -0.01860100030899048 0.001650000922381878 6.356975390531261e-09
f 10273 10274 10275
v -0.01860100030899048 0.001650000922381878 6.356975390531261e-09
v -0.017775999382138252 0.001428942196071148 0.004000014625489712
v -0.01860100030899048 0.001650000922381878 0.004000014625489712
f 10276 10277 10278
v -0.007501000072807074 0.003299999050796032 -0.0030000146944075823
v -0.007501000072807074 0.003299999050796032 6.356975390531261e-09
v -0.006651000119745731 0.0035277558490633965 -0.0030000146944075823
f 10279 10280 10281
v -0.006651000119745731 0.0035277558490633965 -0.0030000146944075823
v -0.007501000072807074 0.003299999050796032 6.356975390531261e-09
v -0.006651000119745731 0.0035277558490633965 6.356975390531261e-09
f 10282 10283 10284
v -0.006651000119745731 0.0035277558490633965 -0.0030000146944075823
v -0.006651000119745731 0.0035277558490633965 6.356975390531261e-09
v -0.006028756964951754 0.004149998538196087 -0.0030000146944075823
f 10285 10286 10287
v -0.006028756964951754 0.004149998538196087 -0.0030000146944075823
v -0.006651000119745731 0.0035277558490633965 6.356975390531261e-09
v -0.006028756964951754 0.004149998538196087 6.356975390531261e-09
f 10288 10289 10290
v -0.006028756964951754 0.004149998538196087 -0.0030000146944075823
v -0.006028756964951754 0.004149998538196087 6.356975390531261e-09
v -0.005801000166684389 0.004999998025596142 -0.0030000146944075823
f 10291 10292 10293
v -0.005801000166684389 0.004999998025596142 -0.0030000146944075823
v -0.006028756964951754 0.004149998538196087 6.356975390531261e-09
v -0.005801000166684389 0.004999998025596142 6.356975390531261e-09
f 10294 10295 10296
v -0.005801000166684389 0.004999998025596142 -0.0030000146944075823
v -0.005801000166684389 0.004999998025596142 6.356975390531261e-09
v -0.006028756964951754 0.005849997512996197 -0.0030000146944075823
f 10297 10298 10299
v -0.006028756964951754 0.005849997512996197 -0.0030000146944075823
v -0.005801000166684389 0.004999998025596142 6.356975390531261e-09
v -0.006028756964951754 0.005849997512996197 6.356975390531261e-09
f 10300 10301 10302
v -0.006028756964951754 0.005849997512996197 -0.0030000146944075823
v -0.006028756964951754 0.005849997512996197 6.356975390531261e-09
v -0.006651000119745731 0.006472240202128887 -0.0030000146944075823
f 10303 10304 10305
v -0.006651000119745731 0.006472240202128887 -0.0030000146944075823
v -0.006028756964951754 0.005849997512996197 6.356975390531261e-09
v -0.006651000119745731 0.006472240202128887 6.356975390531261e-09
f 10306 10307 10308
v -0.006651000119745731 0.006472240202128887 -0.0030000146944075823
v -0.006651000119745731 0.006472240202128887 6.356975390531261e-09
v -0.007501000072807074 0.006699997000396252 -0.0030000146944075823
f 10309 10310 10311
v -0.007501000072807074 0.006699997000396252 -0.0030000146944075823
v -0.006651000119745731 0.006472240202128887 6.356975390531261e-09
v -0.007501000072807074 0.006699997000396252 6.356975390531261e-09
f 10312 10313 10314
v 0.007499000057578087 0.003299999050796032 -0.0030000146944075823
v 0.007499000057578087 0.003299999050796032 6.356975390531261e-09
v 0.008236601948738098 0.0034683523699641228 -0.0030000146944075823
f 10315 10316 10317
v 0.008236601948738098 0.0034683523699641228 -0.0030000146944075823
v 0.007499000057578087 0.003299999050796032 6.356975390531261e-09
v 0.008236601948738098 0.0034683523699641228 6.356975390531261e-09
f 10318 10319 10320
v 0.008236601948738098 0.0034683523699641228 -0.0030000146944075823
v 0.008236601948738098 0.0034683523699641228 6.356975390531261e-09
v 0.008828113786876202 0.003940070979297161 -0.0030000146944075823
f 10321 10322 10323
v 0.008828113786876202 0.003940070979297161 -0.0030000146944075823
v 0.008236601948738098 0.0034683523699641228 6.356975390531261e-09
v 0.008828113786876202 0.003940070979297161 6.356975390531261e-09
f 10324 10325 10326
v 0.008828113786876202 0.003940070979297161 -0.0030000146944075823
v 0.008828113786876202 0.003940070979297161 6.356975390531261e-09
v 0.00915637705475092 0.004621717147529125 -0.0030000146944075823
f 10327 10328 10329
v 0.00915637705475092 0.004621717147529125 -0.0030000146944075823
v 0.008828113786876202 0.003940070979297161 6.356975390531261e-09
v 0.00915637705475092 0.004621717147529125 6.356975390531261e-09
f 10330 10331 10332
v 0.00915637705475092 0.004621717147529125 -0.0030000146944075823
v 0.00915637705475092 0.004621717147529125 6.356975390531261e-09
v 0.00915637705475092 0.005378286354243755 -0.0030000146944075823
f 10333 10334 10335
v 0.00915637705475092 0.005378286354243755 -0.0030000146944075823
v 0.00915637705475092 0.004621717147529125 6.356975390531261e-09
v 0.00915637705475092 0.005378286354243755 6.356975390531261e-09
f 10336 10337 10338
v 0.00915637705475092 0.005378286354243755 -0.0030000146944075823
v 0.00915637705475092 0.005378286354243755 6.356975390531261e-09
v 0.008828113786876202 0.0060599325224757195 -0.0030000146944075823
f 10339 10340 10341
v 0.008828113786876202 0.0060599325224757195 -0.0030000146944075823
v 0.00915637705475092 0.005378286354243755 6.356975390531261e-09
v 0.008828113786876202 0.0060599325224757195 6.356975390531261e-09
f 10342 10343 10344
v 0.008828113786876202 0.0060599325224757195 -0.0030000146944075823
v 0.008828113786876202 0.0060599325224757195 6.356975390531261e-09
v 0.008236601948738098 0.006531643681228161 -0.0030000146944075823
f 10345 10346 10347
v 0.008236601948738098 0.006531643681228161 -0.0030000146944075823
v 0.008828113786876202 0.0060599325224757195 6.356975390531261e-09
v 0.008236601948738098 0.006531643681228161 6.356975390531261e-09
f 10348 10349 10350
v 0.008236601948738098 0.006531643681228161 -0.0030000146944075823
v 0.008236601948738098 0.006531643681228161 6.356975390531261e-09
v 0.007499000057578087 0.006699997000396252 -0.0030000146944075823
f 10351 10352 10353
v 0.007499000057578087 0.006699997000396252 -0.0030000146944075823
v 0.008236601948738098 0.006531643681228161 6.356975390531261e-09
v 0.007499000057578087 0.006699997000396252 6.356975390531261e-09
f 10354 10355 10356
v 0.007499000057578087 -0.006699998863041401 -0.0030000146944075823
v 0.007499000057578087 -0.006699998863041401 6.356975390531261e-09
v 0.008348999544978142 -0.006472242064774036 -0.0030000146944075823
f 10357 10358 10359
v 0.008348999544978142 -0.006472242064774036 -0.0030000146944075823
v 0.007499000057578087 -0.006699998863041401 6.356975390531261e-09
v 0.008348999544978142 -0.006472242064774036 6.356975390531261e-09
f 10360 10361 10362
v 0.008348999544978142 -0.006472242064774036 -0.0030000146944075823
v 0.008348999544978142 -0.006472242064774036 6.356975390531261e-09
v 0.008971243165433407 -0.005849999375641346 -0.0030000146944075823
f 10363 10364 10365
v 0.008971243165433407 -0.005849999375641346 -0.0030000146944075823
v 0.008348999544978142 -0.006472242064774036 6.356975390531261e-09
v 0.008971243165433407 -0.005849999375641346 6.356975390531261e-09
f 10366 10367 10368
v 0.008971243165433407 -0.005849999375641346 -0.0030000146944075823
v 0.008971243165433407 -0.005849999375641346 6.356975390531261e-09
v 0.009198999963700771 -0.004999999888241291 -0.0030000146944075823
f 10369 10370 10371
v 0.009198999963700771 -0.004999999888241291 -0.0030000146944075823
v 0.008971243165433407 -0.005849999375641346 6.356975390531261e-09
v 0.009198999963700771 -0.004999999888241291 6.356975390531261e-09
f 10372 10373 10374
v 0.009198999963700771 -0.004999999888241291 -0.0030000146944075823
v 0.009198999963700771 -0.004999999888241291 6.356975390531261e-09
v 0.008971243165433407 -0.004150000400841236 -0.0030000146944075823
f 10375 10376 10377
v 0.008971243165433407 -0.004150000400841236 -0.0030000146944075823
v 0.009198999963700771 -0.004999999888241291 6.356975390531261e-09
v 0.008971243165433407 -0.004150000400841236 6.356975390531261e-09
f 10378 10379 10380
v 0.008971243165433407 -0.004150000400841236 -0.0030000146944075823
v 0.008971243165433407 -0.004150000400841236 6.356975390531261e-09
v 0.008348999544978142 -0.0035277577117085457 -0.0030000146944075823
f 10381 10382 10383
v 0.008348999544978142 -0.0035277577117085457 -0.0030000146944075823
v 0.008971243165433407 -0.004150000400841236 6.356975390531261e-09
v 0.008348999544978142 -0.0035277577117085457 6.356975390531261e-09
f 10384 10385 10386
v 0.008348999544978142 -0.0035277577117085457 -0.0030000146944075823
v 0.008348999544978142 -0.0035277577117085457 6.356975390531261e-09
v 0.007499000057578087 -0.003300000913441181 -0.0030000146944075823
f 10387 10388 10389
v 0.007499000057578087 -0.003300000913441181 -0.0030000146944075823
v 0.008348999544978142 -0.0035277577117085457 6.356975390531261e-09
v 0.007499000057578087 -0.003300000913441181 6.356975390531261e-09
f 10390 10391 10392
v -0.007501000072807074 -0.006699998863041401 -0.0030000146944075823
v -0.007501000072807074 -0.006699998863041401 6.356975390531261e-09
v -0.006651000119745731 -0.006472242064774036 -0.0030000146944075823
f 10393 10394 10395
v -0.006651000119745731 -0.006472242064774036 -0.0030000146944075823
v -0.007501000072807074 -0.006699998863041401 6.356975390531261e-09
v -0.006651000119745731 -0.006472242064774036 6.356975390531261e-09
f 10396 10397 10398
v -0.006651000119745731 -0.006472242064774036 -0.0030000146944075823
v -0.006651000119745731 -0.006472242064774036 6.356975390531261e-09
v -0.006028756964951754 -0.005849999375641346 -0.0030000146944075823
f 10399 10400 10401
v -0.006028756964951754 -0.005849999375641346 -0.0030000146944075823
v -0.006651000119745731 -0.006472242064774036 6.356975390531261e-09
v -0.006028756964951754 -0.005849999375641346 6.356975390531261e-09
f 10402 10403 10404
v -0.006028756964951754 -0.005849999375641346 -0.0030000146944075823
v -0.006028756964951754 -0.005849999375641346 6.356975390531261e-09
v -0.005801000166684389 -0.004999999888241291 -0.0030000146944075823
f 10405 10406 10407
v -0.005801000166684389 -0.004999999888241291 -0.0030000146944075823
v -0.006028756964951754 -0.005849999375641346 6.356975390531261e-09
v -0.005801000166684389 -0.004999999888241291 6.356975390531261e-09
f 10408 10409 10410
v -0.005801000166684389 -0.004999999888241291 -0.0030000146944075823
v -0.005801000166684389 -0.004999999888241291 6.356975390531261e-09
v -0.006028756964951754 -0.004150000400841236 -0.0030000146944075823
f 10411 10412 10413
v -0.006028756964951754 -0.004150000400841236 -0.0030000146944075823
v -0.005801000166684389 -0.004999999888241291 6.356975390531261e-09
v -0.006028756964951754 -0.004150000400841236 6.356975390531261e-09
f 10414 10415 10416
v -0.006028756964951754 -0.004150000400841236 -0.0030000146944075823
v -0.006028756964951754 -0.004150000400841236 6.356975390531261e-09
v -0.006651000119745731 -0.0035277577117085457 -0.0030000146944075823
f 10417 10418 10419
v -0.006651000119745731 -0.0035277577117085457 -0.0030000146944075823
v -0.006028756964951754 -0.004150000400841236 6.356975390531261e-09
v -0.006651000119745731 -0.0035277577117085457 6.356975390531261e-09
f 10420 10421 10422
v -0.006651000119745731 -0.0035277577117085457 -0.0030000146944075823
v -0.006651000119745731 -0.0035277577117085457 6.356975390531261e-09
v -0.007501000072807074 -0.003300000913441181 -0.0030000146944075823
f 10423 10424 10425
v -0.007501000072807074 -0.003300000913441181 -0.0030000146944075823
v -0.006651000119745731 -0.0035277577117085457 6.356975390531261e-09
v -0.007501000072807074 -0.003300000913441181 6.356975390531261e-09
f 10426 10427 10428
v -0.007501000072807074 -0.0026499973610043526 -0.0030000146944075823
v -0.007501000072807074 -0.0026499973610043526 -0.004999988712370396
v -0.006481373216956854 -0.0028827236965298653 -0.0030000146944075823
f 10429 10430 10431
v -0.006481373216956854 -0.0028827236965298653 -0.0030000146944075823
v -0.007501000072807074 -0.0026499973610043526 -0.004999988712370396
v -0.006481373216956854 -0.0028827236965298653 -0.004999988712370396
f 10432 10433 10434
v -0.006481373216956854 -0.0028827236965298653 -0.0030000146944075823
v -0.006481373216956854 -0.0028827236965298653 -0.004999988712370396
v -0.005663696210831404 -0.0035347985103726387 -0.0030000146944075823
f 10435 10436 10437
v -0.005663696210831404 -0.0035347985103726387 -0.0030000146944075823
v -0.006481373216956854 -0.0028827236965298653 -0.004999988712370396
v -0.005663696210831404 -0.0035347985103726387 -0.004999988712370396
f 10438 10439 10440
v -0.005663696210831404 -0.0035347985103726387 -0.0030000146944075823
v -0.005663696210831404 -0.0035347985103726387 -0.004999988712370396
v -0.005209919530898333 -0.004477073438465595 -0.0030000146944075823
f 10441 10442 10443
v -0.005209919530898333 -0.004477073438465595 -0.0030000146944075823
v -0.005663696210831404 -0.0035347985103726387 -0.004999988712370396
v -0.005209919530898333 -0.004477073438465595 -0.004999988712370396
f 10444 10445 10446
v -0.005209919530898333 -0.004477073438465595 -0.0030000146944075823
v -0.005209919530898333 -0.004477073438465595 -0.004999988712370396
v -0.005209919530898333 -0.005522926338016987 -0.0030000146944075823
f 10447 10448 10449
v -0.005209919530898333 -0.005522926338016987 -0.0030000146944075823
v -0.005209919530898333 -0.004477073438465595 -0.004999988712370396
v -0.005209919530898333 -0.005522926338016987 -0.004999988712370396
f 10450 10451 10452
v -0.005209919530898333 -0.005522926338016987 -0.0030000146944075823
v -0.005209919530898333 -0.005522926338016987 -0.004999988712370396
v -0.005663696210831404 -0.006465201266109943 -0.0030000146944075823
f 10453 10454 10455
v -0.005663696210831404 -0.006465201266109943 -0.0030000146944075823
v -0.005209919530898333 -0.005522926338016987 -0.004999988712370396
v -0.005663696210831404 -0.006465201266109943 -0.004999988712370396
f 10456 10457 10458
v -0.005663696210831404 -0.006465201266109943 -0.0030000146944075823
v -0.005663696210831404 -0.006465201266109943 -0.004999988712370396
v -0.006481373216956854 -0.007117276079952717 -0.0030000146944075823
f 10459 10460 10461
v -0.006481373216956854 -0.007117276079952717 -0.0030000146944075823
v -0.005663696210831404 -0.006465201266109943 -0.004999988712370396
v -0.006481373216956854 -0.007117276079952717 -0.004999988712370396
f 10462 10463 10464
v -0.006481373216956854 -0.007117276079952717 -0.0030000146944075823
v -0.006481373216956854 -0.007117276079952717 -0.004999988712370396
v -0.007501000072807074 -0.0073500024154782295 -0.0030000146944075823
f 10465 10466 10467
v -0.007501000072807074 -0.0073500024154782295 -0.0030000146944075823
v -0.006481373216956854 -0.007117276079952717 -0.004999988712370396
v -0.007501000072807074 -0.0073500024154782295 -0.004999988712370396
f 10468 10469 10470
v -0.007501000072807074 0.00735000055283308 -0.0030000146944075823
v -0.007501000072807074 0.00735000055283308 -0.004999988712370396
v -0.006481373216956854 0.007117274217307568 -0.0030000146944075823
f 10471 10472 10473
v -0.006481373216956854 0.007117274217307568 -0.0030000146944075823
v -0.007501000072807074 0.00735000055283308 -0.004999988712370396
v -0.006481373216956854 0.007117274217307568 -0.004999988712370396
f 10474 10475 10476
v -0.006481373216956854 0.007117274217307568 -0.0030000146944075823
v -0.006481373216956854 0.007117274217307568 -0.004999988712370396
v -0.005663696210831404 0.006465199403464794 -0.0030000146944075823
f 10477 10478 10479
v -0.005663696210831404 0.006465199403464794 -0.0030000146944075823
v -0.006481373216956854 0.007117274217307568 -0.004999988712370396
v -0.005663696210831404 0.006465199403464794 -0.004999988712370396
f 10480 10481 10482
v -0.005663696210831404 0.006465199403464794 -0.0030000146944075823
v -0.005663696210831404 0.006465199403464794 -0.004999988712370396
v -0.005209919530898333 0.005522924475371838 -0.0030000146944075823
f 10483 10484 10485
v -0.005209919530898333 0.005522924475371838 -0.0030000146944075823
v -0.005663696210831404 0.006465199403464794 -0.004999988712370396
v -0.005209919530898333 0.005522924475371838 -0.004999988712370396
f 10486 10487 10488
v -0.005209919530898333 0.005522924475371838 -0.0030000146944075823
v -0.005209919530898333 0.005522924475371838 -0.004999988712370396
v -0.005209919530898333 0.004477079026401043 -0.0030000146944075823
f 10489 10490 10491
v -0.005209919530898333 0.004477079026401043 -0.0030000146944075823
v -0.005209919530898333 0.005522924475371838 -0.004999988712370396
v -0.005209919530898333 0.004477079026401043 -0.004999988712370396
f 10492 10493 10494
v -0.005209919530898333 0.004477079026401043 -0.0030000146944075823
v -0.005209919530898333 0.004477079026401043 -0.004999988712370396
v -0.005663696210831404 0.0035347966477274895 -0.0030000146944075823
f 10495 10496 10497
v -0.005663696210831404 0.0035347966477274895 -0.0030000146944075823
v -0.005209919530898333 0.004477079026401043 -0.004999988712370396
v -0.005663696210831404 0.0035347966477274895 -0.004999988712370396
f 10498 10499 10500
v -0.005663696210831404 0.0035347966477274895 -0.0030000146944075823
v -0.005663696210831404 0.0035347966477274895 -0.004999988712370396
v -0.006481373216956854 0.002882721833884716 -0.0030000146944075823
f 10501 10502 10503
v -0.006481373216956854 0.002882721833884716 -0.0030000146944075823
v -0.005663696210831404 0.0035347966477274895 -0.004999988712370396
v -0.006481373216956854 0.002882721833884716 -0.004999988712370396
f 10504 10505 10506
v -0.006481373216956854 0.002882721833884716 -0.0030000146944075823
v -0.006481373216956854 0.002882721833884716 -0.004999988712370396
v -0.007501000072807074 0.0026500029489398003 -0.0030000146944075823
f 10507 10508 10509
v -0.007501000072807074 0.0026500029489398003 -0.0030000146944075823
v -0.006481373216956854 0.002882721833884716 -0.004999988712370396
v -0.007501000072807074 0.0026500029489398003 -0.004999988712370396
f 10510 10511 10512
v 0.007499027065932751 -0.0095500024035573 6.356975390531261e-09
v 0.007499027065932751 -0.0095500024035573 -0.004999988712370396
v 0.008124027401208878 -0.009717469103634357 6.356975390531261e-09
f 10513 10514 10515
v 0.008124027401208878 -0.009717469103634357 6.356975390531261e-09
v 0.007499027065932751 -0.0095500024035573 -0.004999988712370396
v 0.008124027401208878 -0.009717469103634357 -0.004999988712370396
f 10516 10517 10518
v 0.008124027401208878 -0.009717469103634357 6.356975390531261e-09
v 0.008124027401208878 -0.009717469103634357 -0.004999988712370396
v 0.008581559173762798 -0.010175001807510853 6.356975390531261e-09
f 10519 10520 10521
v 0.008581559173762798 -0.010175001807510853 6.356975390531261e-09
v 0.008124027401208878 -0.009717469103634357 -0.004999988712370396
v 0.008581559173762798 -0.010175001807510853 -0.004999988712370396
f 10522 10523 10524
v 0.008581559173762798 -0.010175001807510853 6.356975390531261e-09
v 0.008581559173762798 -0.010175001807510853 -0.004999988712370396
v 0.00874902680516243 -0.010800001211464405 6.356975390531261e-09
f 10525 10526 10527
v 0.00874902680516243 -0.010800001211464405 6.356975390531261e-09
v 0.008581559173762798 -0.010175001807510853 -0.004999988712370396
v 0.00874902680516243 -0.010800001211464405 -0.004999988712370396
f 10528 10529 10530
v 0.00874902680516243 -0.010800001211464405 6.356975390531261e-09
v 0.00874902680516243 -0.010800001211464405 -0.004999988712370396
v 0.008581559173762798 -0.011425000615417957 6.356975390531261e-09
f 10531 10532 10533
v 0.008581559173762798 -0.011425000615417957 6.356975390531261e-09
v 0.00874902680516243 -0.010800001211464405 -0.004999988712370396
v 0.008581559173762798 -0.011425000615417957 -0.004999988712370396
f 10534 10535 10536
v 0.008581559173762798 -0.011425000615417957 6.356975390531261e-09
v 0.008581559173762798 -0.011425000615417957 -0.004999988712370396
v 0.008124027401208878 -0.011882533319294453 6.356975390531261e-09
f 10537 10538 10539
v 0.008124027401208878 -0.011882533319294453 6.356975390531261e-09
v 0.008581559173762798 -0.011425000615417957 -0.004999988712370396
v 0.008124027401208878 -0.011882533319294453 -0.004999988712370396
f 10540 10541 10542
v 0.008124027401208878 -0.011882533319294453 6.356975390531261e-09
v 0.008124027401208878 -0.011882533319294453 -0.004999988712370396
v 0.007499027065932751 -0.01205000001937151 6.356975390531261e-09
f 10543 10544 10545
v 0.007499027065932751 -0.01205000001937151 6.356975390531261e-09
v 0.008124027401208878 -0.011882533319294453 -0.004999988712370396
v 0.007499027065932751 -0.01205000001937151 -0.004999988712370396
f 10546 10547 10548
v -0.00750097306445241 0.01204999815672636 6.356975390531261e-09
v -0.00750097306445241 0.01204999815672636 -0.004999988712370396
v -0.00687597319483757 0.011882531456649303 6.356975390531261e-09
f 10549 10550 10551
v -0.00687597319483757 0.011882531456649303 6.356975390531261e-09
v -0.00750097306445241 0.01204999815672636 -0.004999988712370396
v -0.00687597319483757 0.011882531456649303 -0.004999988712370396
f 10552 10553 10554
v -0.00687597319483757 0.011882531456649303 6.356975390531261e-09
v -0.00687597319483757 0.011882531456649303 -0.004999988712370396
v -0.0064184414222836494 0.011424998752772808 6.356975390531261e-09
f 10555 10556 10557
v -0.0064184414222836494 0.011424998752772808 6.356975390531261e-09
v -0.00687597319483757 0.011882531456649303 -0.004999988712370396
v -0.0064184414222836494 0.011424998752772808 -0.004999988712370396
f 10558 10559 10560
v -0.0064184414222836494 0.011424998752772808 6.356975390531261e-09
v -0.0064184414222836494 0.011424998752772808 -0.004999988712370396
v -0.006250972859561443 0.010799999348819256 6.356975390531261e-09
f 10561 10562 10563
v -0.006250972859561443 0.010799999348819256 6.356975390531261e-09
v -0.0064184414222836494 0.011424998752772808 -0.004999988712370396
v -0.006250972859561443 0.010799999348819256 -0.004999988712370396
f 10564 10565 10566
v -0.006250972859561443 0.010799999348819256 6.356975390531261e-09
v -0.006250972859561443 0.010799999348819256 -0.004999988712370396
v -0.0064184414222836494 0.010174999944865704 6.356975390531261e-09
f 10567 10568 10569
v -0.0064184414222836494 0.010174999944865704 6.356975390531261e-09
v -0.006250972859561443 0.010799999348819256 -0.004999988712370396
v -0.0064184414222836494 0.010174999944865704 -0.004999988712370396
f 10570 10571 10572
v -0.0064184414222836494 0.010174999944865704 6.356975390531261e-09
v -0.0064184414222836494 0.010174999944865704 -0.004999988712370396
v -0.00687597319483757 0.009717467240989208 6.356975390531261e-09
f 10573 10574 10575
v -0.00687597319483757 0.009717467240989208 6.356975390531261e-09
v -0.0064184414222836494 0.010174999944865704 -0.004999988712370396
v -0.00687597319483757 0.009717467240989208 -0.004999988712370396
f 10576 10577 10578
v -0.00687597319483757 0.009717467240989208 6.356975390531261e-09
v -0.00687597319483757 0.009717467240989208 -0.004999988712370396
v -0.00750097306445241 0.009550000540912151 6.356975390531261e-09
f 10579 10580 10581
v -0.00750097306445241 0.009550000540912151 6.356975390531261e-09
v -0.00687597319483757 0.009717467240989208 -0.004999988712370396
v -0.00750097306445241 0.009550000540912151 -0.004999988712370396
f 10582 10583 10584
v -0.00750097306445241 -0.0095500024035573 6.356975390531261e-09
v -0.00750097306445241 -0.0095500024035573 -0.004999988712370396
v -0.00687597319483757 -0.009717469103634357 6.356975390531261e-09
f 10585 10586 10587
v -0.00687597319483757 -0.009717469103634357 6.356975390531261e-09
v -0.00750097306445241 -0.0095500024035573 -0.004999988712370396
v -0.00687597319483757 -0.009717469103634357 -0.004999988712370396
f 10588 10589 10590
v -0.00687597319483757 -0.009717469103634357 6.356975390531261e-09
v -0.00687597319483757 -0.009717469103634357 -0.004999988712370396
v -0.0064184414222836494 -0.010175001807510853 6.356975390531261e-09
f 10591 10592 10593
v -0.0064184414222836494 -0.010175001807510853 6.356975390531261e-09
v -0.00687597319483757 -0.009717469103634357 -0.004999988712370396
v -0.0064184414222836494 -0.010175001807510853 -0.004999988712370396
f 10594 10595 10596
v -0.0064184414222836494 -0.010175001807510853 6.356975390531261e-09
v -0.0064184414222836494 -0.010175001807510853 -0.004999988712370396
v -0.006250972859561443 -0.010800001211464405 6.356975390531261e-09
f 10597 10598 10599
v -0.006250972859561443 -0.010800001211464405 6.356975390531261e-09
v -0.0064184414222836494 -0.010175001807510853 -0.004999988712370396
v -0.006250972859561443 -0.010800001211464405 -0.004999988712370396
f 10600 10601 10602
v -0.006250972859561443 -0.010800001211464405 6.356975390531261e-09
v -0.006250972859561443 -0.010800001211464405 -0.004999988712370396
v -0.0064184414222836494 -0.011425000615417957 6.356975390531261e-09
f 10603 10604 10605
v -0.0064184414222836494 -0.011425000615417957 6.356975390531261e-09
v -0.006250972859561443 -0.010800001211464405 -0.004999988712370396
v -0.0064184414222836494 -0.011425000615417957 -0.004999988712370396
f 10606 10607 10608
v -0.0064184414222836494 -0.011425000615417957 6.356975390531261e-09
v -0.0064184414222836494 -0.011425000615417957 -0.004999988712370396
v -0.00687597319483757 -0.011882533319294453 6.356975390531261e-09
f 10609 10610 10611
v -0.00687597319483757 -0.011882533319294453 6.356975390531261e-09
v -0.0064184414222836494 -0.011425000615417957 -0.004999988712370396
v -0.00687597319483757 -0.011882533319294453 -0.004999988712370396
f 10612 10613 10614
v -0.00687597319483757 -0.011882533319294453 6.356975390531261e-09
v -0.00687597319483757 -0.011882533319294453 -0.004999988712370396
v -0.00750097306445241 -0.01205000001937151 6.356975390531261e-09
f 10615 10616 10617
v -0.00750097306445241 -0.01205000001937151 6.356975390531261e-09
v -0.00687597319483757 -0.011882533319294453 -0.004999988712370396
v -0.00750097306445241 -0.01205000001937151 -0.004999988712370396
f 10618 10619 10620
v 0.007499027065932751 0.01204999815672636 6.356975390531261e-09
v 0.007499027065932751 0.01204999815672636 -0.004999988712370396
v 0.008124027401208878 0.011882531456649303 6.356975390531261e-09
f 10621 10622 10623
v 0.008124027401208878 0.011882531456649303 6.356975390531261e-09
v 0.007499027065932751 0.01204999815672636 -0.004999988712370396
v 0.008124027401208878 0.011882531456649303 -0.004999988712370396
f 10624 10625 10626
v 0.008124027401208878 0.011882531456649303 6.356975390531261e-09
v 0.008124027401208878 0.011882531456649303 -0.004999988712370396
v 0.008581559173762798 0.011424998752772808 6.356975390531261e-09
f 10627 10628 10629
v 0.008581559173762798 0.011424998752772808 6.356975390531261e-09
v 0.008124027401208878 0.011882531456649303 -0.004999988712370396
v 0.008581559173762798 0.011424998752772808 -0.004999988712370396
f 10630 10631 10632
v 0.008581559173762798 0.011424998752772808 6.356975390531261e-09
v 0.008581559173762798 0.011424998752772808 -0.004999988712370396
v 0.00874902680516243 0.010799999348819256 6.356975390531261e-09
f 10633 10634 10635
v 0.00874902680516243 0.010799999348819256 6.356975390531261e-09
v 0.008581559173762798 0.011424998752772808 -0.004999988712370396
v 0.00874902680516243 0.010799999348819256 -0.004999988712370396
f 10636 10637 10638
v 0.00874902680516243 0.010799999348819256 6.356975390531261e-09
v 0.00874902680516243 0.010799999348819256 -0.004999988712370396
v 0.008581559173762798 0.010174999944865704 6.356975390531261e-09
f 10639 10640 10641
v 0.008581559173762798 0.010174999944865704 6.356975390531261e-09
v 0.00874902680516243 0.010799999348819256 -0.004999988712370396
v 0.008581559173762798 0.010174999944865704 -0.004999988712370396
f 10642 10643 10644
v 0.008581559173762798 0.010174999944865704 6.356975390531261e-09
v 0.008581559173762798 0.010174999944865704 -0.004999988712370396
v 0.008124027401208878 0.009717467240989208 6.356975390531261e-09
f 10645 10646 10647
v 0.008124027401208878 0.009717467240989208 6.356975390531261e-09
v 0.008581559173762798 0.010174999944865704 -0.004999988712370396
v 0.008124027401208878 0.009717467240989208 -0.004999988712370396
f 10648 10649 10650
v 0.008124027401208878 0.009717467240989208 6.356975390531261e-09
v 0.008124027401208878 0.009717467240989208 -0.004999988712370396
v 0.007499027065932751 0.009550000540912151 6.356975390531261e-09
f 10651 10652 10653
v 0.007499027065932751 0.009550000540912151 6.356975390531261e-09
v 0.008124027401208878 0.009717467240989208 -0.004999988712370396
v 0.007499027065932751 0.009550000540912151 -0.004999988712370396
f 10654 10655 10656
v -0.011101000010967255 0.012502501718699932 0.0020000103395432234
v -0.011101000010967255 0.012502501718699932 6.356975390531261e-09
v -0.011316542513668537 0.011050271801650524 0.0020000103395432234
f 10657 10658 10659
v -0.011316542513668537 0.011050271801650524 0.0020000103395432234
v -0.011101000010967255 0.012502501718699932 6.356975390531261e-09
v -0.011316542513668537 0.011050271801650524 6.356975390531261e-09
f 10660 10661 10662
v -0.011316542513668537 0.011050271801650524 0.0020000103395432234
v -0.011316542513668537 0.011050271801650524 6.356975390531261e-09
v -0.011944585479795933 0.009723248891532421 0.0020000103395432234
f 10663 10664 10665
v -0.011944585479795933 0.009723248891532421 0.0020000103395432234
v -0.011316542513668537 0.011050271801650524 6.356975390531261e-09
v -0.011944585479795933 0.009723248891532421 6.356975390531261e-09
f 10666 10667 10668
v -0.011944585479795933 0.009723248891532421 0.0020000103395432234
v -0.011944585479795933 0.009723248891532421 6.356975390531261e-09
v -0.012930980883538723 0.008635851554572582 0.0020000103395432234
f 10669 10670 10671
v -0.012930980883538723 0.008635851554572582 0.0020000103395432234
v -0.011944585479795933 0.009723248891532421 6.356975390531261e-09
v -0.012930980883538723 0.008635851554572582 6.356975390531261e-09
f 10672 10673 10674
v -0.012930980883538723 0.008635851554572582 0.0020000103395432234
v -0.012930980883538723 0.008635851554572582 6.356975390531261e-09
v -0.01419068593531847 0.007881815545260906 0.0020000103395432234
f 10675 10676 10677
v -0.01419068593531847 0.007881815545260906 0.0020000103395432234
v -0.012930980883538723 0.008635851554572582 6.356975390531261e-09
v -0.01419068593531847 0.007881815545260906 6.356975390531261e-09
f 10678 10679 10680
v -0.01419068593531847 0.007881815545260906 0.0020000103395432234
v -0.01419068593531847 0.007881815545260906 6.356975390531261e-09
v -0.01561509259045124 0.007526169531047344 0.0020000103395432234
f 10681 10682 10683
v -0.01561509259045124 0.007526169531047344 0.0020000103395432234
v -0.01419068593531847 0.007881815545260906 6.356975390531261e-09
v -0.01561509259045124 0.007526169531047344 6.356975390531261e-09
f 10684 10685 10686
v -0.01561509259045124 0.007526169531047344 0.0020000103395432234
v -0.01561509259045124 0.007526169531047344 6.356975390531261e-09
v -0.01708139292895794 0.007599557749927044 0.0020000103395432234
f 10687 10688 10689
v -0.01708139292895794 0.007599557749927044 0.0020000103395432234
v -0.01561509259045124 0.007526169531047344 6.356975390531261e-09
v -0.01708139292895794 0.007599557749927044 6.356975390531261e-09
f 10690 10691 10692
v -0.01674630306661129 -0.0075248004868626595 0.0020000103395432234
v -0.01708139292895794 -0.007599559612572193 0.0020000103395432234
v -0.01561509259045124 -0.0075261639431118965 0.0020000103395432234
f 10693 10694 10695
v -0.011316542513668537 -0.011050273664295673 0.0020000103395432234
v -0.010907506570219994 -0.0009341585100628436 0.0020000103395432234
v -0.011944585479795933 -0.00972325075417757 0.0020000103395432234
f 10696 10697 10698
v -0.011944585479795933 -0.00972325075417757 0.0020000103395432234
v -0.010907506570219994 -0.0009341585100628436 0.0020000103395432234
v -0.011354624293744564 -0.0027481885626912117 0.0020000103395432234
f 10699 10700 10701
v -0.011944585479795933 -0.00972325075417757 0.0020000103395432234
v -0.011354624293744564 -0.0027481885626912117 0.0020000103395432234
v -0.012930980883538723 -0.008635853417217731 0.0020000103395432234
f 10702 10703 10704
v -0.012930980883538723 -0.008635853417217731 0.0020000103395432234
v -0.011354624293744564 -0.0027481885626912117 0.0020000103395432234
v -0.012222874909639359 -0.004402500577270985 0.0020000103395432234
f 10705 10706 10707
v -0.012930980883538723 -0.008635853417217731 0.0020000103395432234
v -0.012222874909639359 -0.004402500577270985 0.0020000103395432234
v -0.01419068593531847 -0.007881817407906055 0.0020000103395432234
f 10708 10709 10710
v -0.01419068593531847 -0.007881817407906055 0.0020000103395432234
v -0.012222874909639359 -0.004402500577270985 0.0020000103395432234
v -0.01346179936081171 -0.005800959654152393 0.0020000103395432234
f 10711 10712 10713
v -0.01419068593531847 -0.007881817407906055 0.0020000103395432234
v -0.01346179936081171 -0.005800959654152393 0.0020000103395432234
v -0.01561509259045124 -0.0075261639431118965 0.0020000103395432234
f 10714 10715 10716
v -0.01561509259045124 -0.0075261639431118965 0.0020000103395432234
v -0.01346179936081171 -0.005800959654152393 0.0020000103395432234
v -0.014999395236372948 -0.006862287409603596 0.0020000103395432234
f 10717 10718 10719
v -0.01561509259045124 -0.0075261639431118965 0.0020000103395432234
v -0.014999395236372948 -0.006862287409603596 0.0020000103395432234
v -0.01674630306661129 -0.0075248004868626595 0.0020000103395432234
f 10720 10721 10722
v -0.01708139292895794 0.007599557749927044 0.0020000103395432234
v -0.01674630306661129 0.00752479862421751 0.0020000103395432234
v -0.01561509259045124 0.007526169531047344 0.0020000103395432234
f 10723 10724 10725
v -0.01561509259045124 0.007526169531047344 0.0020000103395432234
v -0.01674630306661129 0.00752479862421751 0.0020000103395432234
v -0.014999395236372948 0.0068622855469584465 0.0020000103395432234
f 10726 10727 10728
v -0.01561509259045124 0.007526169531047344 0.0020000103395432234
v -0.014999395236372948 0.0068622855469584465 0.0020000103395432234
v -0.01419068593531847 0.007881815545260906 0.0020000103395432234
f 10729 10730 10731
v -0.01419068593531847 0.007881815545260906 0.0020000103395432234
v -0.014999395236372948 0.0068622855469584465 0.0020000103395432234
v -0.01346179936081171 0.005800957791507244 0.0020000103395432234
f 10732 10733 10734
v -0.01419068593531847 0.007881815545260906 0.0020000103395432234
v -0.01346179936081171 0.005800957791507244 0.0020000103395432234
v -0.012930980883538723 0.008635851554572582 0.0020000103395432234
f 10735 10736 10737
v -0.011101000010967255 0.014800000004470348 0.0020000103395432234
v -0.011101000010967255 0.012502501718699932 0.0020000103395432234
v -0.010100999847054482 0.014800000004470348 0.0020000103395432234
f 10738 10739 10740
v -0.010100999847054482 0.014800000004470348 0.0020000103395432234
v -0.011101000010967255 0.012502501718699932 0.0020000103395432234
v -0.011316542513668537 0.011050271801650524 0.0020000103395432234
f 10741 10742 10743
v -0.010100999847054482 0.014800000004470348 0.0020000103395432234
v -0.011316542513668537 0.011050271801650524 0.0020000103395432234
v -0.010907506570219994 0.0009341565310023725 0.0020000103395432234
f 10744 10745 10746
v -0.010907506570219994 0.0009341565310023725 0.0020000103395432234
v -0.011316542513668537 0.011050271801650524 0.0020000103395432234
v -0.011944585479795933 0.009723248891532421 0.0020000103395432234
f 10747 10748 10749
v -0.010907506570219994 0.0009341565310023725 0.0020000103395432234
v -0.011944585479795933 0.009723248891532421 0.0020000103395432234
v -0.011354624293744564 0.0027481867000460625 0.0020000103395432234
f 10750 10751 10752
v -0.011354624293744564 0.0027481867000460625 0.0020000103395432234
v -0.011944585479795933 0.009723248891532421 0.0020000103395432234
v -0.012930980883538723 0.008635851554572582 0.0020000103395432234
f 10753 10754 10755
v -0.011354624293744564 0.0027481867000460625 0.0020000103395432234
v -0.012930980883538723 0.008635851554572582 0.0020000103395432234
v -0.012222874909639359 0.004402498714625835 0.0020000103395432234
f 10756 10757 10758
v -0.012222874909639359 0.004402498714625835 0.0020000103395432234
v -0.012930980883538723 0.008635851554572582 0.0020000103395432234
v -0.01346179936081171 0.005800957791507244 0.0020000103395432234
f 10759 10760 10761
v -0.010907506570219994 0.0009341565310023725 0.0020000103395432234
v -0.010907506570219994 -0.0009341585100628436 0.0020000103395432234
v -0.010100999847054482 0.014800000004470348 0.0020000103395432234
f 10762 10763 10764
v -0.010100999847054482 0.014800000004470348 0.0020000103395432234
v -0.010907506570219994 -0.0009341585100628436 0.0020000103395432234
v -0.011316542513668537 -0.011050273664295673 0.0020000103395432234
f 10765 10766 10767
v -0.010100999847054482 0.014800000004470348 0.0020000103395432234
v -0.011316542513668537 -0.011050273664295673 0.0020000103395432234
v -0.010100999847054482 -0.014800001867115498 0.0020000103395432234
f 10768 10769 10770
v -0.010100999847054482 -0.014800001867115498 0.0020000103395432234
v -0.011316542513668537 -0.011050273664295673 0.0020000103395432234
v -0.011101000010967255 -0.012502496130764484 0.0020000103395432234
f 10771 10772 10773
v -0.010100999847054482 -0.014800001867115498 0.0020000103395432234
v -0.011101000010967255 -0.012502496130764484 0.0020000103395432234
v -0.011101000010967255 -0.014800001867115498 0.0020000103395432234
f 10774 10775 10776
v -0.010100999847054482 -0.014800001867115498 0.0020000103395432234
v -0.010100999847054482 -0.014800001867115498 6.356975390531261e-09
v -0.010100999847054482 -0.013424997217953205 6.356975390531261e-09
f 10777 10778 10779
v -0.010100999847054482 -0.013424997217953205 6.356975390531261e-09
v -0.010100999847054482 -0.008124996908009052 6.356975390531261e-09
v -0.010100999847054482 -0.014800001867115498 0.0020000103395432234
f 10780 10781 10782
v -0.010100999847054482 -0.014800001867115498 0.0020000103395432234
v -0.010100999847054482 -0.008124996908009052 6.356975390531261e-09
v -0.010100999847054482 2.736447957119026e-09 6.356975390531261e-09
f 10783 10784 10785
v -0.010100999847054482 -0.014800001867115498 0.0020000103395432234
v -0.010100999847054482 2.736447957119026e-09 6.356975390531261e-09
v -0.010100999847054482 0.014800000004470348 0.0020000103395432234
f 10786 10787 10788
v -0.010100999847054482 0.014800000004470348 0.0020000103395432234
v -0.010100999847054482 2.736447957119026e-09 6.356975390531261e-09
v -0.010100999847054482 0.0081250024959445 6.356975390531261e-09
f 10789 10790 10791
v -0.010100999847054482 0.014800000004470348 0.0020000103395432234
v -0.010100999847054482 0.0081250024959445 6.356975390531261e-09
v -0.010100999847054482 0.014800000004470348 6.356975390531261e-09
f 10792 10793 10794
v -0.011101000010967255 0.014800000004470348 0.0020000103395432234
v -0.011101000010967255 0.014800000004470348 6.356975390531261e-09
v -0.011101000010967255 0.012502501718699932 0.0020000103395432234
f 10795 10796 10797
v -0.011101000010967255 0.012502501718699932 0.0020000103395432234
v -0.011101000010967255 0.014800000004470348 6.356975390531261e-09
v -0.011101000010967255 0.012502501718699932 6.356975390531261e-09
f 10798 10799 10800
v -0.011101000010967255 -0.014800001867115498 6.356975390531261e-09
v -0.011101000010967255 -0.014800001867115498 0.0020000103395432234
v -0.011101000010967255 -0.012502496130764484 6.356975390531261e-09
f 10801 10802 10803
v -0.011101000010967255 -0.012502496130764484 6.356975390531261e-09
v -0.011101000010967255 -0.014800001867115498 0.0020000103395432234
v -0.011101000010967255 -0.012502496130764484 0.0020000103395432234
f 10804 10805 10806
v 0.00999900046736002 -0.00785000342875719 -0.0030000146944075823
v 0.00999900046736002 -0.00785000342875719 -0.004999988712370396
v 0.009932012297213078 -0.007599999196827412 -0.004999988712370396
f 10807 10808 10809
v 0.00999900046736002 -0.00785000342875719 -0.0030000146944075823
v 0.009932012297213078 -0.007599999196827412 -0.004999988712370396
v 0.009932012297213078 -0.007599999196827412 -0.0030000146944075823
f 10810 10811 10812
v 0.009932012297213078 -0.007599999196827412 -0.0030000146944075823
v 0.009932012297213078 -0.007599999196827412 -0.004999988712370396
v 0.009748999960720539 -0.007416990585625172 -0.004999988712370396
f 10813 10814 10815
v 0.009932012297213078 -0.007599999196827412 -0.0030000146944075823
v 0.009748999960720539 -0.007416990585625172 -0.004999988712370396
v 0.009748999960720539 -0.007416990585625172 -0.0030000146944075823
f 10816 10817 10818
v 0.009748999960720539 -0.007416990585625172 -0.0030000146944075823
v 0.009748999960720539 -0.007416990585625172 -0.004999988712370396
v 0.009499000385403633 -0.0073500024154782295 -0.004999988712370396
f 10819 10820 10821
v 0.009748999960720539 -0.007416990585625172 -0.0030000146944075823
v 0.009499000385403633 -0.0073500024154782295 -0.004999988712370396
v 0.009499000385403633 -0.0073500024154782295 -0.0030000146944075823
f 10822 10823 10824
v 0.009499000385403633 -0.0026499973610043526 -0.0030000146944075823
v 0.009499000385403633 -0.0026499973610043526 -0.004999988712370396
v 0.009690341539680958 -0.0026119397953152657 -0.004999988712370396
f 10825 10826 10827
v 0.009499000385403633 -0.0026499973610043526 -0.0030000146944075823
v 0.009690341539680958 -0.0026119397953152657 -0.004999988712370396
v 0.009690341539680958 -0.0026119397953152657 -0.0030000146944075823
f 10828 10829 10830
v 0.009690341539680958 -0.0026119397953152657 -0.0030000146944075823
v 0.009690341539680958 -0.0026119397953152657 -0.004999988712370396
v 0.009852553717792034 -0.0025035561993718147 -0.004999988712370396
f 10831 10832 10833
v 0.009690341539680958 -0.0026119397953152657 -0.0030000146944075823
v 0.009852553717792034 -0.0025035561993718147 -0.004999988712370396
v 0.009852553717792034 -0.0025035561993718147 -0.0030000146944075823
f 10834 10835 10836
v 0.009852553717792034 -0.0025035561993718147 -0.0030000146944075823
v 0.009852553717792034 -0.0025035561993718147 -0.004999988712370396
v 0.009960940107703209 -0.002341342158615589 -0.004999988712370396
f 10837 10838 10839
v 0.009852553717792034 -0.0025035561993718147 -0.0030000146944075823
v 0.009960940107703209 -0.002341342158615589 -0.004999988712370396
v 0.009960940107703209 -0.002341342158615589 -0.0030000146944075823
f 10840 10841 10842
v 0.009960940107703209 -0.002341342158615589 -0.0030000146944075823
v 0.009960940107703209 -0.002341342158615589 -0.004999988712370396
v 0.00999900046736002 -0.0021499963477253914 -0.004999988712370396
f 10843 10844 10845
v 0.009960940107703209 -0.002341342158615589 -0.0030000146944075823
v 0.00999900046736002 -0.0021499963477253914 -0.004999988712370396
v 0.00999900046736002 -0.0021499963477253914 -0.0030000146944075823
f 10846 10847 10848
v 0.00999900046736002 0.002150001935660839 -0.0030000146944075823
v 0.00999900046736002 0.002150001935660839 -0.004999988712370396
v 0.009932012297213078 0.002399998717010021 -0.004999988712370396
f 10849 10850 10851
v 0.00999900046736002 0.002150001935660839 -0.0030000146944075823
v 0.009932012297213078 0.002399998717010021 -0.004999988712370396
v 0.009932012297213078 0.002399998717010021 -0.0030000146944075823
f 10852 10853 10854
v 0.009932012297213078 0.002399998717010021 -0.0030000146944075823
v 0.009932012297213078 0.002399998717010021 -0.004999988712370396
v 0.009748999960720539 0.002583014778792858 -0.004999988712370396
f 10855 10856 10857
v 0.009932012297213078 0.002399998717010021 -0.0030000146944075823
v 0.009748999960720539 0.002583014778792858 -0.004999988712370396
v 0.009748999960720539 0.002583014778792858 -0.0030000146944075823
f 10858 10859 10860
v 0.009748999960720539 0.002583014778792858 -0.0030000146944075823
v 0.009748999960720539 0.002583014778792858 -0.004999988712370396
v 0.009499000385403633 0.0026500029489398003 -0.004999988712370396
f 10861 10862 10863
v 0.009748999960720539 0.002583014778792858 -0.0030000146944075823
v 0.009499000385403633 0.0026500029489398003 -0.004999988712370396
v 0.009499000385403633 0.0026500029489398003 -0.0030000146944075823
f 10864 10865 10866
v 0.009499000385403633 0.00735000055283308 -0.0030000146944075823
v 0.009499000385403633 0.00735000055283308 -0.004999988712370396
v 0.009690341539680958 0.007388058118522167 -0.004999988712370396
f 10867 10868 10869
v 0.009499000385403633 0.00735000055283308 -0.0030000146944075823
v 0.009690341539680958 0.007388058118522167 -0.004999988712370396
v 0.009690341539680958 0.007388058118522167 -0.0030000146944075823
f 10870 10871 10872
v 0.009690341539680958 0.007388058118522167 -0.0030000146944075823
v 0.009690341539680958 0.007388058118522167 -0.004999988712370396
v 0.009852553717792034 0.007496449165046215 -0.004999988712370396
f 10873 10874 10875
v 0.009690341539680958 0.007388058118522167 -0.0030000146944075823
v 0.009852553717792034 0.007496449165046215 -0.004999988712370396
v 0.009852553717792034 0.007496449165046215 -0.0030000146944075823
f 10876 10877 10878
v 0.009852553717792034 0.007496449165046215 -0.0030000146944075823
v 0.009852553717792034 0.007496449165046215 -0.004999988712370396
v 0.009960940107703209 0.007658655755221844 -0.004999988712370396
f 10879 10880 10881
v 0.009852553717792034 0.007496449165046215 -0.0030000146944075823
v 0.009960940107703209 0.007658655755221844 -0.004999988712370396
v 0.009960940107703209 0.007658655755221844 -0.0030000146944075823
f 10882 10883 10884
v 0.009960940107703209 0.007658655755221844 -0.0030000146944075823
v 0.009960940107703209 0.007658655755221844 -0.004999988712370396
v 0.00999900046736002 0.007850001566112041 -0.004999988712370396
f 10885 10886 10887
v 0.009960940107703209 0.007658655755221844 -0.0030000146944075823
v 0.00999900046736002 0.007850001566112041 -0.004999988712370396
v 0.00999900046736002 0.007850001566112041 -0.0030000146944075823
f 10888 10889 10890
v 0.00999900046736002 -0.011800003238022327 -0.004999988712370396
v 0.00999900046736002 -0.011800003238022327 6.356975390531261e-09
v 0.009770638309419155 -0.012948048301041126 6.356975390531261e-09
f 10891 10892 10893
v 0.00999900046736002 -0.011800003238022327 -0.004999988712370396
v 0.009770638309419155 -0.012948048301041126 6.356975390531261e-09
v 0.009770638309419155 -0.012948048301041126 -0.004999988712370396
f 10894 10895 10896
v 0.009770638309419155 -0.012948048301041126 -0.004999988712370396
v 0.009770638309419155 -0.012948048301041126 6.356975390531261e-09
v 0.009120319969952106 -0.013921317644417286 6.356975390531261e-09
f 10897 10898 10899
v 0.009770638309419155 -0.012948048301041126 -0.004999988712370396
v 0.009120319969952106 -0.013921317644417286 6.356975390531261e-09
v 0.009120319969952106 -0.013921317644417286 -0.004999988712370396
f 10900 10901 10902
v 0.009120319969952106 -0.013921317644417286 -0.004999988712370396
v 0.009120319969952106 -0.013921317644417286 6.356975390531261e-09
v 0.008147050626575947 -0.014571641571819782 6.356975390531261e-09
f 10903 10904 10905
v 0.009120319969952106 -0.013921317644417286 -0.004999988712370396
v 0.008147050626575947 -0.014571641571819782 6.356975390531261e-09
v 0.008147050626575947 -0.014571641571819782 -0.004999988712370396
f 10906 10907 10908
v 0.008147050626575947 -0.014571641571819782 -0.004999988712370396
v 0.008147050626575947 -0.014571641571819782 6.356975390531261e-09
v 0.0069989999756217 -0.014800001867115498 6.356975390531261e-09
f 10909 10910 10911
v 0.008147050626575947 -0.014571641571819782 -0.004999988712370396
v 0.0069989999756217 -0.014800001867115498 6.356975390531261e-09
v 0.0069989999756217 -0.014800001867115498 -0.004999988712370396
f 10912 10913 10914
v 0.00999900046736002 0.011800001375377178 6.356975390531261e-09
v 0.00999900046736002 0.011800001375377178 -0.004999988712370396
v 0.009770638309419155 0.012948053888976574 -0.004999988712370396
f 10915 10916 10917
v 0.00999900046736002 0.011800001375377178 6.356975390531261e-09
v 0.009770638309419155 0.012948053888976574 -0.004999988712370396
v 0.009770638309419155 0.012948053888976574 6.356975390531261e-09
f 10918 10919 10920
v 0.009770638309419155 0.012948053888976574 6.356975390531261e-09
v 0.009770638309419155 0.012948053888976574 -0.004999988712370396
v 0.009120319969952106 0.013921323232352734 -0.004999988712370396
f 10921 10922 10923
v 0.009770638309419155 0.012948053888976574 6.356975390531261e-09
v 0.009120319969952106 0.013921323232352734 -0.004999988712370396
v 0.009120319969952106 0.013921323232352734 6.356975390531261e-09
f 10924 10925 10926
v 0.009120319969952106 0.013921323232352734 6.356975390531261e-09
v 0.009120319969952106 0.013921323232352734 -0.004999988712370396
v 0.008147050626575947 0.014571639709174633 -0.004999988712370396
f 10927 10928 10929
v 0.009120319969952106 0.013921323232352734 6.356975390531261e-09
v 0.008147050626575947 0.014571639709174633 -0.004999988712370396
v 0.008147050626575947 0.014571639709174633 6.356975390531261e-09
f 10930 10931 10932
v 0.008147050626575947 0.014571639709174633 6.356975390531261e-09
v 0.008147050626575947 0.014571639709174633 -0.004999988712370396
v 0.0069989999756217 0.014800000004470348 -0.004999988712370396
f 10933 10934 10935
v 0.008147050626575947 0.014571639709174633 6.356975390531261e-09
v 0.0069989999756217 0.014800000004470348 -0.004999988712370396
v 0.0069989999756217 0.014800000004470348 6.356975390531261e-09
f 10936 10937 10938
v 0.007499000057578087 -0.0026499973610043526 -0.0030000146944075823
v 0.007499000057578087 -0.0026499973610043526 -0.004999988712370396
v 0.009499000385403633 -0.0026499973610043526 -0.0030000146944075823
f 10939 10940 10941
v 0.009499000385403633 -0.0026499973610043526 -0.0030000146944075823
v 0.007499000057578087 -0.0026499973610043526 -0.004999988712370396
v 0.009499000385403633 -0.0026499973610043526 -0.004999988712370396
f 10942 10943 10944
v 0.007499000057578087 -0.0073500024154782295 -0.004999988712370396
v 0.007499000057578087 -0.0073500024154782295 -0.0030000146944075823
v 0.009499000385403633 -0.0073500024154782295 -0.004999988712370396
f 10945 10946 10947
v 0.009499000385403633 -0.0073500024154782295 -0.004999988712370396
v 0.007499000057578087 -0.0073500024154782295 -0.0030000146944075823
v 0.009499000385403633 -0.0073500024154782295 -0.0030000146944075823
f 10948 10949 10950
v 0.007499000057578087 0.00735000055283308 -0.0030000146944075823
v 0.007499000057578087 0.00735000055283308 -0.004999988712370396
v 0.009499000385403633 0.00735000055283308 -0.0030000146944075823
f 10951 10952 10953
v 0.009499000385403633 0.00735000055283308 -0.0030000146944075823
v 0.007499000057578087 0.00735000055283308 -0.004999988712370396
v 0.009499000385403633 0.00735000055283308 -0.004999988712370396
f 10954 10955 10956
v 0.007499000057578087 0.0026500029489398003 -0.004999988712370396
v 0.007499000057578087 0.0026500029489398003 -0.0030000146944075823
v 0.009499000385403633 0.0026500029489398003 -0.004999988712370396
f 10957 10958 10959
v 0.009499000385403633 0.0026500029489398003 -0.004999988712370396
v 0.007499000057578087 0.0026500029489398003 -0.0030000146944075823
v 0.009499000385403633 0.0026500029489398003 -0.0030000146944075823
f 10960 10961 10962
v 0.00999900046736002 -0.008449998684227467 -0.004999988712370396
v 0.00999900046736002 -0.00785000342875719 -0.004999988712370396
v 0.00999900046736002 -0.00785000342875719 -0.0030000146944075823
f 10963 10964 10965
v 0.00999900046736002 -0.011800003238022327 -0.004999988712370396
v 0.00999900046736002 -0.008449998684227467 -0.004999988712370396
v 0.00999900046736002 -0.011800003238022327 6.356975390531261e-09
f 10966 10967 10968
v 0.00999900046736002 -0.011800003238022327 6.356975390531261e-09
v 0.00999900046736002 -0.008449998684227467 -0.004999988712370396
v 0.00999900046736002 -0.00785000342875719 -0.0030000146944075823
f 10969 10970 10971
v 0.00999900046736002 -0.011800003238022327 6.356975390531261e-09
v 0.00999900046736002 -0.00785000342875719 -0.0030000146944075823
v 0.00999900046736002 -0.008124996908009052 6.356975390531261e-09
f 10972 10973 10974
v 0.00999900046736002 2.736447957119026e-09 -0.004999988712370396
v 0.00999900046736002 0.002150001935660839 -0.004999988712370396
v 0.00999900046736002 0.002150001935660839 -0.0030000146944075823
f 10975 10976 10977
v 0.00999900046736002 -0.008124996908009052 6.356975390531261e-09
v 0.00999900046736002 -0.00785000342875719 -0.0030000146944075823
v 0.00999900046736002 2.736447957119026e-09 6.356975390531261e-09
f 10978 10979 10980
v 0.00999900046736002 2.736447957119026e-09 6.356975390531261e-09
v 0.00999900046736002 -0.00785000342875719 -0.0030000146944075823
v 0.00999900046736002 -0.0021499963477253914 -0.0030000146944075823
f 10981 10982 10983
v 0.00999900046736002 2.736447957119026e-09 6.356975390531261e-09
v 0.00999900046736002 -0.0021499963477253914 -0.0030000146944075823
v 0.00999900046736002 -0.0021499963477253914 -0.004999988712370396
f 10984 10985 10986
v 0.00999900046736002 0.007850001566112041 -0.0030000146944075823
v 0.00999900046736002 0.007850001566112041 -0.004999988712370396
v 0.00999900046736002 0.008449996821582317 -0.004999988712370396
f 10987 10988 10989
v 0.00999900046736002 -0.0021499963477253914 -0.004999988712370396
v 0.00999900046736002 2.736447957119026e-09 -0.004999988712370396
v 0.00999900046736002 2.736447957119026e-09 6.356975390531261e-09
f 10990 10991 10992
v 0.00999900046736002 2.736447957119026e-09 6.356975390531261e-09
v 0.00999900046736002 2.736447957119026e-09 -0.004999988712370396
v 0.00999900046736002 0.002150001935660839 -0.0030000146944075823
f 10993 10994 10995
v 0.00999900046736002 2.736447957119026e-09 6.356975390531261e-09
v 0.00999900046736002 0.002150001935660839 -0.0030000146944075823
v 0.00999900046736002 0.0081250024959445 6.356975390531261e-09
f 10996 10997 10998
v 0.00999900046736002 0.0081250024959445 6.356975390531261e-09
v 0.00999900046736002 0.002150001935660839 -0.0030000146944075823
v 0.00999900046736002 0.007850001566112041 -0.0030000146944075823
f 10999 11000 11001
v 0.00999900046736002 0.0081250024959445 6.356975390531261e-09
v 0.00999900046736002 0.007850001566112041 -0.0030000146944075823
v 0.00999900046736002 0.011800001375377178 6.356975390531261e-09
f 11002 11003 11004
v 0.00999900046736002 0.011800001375377178 6.356975390531261e-09
v 0.00999900046736002 0.007850001566112041 -0.0030000146944075823
v 0.00999900046736002 0.008449996821582317 -0.004999988712370396
f 11005 11006 11007
v 0.00999900046736002 0.011800001375377178 6.356975390531261e-09
v 0.00999900046736002 0.008449996821582317 -0.004999988712370396
v 0.00999900046736002 0.011800001375377178 -0.004999988712370396
f 11008 11009 11010
v -0.015955965965986252 0.003640579991042614 0.004000014625489712
v -0.014999395236372948 0.0068622855469584465 0.004000014625489712
v -0.017210423946380615 0.004279757849872112 0.004000014625489712
f 11011 11012 11013
v -0.017210423946380615 0.004279757849872112 0.004000014625489712
v -0.014999395236372948 0.0068622855469584465 0.004000014625489712
v -0.01674630306661129 0.00752479862421751 0.004000014625489712
f 11014 11015 11016
v -0.017210423946380615 0.004279757849872112 0.004000014625489712
v -0.01674630306661129 0.00752479862421751 0.004000014625489712
v -0.01860100030899048 0.004499997012317181 0.004000014625489712
f 11017 11018 11019
v -0.01860100030899048 0.004499997012317181 0.004000014625489712
v -0.01674630306661129 0.00752479862421751 0.004000014625489712
v -0.01860100030899048 0.00774999987334013 0.004000014625489712
f 11020 11021 11022
v -0.01860100030899048 0.004499997012317181 0.004000014625489712
v -0.01860100030899048 0.00774999987334013 0.004000014625489712
v -0.019991576671600342 0.004279757849872112 0.004000014625489712
f 11023 11024 11025
v -0.014100999571383 2.736447957119026e-09 0.004000014625489712
v -0.010907506570219994 0.0009341565310023725 0.004000014625489712
v -0.01432124525308609 0.0013905791565775871 0.004000014625489712
f 11026 11027 11028
v -0.01432124525308609 0.0013905791565775871 0.004000014625489712
v -0.010907506570219994 0.0009341565310023725 0.004000014625489712
v -0.011354624293744564 0.0027481867000460625 0.004000014625489712
f 11029 11030 11031
v -0.01432124525308609 0.0013905791565775871 0.004000014625489712
v -0.011354624293744564 0.0027481867000460625 0.004000014625489712
v -0.014960423111915588 0.002645033411681652 0.004000014625489712
f 11032 11033 11034
v -0.014960423111915588 0.002645033411681652 0.004000014625489712
v -0.011354624293744564 0.0027481867000460625 0.004000014625489712
v -0.012222874909639359 0.004402498714625835 0.004000014625489712
f 11035 11036 11037
v -0.014960423111915588 0.002645033411681652 0.004000014625489712
v -0.012222874909639359 0.004402498714625835 0.004000014625489712
v -0.015955965965986252 0.003640579991042614 0.004000014625489712
f 11038 11039 11040
v -0.015955965965986252 0.003640579991042614 0.004000014625489712
v -0.012222874909639359 0.004402498714625835 0.004000014625489712
v -0.01346179936081171 0.005800957791507244 0.004000014625489712
f 11041 11042 11043
v -0.015955965965986252 0.003640579991042614 0.004000014625489712
v -0.01346179936081171 0.005800957791507244 0.004000014625489712
v -0.014999395236372948 0.0068622855469584465 0.004000014625489712
f 11044 11045 11046
v -0.017210423946380615 -0.004279752261936665 0.004000014625489712
v -0.014999395236372948 -0.006862287409603596 0.004000014625489712
v -0.015955965965986252 -0.0036405744031071663 0.004000014625489712
f 11047 11048 11049
v -0.015955965965986252 -0.0036405744031071663 0.004000014625489712
v -0.014999395236372948 -0.006862287409603596 0.004000014625489712
v -0.01346179936081171 -0.005800959654152393 0.004000014625489712
f 11050 11051 11052
v -0.015955965965986252 -0.0036405744031071663 0.004000014625489712
v -0.01346179936081171 -0.005800959654152393 0.004000014625489712
v -0.014960423111915588 -0.0026450352743268013 0.004000014625489712
f 11053 11054 11055
v -0.014960423111915588 -0.0026450352743268013 0.004000014625489712
v -0.01346179936081171 -0.005800959654152393 0.004000014625489712
v -0.012222874909639359 -0.004402500577270985 0.004000014625489712
f 11056 11057 11058
v -0.014960423111915588 -0.0026450352743268013 0.004000014625489712
v -0.012222874909639359 -0.004402500577270985 0.004000014625489712
v -0.01432124525308609 -0.0013905735686421394 0.004000014625489712
f 11059 11060 11061
v -0.01432124525308609 -0.0013905735686421394 0.004000014625489712
v -0.012222874909639359 -0.004402500577270985 0.004000014625489712
v -0.011354624293744564 -0.0027481885626912117 0.004000014625489712
f 11062 11063 11064
v -0.01432124525308609 -0.0013905735686421394 0.004000014625489712
v -0.011354624293744564 -0.0027481885626912117 0.004000014625489712
v -0.014100999571383 2.736447957119026e-09 0.004000014625489712
f 11065 11066 11067
v -0.014100999571383 2.736447957119026e-09 0.004000014625489712
v -0.011354624293744564 -0.0027481885626912117 0.004000014625489712
v -0.010907506570219994 -0.0009341585100628436 0.004000014625489712
f 11068 11069 11070
v -0.014100999571383 2.736447957119026e-09 0.004000014625489712
v -0.010907506570219994 -0.0009341585100628436 0.004000014625489712
v -0.010907506570219994 0.0009341565310023725 0.004000014625489712
f 11071 11072 11073
v -0.021246032789349556 -0.0036405744031071663 0.004000014625489712
v -0.02220260538160801 -0.006862287409603596 0.004000014625489712
v -0.019991576671600342 -0.004279752261936665 0.004000014625489712
f 11074 11075 11076
v -0.019991576671600342 -0.004279752261936665 0.004000014625489712
v -0.02220260538160801 -0.006862287409603596 0.004000014625489712
v -0.020455695688724518 -0.0075248004868626595 0.004000014625489712
f 11077 11078 11079
v -0.019991576671600342 -0.004279752261936665 0.004000014625489712
v -0.020455695688724518 -0.0075248004868626595 0.004000014625489712
v -0.01860100030899048 -0.00449999887496233 0.004000014625489712
f 11080 11081 11082
v -0.01860100030899048 -0.00449999887496233 0.004000014625489712
v -0.020455695688724518 -0.0075248004868626595 0.004000014625489712
v -0.01860100030899048 -0.007750001735985279 0.004000014625489712
f 11083 11084 11085
v -0.01860100030899048 -0.00449999887496233 0.004000014625489712
v -0.01860100030899048 -0.007750001735985279 0.004000014625489712
v -0.017210423946380615 -0.004279752261936665 0.004000014625489712
f 11086 11087 11088
v -0.017210423946380615 -0.004279752261936665 0.004000014625489712
v -0.01860100030899048 -0.007750001735985279 0.004000014625489712
v -0.01674630306661129 -0.0075248004868626595 0.004000014625489712
f 11089 11090 11091
v -0.017210423946380615 -0.004279752261936665 0.004000014625489712
v -0.01674630306661129 -0.0075248004868626595 0.004000014625489712
v -0.014999395236372948 -0.006862287409603596 0.004000014625489712
f 11092 11093 11094
v -0.01860100030899048 0.00774999987334013 0.004000014625489712
v -0.020455695688724518 0.00752479862421751 0.004000014625489712
v -0.019991576671600342 0.004279757849872112 0.004000014625489712
f 11095 11096 11097
v -0.019991576671600342 0.004279757849872112 0.004000014625489712
v -0.020455695688724518 0.00752479862421751 0.004000014625489712
v -0.02220260538160801 0.0068622855469584465 0.004000014625489712
f 11098 11099 11100
v -0.019991576671600342 0.004279757849872112 0.004000014625489712
v -0.02220260538160801 0.0068622855469584465 0.004000014625489712
v -0.021246032789349556 0.003640579991042614 0.004000014625489712
f 11101 11102 11103
v -0.021246032789349556 0.003640579991042614 0.004000014625489712
v -0.02220260538160801 0.0068622855469584465 0.004000014625489712
v -0.023740200325846672 0.005800957791507244 0.004000014625489712
f 11104 11105 11106
v -0.021246032789349556 0.003640579991042614 0.004000014625489712
v -0.023740200325846672 0.005800957791507244 0.004000014625489712
v -0.02224157564342022 0.002645033411681652 0.004000014625489712
f 11107 11108 11109
v -0.02224157564342022 0.002645033411681652 0.004000014625489712
v -0.023740200325846672 0.005800957791507244 0.004000014625489712
v -0.0249791257083416 0.004402498714625835 0.004000014625489712
f 11110 11111 11112
v -0.02224157564342022 0.002645033411681652 0.004000014625489712
v -0.0249791257083416 0.004402498714625835 0.004000014625489712
v -0.022880753502249718 0.0013905791565775871 0.004000014625489712
f 11113 11114 11115
v -0.022880753502249718 0.0013905791565775871 0.004000014625489712
v -0.0249791257083416 0.004402498714625835 0.004000014625489712
v -0.02584737539291382 0.0027481867000460625 0.004000014625489712
f 11116 11117 11118
v -0.022880753502249718 0.0013905791565775871 0.004000014625489712
v -0.02584737539291382 0.0027481867000460625 0.004000014625489712
v -0.023101000115275383 2.736447957119026e-09 0.004000014625489712
f 11119 11120 11121
v -0.02584737539291382 0.0027481867000460625 0.004000014625489712
v -0.026294494047760963 0.0009341565310023725 0.004000014625489712
v -0.023101000115275383 2.736447957119026e-09 0.004000014625489712
f 11122 11123 11124
v -0.023101000115275383 2.736447957119026e-09 0.004000014625489712
v -0.026294494047760963 0.0009341565310023725 0.004000014625489712
v -0.026294494047760963 -0.0009341585100628436 0.004000014625489712
f 11125 11126 11127
v -0.023101000115275383 2.736447957119026e-09 0.004000014625489712
v -0.026294494047760963 -0.0009341585100628436 0.004000014625489712
v -0.022880753502249718 -0.0013905735686421394 0.004000014625489712
f 11128 11129 11130
v -0.022880753502249718 -0.0013905735686421394 0.004000014625489712
v -0.026294494047760963 -0.0009341585100628436 0.004000014625489712
v -0.02584737539291382 -0.0027481885626912117 0.004000014625489712
f 11131 11132 11133
v -0.022880753502249718 -0.0013905735686421394 0.004000014625489712
v -0.02584737539291382 -0.0027481885626912117 0.004000014625489712
v -0.02224157564342022 -0.0026450352743268013 0.004000014625489712
f 11134 11135 11136
v -0.02224157564342022 -0.0026450352743268013 0.004000014625489712
v -0.02584737539291382 -0.0027481885626912117 0.004000014625489712
v -0.0249791257083416 -0.004402500577270985 0.004000014625489712
f 11137 11138 11139
v -0.02224157564342022 -0.0026450352743268013 0.004000014625489712
v -0.0249791257083416 -0.004402500577270985 0.004000014625489712
v -0.021246032789349556 -0.0036405744031071663 0.004000014625489712
f 11140 11141 11142
v -0.021246032789349556 -0.0036405744031071663 0.004000014625489712
v -0.0249791257083416 -0.004402500577270985 0.004000014625489712
v -0.023740200325846672 -0.005800959654152393 0.004000014625489712
f 11143 11144 11145
v -0.021246032789349556 -0.0036405744031071663 0.004000014625489712
v -0.023740200325846672 -0.005800959654152393 0.004000014625489712
v -0.02220260538160801 -0.006862287409603596 0.004000014625489712
f 11146 11147 11148
v -0.030500972643494606 -0.011800003238022327 6.356975390531261e-09
v -0.030500972643494606 -0.011800003238022327 -0.004999988712370396
v -0.03027261234819889 -0.012948048301041126 -0.004999988712370396
f 11149 11150 11151
v -0.030500972643494606 -0.011800003238022327 6.356975390531261e-09
v -0.03027261234819889 -0.012948048301041126 -0.004999988712370396
v -0.03027261234819889 -0.012948048301041126 6.356975390531261e-09
f 11152 11153 11154
v -0.03027261234819889 -0.012948048301041126 6.356975390531261e-09
v -0.03027261234819889 -0.012948048301041126 -0.004999988712370396
v -0.029622294008731842 -0.013921317644417286 -0.004999988712370396
f 11155 11156 11157
v -0.03027261234819889 -0.012948048301041126 6.356975390531261e-09
v -0.029622294008731842 -0.013921317644417286 -0.004999988712370396
v -0.029622294008731842 -0.013921317644417286 6.356975390531261e-09
f 11158 11159 11160
v -0.029622294008731842 -0.013921317644417286 6.356975390531261e-09
v -0.029622294008731842 -0.013921317644417286 -0.004999988712370396
v -0.028649022802710533 -0.014571641571819782 -0.004999988712370396
f 11161 11162 11163
v -0.029622294008731842 -0.013921317644417286 6.356975390531261e-09
v -0.028649022802710533 -0.014571641571819782 -0.004999988712370396
v -0.028649022802710533 -0.014571641571819782 6.356975390531261e-09
f 11164 11165 11166
v -0.028649022802710533 -0.014571641571819782 6.356975390531261e-09
v -0.028649022802710533 -0.014571641571819782 -0.004999988712370396
v -0.027500972151756287 -0.014800001867115498 -0.004999988712370396
f 11167 11168 11169
v -0.028649022802710533 -0.014571641571819782 6.356975390531261e-09
v -0.027500972151756287 -0.014800001867115498 -0.004999988712370396
v -0.027500972151756287 -0.014800001867115498 6.356975390531261e-09
f 11170 11171 11172
v -0.011101000010967255 -0.014800001867115498 6.356975390531261e-09
v -0.027500972151756287 -0.014800001867115498 6.356975390531261e-09
v -0.027500972151756287 -0.014800001867115498 -0.004999988712370396
f 11173 11174 11175
v -0.010100999847054482 -0.014800001867115498 0.0020000103395432234
v -0.011101000010967255 -0.014800001867115498 0.0020000103395432234
v -0.010100999847054482 -0.014800001867115498 6.356975390531261e-09
f 11176 11177 11178
v -0.010100999847054482 -0.014800001867115498 6.356975390531261e-09
v -0.011101000010967255 -0.014800001867115498 0.0020000103395432234
v -0.011101000010967255 -0.014800001867115498 6.356975390531261e-09
f 11179 11180 11181
v -0.011101000010967255 -0.014800001867115498 6.356975390531261e-09
v -0.027500972151756287 -0.014800001867115498 -0.004999988712370396
v -0.010100999847054482 -0.014800001867115498 6.356975390531261e-09
f 11182 11183 11184
v -0.010100999847054482 -0.014800001867115498 6.356975390531261e-09
v -0.027500972151756287 -0.014800001867115498 -0.004999988712370396
v -0.009313911199569702 -0.014800001867115498 -0.004999988712370396
f 11185 11186 11187
v -0.010100999847054482 -0.014800001867115498 6.356975390531261e-09
v -0.009313911199569702 -0.014800001867115498 -0.004999988712370396
v -0.008986580185592175 -0.014800001867115498 6.356975390531261e-09
f 11188 11189 11190
v -0.008986580185592175 -0.014800001867115498 6.356975390531261e-09
v -0.009313911199569702 -0.014800001867115498 -0.004999988712370396
v -0.005688061937689781 -0.014800001867115498 -0.004999988712370396
f 11191 11192 11193
v -0.008986580185592175 -0.014800001867115498 6.356975390531261e-09
v -0.005688061937689781 -0.014800001867115498 -0.004999988712370396
v -1.0000012480304576e-06 -0.014800001867115498 6.356975390531261e-09
f 11194 11195 11196
v -1.0000012480304576e-06 -0.014800001867115498 6.356975390531261e-09
v -0.005688061937689781 -0.014800001867115498 -0.004999988712370396
v 0.0005529608461074531 -0.014800001867115498 -0.004999988712370396
f 11197 11198 11199
v -1.0000012480304576e-06 -0.014800001867115498 6.356975390531261e-09
v 0.0005529608461074531 -0.014800001867115498 -0.004999988712370396
v 0.006013419944792986 -0.014800001867115498 6.356975390531261e-09
f 11200 11201 11202
v 0.006013419944792986 -0.014800001867115498 6.356975390531261e-09
v 0.0005529608461074531 -0.014800001867115498 -0.004999988712370396
v 0.0069989999756217 -0.014800001867115498 -0.004999988712370396
f 11203 11204 11205
v 0.006013419944792986 -0.014800001867115498 6.356975390531261e-09
v 0.0069989999756217 -0.014800001867115498 -0.004999988712370396
v 0.0069989999756217 -0.014800001867115498 6.356975390531261e-09
f 11206 11207 11208
v -0.030500972643494606 0.011800001375377178 -0.004999988712370396
v -0.030500972643494606 0.011800001375377178 6.356975390531261e-09
v -0.03027261234819889 0.012948053888976574 6.356975390531261e-09
f 11209 11210 11211
v -0.030500972643494606 0.011800001375377178 -0.004999988712370396
v -0.03027261234819889 0.012948053888976574 6.356975390531261e-09
v -0.03027261234819889 0.012948053888976574 -0.004999988712370396
f 11212 11213 11214
v -0.03027261234819889 0.012948053888976574 -0.004999988712370396
v -0.03027261234819889 0.012948053888976574 6.356975390531261e-09
v -0.029622294008731842 0.013921323232352734 6.356975390531261e-09
f 11215 11216 11217
v -0.03027261234819889 0.012948053888976574 -0.004999988712370396
v -0.029622294008731842 0.013921323232352734 6.356975390531261e-09
v -0.029622294008731842 0.013921323232352734 -0.004999988712370396
f 11218 11219 11220
v -0.029622294008731842 0.013921323232352734 -0.004999988712370396
v -0.029622294008731842 0.013921323232352734 6.356975390531261e-09
v -0.028649022802710533 0.014571639709174633 6.356975390531261e-09
f 11221 11222 11223
v -0.029622294008731842 0.013921323232352734 -0.004999988712370396
v -0.028649022802710533 0.014571639709174633 6.356975390531261e-09
v -0.028649022802710533 0.014571639709174633 -0.004999988712370396
f 11224 11225 11226
v -0.028649022802710533 0.014571639709174633 -0.004999988712370396
v -0.028649022802710533 0.014571639709174633 6.356975390531261e-09
v -0.027500972151756287 0.014800000004470348 6.356975390531261e-09
f 11227 11228 11229
v -0.028649022802710533 0.014571639709174633 -0.004999988712370396
v -0.027500972151756287 0.014800000004470348 6.356975390531261e-09
v -0.027500972151756287 0.014800000004470348 -0.004999988712370396
f 11230 11231 11232
v 0.005799000151455402 0.004999998025596142 -0.0030000146944075823
v 0.006026756949722767 0.004149998538196087 -0.0030000146944075823
v 0.005661696195602417 0.0035347966477274895 -0.0030000146944075823
f 11233 11234 11235
v 0.005661696195602417 0.0035347966477274895 -0.0030000146944075823
v 0.006026756949722767 0.004149998538196087 -0.0030000146944075823
v 0.006479373201727867 0.002882721833884716 -0.0030000146944075823
f 11236 11237 11238
v 0.006479373201727867 0.002882721833884716 -0.0030000146944075823
v 0.006026756949722767 0.004149998538196087 -0.0030000146944075823
v 0.006649000104516745 0.0035277558490633965 -0.0030000146944075823
f 11239 11240 11241
v 0.006479373201727867 0.002882721833884716 -0.0030000146944075823
v 0.006649000104516745 0.0035277558490633965 -0.0030000146944075823
v 0.007499000057578087 0.0026500029489398003 -0.0030000146944075823
f 11242 11243 11244
v 0.007499000057578087 0.0026500029489398003 -0.0030000146944075823
v 0.006649000104516745 0.0035277558490633965 -0.0030000146944075823
v 0.007499000057578087 0.003299999050796032 -0.0030000146944075823
f 11245 11246 11247
v 0.007499000057578087 0.0026500029489398003 -0.0030000146944075823
v 0.007499000057578087 0.003299999050796032 -0.0030000146944075823
v 0.009499000385403633 0.0026500029489398003 -0.0030000146944075823
f 11248 11249 11250
v 0.00999900046736002 0.002150001935660839 -0.0030000146944075823
v 0.009932012297213078 0.002399998717010021 -0.0030000146944075823
v 0.00999900046736002 0.007850001566112041 -0.0030000146944075823
f 11251 11252 11253
v 0.00999900046736002 0.007850001566112041 -0.0030000146944075823
v 0.009932012297213078 0.002399998717010021 -0.0030000146944075823
v 0.009748999960720539 0.002583014778792858 -0.0030000146944075823
f 11254 11255 11256
v 0.00999900046736002 0.007850001566112041 -0.0030000146944075823
v 0.009748999960720539 0.002583014778792858 -0.0030000146944075823
v 0.009960940107703209 0.007658655755221844 -0.0030000146944075823
f 11257 11258 11259
v 0.005661696195602417 0.0035347966477274895 -0.0030000146944075823
v 0.005207919515669346 0.004477079026401043 -0.0030000146944075823
v 0.005799000151455402 0.004999998025596142 -0.0030000146944075823
f 11260 11261 11262
v 0.005799000151455402 0.004999998025596142 -0.0030000146944075823
v 0.005207919515669346 0.004477079026401043 -0.0030000146944075823
v 0.005207919515669346 0.005522924475371838 -0.0030000146944075823
f 11263 11264 11265
v 0.005799000151455402 0.004999998025596142 -0.0030000146944075823
v 0.005207919515669346 0.005522924475371838 -0.0030000146944075823
v 0.006026756949722767 0.005849997512996197 -0.0030000146944075823
f 11266 11267 11268
v 0.006026756949722767 0.005849997512996197 -0.0030000146944075823
v 0.005207919515669346 0.005522924475371838 -0.0030000146944075823
v 0.005661696195602417 0.006465199403464794 -0.0030000146944075823
f 11269 11270 11271
v 0.006026756949722767 0.005849997512996197 -0.0030000146944075823
v 0.005661696195602417 0.006465199403464794 -0.0030000146944075823
v 0.006649000104516745 0.006472240202128887 -0.0030000146944075823
f 11272 11273 11274
v 0.006649000104516745 0.006472240202128887 -0.0030000146944075823
v 0.005661696195602417 0.006465199403464794 -0.0030000146944075823
v 0.006479373201727867 0.007117274217307568 -0.0030000146944075823
f 11275 11276 11277
v 0.006649000104516745 0.006472240202128887 -0.0030000146944075823
v 0.006479373201727867 0.007117274217307568 -0.0030000146944075823
v 0.007499000057578087 0.006699997000396252 -0.0030000146944075823
f 11278 11279 11280
v 0.007499000057578087 0.006699997000396252 -0.0030000146944075823
v 0.006479373201727867 0.007117274217307568 -0.0030000146944075823
v 0.007499000057578087 0.00735000055283308 -0.0030000146944075823
f 11281 11282 11283
v 0.007499000057578087 0.006699997000396252 -0.0030000146944075823
v 0.007499000057578087 0.00735000055283308 -0.0030000146944075823
v 0.008236601948738098 0.006531643681228161 -0.0030000146944075823
f 11284 11285 11286
v 0.008236601948738098 0.006531643681228161 -0.0030000146944075823
v 0.007499000057578087 0.00735000055283308 -0.0030000146944075823
v 0.009499000385403633 0.00735000055283308 -0.0030000146944075823
f 11287 11288 11289
v 0.008236601948738098 0.006531643681228161 -0.0030000146944075823
v 0.009499000385403633 0.00735000055283308 -0.0030000146944075823
v 0.008828113786876202 0.0060599325224757195 -0.0030000146944075823
f 11290 11291 11292
v 0.009499000385403633 0.00735000055283308 -0.0030000146944075823
v 0.009690341539680958 0.007388058118522167 -0.0030000146944075823
v 0.008828113786876202 0.0060599325224757195 -0.0030000146944075823
f 11293 11294 11295
v 0.008828113786876202 0.0060599325224757195 -0.0030000146944075823
v 0.009690341539680958 0.007388058118522167 -0.0030000146944075823
v 0.009852553717792034 0.007496449165046215 -0.0030000146944075823
f 11296 11297 11298
v 0.008828113786876202 0.0060599325224757195 -0.0030000146944075823
v 0.009852553717792034 0.007496449165046215 -0.0030000146944075823
v 0.00915637705475092 0.005378286354243755 -0.0030000146944075823
f 11299 11300 11301
v 0.00915637705475092 0.005378286354243755 -0.0030000146944075823
v 0.009852553717792034 0.007496449165046215 -0.0030000146944075823
v 0.009960940107703209 0.007658655755221844 -0.0030000146944075823
f 11302 11303 11304
v 0.00915637705475092 0.005378286354243755 -0.0030000146944075823
v 0.009960940107703209 0.007658655755221844 -0.0030000146944075823
v 0.00915637705475092 0.004621717147529125 -0.0030000146944075823
f 11305 11306 11307
v 0.00915637705475092 0.004621717147529125 -0.0030000146944075823
v 0.009960940107703209 0.007658655755221844 -0.0030000146944075823
v 0.009748999960720539 0.002583014778792858 -0.0030000146944075823
f 11308 11309 11310
v 0.00915637705475092 0.004621717147529125 -0.0030000146944075823
v 0.009748999960720539 0.002583014778792858 -0.0030000146944075823
v 0.008828113786876202 0.003940070979297161 -0.0030000146944075823
f 11311 11312 11313
v 0.008828113786876202 0.003940070979297161 -0.0030000146944075823
v 0.009748999960720539 0.002583014778792858 -0.0030000146944075823
v 0.009499000385403633 0.0026500029489398003 -0.0030000146944075823
f 11314 11315 11316
v 0.008828113786876202 0.003940070979297161 -0.0030000146944075823
v 0.009499000385403633 0.0026500029489398003 -0.0030000146944075823
v 0.008236601948738098 0.0034683523699641228 -0.0030000146944075823
f 11317 11318 11319
v 0.008236601948738098 0.0034683523699641228 -0.0030000146944075823
v 0.009499000385403633 0.0026500029489398003 -0.0030000146944075823
v 0.007499000057578087 0.003299999050796032 -0.0030000146944075823
f 11320 11321 11322
v -0.005801000166684389 0.004999998025596142 -0.0030000146944075823
v -0.005209919530898333 0.004477079026401043 -0.0030000146944075823
v -0.006028756964951754 0.004149998538196087 -0.0030000146944075823
f 11323 11324 11325
v -0.006028756964951754 0.004149998538196087 -0.0030000146944075823
v -0.005209919530898333 0.004477079026401043 -0.0030000146944075823
v -0.005663696210831404 0.0035347966477274895 -0.0030000146944075823
f 11326 11327 11328
v -0.006028756964951754 0.004149998538196087 -0.0030000146944075823
v -0.005663696210831404 0.0035347966477274895 -0.0030000146944075823
v -0.006651000119745731 0.0035277558490633965 -0.0030000146944075823
f 11329 11330 11331
v -0.006651000119745731 0.0035277558490633965 -0.0030000146944075823
v -0.005663696210831404 0.0035347966477274895 -0.0030000146944075823
v -0.006481373216956854 0.002882721833884716 -0.0030000146944075823
f 11332 11333 11334
v -0.006651000119745731 0.0035277558490633965 -0.0030000146944075823
v -0.006481373216956854 0.002882721833884716 -0.0030000146944075823
v -0.007501000072807074 0.003299999050796032 -0.0030000146944075823
f 11335 11336 11337
v -0.007501000072807074 0.003299999050796032 -0.0030000146944075823
v -0.006481373216956854 0.002882721833884716 -0.0030000146944075823
v -0.007501000072807074 0.0026500029489398003 -0.0030000146944075823
f 11338 11339 11340
v -0.007501000072807074 0.003299999050796032 -0.0030000146944075823
v -0.007501000072807074 0.0026500029489398003 -0.0030000146944075823
v -0.008351000025868416 0.0035277558490633965 -0.0030000146944075823
f 11341 11342 11343
v -0.008351000025868416 0.0035277558490633965 -0.0030000146944075823
v -0.007501000072807074 0.0026500029489398003 -0.0030000146944075823
v -0.008520626462996006 0.002882721833884716 -0.0030000146944075823
f 11344 11345 11346
v -0.008351000025868416 0.0035277558490633965 -0.0030000146944075823
v -0.008520626462996006 0.002882721833884716 -0.0030000146944075823
v -0.008973243646323681 0.004149998538196087 -0.0030000146944075823
f 11347 11348 11349
v -0.008973243646323681 0.004149998538196087 -0.0030000146944075823
v -0.008520626462996006 0.002882721833884716 -0.0030000146944075823
v -0.00933830440044403 0.0035347966477274895 -0.0030000146944075823
f 11350 11351 11352
v -0.008973243646323681 0.004149998538196087 -0.0030000146944075823
v -0.00933830440044403 0.0035347966477274895 -0.0030000146944075823
v -0.009201000444591045 0.004999998025596142 -0.0030000146944075823
f 11353 11354 11355
v -0.00933830440044403 0.0035347966477274895 -0.0030000146944075823
v -0.009792080149054527 0.004477079026401043 -0.0030000146944075823
v -0.009201000444591045 0.004999998025596142 -0.0030000146944075823
f 11356 11357 11358
v -0.009201000444591045 0.004999998025596142 -0.0030000146944075823
v -0.009792080149054527 0.004477079026401043 -0.0030000146944075823
v -0.009792080149054527 0.005522924475371838 -0.0030000146944075823
f 11359 11360 11361
v -0.009201000444591045 0.004999998025596142 -0.0030000146944075823
v -0.009792080149054527 0.005522924475371838 -0.0030000146944075823
v -0.008973243646323681 0.005849997512996197 -0.0030000146944075823
f 11362 11363 11364
v -0.008973243646323681 0.005849997512996197 -0.0030000146944075823
v -0.009792080149054527 0.005522924475371838 -0.0030000146944075823
v -0.00933830440044403 0.006465199403464794 -0.0030000146944075823
f 11365 11366 11367
v -0.008973243646323681 0.005849997512996197 -0.0030000146944075823
v -0.00933830440044403 0.006465199403464794 -0.0030000146944075823
v -0.008351000025868416 0.006472240202128887 -0.0030000146944075823
f 11368 11369 11370
v -0.008351000025868416 0.006472240202128887 -0.0030000146944075823
v -0.00933830440044403 0.006465199403464794 -0.0030000146944075823
v -0.008520626462996006 0.007117274217307568 -0.0030000146944075823
f 11371 11372 11373
v -0.008351000025868416 0.006472240202128887 -0.0030000146944075823
v -0.008520626462996006 0.007117274217307568 -0.0030000146944075823
v -0.007501000072807074 0.006699997000396252 -0.0030000146944075823
f 11374 11375 11376
v -0.007501000072807074 0.006699997000396252 -0.0030000146944075823
v -0.008520626462996006 0.007117274217307568 -0.0030000146944075823
v -0.007501000072807074 0.00735000055283308 -0.0030000146944075823
f 11377 11378 11379
v -0.007501000072807074 0.006699997000396252 -0.0030000146944075823
v -0.007501000072807074 0.00735000055283308 -0.0030000146944075823
v -0.006651000119745731 0.006472240202128887 -0.0030000146944075823
f 11380 11381 11382
v -0.006651000119745731 0.006472240202128887 -0.0030000146944075823
v -0.007501000072807074 0.00735000055283308 -0.0030000146944075823
v -0.006481373216956854 0.007117274217307568 -0.0030000146944075823
f 11383 11384 11385
v -0.006651000119745731 0.006472240202128887 -0.0030000146944075823
v -0.006481373216956854 0.007117274217307568 -0.0030000146944075823
v -0.006028756964951754 0.005849997512996197 -0.0030000146944075823
f 11386 11387 11388
v -0.006028756964951754 0.005849997512996197 -0.0030000146944075823
v -0.006481373216956854 0.007117274217307568 -0.0030000146944075823
v -0.005663696210831404 0.006465199403464794 -0.0030000146944075823
f 11389 11390 11391
v -0.006028756964951754 0.005849997512996197 -0.0030000146944075823
v -0.005663696210831404 0.006465199403464794 -0.0030000146944075823
v -0.005801000166684389 0.004999998025596142 -0.0030000146944075823
f 11392 11393 11394
v -0.005801000166684389 0.004999998025596142 -0.0030000146944075823
v -0.005663696210831404 0.006465199403464794 -0.0030000146944075823
v -0.005209919530898333 0.005522924475371838 -0.0030000146944075823
f 11395 11396 11397
v -0.005801000166684389 0.004999998025596142 -0.0030000146944075823
v -0.005209919530898333 0.005522924475371838 -0.0030000146944075823
v -0.005209919530898333 0.004477079026401043 -0.0030000146944075823
f 11398 11399 11400
v -0.027500972151756287 0.014800000004470348 -0.004999988712370396
v -0.027500972151756287 0.014800000004470348 6.356975390531261e-09
v -0.009313911199569702 0.014800000004470348 -0.004999988712370396
f 11401 11402 11403
v -0.009313911199569702 0.014800000004470348 -0.004999988712370396
v -0.027500972151756287 0.014800000004470348 6.356975390531261e-09
v -0.011101000010967255 0.014800000004470348 6.356975390531261e-09
f 11404 11405 11406
v -0.009313911199569702 0.014800000004470348 -0.004999988712370396
v -0.011101000010967255 0.014800000004470348 6.356975390531261e-09
v -0.005688061937689781 0.014800000004470348 -0.004999988712370396
f 11407 11408 11409
v -0.011101000010967255 0.014800000004470348 0.0020000103395432234
v -0.010100999847054482 0.014800000004470348 0.0020000103395432234
v -0.011101000010967255 0.014800000004470348 6.356975390531261e-09
f 11410 11411 11412
v -0.011101000010967255 0.014800000004470348 6.356975390531261e-09
v -0.010100999847054482 0.014800000004470348 0.0020000103395432234
v -0.010100999847054482 0.014800000004470348 6.356975390531261e-09
f 11413 11414 11415
v -0.011101000010967255 0.014800000004470348 6.356975390531261e-09
v -0.010100999847054482 0.014800000004470348 6.356975390531261e-09
v -0.005688061937689781 0.014800000004470348 -0.004999988712370396
f 11416 11417 11418
v -0.005688061937689781 0.014800000004470348 -0.004999988712370396
v -0.010100999847054482 0.014800000004470348 6.356975390531261e-09
v -0.008986580185592175 0.014800000004470348 6.356975390531261e-09
f 11419 11420 11421
v -0.005688061937689781 0.014800000004470348 -0.004999988712370396
v -0.008986580185592175 0.014800000004470348 6.356975390531261e-09
v 0.0005529608461074531 0.014800000004470348 -0.004999988712370396
f 11422 11423 11424
v 0.0069989999756217 0.014800000004470348 6.356975390531261e-09
v 0.0069989999756217 0.014800000004470348 -0.004999988712370396
v 0.006013419944792986 0.014800000004470348 6.356975390531261e-09
f 11425 11426 11427
v 0.006013419944792986 0.014800000004470348 6.356975390531261e-09
v 0.0069989999756217 0.014800000004470348 -0.004999988712370396
v 0.0005529608461074531 0.014800000004470348 -0.004999988712370396
f 11428 11429 11430
v 0.006013419944792986 0.014800000004470348 6.356975390531261e-09
v 0.0005529608461074531 0.014800000004470348 -0.004999988712370396
v -1.0000012480304576e-06 0.014800000004470348 6.356975390531261e-09
f 11431 11432 11433
v -1.0000012480304576e-06 0.014800000004470348 6.356975390531261e-09
v 0.0005529608461074531 0.014800000004470348 -0.004999988712370396
v -0.008986580185592175 0.014800000004470348 6.356975390531261e-09
f 11434 11435 11436
v 0.009960940107703209 -0.002341342158615589 -0.0030000146944075823
v 0.00999900046736002 -0.0021499963477253914 -0.0030000146944075823
v 0.009932012297213078 -0.007599999196827412 -0.0030000146944075823
f 11437 11438 11439
v 0.009932012297213078 -0.007599999196827412 -0.0030000146944075823
v 0.00999900046736002 -0.0021499963477253914 -0.0030000146944075823
v 0.00999900046736002 -0.00785000342875719 -0.0030000146944075823
f 11440 11441 11442
v 0.008348999544978142 -0.0035277577117085457 -0.0030000146944075823
v 0.007499000057578087 -0.003300000913441181 -0.0030000146944075823
v 0.006479373201727867 -0.0028827236965298653 -0.0030000146944075823
f 11443 11444 11445
v 0.006479373201727867 -0.0028827236965298653 -0.0030000146944075823
v 0.007499000057578087 -0.003300000913441181 -0.0030000146944075823
v 0.006649000104516745 -0.0035277577117085457 -0.0030000146944075823
f 11446 11447 11448
v 0.006479373201727867 -0.0028827236965298653 -0.0030000146944075823
v 0.006649000104516745 -0.0035277577117085457 -0.0030000146944075823
v 0.005661696195602417 -0.0035347985103726387 -0.0030000146944075823
f 11449 11450 11451
v 0.005661696195602417 -0.0035347985103726387 -0.0030000146944075823
v 0.006649000104516745 -0.0035277577117085457 -0.0030000146944075823
v 0.006026756949722767 -0.004150000400841236 -0.0030000146944075823
f 11452 11453 11454
v 0.005661696195602417 -0.0035347985103726387 -0.0030000146944075823
v 0.006026756949722767 -0.004150000400841236 -0.0030000146944075823
v 0.005207919515669346 -0.004477073438465595 -0.0030000146944075823
f 11455 11456 11457
v 0.005207919515669346 -0.004477073438465595 -0.0030000146944075823
v 0.006026756949722767 -0.004150000400841236 -0.0030000146944075823
v 0.005799000151455402 -0.004999999888241291 -0.0030000146944075823
f 11458 11459 11460
v 0.006479373201727867 -0.0028827236965298653 -0.0030000146944075823
v 0.007499000057578087 -0.0026499973610043526 -0.0030000146944075823
v 0.008348999544978142 -0.0035277577117085457 -0.0030000146944075823
f 11461 11462 11463
v 0.008348999544978142 -0.0035277577117085457 -0.0030000146944075823
v 0.007499000057578087 -0.0026499973610043526 -0.0030000146944075823
v 0.009499000385403633 -0.0026499973610043526 -0.0030000146944075823
f 11464 11465 11466
v 0.008348999544978142 -0.0035277577117085457 -0.0030000146944075823
v 0.009499000385403633 -0.0026499973610043526 -0.0030000146944075823
v 0.008971243165433407 -0.004150000400841236 -0.0030000146944075823
f 11467 11468 11469
v 0.008971243165433407 -0.004150000400841236 -0.0030000146944075823
v 0.009499000385403633 -0.0026499973610043526 -0.0030000146944075823
v 0.009690341539680958 -0.0026119397953152657 -0.0030000146944075823
f 11470 11471 11472
v 0.009690341539680958 -0.0026119397953152657 -0.0030000146944075823
v 0.009852553717792034 -0.0025035561993718147 -0.0030000146944075823
v 0.008971243165433407 -0.004150000400841236 -0.0030000146944075823
f 11473 11474 11475
v 0.008971243165433407 -0.004150000400841236 -0.0030000146944075823
v 0.009852553717792034 -0.0025035561993718147 -0.0030000146944075823
v 0.009960940107703209 -0.002341342158615589 -0.0030000146944075823
f 11476 11477 11478
v 0.008971243165433407 -0.004150000400841236 -0.0030000146944075823
v 0.009960940107703209 -0.002341342158615589 -0.0030000146944075823
v 0.009198999963700771 -0.004999999888241291 -0.0030000146944075823
f 11479 11480 11481
v 0.009198999963700771 -0.004999999888241291 -0.0030000146944075823
v 0.009960940107703209 -0.002341342158615589 -0.0030000146944075823
v 0.009932012297213078 -0.007599999196827412 -0.0030000146944075823
f 11482 11483 11484
v 0.009198999963700771 -0.004999999888241291 -0.0030000146944075823
v 0.009932012297213078 -0.007599999196827412 -0.0030000146944075823
v 0.008971243165433407 -0.005849999375641346 -0.0030000146944075823
f 11485 11486 11487
v 0.008971243165433407 -0.005849999375641346 -0.0030000146944075823
v 0.009932012297213078 -0.007599999196827412 -0.0030000146944075823
v 0.009748999960720539 -0.007416990585625172 -0.0030000146944075823
f 11488 11489 11490
v 0.008971243165433407 -0.005849999375641346 -0.0030000146944075823
v 0.009748999960720539 -0.007416990585625172 -0.0030000146944075823
v 0.008348999544978142 -0.006472242064774036 -0.0030000146944075823
f 11491 11492 11493
v 0.008348999544978142 -0.006472242064774036 -0.0030000146944075823
v 0.009748999960720539 -0.007416990585625172 -0.0030000146944075823
v 0.009499000385403633 -0.0073500024154782295 -0.0030000146944075823
f 11494 11495 11496
v 0.008348999544978142 -0.006472242064774036 -0.0030000146944075823
v 0.009499000385403633 -0.0073500024154782295 -0.0030000146944075823
v 0.007499000057578087 -0.006699998863041401 -0.0030000146944075823
f 11497 11498 11499
v 0.007499000057578087 -0.006699998863041401 -0.0030000146944075823
v 0.009499000385403633 -0.0073500024154782295 -0.0030000146944075823
v 0.007499000057578087 -0.0073500024154782295 -0.0030000146944075823
f 11500 11501 11502
v 0.007499000057578087 -0.006699998863041401 -0.0030000146944075823
v 0.007499000057578087 -0.0073500024154782295 -0.0030000146944075823
v 0.006649000104516745 -0.006472242064774036 -0.0030000146944075823
f 11503 11504 11505
v 0.006649000104516745 -0.006472242064774036 -0.0030000146944075823
v 0.007499000057578087 -0.0073500024154782295 -0.0030000146944075823
v 0.006479373201727867 -0.007117276079952717 -0.0030000146944075823
f 11506 11507 11508
v 0.006649000104516745 -0.006472242064774036 -0.0030000146944075823
v 0.006479373201727867 -0.007117276079952717 -0.0030000146944075823
v 0.006026756949722767 -0.005849999375641346 -0.0030000146944075823
f 11509 11510 11511
v 0.006026756949722767 -0.005849999375641346 -0.0030000146944075823
v 0.006479373201727867 -0.007117276079952717 -0.0030000146944075823
v 0.005661696195602417 -0.006465201266109943 -0.0030000146944075823
f 11512 11513 11514
v 0.006026756949722767 -0.005849999375641346 -0.0030000146944075823
v 0.005661696195602417 -0.006465201266109943 -0.0030000146944075823
v 0.005799000151455402 -0.004999999888241291 -0.0030000146944075823
f 11515 11516 11517
v 0.005799000151455402 -0.004999999888241291 -0.0030000146944075823
v 0.005661696195602417 -0.006465201266109943 -0.0030000146944075823
v 0.005207919515669346 -0.005522926338016987 -0.0030000146944075823
f 11518 11519 11520
v 0.005799000151455402 -0.004999999888241291 -0.0030000146944075823
v 0.005207919515669346 -0.005522926338016987 -0.0030000146944075823
v 0.005207919515669346 -0.004477073438465595 -0.0030000146944075823
f 11521 11522 11523
v -0.005801000166684389 -0.004999999888241291 -0.0030000146944075823
v -0.005209919530898333 -0.005522926338016987 -0.0030000146944075823
v -0.006028756964951754 -0.005849999375641346 -0.0030000146944075823
f 11524 11525 11526
v -0.006028756964951754 -0.005849999375641346 -0.0030000146944075823
v -0.005209919530898333 -0.005522926338016987 -0.0030000146944075823
v -0.005663696210831404 -0.006465201266109943 -0.0030000146944075823
f 11527 11528 11529
v -0.006028756964951754 -0.005849999375641346 -0.0030000146944075823
v -0.005663696210831404 -0.006465201266109943 -0.0030000146944075823
v -0.006651000119745731 -0.006472242064774036 -0.0030000146944075823
f 11530 11531 11532
v -0.006651000119745731 -0.006472242064774036 -0.0030000146944075823
v -0.005663696210831404 -0.006465201266109943 -0.0030000146944075823
v -0.006481373216956854 -0.007117276079952717 -0.0030000146944075823
f 11533 11534 11535
v -0.006651000119745731 -0.006472242064774036 -0.0030000146944075823
v -0.006481373216956854 -0.007117276079952717 -0.0030000146944075823
v -0.007501000072807074 -0.006699998863041401 -0.0030000146944075823
f 11536 11537 11538
v -0.007501000072807074 -0.006699998863041401 -0.0030000146944075823
v -0.006481373216956854 -0.007117276079952717 -0.0030000146944075823
v -0.007501000072807074 -0.0073500024154782295 -0.0030000146944075823
f 11539 11540 11541
v -0.007501000072807074 -0.006699998863041401 -0.0030000146944075823
v -0.007501000072807074 -0.0073500024154782295 -0.0030000146944075823
v -0.008351000025868416 -0.006472242064774036 -0.0030000146944075823
f 11542 11543 11544
v -0.008351000025868416 -0.006472242064774036 -0.0030000146944075823
v -0.007501000072807074 -0.0073500024154782295 -0.0030000146944075823
v -0.008520626462996006 -0.007117276079952717 -0.0030000146944075823
f 11545 11546 11547
v -0.008351000025868416 -0.006472242064774036 -0.0030000146944075823
v -0.008520626462996006 -0.007117276079952717 -0.0030000146944075823
v -0.008973243646323681 -0.005849999375641346 -0.0030000146944075823
f 11548 11549 11550
v -0.008973243646323681 -0.005849999375641346 -0.0030000146944075823
v -0.008520626462996006 -0.007117276079952717 -0.0030000146944075823
v -0.00933830440044403 -0.006465201266109943 -0.0030000146944075823
f 11551 11552 11553
v -0.008973243646323681 -0.005849999375641346 -0.0030000146944075823
v -0.00933830440044403 -0.006465201266109943 -0.0030000146944075823
v -0.009201000444591045 -0.004999999888241291 -0.0030000146944075823
f 11554 11555 11556
v -0.00933830440044403 -0.006465201266109943 -0.0030000146944075823
v -0.009792080149054527 -0.005522926338016987 -0.0030000146944075823
v -0.009201000444591045 -0.004999999888241291 -0.0030000146944075823
f 11557 11558 11559
v -0.009201000444591045 -0.004999999888241291 -0.0030000146944075823
v -0.009792080149054527 -0.005522926338016987 -0.0030000146944075823
v -0.009792080149054527 -0.004477073438465595 -0.0030000146944075823
f 11560 11561 11562
v -0.009201000444591045 -0.004999999888241291 -0.0030000146944075823
v -0.009792080149054527 -0.004477073438465595 -0.0030000146944075823
v -0.008973243646323681 -0.004150000400841236 -0.0030000146944075823
f 11563 11564 11565
v -0.008973243646323681 -0.004150000400841236 -0.0030000146944075823
v -0.009792080149054527 -0.004477073438465595 -0.0030000146944075823
v -0.00933830440044403 -0.0035347985103726387 -0.0030000146944075823
f 11566 11567 11568
v -0.008973243646323681 -0.004150000400841236 -0.0030000146944075823
v -0.00933830440044403 -0.0035347985103726387 -0.0030000146944075823
v -0.008351000025868416 -0.0035277577117085457 -0.0030000146944075823
f 11569 11570 11571
v -0.008351000025868416 -0.0035277577117085457 -0.0030000146944075823
v -0.00933830440044403 -0.0035347985103726387 -0.0030000146944075823
v -0.008520626462996006 -0.0028827236965298653 -0.0030000146944075823
f 11572 11573 11574
v -0.008351000025868416 -0.0035277577117085457 -0.0030000146944075823
v -0.008520626462996006 -0.0028827236965298653 -0.0030000146944075823
v -0.007501000072807074 -0.003300000913441181 -0.0030000146944075823
f 11575 11576 11577
v -0.007501000072807074 -0.003300000913441181 -0.0030000146944075823
v -0.008520626462996006 -0.0028827236965298653 -0.0030000146944075823
v -0.007501000072807074 -0.0026499973610043526 -0.0030000146944075823
f 11578 11579 11580
v -0.007501000072807074 -0.003300000913441181 -0.0030000146944075823
v -0.007501000072807074 -0.0026499973610043526 -0.0030000146944075823
v -0.006651000119745731 -0.0035277577117085457 -0.0030000146944075823
f 11581 11582 11583
v -0.006651000119745731 -0.0035277577117085457 -0.0030000146944075823
v -0.007501000072807074 -0.0026499973610043526 -0.0030000146944075823
v -0.006481373216956854 -0.0028827236965298653 -0.0030000146944075823
f 11584 11585 11586
v -0.006651000119745731 -0.0035277577117085457 -0.0030000146944075823
v -0.006481373216956854 -0.0028827236965298653 -0.0030000146944075823
v -0.006028756964951754 -0.004150000400841236 -0.0030000146944075823
f 11587 11588 11589
v -0.006028756964951754 -0.004150000400841236 -0.0030000146944075823
v -0.006481373216956854 -0.0028827236965298653 -0.0030000146944075823
v -0.005663696210831404 -0.0035347985103726387 -0.0030000146944075823
f 11590 11591 11592
v -0.006028756964951754 -0.004150000400841236 -0.0030000146944075823
v -0.005663696210831404 -0.0035347985103726387 -0.0030000146944075823
v -0.005801000166684389 -0.004999999888241291 -0.0030000146944075823
f 11593 11594 11595
v -0.005801000166684389 -0.004999999888241291 -0.0030000146944075823
v -0.005663696210831404 -0.0035347985103726387 -0.0030000146944075823
v -0.005209919530898333 -0.004477073438465595 -0.0030000146944075823
f 11596 11597 11598
v -0.005801000166684389 -0.004999999888241291 -0.0030000146944075823
v -0.005209919530898333 -0.004477073438465595 -0.0030000146944075823
v -0.005209919530898333 -0.005522926338016987 -0.0030000146944075823
f 11599 11600 11601
v -0.008478262461721897 0.011579359881579876 -0.004999988712370396
v -0.00871963333338499 0.011078151874244213 -0.004999988712370396
v -0.009313911199569702 0.013425002805888653 -0.004999988712370396
f 11602 11603 11604
v -0.030500972643494606 0.011800001375377178 -0.004999988712370396
v -0.03027261234819889 0.012948053888976574 -0.004999988712370396
v -0.009313911199569702 0.013425002805888653 -0.004999988712370396
f 11605 11606 11607
v 0.00641649542376399 0.011424998752772808 -0.004999988712370396
v 0.006249026861041784 0.010799999348819256 -0.004999988712370396
v 0.0005529608461074531 0.008449996821582317 -0.004999988712370396
f 11608 11609 11610
v 0.0005529608461074531 0.008449996821582317 -0.004999988712370396
v 0.006249026861041784 0.010799999348819256 -0.004999988712370396
v 0.00641649542376399 0.010174999944865704 -0.004999988712370396
f 11611 11612 11613
v 0.0005529608461074531 0.008449996821582317 -0.004999988712370396
v 0.00641649542376399 0.010174999944865704 -0.004999988712370396
v 0.006874027196317911 0.009717467240989208 -0.004999988712370396
f 11614 11615 11616
v 0.007499027065932751 0.01204999815672636 -0.004999988712370396
v 0.006874027196317911 0.011882531456649303 -0.004999988712370396
v 0.0005529608461074531 0.013425002805888653 -0.004999988712370396
f 11617 11618 11619
v 0.007499027065932751 0.009550000540912151 -0.004999988712370396
v 0.008124027401208878 0.009717467240989208 -0.004999988712370396
v 0.00999900046736002 0.008449996821582317 -0.004999988712370396
f 11620 11621 11622
v 0.00999900046736002 0.008449996821582317 -0.004999988712370396
v 0.008124027401208878 0.009717467240989208 -0.004999988712370396
v 0.008581559173762798 0.010174999944865704 -0.004999988712370396
f 11623 11624 11625
v 0.00999900046736002 0.008449996821582317 -0.004999988712370396
v 0.008581559173762798 0.010174999944865704 -0.004999988712370396
v 0.00999900046736002 0.011800001375377178 -0.004999988712370396
f 11626 11627 11628
v 0.008581559173762798 0.010174999944865704 -0.004999988712370396
v 0.00874902680516243 0.010799999348819256 -0.004999988712370396
v 0.00999900046736002 0.011800001375377178 -0.004999988712370396
f 11629 11630 11631
v 0.00999900046736002 0.011800001375377178 -0.004999988712370396
v 0.00874902680516243 0.010799999348819256 -0.004999988712370396
v 0.008581559173762798 0.011424998752772808 -0.004999988712370396
f 11632 11633 11634
v 0.00999900046736002 0.011800001375377178 -0.004999988712370396
v 0.008581559173762798 0.011424998752772808 -0.004999988712370396
v 0.009770638309419155 0.012948053888976574 -0.004999988712370396
f 11635 11636 11637
v 0.009770638309419155 0.012948053888976574 -0.004999988712370396
v 0.008581559173762798 0.011424998752772808 -0.004999988712370396
v 0.008124027401208878 0.011882531456649303 -0.004999988712370396
f 11638 11639 11640
v 0.009770638309419155 0.012948053888976574 -0.004999988712370396
v 0.008124027401208878 0.011882531456649303 -0.004999988712370396
v 0.009120319969952106 0.013921323232352734 -0.004999988712370396
f 11641 11642 11643
v 0.009120319969952106 0.013921323232352734 -0.004999988712370396
v 0.008124027401208878 0.011882531456649303 -0.004999988712370396
v 0.007499027065932751 0.01204999815672636 -0.004999988712370396
f 11644 11645 11646
v 0.007499027065932751 0.01204999815672636 -0.004999988712370396
v 0.0005529608461074531 0.013425002805888653 -0.004999988712370396
v 0.009120319969952106 0.013921323232352734 -0.004999988712370396
f 11647 11648 11649
v 0.009120319969952106 0.013921323232352734 -0.004999988712370396
v 0.0005529608461074531 0.013425002805888653 -0.004999988712370396
v 0.0069989999756217 0.014800000004470348 -0.004999988712370396
f 11650 11651 11652
v 0.009120319969952106 0.013921323232352734 -0.004999988712370396
v 0.0069989999756217 0.014800000004470348 -0.004999988712370396
v 0.008147050626575947 0.014571639709174633 -0.004999988712370396
f 11653 11654 11655
v -0.009313911199569702 0.008449996821582317 -0.004999988712370396
v -0.030500972643494606 0.008449996821582317 -0.004999988712370396
v -0.030500972643494606 0.011800001375377178 -0.004999988712370396
f 11656 11657 11658
v 0.006249026861041784 -0.010800001211464405 -0.004999988712370396
v 0.00641649542376399 -0.011425000615417957 -0.004999988712370396
v 0.0005529608461074531 -0.014800001867115498 -0.004999988712370396
f 11659 11660 11661
v 0.0069989999756217 -0.014800001867115498 -0.004999988712370396
v 0.007499027065932751 -0.01205000001937151 -0.004999988712370396
v 0.008147050626575947 -0.014571641571819782 -0.004999988712370396
f 11662 11663 11664
v 0.008147050626575947 -0.014571641571819782 -0.004999988712370396
v 0.007499027065932751 -0.01205000001937151 -0.004999988712370396
v 0.008124027401208878 -0.011882533319294453 -0.004999988712370396
f 11665 11666 11667
v 0.0005529608461074531 -0.014800001867115498 -0.004999988712370396
v 0.00641649542376399 -0.011425000615417957 -0.004999988712370396
v 0.0069989999756217 -0.014800001867115498 -0.004999988712370396
f 11668 11669 11670
v 0.0069989999756217 -0.014800001867115498 -0.004999988712370396
v 0.00641649542376399 -0.011425000615417957 -0.004999988712370396
v 0.006874027196317911 -0.011882533319294453 -0.004999988712370396
f 11671 11672 11673
v 0.0069989999756217 -0.014800001867115498 -0.004999988712370396
v 0.006874027196317911 -0.011882533319294453 -0.004999988712370396
v 0.007499027065932751 -0.01205000001937151 -0.004999988712370396
f 11674 11675 11676
v 0.008124027401208878 -0.009717469103634357 -0.004999988712370396
v 0.007499027065932751 -0.0095500024035573 -0.004999988712370396
v 0.00999900046736002 -0.008449998684227467 -0.004999988712370396
f 11677 11678 11679
v 0.00999900046736002 -0.011800003238022327 -0.004999988712370396
v 0.009770638309419155 -0.012948048301041126 -0.004999988712370396
v 0.008124027401208878 -0.011882533319294453 -0.004999988712370396
f 11680 11681 11682
v 0.008124027401208878 -0.011882533319294453 -0.004999988712370396
v 0.009770638309419155 -0.012948048301041126 -0.004999988712370396
v 0.009120319969952106 -0.013921317644417286 -0.004999988712370396
f 11683 11684 11685
v 0.008124027401208878 -0.011882533319294453 -0.004999988712370396
v 0.009120319969952106 -0.013921317644417286 -0.004999988712370396
v 0.008147050626575947 -0.014571641571819782 -0.004999988712370396
f 11686 11687 11688
v 0.008124027401208878 -0.011882533319294453 -0.004999988712370396
v 0.008581559173762798 -0.011425000615417957 -0.004999988712370396
v 0.00999900046736002 -0.011800003238022327 -0.004999988712370396
f 11689 11690 11691
v 0.00999900046736002 -0.011800003238022327 -0.004999988712370396
v 0.008581559173762798 -0.011425000615417957 -0.004999988712370396
v 0.00874902680516243 -0.010800001211464405 -0.004999988712370396
f 11692 11693 11694
v 0.00999900046736002 -0.011800003238022327 -0.004999988712370396
v 0.00874902680516243 -0.010800001211464405 -0.004999988712370396
v 0.00999900046736002 -0.008449998684227467 -0.004999988712370396
f 11695 11696 11697
v 0.00999900046736002 -0.008449998684227467 -0.004999988712370396
v 0.00874902680516243 -0.010800001211464405 -0.004999988712370396
v 0.008581559173762798 -0.010175001807510853 -0.004999988712370396
f 11698 11699 11700
v 0.00999900046736002 -0.008449998684227467 -0.004999988712370396
v 0.008581559173762798 -0.010175001807510853 -0.004999988712370396
v 0.008124027401208878 -0.009717469103634357 -0.004999988712370396
f 11701 11702 11703
v 0.0005529608461074531 -0.008449998684227467 -0.004999988712370396
v 0.006874027196317911 -0.009717469103634357 -0.004999988712370396
v 0.00641649542376399 -0.010175001807510853 -0.004999988712370396
f 11704 11705 11706
v 0.007499000057578087 -0.0026499973610043526 -0.004999988712370396
v 0.006479373201727867 -0.0028827236965298653 -0.004999988712370396
v 0.0005529608461074531 2.736447957119026e-09 -0.004999988712370396
f 11707 11708 11709
v 0.006479373201727867 -0.0028827236965298653 -0.004999988712370396
v 0.005661696195602417 -0.0035347985103726387 -0.004999988712370396
v 0.0005529608461074531 2.736447957119026e-09 -0.004999988712370396
f 11710 11711 11712
v 0.0005529608461074531 2.736447957119026e-09 -0.004999988712370396
v 0.005661696195602417 -0.0035347985103726387 -0.004999988712370396
v 0.005207919515669346 -0.004477073438465595 -0.004999988712370396
f 11713 11714 11715
v 0.0005529608461074531 2.736447957119026e-09 -0.004999988712370396
v 0.005207919515669346 -0.004477073438465595 -0.004999988712370396
v 0.0005529608461074531 -0.008449998684227467 -0.004999988712370396
f 11716 11717 11718
v 0.0005529608461074531 -0.008449998684227467 -0.004999988712370396
v 0.005207919515669346 -0.004477073438465595 -0.004999988712370396
v 0.005207919515669346 -0.005522926338016987 -0.004999988712370396
f 11719 11720 11721
v 0.005207919515669346 -0.005522926338016987 -0.004999988712370396
v 0.005661696195602417 -0.006465201266109943 -0.004999988712370396
v 0.0005529608461074531 -0.008449998684227467 -0.004999988712370396
f 11722 11723 11724
v 0.0005529608461074531 -0.008449998684227467 -0.004999988712370396
v 0.005661696195602417 -0.006465201266109943 -0.004999988712370396
v 0.006479373201727867 -0.007117276079952717 -0.004999988712370396
f 11725 11726 11727
v 0.0005529608461074531 -0.008449998684227467 -0.004999988712370396
v 0.006479373201727867 -0.007117276079952717 -0.004999988712370396
v 0.007499000057578087 -0.0073500024154782295 -0.004999988712370396
f 11728 11729 11730
v 0.009852553717792034 -0.0025035561993718147 -0.004999988712370396
v 0.009690341539680958 -0.0026119397953152657 -0.004999988712370396
v 0.009960940107703209 -0.002341342158615589 -0.004999988712370396
f 11731 11732 11733
v 0.009960940107703209 -0.002341342158615589 -0.004999988712370396
v 0.009690341539680958 -0.0026119397953152657 -0.004999988712370396
v 0.009499000385403633 -0.0026499973610043526 -0.004999988712370396
f 11734 11735 11736
v 0.009960940107703209 -0.002341342158615589 -0.004999988712370396
v 0.009499000385403633 -0.0026499973610043526 -0.004999988712370396
v 0.00999900046736002 -0.0021499963477253914 -0.004999988712370396
f 11737 11738 11739
v 0.00999900046736002 -0.0021499963477253914 -0.004999988712370396
v 0.009499000385403633 -0.0026499973610043526 -0.004999988712370396
v 0.007499000057578087 -0.0026499973610043526 -0.004999988712370396
f 11740 11741 11742
v 0.00999900046736002 -0.0021499963477253914 -0.004999988712370396
v 0.007499000057578087 -0.0026499973610043526 -0.004999988712370396
v 0.00999900046736002 2.736447957119026e-09 -0.004999988712370396
f 11743 11744 11745
v 0.00999900046736002 2.736447957119026e-09 -0.004999988712370396
v 0.007499000057578087 -0.0026499973610043526 -0.004999988712370396
v 0.0005529608461074531 2.736447957119026e-09 -0.004999988712370396
f 11746 11747 11748
v 0.009748999960720539 -0.007416990585625172 -0.004999988712370396
v 0.009932012297213078 -0.007599999196827412 -0.004999988712370396
v 0.009499000385403633 -0.0073500024154782295 -0.004999988712370396
f 11749 11750 11751
v 0.009499000385403633 -0.0073500024154782295 -0.004999988712370396
v 0.009932012297213078 -0.007599999196827412 -0.004999988712370396
v 0.00999900046736002 -0.00785000342875719 -0.004999988712370396
f 11752 11753 11754
v 0.009499000385403633 -0.0073500024154782295 -0.004999988712370396
v 0.00999900046736002 -0.00785000342875719 -0.004999988712370396
v 0.007499000057578087 -0.0073500024154782295 -0.004999988712370396
f 11755 11756 11757
v 0.007499000057578087 -0.0073500024154782295 -0.004999988712370396
v 0.00999900046736002 -0.00785000342875719 -0.004999988712370396
v 0.00999900046736002 -0.008449998684227467 -0.004999988712370396
f 11758 11759 11760
v 0.007499000057578087 -0.0073500024154782295 -0.004999988712370396
v 0.00999900046736002 -0.008449998684227467 -0.004999988712370396
v 0.0005529608461074531 -0.008449998684227467 -0.004999988712370396
f 11761 11762 11763
v 0.0005529608461074531 -0.008449998684227467 -0.004999988712370396
v 0.00999900046736002 -0.008449998684227467 -0.004999988712370396
v 0.007499027065932751 -0.0095500024035573 -0.004999988712370396
f 11764 11765 11766
v 0.0005529608461074531 -0.008449998684227467 -0.004999988712370396
v 0.007499027065932751 -0.0095500024035573 -0.004999988712370396
v 0.006874027196317911 -0.009717469103634357 -0.004999988712370396
f 11767 11768 11769
v 0.007499000057578087 0.00735000055283308 -0.004999988712370396
v 0.006479373201727867 0.007117274217307568 -0.004999988712370396
v 0.0005529608461074531 0.008449996821582317 -0.004999988712370396
f 11770 11771 11772
v 0.006479373201727867 0.007117274217307568 -0.004999988712370396
v 0.005661696195602417 0.006465199403464794 -0.004999988712370396
v 0.0005529608461074531 0.008449996821582317 -0.004999988712370396
f 11773 11774 11775
v 0.0005529608461074531 0.008449996821582317 -0.004999988712370396
v 0.005661696195602417 0.006465199403464794 -0.004999988712370396
v 0.005207919515669346 0.005522924475371838 -0.004999988712370396
f 11776 11777 11778
v 0.0005529608461074531 0.008449996821582317 -0.004999988712370396
v 0.005207919515669346 0.005522924475371838 -0.004999988712370396
v 0.0005529608461074531 2.736447957119026e-09 -0.004999988712370396
f 11779 11780 11781
v 0.0005529608461074531 2.736447957119026e-09 -0.004999988712370396
v 0.005207919515669346 0.005522924475371838 -0.004999988712370396
v 0.005207919515669346 0.004477079026401043 -0.004999988712370396
f 11782 11783 11784
v 0.009748999960720539 0.002583014778792858 -0.004999988712370396
v 0.009932012297213078 0.002399998717010021 -0.004999988712370396
v 0.009499000385403633 0.0026500029489398003 -0.004999988712370396
f 11785 11786 11787
v 0.009499000385403633 0.0026500029489398003 -0.004999988712370396
v 0.009932012297213078 0.002399998717010021 -0.004999988712370396
v 0.00999900046736002 0.002150001935660839 -0.004999988712370396
f 11788 11789 11790
v 0.009499000385403633 0.0026500029489398003 -0.004999988712370396
v 0.00999900046736002 0.002150001935660839 -0.004999988712370396
v 0.007499000057578087 0.0026500029489398003 -0.004999988712370396
f 11791 11792 11793
v 0.007499000057578087 0.0026500029489398003 -0.004999988712370396
v 0.00999900046736002 0.002150001935660839 -0.004999988712370396
v 0.00999900046736002 2.736447957119026e-09 -0.004999988712370396
f 11794 11795 11796
v 0.007499000057578087 0.0026500029489398003 -0.004999988712370396
v 0.00999900046736002 2.736447957119026e-09 -0.004999988712370396
v 0.006479373201727867 0.002882721833884716 -0.004999988712370396
f 11797 11798 11799
v 0.006479373201727867 0.002882721833884716 -0.004999988712370396
v 0.00999900046736002 2.736447957119026e-09 -0.004999988712370396
v 0.0005529608461074531 2.736447957119026e-09 -0.004999988712370396
f 11800 11801 11802
v 0.006479373201727867 0.002882721833884716 -0.004999988712370396
v 0.0005529608461074531 2.736447957119026e-09 -0.004999988712370396
v 0.005661696195602417 0.0035347966477274895 -0.004999988712370396
f 11803 11804 11805
v 0.005661696195602417 0.0035347966477274895 -0.004999988712370396
v 0.0005529608461074531 2.736447957119026e-09 -0.004999988712370396
v 0.005207919515669346 0.004477079026401043 -0.004999988712370396
f 11806 11807 11808
v 0.009852553717792034 0.007496449165046215 -0.004999988712370396
v 0.009690341539680958 0.007388058118522167 -0.004999988712370396
v 0.009960940107703209 0.007658655755221844 -0.004999988712370396
f 11809 11810 11811
v 0.009960940107703209 0.007658655755221844 -0.004999988712370396
v 0.009690341539680958 0.007388058118522167 -0.004999988712370396
v 0.009499000385403633 0.00735000055283308 -0.004999988712370396
f 11812 11813 11814
v 0.009960940107703209 0.007658655755221844 -0.004999988712370396
v 0.009499000385403633 0.00735000055283308 -0.004999988712370396
v 0.00999900046736002 0.007850001566112041 -0.004999988712370396
f 11815 11816 11817
v 0.00999900046736002 0.007850001566112041 -0.004999988712370396
v 0.009499000385403633 0.00735000055283308 -0.004999988712370396
v 0.007499000057578087 0.00735000055283308 -0.004999988712370396
f 11818 11819 11820
v 0.00999900046736002 0.007850001566112041 -0.004999988712370396
v 0.007499000057578087 0.00735000055283308 -0.004999988712370396
v 0.00999900046736002 0.008449996821582317 -0.004999988712370396
f 11821 11822 11823
v 0.00999900046736002 0.008449996821582317 -0.004999988712370396
v 0.007499000057578087 0.00735000055283308 -0.004999988712370396
v 0.0005529608461074531 0.008449996821582317 -0.004999988712370396
f 11824 11825 11826
v 0.00999900046736002 0.008449996821582317 -0.004999988712370396
v 0.0005529608461074531 0.008449996821582317 -0.004999988712370396
v 0.007499027065932751 0.009550000540912151 -0.004999988712370396
f 11827 11828 11829
v 0.007499027065932751 0.009550000540912151 -0.004999988712370396
v 0.0005529608461074531 0.008449996821582317 -0.004999988712370396
v 0.006874027196317911 0.009717467240989208 -0.004999988712370396
f 11830 11831 11832
v -0.008520626462996006 -0.007117276079952717 -0.004999988712370396
v -0.007501000072807074 -0.0073500024154782295 -0.004999988712370396
v -0.009313911199569702 -0.008449998684227467 -0.004999988712370396
f 11833 11834 11835
v -0.009313911199569702 -0.008449998684227467 -0.004999988712370396
v -0.007501000072807074 -0.0073500024154782295 -0.004999988712370396
v -0.005688061937689781 -0.008449998684227467 -0.004999988712370396
f 11836 11837 11838
v -0.006481373216956854 -0.0028827236965298653 -0.004999988712370396
v -0.007501000072807074 -0.0026499973610043526 -0.004999988712370396
v -0.009313911199569702 2.736447957119026e-09 -0.004999988712370396
f 11839 11840 11841
v -0.007501000072807074 -0.0026499973610043526 -0.004999988712370396
v -0.008520626462996006 -0.0028827236965298653 -0.004999988712370396
v -0.009313911199569702 2.736447957119026e-09 -0.004999988712370396
f 11842 11843 11844
v -0.009313911199569702 2.736447957119026e-09 -0.004999988712370396
v -0.008520626462996006 -0.0028827236965298653 -0.004999988712370396
v -0.00933830440044403 -0.0035347985103726387 -0.004999988712370396
f 11845 11846 11847
v -0.009313911199569702 2.736447957119026e-09 -0.004999988712370396
v -0.00933830440044403 -0.0035347985103726387 -0.004999988712370396
v -0.030500972643494606 2.736447957119026e-09 -0.004999988712370396
f 11848 11849 11850
v -0.030500972643494606 2.736447957119026e-09 -0.004999988712370396
v -0.00933830440044403 -0.0035347985103726387 -0.004999988712370396
v -0.009792080149054527 -0.004477073438465595 -0.004999988712370396
f 11851 11852 11853
v -0.030500972643494606 2.736447957119026e-09 -0.004999988712370396
v -0.009792080149054527 -0.004477073438465595 -0.004999988712370396
v -0.030500972643494606 -0.008449998684227467 -0.004999988712370396
f 11854 11855 11856
v -0.030500972643494606 -0.008449998684227467 -0.004999988712370396
v -0.009792080149054527 -0.004477073438465595 -0.004999988712370396
v -0.009792080149054527 -0.005522926338016987 -0.004999988712370396
f 11857 11858 11859
v -0.030500972643494606 -0.008449998684227467 -0.004999988712370396
v -0.009792080149054527 -0.005522926338016987 -0.004999988712370396
v -0.009313911199569702 -0.008449998684227467 -0.004999988712370396
f 11860 11861 11862
v -0.009313911199569702 -0.008449998684227467 -0.004999988712370396
v -0.009792080149054527 -0.005522926338016987 -0.004999988712370396
v -0.00933830440044403 -0.006465201266109943 -0.004999988712370396
f 11863 11864 11865
v -0.009313911199569702 -0.008449998684227467 -0.004999988712370396
v -0.00933830440044403 -0.006465201266109943 -0.004999988712370396
v -0.008520626462996006 -0.007117276079952717 -0.004999988712370396
f 11866 11867 11868
v -0.005663696210831404 -0.0035347985103726387 -0.004999988712370396
v -0.005688061937689781 2.736447957119026e-09 -0.004999988712370396
v -0.005209919530898333 -0.004477073438465595 -0.004999988712370396
f 11869 11870 11871
v -0.005209919530898333 -0.004477073438465595 -0.004999988712370396
v -0.005688061937689781 2.736447957119026e-09 -0.004999988712370396
v 0.0005529608461074531 2.736447957119026e-09 -0.004999988712370396
f 11872 11873 11874
v -0.005209919530898333 -0.004477073438465595 -0.004999988712370396
v 0.0005529608461074531 2.736447957119026e-09 -0.004999988712370396
v -0.005209919530898333 -0.005522926338016987 -0.004999988712370396
f 11875 11876 11877
v -0.005209919530898333 -0.005522926338016987 -0.004999988712370396
v 0.0005529608461074531 2.736447957119026e-09 -0.004999988712370396
v 0.0005529608461074531 -0.008449998684227467 -0.004999988712370396
f 11878 11879 11880
v -0.005209919530898333 -0.005522926338016987 -0.004999988712370396
v 0.0005529608461074531 -0.008449998684227467 -0.004999988712370396
v -0.005663696210831404 -0.006465201266109943 -0.004999988712370396
f 11881 11882 11883
v -0.005663696210831404 -0.006465201266109943 -0.004999988712370396
v 0.0005529608461074531 -0.008449998684227467 -0.004999988712370396
v -0.005688061937689781 -0.008449998684227467 -0.004999988712370396
f 11884 11885 11886
v -0.005663696210831404 -0.006465201266109943 -0.004999988712370396
v -0.005688061937689781 -0.008449998684227467 -0.004999988712370396
v -0.006481373216956854 -0.007117276079952717 -0.004999988712370396
f 11887 11888 11889
v -0.006481373216956854 -0.007117276079952717 -0.004999988712370396
v -0.005688061937689781 -0.008449998684227467 -0.004999988712370396
v -0.007501000072807074 -0.0073500024154782295 -0.004999988712370396
f 11890 11891 11892
v -0.009313911199569702 2.736447957119026e-09 -0.004999988712370396
v -0.00933830440044403 0.0035347966477274895 -0.004999988712370396
v -0.008520626462996006 0.002882721833884716 -0.004999988712370396
f 11893 11894 11895
v -0.008520626462996006 0.002882721833884716 -0.004999988712370396
v -0.007501000072807074 0.0026500029489398003 -0.004999988712370396
v -0.009313911199569702 2.736447957119026e-09 -0.004999988712370396
f 11896 11897 11898
v -0.009313911199569702 2.736447957119026e-09 -0.004999988712370396
v -0.007501000072807074 0.0026500029489398003 -0.004999988712370396
v -0.005688061937689781 2.736447957119026e-09 -0.004999988712370396
f 11899 11900 11901
v -0.009313911199569702 2.736447957119026e-09 -0.004999988712370396
v -0.005688061937689781 2.736447957119026e-09 -0.004999988712370396
v -0.006481373216956854 -0.0028827236965298653 -0.004999988712370396
f 11902 11903 11904
v -0.006481373216956854 -0.0028827236965298653 -0.004999988712370396
v -0.005688061937689781 2.736447957119026e-09 -0.004999988712370396
v -0.005663696210831404 -0.0035347985103726387 -0.004999988712370396
f 11905 11906 11907
v -0.00933830440044403 0.0035347966477274895 -0.004999988712370396
v -0.009313911199569702 2.736447957119026e-09 -0.004999988712370396
v -0.009792080149054527 0.004477079026401043 -0.004999988712370396
f 11908 11909 11910
v -0.009792080149054527 0.004477079026401043 -0.004999988712370396
v -0.009313911199569702 2.736447957119026e-09 -0.004999988712370396
v -0.030500972643494606 2.736447957119026e-09 -0.004999988712370396
f 11911 11912 11913
v -0.009792080149054527 0.004477079026401043 -0.004999988712370396
v -0.030500972643494606 2.736447957119026e-09 -0.004999988712370396
v -0.009792080149054527 0.005522924475371838 -0.004999988712370396
f 11914 11915 11916
v -0.009792080149054527 0.005522924475371838 -0.004999988712370396
v -0.030500972643494606 2.736447957119026e-09 -0.004999988712370396
v -0.030500972643494606 0.008449996821582317 -0.004999988712370396
f 11917 11918 11919
v -0.009792080149054527 0.005522924475371838 -0.004999988712370396
v -0.030500972643494606 0.008449996821582317 -0.004999988712370396
v -0.00933830440044403 0.006465199403464794 -0.004999988712370396
f 11920 11921 11922
v -0.00933830440044403 0.006465199403464794 -0.004999988712370396
v -0.030500972643494606 0.008449996821582317 -0.004999988712370396
v -0.009313911199569702 0.008449996821582317 -0.004999988712370396
f 11923 11924 11925
v -0.00933830440044403 0.006465199403464794 -0.004999988712370396
v -0.009313911199569702 0.008449996821582317 -0.004999988712370396
v -0.008520626462996006 0.007117274217307568 -0.004999988712370396
f 11926 11927 11928
v -0.005688061937689781 0.008449996821582317 -0.004999988712370396
v -0.006481373216956854 0.007117274217307568 -0.004999988712370396
v -0.009313911199569702 0.008449996821582317 -0.004999988712370396
f 11929 11930 11931
v -0.009313911199569702 0.008449996821582317 -0.004999988712370396
v -0.006481373216956854 0.007117274217307568 -0.004999988712370396
v -0.007501000072807074 0.00735000055283308 -0.004999988712370396
f 11932 11933 11934
v -0.009313911199569702 0.008449996821582317 -0.004999988712370396
v -0.007501000072807074 0.00735000055283308 -0.004999988712370396
v -0.008520626462996006 0.007117274217307568 -0.004999988712370396
f 11935 11936 11937
v -0.007501000072807074 0.0026500029489398003 -0.004999988712370396
v -0.006481373216956854 0.002882721833884716 -0.004999988712370396
v -0.005688061937689781 2.736447957119026e-09 -0.004999988712370396
f 11938 11939 11940
v -0.005688061937689781 2.736447957119026e-09 -0.004999988712370396
v -0.006481373216956854 0.002882721833884716 -0.004999988712370396
v -0.005663696210831404 0.0035347966477274895 -0.004999988712370396
f 11941 11942 11943
v -0.005688061937689781 2.736447957119026e-09 -0.004999988712370396
v -0.005663696210831404 0.0035347966477274895 -0.004999988712370396
v 0.0005529608461074531 2.736447957119026e-09 -0.004999988712370396
f 11944 11945 11946
v 0.0005529608461074531 2.736447957119026e-09 -0.004999988712370396
v -0.005663696210831404 0.0035347966477274895 -0.004999988712370396
v -0.005209919530898333 0.004477079026401043 -0.004999988712370396
f 11947 11948 11949
v 0.0005529608461074531 2.736447957119026e-09 -0.004999988712370396
v -0.005209919530898333 0.004477079026401043 -0.004999988712370396
v 0.0005529608461074531 0.008449996821582317 -0.004999988712370396
f 11950 11951 11952
v 0.0005529608461074531 0.008449996821582317 -0.004999988712370396
v -0.005209919530898333 0.004477079026401043 -0.004999988712370396
v -0.005209919530898333 0.005522924475371838 -0.004999988712370396
f 11953 11954 11955
v 0.0005529608461074531 0.008449996821582317 -0.004999988712370396
v -0.005209919530898333 0.005522924475371838 -0.004999988712370396
v -0.005688061937689781 0.008449996821582317 -0.004999988712370396
f 11956 11957 11958
v -0.005688061937689781 0.008449996821582317 -0.004999988712370396
v -0.005209919530898333 0.005522924475371838 -0.004999988712370396
v -0.005663696210831404 0.006465199403464794 -0.004999988712370396
f 11959 11960 11961
v -0.005688061937689781 0.008449996821582317 -0.004999988712370396
v -0.005663696210831404 0.006465199403464794 -0.004999988712370396
v -0.006481373216956854 0.007117274217307568 -0.004999988712370396
f 11962 11963 11964
v -0.00858350470662117 -0.010175001807510853 -0.004999988712370396
v -0.008750973269343376 -0.010800001211464405 -0.004999988712370396
v -0.009313911199569702 -0.008449998684227467 -0.004999988712370396
f 11965 11966 11967
v -0.009313911199569702 -0.008449998684227467 -0.004999988712370396
v -0.008750973269343376 -0.010800001211464405 -0.004999988712370396
v -0.009313911199569702 -0.014800001867115498 -0.004999988712370396
f 11968 11969 11970
v -0.009313911199569702 -0.008449998684227467 -0.004999988712370396
v -0.009313911199569702 -0.014800001867115498 -0.004999988712370396
v -0.030500972643494606 -0.008449998684227467 -0.004999988712370396
f 11971 11972 11973
v -0.030500972643494606 -0.008449998684227467 -0.004999988712370396
v -0.009313911199569702 -0.014800001867115498 -0.004999988712370396
v -0.027500972151756287 -0.014800001867115498 -0.004999988712370396
f 11974 11975 11976
v -0.030500972643494606 -0.008449998684227467 -0.004999988712370396
v -0.027500972151756287 -0.014800001867115498 -0.004999988712370396
v -0.030500972643494606 -0.011800003238022327 -0.004999988712370396
f 11977 11978 11979
v -0.030500972643494606 -0.011800003238022327 -0.004999988712370396
v -0.027500972151756287 -0.014800001867115498 -0.004999988712370396
v -0.028649022802710533 -0.014571641571819782 -0.004999988712370396
f 11980 11981 11982
v -0.030500972643494606 -0.011800003238022327 -0.004999988712370396
v -0.028649022802710533 -0.014571641571819782 -0.004999988712370396
v -0.03027261234819889 -0.012948048301041126 -0.004999988712370396
f 11983 11984 11985
v -0.03027261234819889 -0.012948048301041126 -0.004999988712370396
v -0.028649022802710533 -0.014571641571819782 -0.004999988712370396
v -0.029622294008731842 -0.013921317644417286 -0.004999988712370396
f 11986 11987 11988
v -0.008750973269343376 -0.010800001211464405 -0.004999988712370396
v -0.00858350470662117 -0.011425000615417957 -0.004999988712370396
v -0.009313911199569702 -0.014800001867115498 -0.004999988712370396
f 11989 11990 11991
v -0.009313911199569702 -0.014800001867115498 -0.004999988712370396
v -0.00858350470662117 -0.011425000615417957 -0.004999988712370396
v -0.00812597293406725 -0.011882533319294453 -0.004999988712370396
f 11992 11993 11994
v -0.009313911199569702 -0.014800001867115498 -0.004999988712370396
v -0.00812597293406725 -0.011882533319294453 -0.004999988712370396
v -0.005688061937689781 -0.014800001867115498 -0.004999988712370396
f 11995 11996 11997
v -0.00812597293406725 -0.011882533319294453 -0.004999988712370396
v -0.00750097306445241 -0.01205000001937151 -0.004999988712370396
v -0.005688061937689781 -0.014800001867115498 -0.004999988712370396
f 11998 11999 12000
v -0.005688061937689781 -0.014800001867115498 -0.004999988712370396
v -0.00750097306445241 -0.01205000001937151 -0.004999988712370396
v -0.00687597319483757 -0.011882533319294453 -0.004999988712370396
f 12001 12002 12003
v -0.005688061937689781 -0.014800001867115498 -0.004999988712370396
v -0.00687597319483757 -0.011882533319294453 -0.004999988712370396
v -0.0064184414222836494 -0.011425000615417957 -0.004999988712370396
f 12004 12005 12006
v -0.005688061937689781 -0.008449998684227467 -0.004999988712370396
v -0.006250972859561443 -0.010800001211464405 -0.004999988712370396
v -0.0064184414222836494 -0.010175001807510853 -0.004999988712370396
f 12007 12008 12009
v -0.0064184414222836494 -0.010175001807510853 -0.004999988712370396
v -0.00687597319483757 -0.009717469103634357 -0.004999988712370396
v -0.005688061937689781 -0.008449998684227467 -0.004999988712370396
f 12010 12011 12012
v -0.005688061937689781 -0.008449998684227467 -0.004999988712370396
v -0.00687597319483757 -0.009717469103634357 -0.004999988712370396
v -0.00750097306445241 -0.0095500024035573 -0.004999988712370396
f 12013 12014 12015
v -0.005688061937689781 -0.008449998684227467 -0.004999988712370396
v -0.00750097306445241 -0.0095500024035573 -0.004999988712370396
v -0.009313911199569702 -0.008449998684227467 -0.004999988712370396
f 12016 12017 12018
v -0.009313911199569702 -0.008449998684227467 -0.004999988712370396
v -0.00750097306445241 -0.0095500024035573 -0.004999988712370396
v -0.00812597293406725 -0.009717469103634357 -0.004999988712370396
f 12019 12020 12021
v -0.009313911199569702 -0.008449998684227467 -0.004999988712370396
v -0.00812597293406725 -0.009717469103634357 -0.004999988712370396
v -0.00858350470662117 -0.010175001807510853 -0.004999988712370396
f 12022 12023 12024
v -0.00687597319483757 0.009717467240989208 -0.004999988712370396
v -0.0064184414222836494 0.010174999944865704 -0.004999988712370396
v -0.005688061937689781 0.008449996821582317 -0.004999988712370396
f 12025 12026 12027
v -0.006250972859561443 0.010799999348819256 -0.004999988712370396
v -0.0064184414222836494 0.011424998752772808 -0.004999988712370396
v -0.005688061937689781 0.013425002805888653 -0.004999988712370396
f 12028 12029 12030
v -0.030500972643494606 0.011800001375377178 -0.004999988712370396
v -0.009313911199569702 0.013425002805888653 -0.004999988712370396
v -0.009313911199569702 0.008449996821582317 -0.004999988712370396
f 12031 12032 12033
v -0.009313911199569702 0.008449996821582317 -0.004999988712370396
v -0.009313911199569702 0.013425002805888653 -0.004999988712370396
v -0.00871963333338499 0.011078151874244213 -0.004999988712370396
f 12034 12035 12036
v -0.009313911199569702 0.008449996821582317 -0.004999988712370396
v -0.00871963333338499 0.011078151874244213 -0.004999988712370396
v -0.00871963333338499 0.010521846823394299 -0.004999988712370396
f 12037 12038 12039
v -0.00871963333338499 0.010521846823394299 -0.004999988712370396
v -0.008478262461721897 0.010020638816058636 -0.004999988712370396
v -0.009313911199569702 0.008449996821582317 -0.004999988712370396
f 12040 12041 12042
v -0.009313911199569702 0.008449996821582317 -0.004999988712370396
v -0.008478262461721897 0.010020638816058636 -0.004999988712370396
v -0.008043327368795872 0.00967379193753004 -0.004999988712370396
f 12043 12044 12045
v -0.009313911199569702 0.008449996821582317 -0.004999988712370396
v -0.008043327368795872 0.00967379193753004 -0.004999988712370396
v -0.005688061937689781 0.008449996821582317 -0.004999988712370396
f 12046 12047 12048
v -0.005688061937689781 0.008449996821582317 -0.004999988712370396
v -0.008043327368795872 0.00967379193753004 -0.004999988712370396
v -0.00750097306445241 0.009550000540912151 -0.004999988712370396
f 12049 12050 12051
v -0.005688061937689781 0.008449996821582317 -0.004999988712370396
v -0.00750097306445241 0.009550000540912151 -0.004999988712370396
v -0.00687597319483757 0.009717467240989208 -0.004999988712370396
f 12052 12053 12054
v -0.0064184414222836494 0.011424998752772808 -0.004999988712370396
v -0.00687597319483757 0.011882531456649303 -0.004999988712370396
v -0.005688061937689781 0.013425002805888653 -0.004999988712370396
f 12055 12056 12057
v -0.005688061937689781 0.013425002805888653 -0.004999988712370396
v -0.00687597319483757 0.011882531456649303 -0.004999988712370396
v -0.00750097306445241 0.01204999815672636 -0.004999988712370396
f 12058 12059 12060
v -0.005688061937689781 0.013425002805888653 -0.004999988712370396
v -0.00750097306445241 0.01204999815672636 -0.004999988712370396
v -0.009313911199569702 0.013425002805888653 -0.004999988712370396
f 12061 12062 12063
v -0.009313911199569702 0.013425002805888653 -0.004999988712370396
v -0.00750097306445241 0.01204999815672636 -0.004999988712370396
v -0.008043327368795872 0.011926214210689068 -0.004999988712370396
f 12064 12065 12066
v -0.009313911199569702 0.013425002805888653 -0.004999988712370396
v -0.008043327368795872 0.011926214210689068 -0.004999988712370396
v -0.008478262461721897 0.011579359881579876 -0.004999988712370396
f 12067 12068 12069
v -0.0064184414222836494 -0.011425000615417957 -0.004999988712370396
v -0.006250972859561443 -0.010800001211464405 -0.004999988712370396
v -0.005688061937689781 -0.014800001867115498 -0.004999988712370396
f 12070 12071 12072
v -0.005688061937689781 -0.014800001867115498 -0.004999988712370396
v -0.006250972859561443 -0.010800001211464405 -0.004999988712370396
v -0.005688061937689781 -0.008449998684227467 -0.004999988712370396
f 12073 12074 12075
v -0.005688061937689781 -0.014800001867115498 -0.004999988712370396
v -0.005688061937689781 -0.008449998684227467 -0.004999988712370396
v 0.0005529608461074531 -0.014800001867115498 -0.004999988712370396
f 12076 12077 12078
v 0.0005529608461074531 -0.014800001867115498 -0.004999988712370396
v -0.005688061937689781 -0.008449998684227467 -0.004999988712370396
v 0.0005529608461074531 -0.008449998684227467 -0.004999988712370396
f 12079 12080 12081
v 0.0005529608461074531 -0.014800001867115498 -0.004999988712370396
v 0.0005529608461074531 -0.008449998684227467 -0.004999988712370396
v 0.006249026861041784 -0.010800001211464405 -0.004999988712370396
f 12082 12083 12084
v 0.006249026861041784 -0.010800001211464405 -0.004999988712370396
v 0.0005529608461074531 -0.008449998684227467 -0.004999988712370396
v 0.00641649542376399 -0.010175001807510853 -0.004999988712370396
f 12085 12086 12087
v -0.0064184414222836494 0.010174999944865704 -0.004999988712370396
v -0.006250972859561443 0.010799999348819256 -0.004999988712370396
v -0.005688061937689781 0.008449996821582317 -0.004999988712370396
f 12088 12089 12090
v -0.005688061937689781 0.008449996821582317 -0.004999988712370396
v -0.006250972859561443 0.010799999348819256 -0.004999988712370396
v -0.005688061937689781 0.013425002805888653 -0.004999988712370396
f 12091 12092 12093
v -0.005688061937689781 0.008449996821582317 -0.004999988712370396
v -0.005688061937689781 0.013425002805888653 -0.004999988712370396
v 0.0005529608461074531 0.008449996821582317 -0.004999988712370396
f 12094 12095 12096
v 0.0005529608461074531 0.008449996821582317 -0.004999988712370396
v -0.005688061937689781 0.013425002805888653 -0.004999988712370396
v 0.0005529608461074531 0.013425002805888653 -0.004999988712370396
f 12097 12098 12099
v 0.0005529608461074531 0.008449996821582317 -0.004999988712370396
v 0.0005529608461074531 0.013425002805888653 -0.004999988712370396
v 0.00641649542376399 0.011424998752772808 -0.004999988712370396
f 12100 12101 12102
v 0.00641649542376399 0.011424998752772808 -0.004999988712370396
v 0.0005529608461074531 0.013425002805888653 -0.004999988712370396
v 0.006874027196317911 0.011882531456649303 -0.004999988712370396
f 12103 12104 12105
v -0.029622294008731842 0.013921323232352734 -0.004999988712370396
v -0.028649022802710533 0.014571639709174633 -0.004999988712370396
v -0.03027261234819889 0.012948053888976574 -0.004999988712370396
f 12106 12107 12108
v -0.03027261234819889 0.012948053888976574 -0.004999988712370396
v -0.028649022802710533 0.014571639709174633 -0.004999988712370396
v -0.027500972151756287 0.014800000004470348 -0.004999988712370396
f 12109 12110 12111
v -0.03027261234819889 0.012948053888976574 -0.004999988712370396
v -0.027500972151756287 0.014800000004470348 -0.004999988712370396
v -0.009313911199569702 0.013425002805888653 -0.004999988712370396
f 12112 12113 12114
v -0.009313911199569702 0.013425002805888653 -0.004999988712370396
v -0.027500972151756287 0.014800000004470348 -0.004999988712370396
v -0.009313911199569702 0.014800000004470348 -0.004999988712370396
f 12115 12116 12117
v -0.009313911199569702 0.013425002805888653 -0.004999988712370396
v -0.009313911199569702 0.014800000004470348 -0.004999988712370396
v -0.005688061937689781 0.013425002805888653 -0.004999988712370396
f 12118 12119 12120
v -0.005688061937689781 0.013425002805888653 -0.004999988712370396
v -0.009313911199569702 0.014800000004470348 -0.004999988712370396
v -0.005688061937689781 0.014800000004470348 -0.004999988712370396
f 12121 12122 12123
v -0.005688061937689781 0.013425002805888653 -0.004999988712370396
v -0.005688061937689781 0.014800000004470348 -0.004999988712370396
v 0.0005529608461074531 0.013425002805888653 -0.004999988712370396
f 12124 12125 12126
v 0.0005529608461074531 0.013425002805888653 -0.004999988712370396
v -0.005688061937689781 0.014800000004470348 -0.004999988712370396
v 0.0005529608461074531 0.014800000004470348 -0.004999988712370396
f 12127 12128 12129
v 0.0005529608461074531 0.013425002805888653 -0.004999988712370396
v 0.0005529608461074531 0.014800000004470348 -0.004999988712370396
v 0.0069989999756217 0.014800000004470348 -0.004999988712370396
f 12130 12131 12132
v -0.030500972643494606 -0.008449998684227467 -0.004999988712370396
v -0.030500972643494606 -0.011800003238022327 -0.004999988712370396
v -0.030500972643494606 -0.011800003238022327 6.356975390531261e-09
f 12133 12134 12135
v -0.030500972643494606 0.011800001375377178 6.356975390531261e-09
v -0.030500972643494606 0.011800001375377178 -0.004999988712370396
v -0.030500972643494606 0.008449996821582317 -0.004999988712370396
f 12136 12137 12138
v -0.030500972643494606 0.011800001375377178 6.356975390531261e-09
v -0.030500972643494606 0.008449996821582317 -0.004999988712370396
v -0.030500972643494606 -0.011800003238022327 6.356975390531261e-09
f 12139 12140 12141
v -0.030500972643494606 -0.011800003238022327 6.356975390531261e-09
v -0.030500972643494606 0.008449996821582317 -0.004999988712370396
v -0.030500972643494606 2.736447957119026e-09 -0.004999988712370396
f 12142 12143 12144
v -0.030500972643494606 -0.011800003238022327 6.356975390531261e-09
v -0.030500972643494606 2.736447957119026e-09 -0.004999988712370396
v -0.030500972643494606 -0.008449998684227467 -0.004999988712370396
f 12145 12146 12147
v -0.017775999382138252 -0.0014289440587162971 0.004000014625489712
v -0.01644432358443737 -0.002156672067940235 0.004000014625489712
v -0.017172057181596756 -0.0008250000537373126 0.004000014625489712
f 12148 12149 12150
v -0.017172057181596756 -0.0008250000537373126 0.004000014625489712
v -0.01644432358443737 -0.002156672067940235 0.004000014625489712
v -0.015783166512846947 -0.0011671828106045723 0.004000014625489712
f 12151 12152 12153
v -0.017172057181596756 -0.0008250000537373126 0.004000014625489712
v -0.015783166512846947 -0.0011671828106045723 0.004000014625489712
v -0.016951000317931175 2.736447957119026e-09 0.004000014625489712
f 12154 12155 12156
v -0.016951000317931175 2.736447957119026e-09 0.004000014625489712
v -0.015783166512846947 -0.0011671828106045723 0.004000014625489712
v -0.015550999902188778 2.736447957119026e-09 0.004000014625489712
f 12157 12158 12159
v -0.016951000317931175 2.736447957119026e-09 0.004000014625489712
v -0.015550999902188778 2.736447957119026e-09 0.004000014625489712
v -0.017172057181596756 0.0008249980746768415 0.004000014625489712
f 12160 12161 12162
v -0.015550999902188778 2.736447957119026e-09 0.004000014625489712
v -0.015783166512846947 0.001167180947959423 0.004000014625489712
v -0.017172057181596756 0.0008249980746768415 0.004000014625489712
f 12163 12164 12165
v -0.017172057181596756 0.0008249980746768415 0.004000014625489712
v -0.015783166512846947 0.001167180947959423 0.004000014625489712
v -0.01644432358443737 0.002156677655875683 0.004000014625489712
f 12166 12167 12168
v -0.017172057181596756 0.0008249980746768415 0.004000014625489712
v -0.01644432358443737 0.002156677655875683 0.004000014625489712
v -0.017775999382138252 0.001428942196071148 0.004000014625489712
f 12169 12170 12171
v -0.017775999382138252 0.001428942196071148 0.004000014625489712
v -0.01644432358443737 0.002156677655875683 0.004000014625489712
v -0.017433814704418182 0.0028178347274661064 0.004000014625489712
f 12172 12173 12174
v -0.017775999382138252 0.001428942196071148 0.004000014625489712
v -0.017433814704418182 0.0028178347274661064 0.004000014625489712
v -0.01860100030899048 0.001650000922381878 0.004000014625489712
f 12175 12176 12177
v -0.01860100030899048 0.001650000922381878 0.004000014625489712
v -0.017433814704418182 0.0028178347274661064 0.004000014625489712
v -0.01860100030899048 0.00305000226944685 0.004000014625489712
f 12178 12179 12180
v -0.01860100030899048 0.001650000922381878 0.004000014625489712
v -0.01860100030899048 0.00305000226944685 0.004000014625489712
v -0.019316907972097397 0.0014866022393107414 0.004000014625489712
f 12181 12182 12183
v -0.019316907972097397 0.0014866022393107414 0.004000014625489712
v -0.01860100030899048 0.00305000226944685 0.004000014625489712
v -0.019768184050917625 0.0028178347274661064 0.004000014625489712
f 12184 12185 12186
v -0.019316907972097397 0.0014866022393107414 0.004000014625489712
v -0.019768184050917625 0.0028178347274661064 0.004000014625489712
v -0.01989102177321911 0.0010287566110491753 0.004000014625489712
f 12187 12188 12189
v -0.01989102177321911 0.0010287566110491753 0.004000014625489712
v -0.019768184050917625 0.0028178347274661064 0.004000014625489712
v -0.020757675170898438 0.002156677655875683 0.004000014625489712
f 12190 12191 12192
v -0.01989102177321911 0.0010287566110491753 0.004000014625489712
v -0.020757675170898438 0.002156677655875683 0.004000014625489712
v -0.020209630951285362 0.00036715989699587226 0.004000014625489712
f 12193 12194 12195
v -0.020757675170898438 0.002156677655875683 0.004000014625489712
v -0.02141883224248886 0.001167180947959423 0.004000014625489712
v -0.020209630951285362 0.00036715989699587226 0.004000014625489712
f 12196 12197 12198
v -0.020209630951285362 0.00036715989699587226 0.004000014625489712
v -0.02141883224248886 0.001167180947959423 0.004000014625489712
v -0.021650999784469604 2.736447957119026e-09 0.004000014625489712
f 12199 12200 12201
v -0.020209630951285362 0.00036715989699587226 0.004000014625489712
v -0.021650999784469604 2.736447957119026e-09 0.004000014625489712
v -0.020209630951285362 -0.0003671618760563433 0.004000014625489712
f 12202 12203 12204
v -0.020209630951285362 -0.0003671618760563433 0.004000014625489712
v -0.021650999784469604 2.736447957119026e-09 0.004000014625489712
v -0.02141883224248886 -0.0011671828106045723 0.004000014625489712
f 12205 12206 12207
v -0.020209630951285362 -0.0003671618760563433 0.004000014625489712
v -0.02141883224248886 -0.0011671828106045723 0.004000014625489712
v -0.01989102177321911 -0.0010287584736943245 0.004000014625489712
f 12208 12209 12210
v -0.01989102177321911 -0.0010287584736943245 0.004000014625489712
v -0.02141883224248886 -0.0011671828106045723 0.004000014625489712
v -0.020757675170898438 -0.002156672067940235 0.004000014625489712
f 12211 12212 12213
v -0.01989102177321911 -0.0010287584736943245 0.004000014625489712
v -0.020757675170898438 -0.002156672067940235 0.004000014625489712
v -0.019316907972097397 -0.0014865966513752937 0.004000014625489712
f 12214 12215 12216
v -0.019316907972097397 -0.0014865966513752937 0.004000014625489712
v -0.020757675170898438 -0.002156672067940235 0.004000014625489712
v -0.019768184050917625 -0.0028178291395306587 0.004000014625489712
f 12217 12218 12219
v -0.019316907972097397 -0.0014865966513752937 0.004000014625489712
v -0.019768184050917625 -0.0028178291395306587 0.004000014625489712
v -0.01860100030899048 -0.0016500027850270271 0.004000014625489712
f 12220 12221 12222
v -0.01860100030899048 -0.0016500027850270271 0.004000014625489712
v -0.019768184050917625 -0.0028178291395306587 0.004000014625489712
v -0.01860100030899048 -0.003049996681511402 0.004000014625489712
f 12223 12224 12225
v -0.01860100030899048 -0.0016500027850270271 0.004000014625489712
v -0.01860100030899048 -0.003049996681511402 0.004000014625489712
v -0.017775999382138252 -0.0014289440587162971 0.004000014625489712
f 12226 12227 12228
v -0.017775999382138252 -0.0014289440587162971 0.004000014625489712
v -0.01860100030899048 -0.003049996681511402 0.004000014625489712
v -0.017433814704418182 -0.0028178291395306587 0.004000014625489712
f 12229 12230 12231
v -0.017775999382138252 -0.0014289440587162971 0.004000014625489712
v -0.017433814704418182 -0.0028178291395306587 0.004000014625489712
v -0.01644432358443737 -0.002156672067940235 0.004000014625489712
f 12232 12233 12234
v -0.016951000317931175 2.736447957119026e-09 6.356975390531261e-09
v -0.017172057181596756 0.0008249980746768415 6.356975390531261e-09
v -0.017775999382138252 0.001428942196071148 6.356975390531261e-09
f 12235 12236 12237
v -0.020209630951285362 0.00036715989699587226 6.356975390531261e-09
v -0.020209630951285362 -0.0003671618760563433 6.356975390531261e-09
v -0.017775999382138252 0.001428942196071148 6.356975390531261e-09
f 12238 12239 12240
v -0.01860100030899048 -0.0016500027850270271 6.356975390531261e-09
v -0.017775999382138252 -0.0014289440587162971 6.356975390531261e-09
v -0.017172057181596756 -0.0008250000537373126 6.356975390531261e-09
f 12241 12242 12243
v -0.017172057181596756 -0.0008250000537373126 6.356975390531261e-09
v -0.016951000317931175 2.736447957119026e-09 6.356975390531261e-09
v -0.01860100030899048 -0.0016500027850270271 6.356975390531261e-09
f 12244 12245 12246
v -0.01860100030899048 -0.0016500027850270271 6.356975390531261e-09
v -0.016951000317931175 2.736447957119026e-09 6.356975390531261e-09
v -0.017775999382138252 0.001428942196071148 6.356975390531261e-09
f 12247 12248 12249
v -0.01860100030899048 -0.0016500027850270271 6.356975390531261e-09
v -0.017775999382138252 0.001428942196071148 6.356975390531261e-09
v -0.019316907972097397 -0.0014865966513752937 6.356975390531261e-09
f 12250 12251 12252
v -0.019316907972097397 -0.0014865966513752937 6.356975390531261e-09
v -0.017775999382138252 0.001428942196071148 6.356975390531261e-09
v -0.020209630951285362 -0.0003671618760563433 6.356975390531261e-09
f 12253 12254 12255
v -0.019316907972097397 -0.0014865966513752937 6.356975390531261e-09
v -0.020209630951285362 -0.0003671618760563433 6.356975390531261e-09
v -0.01989102177321911 -0.0010287584736943245 6.356975390531261e-09
f 12256 12257 12258
v -0.01860100030899048 0.001650000922381878 6.356975390531261e-09
v -0.019316907972097397 0.0014866022393107414 6.356975390531261e-09
v -0.017775999382138252 0.001428942196071148 6.356975390531261e-09
f 12259 12260 12261
v -0.017775999382138252 0.001428942196071148 6.356975390531261e-09
v -0.019316907972097397 0.0014866022393107414 6.356975390531261e-09
v -0.01989102177321911 0.0010287566110491753 6.356975390531261e-09
f 12262 12263 12264
v -0.017775999382138252 0.001428942196071148 6.356975390531261e-09
v -0.01989102177321911 0.0010287566110491753 6.356975390531261e-09
v -0.020209630951285362 0.00036715989699587226 6.356975390531261e-09
f 12265 12266 12267
v -0.019768184050917625 0.0028178347274661064 0.00500000175088644
v -0.021246032789349556 0.003640579991042614 0.00500000175088644
v -0.020757675170898438 0.002156677655875683 0.00500000175088644
f 12268 12269 12270
v -0.020757675170898438 0.002156677655875683 0.00500000175088644
v -0.021246032789349556 0.003640579991042614 0.00500000175088644
v -0.02224157564342022 0.002645033411681652 0.00500000175088644
f 12271 12272 12273
v -0.020757675170898438 0.002156677655875683 0.00500000175088644
v -0.02224157564342022 0.002645033411681652 0.00500000175088644
v -0.02141883224248886 0.001167180947959423 0.00500000175088644
f 12274 12275 12276
v -0.02141883224248886 0.001167180947959423 0.00500000175088644
v -0.02224157564342022 0.002645033411681652 0.00500000175088644
v -0.022880753502249718 0.0013905791565775871 0.00500000175088644
f 12277 12278 12279
v -0.02141883224248886 0.001167180947959423 0.00500000175088644
v -0.022880753502249718 0.0013905791565775871 0.00500000175088644
v -0.021650999784469604 2.736447957119026e-09 0.00500000175088644
f 12280 12281 12282
v -0.021650999784469604 2.736447957119026e-09 0.00500000175088644
v -0.022880753502249718 0.0013905791565775871 0.00500000175088644
v -0.023101000115275383 2.736447957119026e-09 0.00500000175088644
f 12283 12284 12285
v -0.021650999784469604 2.736447957119026e-09 0.00500000175088644
v -0.023101000115275383 2.736447957119026e-09 0.00500000175088644
v -0.02141883224248886 -0.0011671828106045723 0.00500000175088644
f 12286 12287 12288
v -0.015783166512846947 0.001167180947959423 0.00500000175088644
v -0.014960423111915588 0.002645033411681652 0.00500000175088644
v -0.01644432358443737 0.002156677655875683 0.00500000175088644
f 12289 12290 12291
v -0.01644432358443737 0.002156677655875683 0.00500000175088644
v -0.014960423111915588 0.002645033411681652 0.00500000175088644
v -0.015955965965986252 0.003640579991042614 0.00500000175088644
f 12292 12293 12294
v -0.01644432358443737 0.002156677655875683 0.00500000175088644
v -0.015955965965986252 0.003640579991042614 0.00500000175088644
v -0.017433814704418182 0.0028178347274661064 0.00500000175088644
f 12295 12296 12297
v -0.017433814704418182 0.0028178347274661064 0.00500000175088644
v -0.015955965965986252 0.003640579991042614 0.00500000175088644
v -0.017210423946380615 0.004279757849872112 0.00500000175088644
f 12298 12299 12300
v -0.017433814704418182 0.0028178347274661064 0.00500000175088644
v -0.017210423946380615 0.004279757849872112 0.00500000175088644
v -0.01860100030899048 0.00305000226944685 0.00500000175088644
f 12301 12302 12303
v -0.01860100030899048 0.00305000226944685 0.00500000175088644
v -0.017210423946380615 0.004279757849872112 0.00500000175088644
v -0.01860100030899048 0.004499997012317181 0.00500000175088644
f 12304 12305 12306
v -0.01860100030899048 0.00305000226944685 0.00500000175088644
v -0.01860100030899048 0.004499997012317181 0.00500000175088644
v -0.019768184050917625 0.0028178347274661064 0.00500000175088644
f 12307 12308 12309
v -0.019768184050917625 0.0028178347274661064 0.00500000175088644
v -0.01860100030899048 0.004499997012317181 0.00500000175088644
v -0.019991576671600342 0.004279757849872112 0.00500000175088644
f 12310 12311 12312
v -0.019768184050917625 0.0028178347274661064 0.00500000175088644
v -0.019991576671600342 0.004279757849872112 0.00500000175088644
v -0.021246032789349556 0.003640579991042614 0.00500000175088644
f 12313 12314 12315
v -0.017433814704418182 -0.0028178291395306587 0.00500000175088644
v -0.015955965965986252 -0.0036405744031071663 0.00500000175088644
v -0.01644432358443737 -0.002156672067940235 0.00500000175088644
f 12316 12317 12318
v -0.01644432358443737 -0.002156672067940235 0.00500000175088644
v -0.015955965965986252 -0.0036405744031071663 0.00500000175088644
v -0.014960423111915588 -0.0026450352743268013 0.00500000175088644
f 12319 12320 12321
v -0.01644432358443737 -0.002156672067940235 0.00500000175088644
v -0.014960423111915588 -0.0026450352743268013 0.00500000175088644
v -0.015783166512846947 -0.0011671828106045723 0.00500000175088644
f 12322 12323 12324
v -0.015783166512846947 -0.0011671828106045723 0.00500000175088644
v -0.014960423111915588 -0.0026450352743268013 0.00500000175088644
v -0.01432124525308609 -0.0013905735686421394 0.00500000175088644
f 12325 12326 12327
v -0.015783166512846947 -0.0011671828106045723 0.00500000175088644
v -0.01432124525308609 -0.0013905735686421394 0.00500000175088644
v -0.015550999902188778 2.736447957119026e-09 0.00500000175088644
f 12328 12329 12330
v -0.015550999902188778 2.736447957119026e-09 0.00500000175088644
v -0.01432124525308609 -0.0013905735686421394 0.00500000175088644
v -0.014100999571383 2.736447957119026e-09 0.00500000175088644
f 12331 12332 12333
v -0.015550999902188778 2.736447957119026e-09 0.00500000175088644
v -0.014100999571383 2.736447957119026e-09 0.00500000175088644
v -0.015783166512846947 0.001167180947959423 0.00500000175088644
f 12334 12335 12336
v -0.015783166512846947 0.001167180947959423 0.00500000175088644
v -0.014100999571383 2.736447957119026e-09 0.00500000175088644
v -0.01432124525308609 0.0013905791565775871 0.00500000175088644
f 12337 12338 12339
v -0.015783166512846947 0.001167180947959423 0.00500000175088644
v -0.01432124525308609 0.0013905791565775871 0.00500000175088644
v -0.014960423111915588 0.002645033411681652 0.00500000175088644
f 12340 12341 12342
v -0.023101000115275383 2.736447957119026e-09 0.00500000175088644
v -0.022880753502249718 -0.0013905735686421394 0.00500000175088644
v -0.02141883224248886 -0.0011671828106045723 0.00500000175088644
f 12343 12344 12345
v -0.02141883224248886 -0.0011671828106045723 0.00500000175088644
v -0.022880753502249718 -0.0013905735686421394 0.00500000175088644
v -0.02224157564342022 -0.0026450352743268013 0.00500000175088644
f 12346 12347 12348
v -0.02141883224248886 -0.0011671828106045723 0.00500000175088644
v -0.02224157564342022 -0.0026450352743268013 0.00500000175088644
v -0.020757675170898438 -0.002156672067940235 0.00500000175088644
f 12349 12350 12351
v -0.020757675170898438 -0.002156672067940235 0.00500000175088644
v -0.02224157564342022 -0.0026450352743268013 0.00500000175088644
v -0.021246032789349556 -0.0036405744031071663 0.00500000175088644
f 12352 12353 12354
v -0.020757675170898438 -0.002156672067940235 0.00500000175088644
v -0.021246032789349556 -0.0036405744031071663 0.00500000175088644
v -0.019768184050917625 -0.0028178291395306587 0.00500000175088644
f 12355 12356 12357
v -0.019768184050917625 -0.0028178291395306587 0.00500000175088644
v -0.021246032789349556 -0.0036405744031071663 0.00500000175088644
v -0.019991576671600342 -0.004279752261936665 0.00500000175088644
f 12358 12359 12360
v -0.019768184050917625 -0.0028178291395306587 0.00500000175088644
v -0.019991576671600342 -0.004279752261936665 0.00500000175088644
v -0.01860100030899048 -0.003049996681511402 0.00500000175088644
f 12361 12362 12363
v -0.01860100030899048 -0.003049996681511402 0.00500000175088644
v -0.019991576671600342 -0.004279752261936665 0.00500000175088644
v -0.01860100030899048 -0.00449999887496233 0.00500000175088644
f 12364 12365 12366
v -0.01860100030899048 -0.003049996681511402 0.00500000175088644
v -0.01860100030899048 -0.00449999887496233 0.00500000175088644
v -0.017433814704418182 -0.0028178291395306587 0.00500000175088644
f 12367 12368 12369
v -0.017433814704418182 -0.0028178291395306587 0.00500000175088644
v -0.01860100030899048 -0.00449999887496233 0.00500000175088644
v -0.017210423946380615 -0.004279752261936665 0.00500000175088644
f 12370 12371 12372
v -0.017433814704418182 -0.0028178291395306587 0.00500000175088644
v -0.017210423946380615 -0.004279752261936665 0.00500000175088644
v -0.015955965965986252 -0.0036405744031071663 0.00500000175088644
f 12373 12374 12375
v 0.007499000057578087 0.0026500029489398003 -0.0030000146944075823
v 0.007499000057578087 0.0026500029489398003 -0.004999988712370396
v 0.006479373201727867 0.002882721833884716 -0.0030000146944075823
f 12376 12377 12378
v 0.006479373201727867 0.002882721833884716 -0.0030000146944075823
v 0.007499000057578087 0.0026500029489398003 -0.004999988712370396
v 0.006479373201727867 0.002882721833884716 -0.004999988712370396
f 12379 12380 12381
v 0.006479373201727867 0.002882721833884716 -0.0030000146944075823
v 0.006479373201727867 0.002882721833884716 -0.004999988712370396
v 0.005661696195602417 0.0035347966477274895 -0.0030000146944075823
f 12382 12383 12384
v 0.005661696195602417 0.0035347966477274895 -0.0030000146944075823
v 0.006479373201727867 0.002882721833884716 -0.004999988712370396
v 0.005661696195602417 0.0035347966477274895 -0.004999988712370396
f 12385 12386 12387
v 0.005661696195602417 0.0035347966477274895 -0.0030000146944075823
v 0.005661696195602417 0.0035347966477274895 -0.004999988712370396
v 0.005207919515669346 0.004477079026401043 -0.0030000146944075823
f 12388 12389 12390
v 0.005207919515669346 0.004477079026401043 -0.0030000146944075823
v 0.005661696195602417 0.0035347966477274895 -0.004999988712370396
v 0.005207919515669346 0.004477079026401043 -0.004999988712370396
f 12391 12392 12393
v 0.005207919515669346 0.004477079026401043 -0.0030000146944075823
v 0.005207919515669346 0.004477079026401043 -0.004999988712370396
v 0.005207919515669346 0.005522924475371838 -0.0030000146944075823
f 12394 12395 12396
v 0.005207919515669346 0.005522924475371838 -0.0030000146944075823
v 0.005207919515669346 0.004477079026401043 -0.004999988712370396
v 0.005207919515669346 0.005522924475371838 -0.004999988712370396
f 12397 12398 12399
v 0.005207919515669346 0.005522924475371838 -0.0030000146944075823
v 0.005207919515669346 0.005522924475371838 -0.004999988712370396
v 0.005661696195602417 0.006465199403464794 -0.0030000146944075823
f 12400 12401 12402
v 0.005661696195602417 0.006465199403464794 -0.0030000146944075823
v 0.005207919515669346 0.005522924475371838 -0.004999988712370396
v 0.005661696195602417 0.006465199403464794 -0.004999988712370396
f 12403 12404 12405
v 0.005661696195602417 0.006465199403464794 -0.0030000146944075823
v 0.005661696195602417 0.006465199403464794 -0.004999988712370396
v 0.006479373201727867 0.007117274217307568 -0.0030000146944075823
f 12406 12407 12408
v 0.006479373201727867 0.007117274217307568 -0.0030000146944075823
v 0.005661696195602417 0.006465199403464794 -0.004999988712370396
v 0.006479373201727867 0.007117274217307568 -0.004999988712370396
f 12409 12410 12411
v 0.006479373201727867 0.007117274217307568 -0.0030000146944075823
v 0.006479373201727867 0.007117274217307568 -0.004999988712370396
v 0.007499000057578087 0.00735000055283308 -0.0030000146944075823
f 12412 12413 12414
v 0.007499000057578087 0.00735000055283308 -0.0030000146944075823
v 0.006479373201727867 0.007117274217307568 -0.004999988712370396
v 0.007499000057578087 0.00735000055283308 -0.004999988712370396
f 12415 12416 12417
v 0.007499000057578087 -0.0073500024154782295 -0.0030000146944075823
v 0.007499000057578087 -0.0073500024154782295 -0.004999988712370396
v 0.006479373201727867 -0.007117276079952717 -0.0030000146944075823
f 12418 12419 12420
v 0.006479373201727867 -0.007117276079952717 -0.0030000146944075823
v 0.007499000057578087 -0.0073500024154782295 -0.004999988712370396
v 0.006479373201727867 -0.007117276079952717 -0.004999988712370396
f 12421 12422 12423
v 0.006479373201727867 -0.007117276079952717 -0.0030000146944075823
v 0.006479373201727867 -0.007117276079952717 -0.004999988712370396
v 0.005661696195602417 -0.006465201266109943 -0.0030000146944075823
f 12424 12425 12426
v 0.005661696195602417 -0.006465201266109943 -0.0030000146944075823
v 0.006479373201727867 -0.007117276079952717 -0.004999988712370396
v 0.005661696195602417 -0.006465201266109943 -0.004999988712370396
f 12427 12428 12429
v 0.005661696195602417 -0.006465201266109943 -0.0030000146944075823
v 0.005661696195602417 -0.006465201266109943 -0.004999988712370396
v 0.005207919515669346 -0.005522926338016987 -0.0030000146944075823
f 12430 12431 12432
v 0.005207919515669346 -0.005522926338016987 -0.0030000146944075823
v 0.005661696195602417 -0.006465201266109943 -0.004999988712370396
v 0.005207919515669346 -0.005522926338016987 -0.004999988712370396
f 12433 12434 12435
v 0.005207919515669346 -0.005522926338016987 -0.0030000146944075823
v 0.005207919515669346 -0.005522926338016987 -0.004999988712370396
v 0.005207919515669346 -0.004477073438465595 -0.0030000146944075823
f 12436 12437 12438
v 0.005207919515669346 -0.004477073438465595 -0.0030000146944075823
v 0.005207919515669346 -0.005522926338016987 -0.004999988712370396
v 0.005207919515669346 -0.004477073438465595 -0.004999988712370396
f 12439 12440 12441
v 0.005207919515669346 -0.004477073438465595 -0.0030000146944075823
v 0.005207919515669346 -0.004477073438465595 -0.004999988712370396
v 0.005661696195602417 -0.0035347985103726387 -0.0030000146944075823
f 12442 12443 12444
v 0.005661696195602417 -0.0035347985103726387 -0.0030000146944075823
v 0.005207919515669346 -0.004477073438465595 -0.004999988712370396
v 0.005661696195602417 -0.0035347985103726387 -0.004999988712370396
f 12445 12446 12447
v 0.005661696195602417 -0.0035347985103726387 -0.0030000146944075823
v 0.005661696195602417 -0.0035347985103726387 -0.004999988712370396
v 0.006479373201727867 -0.0028827236965298653 -0.0030000146944075823
f 12448 12449 12450
v 0.006479373201727867 -0.0028827236965298653 -0.0030000146944075823
v 0.005661696195602417 -0.0035347985103726387 -0.004999988712370396
v 0.006479373201727867 -0.0028827236965298653 -0.004999988712370396
f 12451 12452 12453
v 0.006479373201727867 -0.0028827236965298653 -0.0030000146944075823
v 0.006479373201727867 -0.0028827236965298653 -0.004999988712370396
v 0.007499000057578087 -0.0026499973610043526 -0.0030000146944075823
f 12454 12455 12456
v 0.007499000057578087 -0.0026499973610043526 -0.0030000146944075823
v 0.006479373201727867 -0.0028827236965298653 -0.004999988712370396
v 0.007499000057578087 -0.0026499973610043526 -0.004999988712370396
f 12457 12458 12459
v 0.006649000104516745 0.0035277558490633965 6.356975390531261e-09
v 0.006026756949722767 0.004149998538196087 6.356975390531261e-09
v 0.006013419944792986 2.736447957119026e-09 6.356975390531261e-09
f 12460 12461 12462
v 0.009770638309419155 -0.012948048301041126 6.356975390531261e-09
v 0.008984606713056564 -0.013424997217953205 6.356975390531261e-09
v 0.009120319969952106 -0.013921317644417286 6.356975390531261e-09
f 12463 12464 12465
v 0.00999900046736002 -0.011800003238022327 6.356975390531261e-09
v 0.00999900046736002 -0.008124996908009052 6.356975390531261e-09
v 0.008984606713056564 -0.008124996908009052 6.356975390531261e-09
f 12466 12467 12468
v 0.008581559173762798 0.010174999944865704 6.356975390531261e-09
v 0.008984606713056564 0.0081250024959445 6.356975390531261e-09
v 0.00874902680516243 0.010799999348819256 6.356975390531261e-09
f 12469 12470 12471
v 0.00874902680516243 0.010799999348819256 6.356975390531261e-09
v 0.008984606713056564 0.0081250024959445 6.356975390531261e-09
v 0.009120319969952106 0.013921323232352734 6.356975390531261e-09
f 12472 12473 12474
v 0.00641649542376399 0.010174999944865704 6.356975390531261e-09
v 0.006249026861041784 0.010799999348819256 6.356975390531261e-09
v 0.006013419944792986 0.0081250024959445 6.356975390531261e-09
f 12475 12476 12477
v 0.008581559173762798 0.010174999944865704 6.356975390531261e-09
v 0.008124027401208878 0.009717467240989208 6.356975390531261e-09
v 0.008984606713056564 0.0081250024959445 6.356975390531261e-09
f 12478 12479 12480
v 0.008984606713056564 0.0081250024959445 6.356975390531261e-09
v 0.008124027401208878 0.009717467240989208 6.356975390531261e-09
v 0.007499027065932751 0.009550000540912151 6.356975390531261e-09
f 12481 12482 12483
v 0.008984606713056564 0.0081250024959445 6.356975390531261e-09
v 0.007499027065932751 0.009550000540912151 6.356975390531261e-09
v 0.006013419944792986 0.0081250024959445 6.356975390531261e-09
f 12484 12485 12486
v 0.006013419944792986 0.0081250024959445 6.356975390531261e-09
v 0.007499027065932751 0.009550000540912151 6.356975390531261e-09
v 0.006874027196317911 0.009717467240989208 6.356975390531261e-09
f 12487 12488 12489
v 0.006013419944792986 0.0081250024959445 6.356975390531261e-09
v 0.006874027196317911 0.009717467240989208 6.356975390531261e-09
v 0.00641649542376399 0.010174999944865704 6.356975390531261e-09
f 12490 12491 12492
v 0.006249026861041784 0.010799999348819256 6.356975390531261e-09
v 0.00641649542376399 0.011424998752772808 6.356975390531261e-09
v 0.006013419944792986 0.014800000004470348 6.356975390531261e-09
f 12493 12494 12495
v 0.006013419944792986 0.014800000004470348 6.356975390531261e-09
v 0.00641649542376399 0.011424998752772808 6.356975390531261e-09
v 0.006874027196317911 0.011882531456649303 6.356975390531261e-09
f 12496 12497 12498
v 0.006013419944792986 0.014800000004470348 6.356975390531261e-09
v 0.006874027196317911 0.011882531456649303 6.356975390531261e-09
v 0.0069989999756217 0.014800000004470348 6.356975390531261e-09
f 12499 12500 12501
v 0.0069989999756217 0.014800000004470348 6.356975390531261e-09
v 0.006874027196317911 0.011882531456649303 6.356975390531261e-09
v 0.007499027065932751 0.01204999815672636 6.356975390531261e-09
f 12502 12503 12504
v 0.0069989999756217 0.014800000004470348 6.356975390531261e-09
v 0.007499027065932751 0.01204999815672636 6.356975390531261e-09
v 0.008147050626575947 0.014571639709174633 6.356975390531261e-09
f 12505 12506 12507
v 0.008147050626575947 0.014571639709174633 6.356975390531261e-09
v 0.007499027065932751 0.01204999815672636 6.356975390531261e-09
v 0.008124027401208878 0.011882531456649303 6.356975390531261e-09
f 12508 12509 12510
v 0.008147050626575947 0.014571639709174633 6.356975390531261e-09
v 0.008124027401208878 0.011882531456649303 6.356975390531261e-09
v 0.009120319969952106 0.013921323232352734 6.356975390531261e-09
f 12511 12512 12513
v 0.009120319969952106 0.013921323232352734 6.356975390531261e-09
v 0.008124027401208878 0.011882531456649303 6.356975390531261e-09
v 0.008581559173762798 0.011424998752772808 6.356975390531261e-09
f 12514 12515 12516
v 0.009120319969952106 0.013921323232352734 6.356975390531261e-09
v 0.008581559173762798 0.011424998752772808 6.356975390531261e-09
v 0.00874902680516243 0.010799999348819256 6.356975390531261e-09
f 12517 12518 12519
v 0.009120319969952106 -0.013921317644417286 6.356975390531261e-09
v 0.008984606713056564 -0.013424997217953205 6.356975390531261e-09
v 0.008147050626575947 -0.014571641571819782 6.356975390531261e-09
f 12520 12521 12522
v 0.008147050626575947 -0.014571641571819782 6.356975390531261e-09
v 0.008984606713056564 -0.013424997217953205 6.356975390531261e-09
v 0.006013419944792986 -0.013424997217953205 6.356975390531261e-09
f 12523 12524 12525
v 0.008147050626575947 -0.014571641571819782 6.356975390531261e-09
v 0.006013419944792986 -0.013424997217953205 6.356975390531261e-09
v 0.0069989999756217 -0.014800001867115498 6.356975390531261e-09
f 12526 12527 12528
v 0.008348999544978142 -0.0035277577117085457 6.356975390531261e-09
v 0.008984606713056564 2.736447957119026e-09 6.356975390531261e-09
v 0.007499000057578087 -0.003300000913441181 6.356975390531261e-09
f 12529 12530 12531
v 0.007499000057578087 -0.003300000913441181 6.356975390531261e-09
v 0.008984606713056564 2.736447957119026e-09 6.356975390531261e-09
v 0.006013419944792986 2.736447957119026e-09 6.356975390531261e-09
f 12532 12533 12534
v 0.007499000057578087 -0.003300000913441181 6.356975390531261e-09
v 0.006013419944792986 2.736447957119026e-09 6.356975390531261e-09
v 0.006649000104516745 -0.0035277577117085457 6.356975390531261e-09
f 12535 12536 12537
v 0.006026756949722767 -0.004150000400841236 6.356975390531261e-09
v -1.0000012480304576e-06 2.736447957119026e-09 6.356975390531261e-09
v 0.005799000151455402 -0.004999999888241291 6.356975390531261e-09
f 12538 12539 12540
v 0.005799000151455402 -0.004999999888241291 6.356975390531261e-09
v -1.0000012480304576e-06 2.736447957119026e-09 6.356975390531261e-09
v -1.0000012480304576e-06 -0.008124996908009052 6.356975390531261e-09
f 12541 12542 12543
v 0.005799000151455402 -0.004999999888241291 6.356975390531261e-09
v -1.0000012480304576e-06 -0.008124996908009052 6.356975390531261e-09
v 0.006026756949722767 -0.005849999375641346 6.356975390531261e-09
f 12544 12545 12546
v 0.006026756949722767 -0.005849999375641346 6.356975390531261e-09
v -1.0000012480304576e-06 -0.008124996908009052 6.356975390531261e-09
v 0.006013419944792986 -0.008124996908009052 6.356975390531261e-09
f 12547 12548 12549
v 0.006026756949722767 -0.005849999375641346 6.356975390531261e-09
v 0.006013419944792986 -0.008124996908009052 6.356975390531261e-09
v 0.006649000104516745 -0.006472242064774036 6.356975390531261e-09
f 12550 12551 12552
v 0.008971243165433407 -0.004150000400841236 6.356975390531261e-09
v 0.009198999963700771 -0.004999999888241291 6.356975390531261e-09
v 0.00999900046736002 2.736447957119026e-09 6.356975390531261e-09
f 12553 12554 12555
v 0.00999900046736002 2.736447957119026e-09 6.356975390531261e-09
v 0.009198999963700771 -0.004999999888241291 6.356975390531261e-09
v 0.00999900046736002 -0.008124996908009052 6.356975390531261e-09
f 12556 12557 12558
v 0.00999900046736002 -0.008124996908009052 6.356975390531261e-09
v 0.009198999963700771 -0.004999999888241291 6.356975390531261e-09
v 0.008971243165433407 -0.005849999375641346 6.356975390531261e-09
f 12559 12560 12561
v 0.00999900046736002 -0.008124996908009052 6.356975390531261e-09
v 0.008971243165433407 -0.005849999375641346 6.356975390531261e-09
v 0.008984606713056564 -0.008124996908009052 6.356975390531261e-09
f 12562 12563 12564
v 0.008984606713056564 -0.008124996908009052 6.356975390531261e-09
v 0.008971243165433407 -0.005849999375641346 6.356975390531261e-09
v 0.008348999544978142 -0.006472242064774036 6.356975390531261e-09
f 12565 12566 12567
v 0.008984606713056564 -0.008124996908009052 6.356975390531261e-09
v 0.008348999544978142 -0.006472242064774036 6.356975390531261e-09
v 0.006013419944792986 -0.008124996908009052 6.356975390531261e-09
f 12568 12569 12570
v 0.006013419944792986 -0.008124996908009052 6.356975390531261e-09
v 0.008348999544978142 -0.006472242064774036 6.356975390531261e-09
v 0.007499000057578087 -0.006699998863041401 6.356975390531261e-09
f 12571 12572 12573
v 0.006013419944792986 -0.008124996908009052 6.356975390531261e-09
v 0.007499000057578087 -0.006699998863041401 6.356975390531261e-09
v 0.006649000104516745 -0.006472242064774036 6.356975390531261e-09
f 12574 12575 12576
v -0.006028756964951754 -0.005849999375641346 6.356975390531261e-09
v -0.006651000119745731 -0.006472242064774036 6.356975390531261e-09
v -1.0000012480304576e-06 -0.008124996908009052 6.356975390531261e-09
f 12577 12578 12579
v -1.0000012480304576e-06 -0.008124996908009052 6.356975390531261e-09
v -0.006651000119745731 -0.006472242064774036 6.356975390531261e-09
v -0.008986580185592175 -0.008124996908009052 6.356975390531261e-09
f 12580 12581 12582
v -0.008986580185592175 -0.008124996908009052 6.356975390531261e-09
v -0.006651000119745731 -0.006472242064774036 6.356975390531261e-09
v -0.007501000072807074 -0.006699998863041401 6.356975390531261e-09
f 12583 12584 12585
v -0.008986580185592175 -0.008124996908009052 6.356975390531261e-09
v -0.007501000072807074 -0.006699998863041401 6.356975390531261e-09
v -0.008351000025868416 -0.006472242064774036 6.356975390531261e-09
f 12586 12587 12588
v -0.007501000072807074 -0.003300000913441181 6.356975390531261e-09
v -0.006651000119745731 -0.0035277577117085457 6.356975390531261e-09
v -1.0000012480304576e-06 2.736447957119026e-09 6.356975390531261e-09
f 12589 12590 12591
v -1.0000012480304576e-06 2.736447957119026e-09 6.356975390531261e-09
v -0.006651000119745731 -0.0035277577117085457 6.356975390531261e-09
v -0.006028756964951754 -0.004150000400841236 6.356975390531261e-09
f 12592 12593 12594
v -1.0000012480304576e-06 2.736447957119026e-09 6.356975390531261e-09
v -0.006028756964951754 -0.004150000400841236 6.356975390531261e-09
v -1.0000012480304576e-06 -0.008124996908009052 6.356975390531261e-09
f 12595 12596 12597
v -1.0000012480304576e-06 -0.008124996908009052 6.356975390531261e-09
v -0.006028756964951754 -0.004150000400841236 6.356975390531261e-09
v -0.005801000166684389 -0.004999999888241291 6.356975390531261e-09
f 12598 12599 12600
v -1.0000012480304576e-06 -0.008124996908009052 6.356975390531261e-09
v -0.005801000166684389 -0.004999999888241291 6.356975390531261e-09
v -0.006028756964951754 -0.005849999375641346 6.356975390531261e-09
f 12601 12602 12603
v -0.008973243646323681 -0.005849999375641346 6.356975390531261e-09
v -0.009201000444591045 -0.004999999888241291 6.356975390531261e-09
v -0.010100999847054482 -0.008124996908009052 6.356975390531261e-09
f 12604 12605 12606
v -0.010100999847054482 -0.008124996908009052 6.356975390531261e-09
v -0.009201000444591045 -0.004999999888241291 6.356975390531261e-09
v -0.010100999847054482 2.736447957119026e-09 6.356975390531261e-09
f 12607 12608 12609
v -0.010100999847054482 2.736447957119026e-09 6.356975390531261e-09
v -0.009201000444591045 -0.004999999888241291 6.356975390531261e-09
v -0.008973243646323681 -0.004150000400841236 6.356975390531261e-09
f 12610 12611 12612
v -0.010100999847054482 2.736447957119026e-09 6.356975390531261e-09
v -0.008973243646323681 -0.004150000400841236 6.356975390531261e-09
v -0.008986580185592175 2.736447957119026e-09 6.356975390531261e-09
f 12613 12614 12615
v -0.008986580185592175 2.736447957119026e-09 6.356975390531261e-09
v -0.008973243646323681 -0.004150000400841236 6.356975390531261e-09
v -0.008351000025868416 -0.0035277577117085457 6.356975390531261e-09
f 12616 12617 12618
v -0.008986580185592175 2.736447957119026e-09 6.356975390531261e-09
v -0.008351000025868416 -0.0035277577117085457 6.356975390531261e-09
v -0.007501000072807074 -0.003300000913441181 6.356975390531261e-09
f 12619 12620 12621
v -0.007501000072807074 -0.003300000913441181 6.356975390531261e-09
v -1.0000012480304576e-06 2.736447957119026e-09 6.356975390531261e-09
v -0.008986580185592175 2.736447957119026e-09 6.356975390531261e-09
f 12622 12623 12624
v -0.008986580185592175 2.736447957119026e-09 6.356975390531261e-09
v -1.0000012480304576e-06 2.736447957119026e-09 6.356975390531261e-09
v -0.006651000119745731 0.0035277558490633965 6.356975390531261e-09
f 12625 12626 12627
v -0.008986580185592175 2.736447957119026e-09 6.356975390531261e-09
v -0.006651000119745731 0.0035277558490633965 6.356975390531261e-09
v -0.007501000072807074 0.003299999050796032 6.356975390531261e-09
f 12628 12629 12630
v -0.006651000119745731 0.006472240202128887 6.356975390531261e-09
v -1.0000012480304576e-06 0.0081250024959445 6.356975390531261e-09
v -0.007501000072807074 0.006699997000396252 6.356975390531261e-09
f 12631 12632 12633
v -0.007501000072807074 0.006699997000396252 6.356975390531261e-09
v -1.0000012480304576e-06 0.0081250024959445 6.356975390531261e-09
v -0.008986580185592175 0.0081250024959445 6.356975390531261e-09
f 12634 12635 12636
v -0.007501000072807074 0.006699997000396252 6.356975390531261e-09
v -0.008986580185592175 0.0081250024959445 6.356975390531261e-09
v -0.008351000025868416 0.006472240202128887 6.356975390531261e-09
f 12637 12638 12639
v -0.008351000025868416 0.006472240202128887 6.356975390531261e-09
v -0.008986580185592175 0.0081250024959445 6.356975390531261e-09
v -0.008973243646323681 0.005849997512996197 6.356975390531261e-09
f 12640 12641 12642
v -0.006651000119745731 0.006472240202128887 6.356975390531261e-09
v -0.006028756964951754 0.005849997512996197 6.356975390531261e-09
v -1.0000012480304576e-06 0.0081250024959445 6.356975390531261e-09
f 12643 12644 12645
v -1.0000012480304576e-06 0.0081250024959445 6.356975390531261e-09
v -0.006028756964951754 0.005849997512996197 6.356975390531261e-09
v -0.005801000166684389 0.004999998025596142 6.356975390531261e-09
f 12646 12647 12648
v -1.0000012480304576e-06 0.0081250024959445 6.356975390531261e-09
v -0.005801000166684389 0.004999998025596142 6.356975390531261e-09
v -1.0000012480304576e-06 2.736447957119026e-09 6.356975390531261e-09
f 12649 12650 12651
v -1.0000012480304576e-06 2.736447957119026e-09 6.356975390531261e-09
v -0.005801000166684389 0.004999998025596142 6.356975390531261e-09
v -0.006028756964951754 0.004149998538196087 6.356975390531261e-09
f 12652 12653 12654
v -1.0000012480304576e-06 2.736447957119026e-09 6.356975390531261e-09
v -0.006028756964951754 0.004149998538196087 6.356975390531261e-09
v -0.006651000119745731 0.0035277558490633965 6.356975390531261e-09
f 12655 12656 12657
v -0.007501000072807074 0.003299999050796032 6.356975390531261e-09
v -0.008351000025868416 0.0035277558490633965 6.356975390531261e-09
v -0.008986580185592175 2.736447957119026e-09 6.356975390531261e-09
f 12658 12659 12660
v -0.008986580185592175 2.736447957119026e-09 6.356975390531261e-09
v -0.008351000025868416 0.0035277558490633965 6.356975390531261e-09
v -0.008973243646323681 0.004149998538196087 6.356975390531261e-09
f 12661 12662 12663
v -0.008986580185592175 2.736447957119026e-09 6.356975390531261e-09
v -0.008973243646323681 0.004149998538196087 6.356975390531261e-09
v -0.010100999847054482 2.736447957119026e-09 6.356975390531261e-09
f 12664 12665 12666
v -0.010100999847054482 2.736447957119026e-09 6.356975390531261e-09
v -0.008973243646323681 0.004149998538196087 6.356975390531261e-09
v -0.009201000444591045 0.004999998025596142 6.356975390531261e-09
f 12667 12668 12669
v -0.010100999847054482 2.736447957119026e-09 6.356975390531261e-09
v -0.009201000444591045 0.004999998025596142 6.356975390531261e-09
v -0.010100999847054482 0.0081250024959445 6.356975390531261e-09
f 12670 12671 12672
v 0.006013419944792986 0.0081250024959445 6.356975390531261e-09
v 0.006649000104516745 0.006472240202128887 6.356975390531261e-09
v 0.007499000057578087 0.006699997000396252 6.356975390531261e-09
f 12673 12674 12675
v 0.006013419944792986 0.0081250024959445 6.356975390531261e-09
v 0.007499000057578087 0.006699997000396252 6.356975390531261e-09
v 0.008984606713056564 0.0081250024959445 6.356975390531261e-09
f 12676 12677 12678
v 0.008984606713056564 0.0081250024959445 6.356975390531261e-09
v 0.007499000057578087 0.006699997000396252 6.356975390531261e-09
v 0.008236601948738098 0.006531643681228161 6.356975390531261e-09
f 12679 12680 12681
v 0.008984606713056564 0.0081250024959445 6.356975390531261e-09
v 0.008236601948738098 0.006531643681228161 6.356975390531261e-09
v 0.008828113786876202 0.0060599325224757195 6.356975390531261e-09
f 12682 12683 12684
v 0.006649000104516745 0.006472240202128887 6.356975390531261e-09
v 0.006013419944792986 0.0081250024959445 6.356975390531261e-09
v 0.006026756949722767 0.005849997512996197 6.356975390531261e-09
f 12685 12686 12687
v 0.006026756949722767 0.005849997512996197 6.356975390531261e-09
v 0.006013419944792986 0.0081250024959445 6.356975390531261e-09
v -1.0000012480304576e-06 0.0081250024959445 6.356975390531261e-09
f 12688 12689 12690
v 0.006026756949722767 0.005849997512996197 6.356975390531261e-09
v -1.0000012480304576e-06 0.0081250024959445 6.356975390531261e-09
v 0.005799000151455402 0.004999998025596142 6.356975390531261e-09
f 12691 12692 12693
v 0.005799000151455402 0.004999998025596142 6.356975390531261e-09
v -1.0000012480304576e-06 0.0081250024959445 6.356975390531261e-09
v 0.006026756949722767 0.004149998538196087 6.356975390531261e-09
f 12694 12695 12696
v 0.006026756949722767 0.004149998538196087 6.356975390531261e-09
v -1.0000012480304576e-06 0.0081250024959445 6.356975390531261e-09
v -1.0000012480304576e-06 2.736447957119026e-09 6.356975390531261e-09
f 12697 12698 12699
v 0.006026756949722767 0.004149998538196087 6.356975390531261e-09
v -1.0000012480304576e-06 2.736447957119026e-09 6.356975390531261e-09
v 0.006013419944792986 2.736447957119026e-09 6.356975390531261e-09
f 12700 12701 12702
v 0.006013419944792986 2.736447957119026e-09 6.356975390531261e-09
v -1.0000012480304576e-06 2.736447957119026e-09 6.356975390531261e-09
v 0.006026756949722767 -0.004150000400841236 6.356975390531261e-09
f 12703 12704 12705
v 0.006013419944792986 2.736447957119026e-09 6.356975390531261e-09
v 0.006026756949722767 -0.004150000400841236 6.356975390531261e-09
v 0.006649000104516745 -0.0035277577117085457 6.356975390531261e-09
f 12706 12707 12708
v 0.00915637705475092 0.004621717147529125 6.356975390531261e-09
v 0.008828113786876202 0.003940070979297161 6.356975390531261e-09
v 0.008984606713056564 2.736447957119026e-09 6.356975390531261e-09
f 12709 12710 12711
v 0.008984606713056564 2.736447957119026e-09 6.356975390531261e-09
v 0.008828113786876202 0.003940070979297161 6.356975390531261e-09
v 0.008236601948738098 0.0034683523699641228 6.356975390531261e-09
f 12712 12713 12714
v 0.008984606713056564 2.736447957119026e-09 6.356975390531261e-09
v 0.008236601948738098 0.0034683523699641228 6.356975390531261e-09
v 0.006013419944792986 2.736447957119026e-09 6.356975390531261e-09
f 12715 12716 12717
v 0.006013419944792986 2.736447957119026e-09 6.356975390531261e-09
v 0.008236601948738098 0.0034683523699641228 6.356975390531261e-09
v 0.007499000057578087 0.003299999050796032 6.356975390531261e-09
f 12718 12719 12720
v 0.006013419944792986 2.736447957119026e-09 6.356975390531261e-09
v 0.007499000057578087 0.003299999050796032 6.356975390531261e-09
v 0.006649000104516745 0.0035277558490633965 6.356975390531261e-09
f 12721 12722 12723
v 0.009770638309419155 0.012948053888976574 6.356975390531261e-09
v 0.009120319969952106 0.013921323232352734 6.356975390531261e-09
v 0.00999900046736002 0.011800001375377178 6.356975390531261e-09
f 12724 12725 12726
v 0.00999900046736002 0.011800001375377178 6.356975390531261e-09
v 0.009120319969952106 0.013921323232352734 6.356975390531261e-09
v 0.008984606713056564 0.0081250024959445 6.356975390531261e-09
f 12727 12728 12729
v 0.00999900046736002 0.011800001375377178 6.356975390531261e-09
v 0.008984606713056564 0.0081250024959445 6.356975390531261e-09
v 0.00999900046736002 0.0081250024959445 6.356975390531261e-09
f 12730 12731 12732
v 0.00999900046736002 0.0081250024959445 6.356975390531261e-09
v 0.008984606713056564 0.0081250024959445 6.356975390531261e-09
v 0.008828113786876202 0.0060599325224757195 6.356975390531261e-09
f 12733 12734 12735
v 0.008828113786876202 0.0060599325224757195 6.356975390531261e-09
v 0.00915637705475092 0.005378286354243755 6.356975390531261e-09
v 0.00999900046736002 0.0081250024959445 6.356975390531261e-09
f 12736 12737 12738
v 0.00999900046736002 0.0081250024959445 6.356975390531261e-09
v 0.00915637705475092 0.005378286354243755 6.356975390531261e-09
v 0.00915637705475092 0.004621717147529125 6.356975390531261e-09
f 12739 12740 12741
v 0.00999900046736002 0.0081250024959445 6.356975390531261e-09
v 0.00915637705475092 0.004621717147529125 6.356975390531261e-09
v 0.00999900046736002 2.736447957119026e-09 6.356975390531261e-09
f 12742 12743 12744
v 0.00999900046736002 2.736447957119026e-09 6.356975390531261e-09
v 0.00915637705475092 0.004621717147529125 6.356975390531261e-09
v 0.008984606713056564 2.736447957119026e-09 6.356975390531261e-09
f 12745 12746 12747
v 0.00999900046736002 2.736447957119026e-09 6.356975390531261e-09
v 0.008984606713056564 2.736447957119026e-09 6.356975390531261e-09
v 0.008971243165433407 -0.004150000400841236 6.356975390531261e-09
f 12748 12749 12750
v 0.008971243165433407 -0.004150000400841236 6.356975390531261e-09
v 0.008984606713056564 2.736447957119026e-09 6.356975390531261e-09
v 0.008348999544978142 -0.0035277577117085457 6.356975390531261e-09
f 12751 12752 12753
v -0.00687597319483757 0.011882531456649303 6.356975390531261e-09
v -0.0064184414222836494 0.011424998752772808 6.356975390531261e-09
v -1.0000012480304576e-06 0.014800000004470348 6.356975390531261e-09
f 12754 12755 12756
v 0.006249026861041784 0.010799999348819256 6.356975390531261e-09
v 0.006013419944792986 0.014800000004470348 6.356975390531261e-09
v 0.006013419944792986 0.0081250024959445 6.356975390531261e-09
f 12757 12758 12759
v 0.006013419944792986 0.0081250024959445 6.356975390531261e-09
v 0.006013419944792986 0.014800000004470348 6.356975390531261e-09
v -1.0000012480304576e-06 0.014800000004470348 6.356975390531261e-09
f 12760 12761 12762
v 0.006013419944792986 0.0081250024959445 6.356975390531261e-09
v -1.0000012480304576e-06 0.014800000004470348 6.356975390531261e-09
v -1.0000012480304576e-06 0.0081250024959445 6.356975390531261e-09
f 12763 12764 12765
v -1.0000012480304576e-06 0.0081250024959445 6.356975390531261e-09
v -1.0000012480304576e-06 0.014800000004470348 6.356975390531261e-09
v -0.0064184414222836494 0.011424998752772808 6.356975390531261e-09
f 12766 12767 12768
v -1.0000012480304576e-06 0.0081250024959445 6.356975390531261e-09
v -0.0064184414222836494 0.011424998752772808 6.356975390531261e-09
v -0.006250972859561443 0.010799999348819256 6.356975390531261e-09
f 12769 12770 12771
v -0.00687597319483757 0.011882531456649303 6.356975390531261e-09
v -1.0000012480304576e-06 0.014800000004470348 6.356975390531261e-09
v -0.00750097306445241 0.01204999815672636 6.356975390531261e-09
f 12772 12773 12774
v -0.00750097306445241 0.01204999815672636 6.356975390531261e-09
v -1.0000012480304576e-06 0.014800000004470348 6.356975390531261e-09
v -0.008986580185592175 0.014800000004470348 6.356975390531261e-09
f 12775 12776 12777
v -0.00750097306445241 0.01204999815672636 6.356975390531261e-09
v -0.008986580185592175 0.014800000004470348 6.356975390531261e-09
v -0.008043327368795872 0.011926214210689068 6.356975390531261e-09
f 12778 12779 12780
v -0.008043327368795872 0.00967379193753004 6.356975390531261e-09
v -0.008478262461721897 0.010020638816058636 6.356975390531261e-09
v -0.008986580185592175 0.0081250024959445 6.356975390531261e-09
f 12781 12782 12783
v -0.006250972859561443 0.010799999348819256 6.356975390531261e-09
v -0.0064184414222836494 0.010174999944865704 6.356975390531261e-09
v -1.0000012480304576e-06 0.0081250024959445 6.356975390531261e-09
f 12784 12785 12786
v -1.0000012480304576e-06 0.0081250024959445 6.356975390531261e-09
v -0.0064184414222836494 0.010174999944865704 6.356975390531261e-09
v -0.00687597319483757 0.009717467240989208 6.356975390531261e-09
f 12787 12788 12789
v -1.0000012480304576e-06 0.0081250024959445 6.356975390531261e-09
v -0.00687597319483757 0.009717467240989208 6.356975390531261e-09
v -0.008986580185592175 0.0081250024959445 6.356975390531261e-09
f 12790 12791 12792
v -0.008986580185592175 0.0081250024959445 6.356975390531261e-09
v -0.00687597319483757 0.009717467240989208 6.356975390531261e-09
v -0.00750097306445241 0.009550000540912151 6.356975390531261e-09
f 12793 12794 12795
v -0.008986580185592175 0.0081250024959445 6.356975390531261e-09
v -0.00750097306445241 0.009550000540912151 6.356975390531261e-09
v -0.008043327368795872 0.00967379193753004 6.356975390531261e-09
f 12796 12797 12798
v -0.008478262461721897 0.010020638816058636 6.356975390531261e-09
v -0.00871963333338499 0.010521846823394299 6.356975390531261e-09
v -0.008986580185592175 0.0081250024959445 6.356975390531261e-09
f 12799 12800 12801
v -0.008986580185592175 0.0081250024959445 6.356975390531261e-09
v -0.00871963333338499 0.010521846823394299 6.356975390531261e-09
v -0.00871963333338499 0.011078151874244213 6.356975390531261e-09
f 12802 12803 12804
v -0.008986580185592175 0.0081250024959445 6.356975390531261e-09
v -0.00871963333338499 0.011078151874244213 6.356975390531261e-09
v -0.008986580185592175 0.014800000004470348 6.356975390531261e-09
f 12805 12806 12807
v -0.008986580185592175 0.014800000004470348 6.356975390531261e-09
v -0.00871963333338499 0.011078151874244213 6.356975390531261e-09
v -0.008478262461721897 0.011579359881579876 6.356975390531261e-09
f 12808 12809 12810
v -0.008986580185592175 0.014800000004470348 6.356975390531261e-09
v -0.008478262461721897 0.011579359881579876 6.356975390531261e-09
v -0.008043327368795872 0.011926214210689068 6.356975390531261e-09
f 12811 12812 12813
v -0.008986580185592175 0.014800000004470348 6.356975390531261e-09
v -0.010100999847054482 0.014800000004470348 6.356975390531261e-09
v -0.008986580185592175 0.0081250024959445 6.356975390531261e-09
f 12814 12815 12816
v -0.008986580185592175 0.0081250024959445 6.356975390531261e-09
v -0.010100999847054482 0.014800000004470348 6.356975390531261e-09
v -0.010100999847054482 0.0081250024959445 6.356975390531261e-09
f 12817 12818 12819
v -0.008986580185592175 0.0081250024959445 6.356975390531261e-09
v -0.010100999847054482 0.0081250024959445 6.356975390531261e-09
v -0.008973243646323681 0.005849997512996197 6.356975390531261e-09
f 12820 12821 12822
v -0.008973243646323681 0.005849997512996197 6.356975390531261e-09
v -0.010100999847054482 0.0081250024959445 6.356975390531261e-09
v -0.009201000444591045 0.004999998025596142 6.356975390531261e-09
f 12823 12824 12825
v 0.008984606713056564 -0.013424997217953205 6.356975390531261e-09
v 0.00874902680516243 -0.010800001211464405 6.356975390531261e-09
v 0.008581559173762798 -0.011425000615417957 6.356975390531261e-09
f 12826 12827 12828
v 0.00641649542376399 -0.011425000615417957 6.356975390531261e-09
v 0.006249026861041784 -0.010800001211464405 6.356975390531261e-09
v 0.006013419944792986 -0.013424997217953205 6.356975390531261e-09
f 12829 12830 12831
v 0.008124027401208878 -0.009717469103634357 6.356975390531261e-09
v 0.008581559173762798 -0.010175001807510853 6.356975390531261e-09
v 0.008984606713056564 -0.008124996908009052 6.356975390531261e-09
f 12832 12833 12834
v 0.006249026861041784 -0.010800001211464405 6.356975390531261e-09
v 0.00641649542376399 -0.010175001807510853 6.356975390531261e-09
v 0.006013419944792986 -0.008124996908009052 6.356975390531261e-09
f 12835 12836 12837
v 0.006013419944792986 -0.008124996908009052 6.356975390531261e-09
v 0.00641649542376399 -0.010175001807510853 6.356975390531261e-09
v 0.006874027196317911 -0.009717469103634357 6.356975390531261e-09
f 12838 12839 12840
v 0.006013419944792986 -0.008124996908009052 6.356975390531261e-09
v 0.006874027196317911 -0.009717469103634357 6.356975390531261e-09
v 0.008984606713056564 -0.008124996908009052 6.356975390531261e-09
f 12841 12842 12843
v 0.008984606713056564 -0.008124996908009052 6.356975390531261e-09
v 0.006874027196317911 -0.009717469103634357 6.356975390531261e-09
v 0.007499027065932751 -0.0095500024035573 6.356975390531261e-09
f 12844 12845 12846
v 0.008984606713056564 -0.008124996908009052 6.356975390531261e-09
v 0.007499027065932751 -0.0095500024035573 6.356975390531261e-09
v 0.008124027401208878 -0.009717469103634357 6.356975390531261e-09
f 12847 12848 12849
v 0.009770638309419155 -0.012948048301041126 6.356975390531261e-09
v 0.00999900046736002 -0.011800003238022327 6.356975390531261e-09
v 0.008984606713056564 -0.013424997217953205 6.356975390531261e-09
f 12850 12851 12852
v 0.008984606713056564 -0.013424997217953205 6.356975390531261e-09
v 0.00999900046736002 -0.011800003238022327 6.356975390531261e-09
v 0.008984606713056564 -0.008124996908009052 6.356975390531261e-09
f 12853 12854 12855
v 0.008984606713056564 -0.013424997217953205 6.356975390531261e-09
v 0.008984606713056564 -0.008124996908009052 6.356975390531261e-09
v 0.00874902680516243 -0.010800001211464405 6.356975390531261e-09
f 12856 12857 12858
v 0.00874902680516243 -0.010800001211464405 6.356975390531261e-09
v 0.008984606713056564 -0.008124996908009052 6.356975390531261e-09
v 0.008581559173762798 -0.010175001807510853 6.356975390531261e-09
f 12859 12860 12861
v 0.008581559173762798 -0.011425000615417957 6.356975390531261e-09
v 0.008124027401208878 -0.011882533319294453 6.356975390531261e-09
v 0.008984606713056564 -0.013424997217953205 6.356975390531261e-09
f 12862 12863 12864
v 0.008984606713056564 -0.013424997217953205 6.356975390531261e-09
v 0.008124027401208878 -0.011882533319294453 6.356975390531261e-09
v 0.007499027065932751 -0.01205000001937151 6.356975390531261e-09
f 12865 12866 12867
v 0.008984606713056564 -0.013424997217953205 6.356975390531261e-09
v 0.007499027065932751 -0.01205000001937151 6.356975390531261e-09
v 0.006013419944792986 -0.013424997217953205 6.356975390531261e-09
f 12868 12869 12870
v 0.006013419944792986 -0.013424997217953205 6.356975390531261e-09
v 0.007499027065932751 -0.01205000001937151 6.356975390531261e-09
v 0.006874027196317911 -0.011882533319294453 6.356975390531261e-09
f 12871 12872 12873
v 0.006013419944792986 -0.013424997217953205 6.356975390531261e-09
v 0.006874027196317911 -0.011882533319294453 6.356975390531261e-09
v 0.00641649542376399 -0.011425000615417957 6.356975390531261e-09
f 12874 12875 12876
v -0.00812597293406725 -0.009717469103634357 6.356975390531261e-09
v -0.00750097306445241 -0.0095500024035573 6.356975390531261e-09
v -0.008986580185592175 -0.008124996908009052 6.356975390531261e-09
f 12877 12878 12879
v 0.006249026861041784 -0.010800001211464405 6.356975390531261e-09
v 0.006013419944792986 -0.008124996908009052 6.356975390531261e-09
v 0.006013419944792986 -0.013424997217953205 6.356975390531261e-09
f 12880 12881 12882
v 0.006013419944792986 -0.013424997217953205 6.356975390531261e-09
v 0.006013419944792986 -0.008124996908009052 6.356975390531261e-09
v -1.0000012480304576e-06 -0.008124996908009052 6.356975390531261e-09
f 12883 12884 12885
v 0.006013419944792986 -0.013424997217953205 6.356975390531261e-09
v -1.0000012480304576e-06 -0.008124996908009052 6.356975390531261e-09
v -1.0000012480304576e-06 -0.013424997217953205 6.356975390531261e-09
f 12886 12887 12888
v -1.0000012480304576e-06 -0.013424997217953205 6.356975390531261e-09
v -1.0000012480304576e-06 -0.008124996908009052 6.356975390531261e-09
v -0.0064184414222836494 -0.010175001807510853 6.356975390531261e-09
f 12889 12890 12891
v -1.0000012480304576e-06 -0.013424997217953205 6.356975390531261e-09
v -0.0064184414222836494 -0.010175001807510853 6.356975390531261e-09
v -0.006250972859561443 -0.010800001211464405 6.356975390531261e-09
f 12892 12893 12894
v -0.008986580185592175 -0.008124996908009052 6.356975390531261e-09
v -0.00750097306445241 -0.0095500024035573 6.356975390531261e-09
v -1.0000012480304576e-06 -0.008124996908009052 6.356975390531261e-09
f 12895 12896 12897
v -1.0000012480304576e-06 -0.008124996908009052 6.356975390531261e-09
v -0.00750097306445241 -0.0095500024035573 6.356975390531261e-09
v -0.00687597319483757 -0.009717469103634357 6.356975390531261e-09
f 12898 12899 12900
v -1.0000012480304576e-06 -0.008124996908009052 6.356975390531261e-09
v -0.00687597319483757 -0.009717469103634357 6.356975390531261e-09
v -0.0064184414222836494 -0.010175001807510853 6.356975390531261e-09
f 12901 12902 12903
v -0.00812597293406725 -0.011882533319294453 6.356975390531261e-09
v -0.00858350470662117 -0.011425000615417957 6.356975390531261e-09
v -0.008986580185592175 -0.013424997217953205 6.356975390531261e-09
f 12904 12905 12906
v -0.008986580185592175 -0.013424997217953205 6.356975390531261e-09
v -0.00858350470662117 -0.011425000615417957 6.356975390531261e-09
v -0.008750973269343376 -0.010800001211464405 6.356975390531261e-09
f 12907 12908 12909
v -0.008986580185592175 -0.013424997217953205 6.356975390531261e-09
v -0.008750973269343376 -0.010800001211464405 6.356975390531261e-09
v -0.008986580185592175 -0.008124996908009052 6.356975390531261e-09
f 12910 12911 12912
v -0.008986580185592175 -0.008124996908009052 6.356975390531261e-09
v -0.008750973269343376 -0.010800001211464405 6.356975390531261e-09
v -0.00858350470662117 -0.010175001807510853 6.356975390531261e-09
f 12913 12914 12915
v -0.008986580185592175 -0.008124996908009052 6.356975390531261e-09
v -0.00858350470662117 -0.010175001807510853 6.356975390531261e-09
v -0.00812597293406725 -0.009717469103634357 6.356975390531261e-09
f 12916 12917 12918
v -0.006250972859561443 -0.010800001211464405 6.356975390531261e-09
v -0.0064184414222836494 -0.011425000615417957 6.356975390531261e-09
v -1.0000012480304576e-06 -0.013424997217953205 6.356975390531261e-09
f 12919 12920 12921
v -1.0000012480304576e-06 -0.013424997217953205 6.356975390531261e-09
v -0.0064184414222836494 -0.011425000615417957 6.356975390531261e-09
v -0.00687597319483757 -0.011882533319294453 6.356975390531261e-09
f 12922 12923 12924
v -1.0000012480304576e-06 -0.013424997217953205 6.356975390531261e-09
v -0.00687597319483757 -0.011882533319294453 6.356975390531261e-09
v -0.008986580185592175 -0.013424997217953205 6.356975390531261e-09
f 12925 12926 12927
v -0.008986580185592175 -0.013424997217953205 6.356975390531261e-09
v -0.00687597319483757 -0.011882533319294453 6.356975390531261e-09
v -0.00750097306445241 -0.01205000001937151 6.356975390531261e-09
f 12928 12929 12930
v -0.008986580185592175 -0.013424997217953205 6.356975390531261e-09
v -0.00750097306445241 -0.01205000001937151 6.356975390531261e-09
v -0.00812597293406725 -0.011882533319294453 6.356975390531261e-09
f 12931 12932 12933
v -0.008351000025868416 -0.006472242064774036 6.356975390531261e-09
v -0.008973243646323681 -0.005849999375641346 6.356975390531261e-09
v -0.008986580185592175 -0.008124996908009052 6.356975390531261e-09
f 12934 12935 12936
v -0.008986580185592175 -0.008124996908009052 6.356975390531261e-09
v -0.008973243646323681 -0.005849999375641346 6.356975390531261e-09
v -0.010100999847054482 -0.008124996908009052 6.356975390531261e-09
f 12937 12938 12939
v -0.008986580185592175 -0.008124996908009052 6.356975390531261e-09
v -0.010100999847054482 -0.008124996908009052 6.356975390531261e-09
v -0.008986580185592175 -0.013424997217953205 6.356975390531261e-09
f 12940 12941 12942
v -0.008986580185592175 -0.013424997217953205 6.356975390531261e-09
v -0.010100999847054482 -0.008124996908009052 6.356975390531261e-09
v -0.010100999847054482 -0.013424997217953205 6.356975390531261e-09
f 12943 12944 12945
v 0.0069989999756217 -0.014800001867115498 6.356975390531261e-09
v 0.006013419944792986 -0.013424997217953205 6.356975390531261e-09
v 0.006013419944792986 -0.014800001867115498 6.356975390531261e-09
f 12946 12947 12948
v 0.006013419944792986 -0.014800001867115498 6.356975390531261e-09
v 0.006013419944792986 -0.013424997217953205 6.356975390531261e-09
v -1.0000012480304576e-06 -0.013424997217953205 6.356975390531261e-09
f 12949 12950 12951
v 0.006013419944792986 -0.014800001867115498 6.356975390531261e-09
v -1.0000012480304576e-06 -0.013424997217953205 6.356975390531261e-09
v -1.0000012480304576e-06 -0.014800001867115498 6.356975390531261e-09
f 12952 12953 12954
v -1.0000012480304576e-06 -0.014800001867115498 6.356975390531261e-09
v -1.0000012480304576e-06 -0.013424997217953205 6.356975390531261e-09
v -0.008986580185592175 -0.013424997217953205 6.356975390531261e-09
f 12955 12956 12957
v -1.0000012480304576e-06 -0.014800001867115498 6.356975390531261e-09
v -0.008986580185592175 -0.013424997217953205 6.356975390531261e-09
v -0.008986580185592175 -0.014800001867115498 6.356975390531261e-09
f 12958 12959 12960
v -0.008986580185592175 -0.014800001867115498 6.356975390531261e-09
v -0.008986580185592175 -0.013424997217953205 6.356975390531261e-09
v -0.010100999847054482 -0.013424997217953205 6.356975390531261e-09
f 12961 12962 12963
v -0.008986580185592175 -0.014800001867115498 6.356975390531261e-09
v -0.010100999847054482 -0.013424997217953205 6.356975390531261e-09
v -0.010100999847054482 -0.014800001867115498 6.356975390531261e-09
f 12964 12965 12966
v -0.027500972151756287 0.014800000004470348 6.356975390531261e-09
v -0.02220260538160801 0.0068622855469584465 6.356975390531261e-09
v -0.020455695688724518 0.00752479862421751 6.356975390531261e-09
f 12967 12968 12969
v -0.027500972151756287 0.014800000004470348 6.356975390531261e-09
v -0.020455695688724518 0.00752479862421751 6.356975390531261e-09
v -0.011101000010967255 0.014800000004470348 6.356975390531261e-09
f 12970 12971 12972
v -0.01708139292895794 -0.007599559612572193 6.356975390531261e-09
v -0.01860100030899048 -0.007750001735985279 6.356975390531261e-09
v -0.011101000010967255 -0.014800001867115498 6.356975390531261e-09
f 12973 12974 12975
v -0.03027261234819889 -0.012948048301041126 6.356975390531261e-09
v -0.023740200325846672 -0.005800959654152393 6.356975390531261e-09
v -0.030500972643494606 -0.011800003238022327 6.356975390531261e-09
f 12976 12977 12978
v -0.030500972643494606 -0.011800003238022327 6.356975390531261e-09
v -0.023740200325846672 -0.005800959654152393 6.356975390531261e-09
v -0.0249791257083416 -0.004402500577270985 6.356975390531261e-09
f 12979 12980 12981
v -0.0249791257083416 -0.004402500577270985 6.356975390531261e-09
v -0.02584737539291382 -0.0027481885626912117 6.356975390531261e-09
v -0.030500972643494606 -0.011800003238022327 6.356975390531261e-09
f 12982 12983 12984
v -0.030500972643494606 -0.011800003238022327 6.356975390531261e-09
v -0.02584737539291382 -0.0027481885626912117 6.356975390531261e-09
v -0.026294494047760963 -0.0009341585100628436 6.356975390531261e-09
f 12985 12986 12987
v -0.030500972643494606 -0.011800003238022327 6.356975390531261e-09
v -0.026294494047760963 -0.0009341585100628436 6.356975390531261e-09
v -0.030500972643494606 0.011800001375377178 6.356975390531261e-09
f 12988 12989 12990
v -0.030500972643494606 0.011800001375377178 6.356975390531261e-09
v -0.026294494047760963 -0.0009341585100628436 6.356975390531261e-09
v -0.026294494047760963 0.0009341565310023725 6.356975390531261e-09
f 12991 12992 12993
v -0.020455695688724518 0.00752479862421751 6.356975390531261e-09
v -0.01860100030899048 0.00774999987334013 6.356975390531261e-09
v -0.011101000010967255 0.014800000004470348 6.356975390531261e-09
f 12994 12995 12996
v -0.011101000010967255 0.014800000004470348 6.356975390531261e-09
v -0.01860100030899048 0.00774999987334013 6.356975390531261e-09
v -0.01708139292895794 0.007599557749927044 6.356975390531261e-09
f 12997 12998 12999
v -0.011101000010967255 0.014800000004470348 6.356975390531261e-09
v -0.01708139292895794 0.007599557749927044 6.356975390531261e-09
v -0.011101000010967255 0.012502501718699932 6.356975390531261e-09
f 13000 13001 13002
v -0.011101000010967255 0.012502501718699932 6.356975390531261e-09
v -0.01708139292895794 0.007599557749927044 6.356975390531261e-09
v -0.011316542513668537 0.011050271801650524 6.356975390531261e-09
f 13003 13004 13005
v -0.011101000010967255 -0.014800001867115498 6.356975390531261e-09
v -0.01860100030899048 -0.007750001735985279 6.356975390531261e-09
v -0.027500972151756287 -0.014800001867115498 6.356975390531261e-09
f 13006 13007 13008
v -0.01561509259045124 0.007526169531047344 6.356975390531261e-09
v -0.01419068593531847 0.007881815545260906 6.356975390531261e-09
v -0.012930980883538723 0.008635851554572582 6.356975390531261e-09
f 13009 13010 13011
v -0.01860100030899048 -0.007750001735985279 6.356975390531261e-09
v -0.020455695688724518 -0.0075248004868626595 6.356975390531261e-09
v -0.027500972151756287 -0.014800001867115498 6.356975390531261e-09
f 13012 13013 13014
v -0.027500972151756287 -0.014800001867115498 6.356975390531261e-09
v -0.020455695688724518 -0.0075248004868626595 6.356975390531261e-09
v -0.02220260538160801 -0.006862287409603596 6.356975390531261e-09
f 13015 13016 13017
v -0.027500972151756287 -0.014800001867115498 6.356975390531261e-09
v -0.02220260538160801 -0.006862287409603596 6.356975390531261e-09
v -0.028649022802710533 -0.014571641571819782 6.356975390531261e-09
f 13018 13019 13020
v -0.028649022802710533 -0.014571641571819782 6.356975390531261e-09
v -0.02220260538160801 -0.006862287409603596 6.356975390531261e-09
v -0.023740200325846672 -0.005800959654152393 6.356975390531261e-09
f 13021 13022 13023
v -0.028649022802710533 -0.014571641571819782 6.356975390531261e-09
v -0.023740200325846672 -0.005800959654152393 6.356975390531261e-09
v -0.029622294008731842 -0.013921317644417286 6.356975390531261e-09
f 13024 13025 13026
v -0.029622294008731842 -0.013921317644417286 6.356975390531261e-09
v -0.023740200325846672 -0.005800959654152393 6.356975390531261e-09
v -0.03027261234819889 -0.012948048301041126 6.356975390531261e-09
f 13027 13028 13029
v -0.026294494047760963 0.0009341565310023725 6.356975390531261e-09
v -0.02584737539291382 0.0027481867000460625 6.356975390531261e-09
v -0.030500972643494606 0.011800001375377178 6.356975390531261e-09
f 13030 13031 13032
v -0.030500972643494606 0.011800001375377178 6.356975390531261e-09
v -0.02584737539291382 0.0027481867000460625 6.356975390531261e-09
v -0.0249791257083416 0.004402498714625835 6.356975390531261e-09
f 13033 13034 13035
v -0.030500972643494606 0.011800001375377178 6.356975390531261e-09
v -0.0249791257083416 0.004402498714625835 6.356975390531261e-09
v -0.03027261234819889 0.012948053888976574 6.356975390531261e-09
f 13036 13037 13038
v -0.03027261234819889 0.012948053888976574 6.356975390531261e-09
v -0.0249791257083416 0.004402498714625835 6.356975390531261e-09
v -0.023740200325846672 0.005800957791507244 6.356975390531261e-09
f 13039 13040 13041
v -0.03027261234819889 0.012948053888976574 6.356975390531261e-09
v -0.023740200325846672 0.005800957791507244 6.356975390531261e-09
v -0.029622294008731842 0.013921323232352734 6.356975390531261e-09
f 13042 13043 13044
v -0.029622294008731842 0.013921323232352734 6.356975390531261e-09
v -0.023740200325846672 0.005800957791507244 6.356975390531261e-09
v -0.02220260538160801 0.0068622855469584465 6.356975390531261e-09
f 13045 13046 13047
v -0.029622294008731842 0.013921323232352734 6.356975390531261e-09
v -0.02220260538160801 0.0068622855469584465 6.356975390531261e-09
v -0.028649022802710533 0.014571639709174633 6.356975390531261e-09
f 13048 13049 13050
v -0.028649022802710533 0.014571639709174633 6.356975390531261e-09
v -0.02220260538160801 0.0068622855469584465 6.356975390531261e-09
v -0.027500972151756287 0.014800000004470348 6.356975390531261e-09
f 13051 13052 13053
v -0.01561509259045124 0.007526169531047344 6.356975390531261e-09
v -0.012930980883538723 0.008635851554572582 6.356975390531261e-09
v -0.01708139292895794 0.007599557749927044 6.356975390531261e-09
f 13054 13055 13056
v -0.01708139292895794 0.007599557749927044 6.356975390531261e-09
v -0.012930980883538723 0.008635851554572582 6.356975390531261e-09
v -0.011944585479795933 0.009723248891532421 6.356975390531261e-09
f 13057 13058 13059
v -0.01708139292895794 0.007599557749927044 6.356975390531261e-09
v -0.011944585479795933 0.009723248891532421 6.356975390531261e-09
v -0.011316542513668537 0.011050271801650524 6.356975390531261e-09
f 13060 13061 13062
v -0.012930980883538723 -0.008635853417217731 6.356975390531261e-09
v -0.01419068593531847 -0.007881817407906055 6.356975390531261e-09
v -0.011944585479795933 -0.00972325075417757 6.356975390531261e-09
f 13063 13064 13065
v -0.011944585479795933 -0.00972325075417757 6.356975390531261e-09
v -0.01419068593531847 -0.007881817407906055 6.356975390531261e-09
v -0.011316542513668537 -0.011050273664295673 6.356975390531261e-09
f 13066 13067 13068
v -0.011101000010967255 -0.014800001867115498 6.356975390531261e-09
v -0.011101000010967255 -0.012502496130764484 6.356975390531261e-09
v -0.01708139292895794 -0.007599559612572193 6.356975390531261e-09
f 13069 13070 13071
v -0.01708139292895794 -0.007599559612572193 6.356975390531261e-09
v -0.011101000010967255 -0.012502496130764484 6.356975390531261e-09
v -0.011316542513668537 -0.011050273664295673 6.356975390531261e-09
f 13072 13073 13074
v -0.01708139292895794 -0.007599559612572193 6.356975390531261e-09
v -0.011316542513668537 -0.011050273664295673 6.356975390531261e-09
v -0.01561509259045124 -0.0075261639431118965 6.356975390531261e-09
f 13075 13076 13077
v -0.01561509259045124 -0.0075261639431118965 6.356975390531261e-09
v -0.011316542513668537 -0.011050273664295673 6.356975390531261e-09
v -0.01419068593531847 -0.007881817407906055 6.356975390531261e-09
f 13078 13079 13080
v -0.01860100030899048 0.00774999987334013 0.004000014625489712
v -0.01860100030899048 0.00774999987334013 6.356975390531261e-09
v -0.020455695688724518 0.00752479862421751 6.356975390531261e-09
f 13081 13082 13083
v -0.01860100030899048 0.00774999987334013 0.004000014625489712
v -0.020455695688724518 0.00752479862421751 6.356975390531261e-09
v -0.020455695688724518 0.00752479862421751 0.004000014625489712
f 13084 13085 13086
v -0.020455695688724518 0.00752479862421751 0.004000014625489712
v -0.020455695688724518 0.00752479862421751 6.356975390531261e-09
v -0.02220260538160801 0.0068622855469584465 6.356975390531261e-09
f 13087 13088 13089
v -0.020455695688724518 0.00752479862421751 0.004000014625489712
v -0.02220260538160801 0.0068622855469584465 6.356975390531261e-09
v -0.02220260538160801 0.0068622855469584465 0.004000014625489712
f 13090 13091 13092
v -0.02220260538160801 0.0068622855469584465 0.004000014625489712
v -0.02220260538160801 0.0068622855469584465 6.356975390531261e-09
v -0.023740200325846672 0.005800957791507244 6.356975390531261e-09
f 13093 13094 13095
v -0.02220260538160801 0.0068622855469584465 0.004000014625489712
v -0.023740200325846672 0.005800957791507244 6.356975390531261e-09
v -0.023740200325846672 0.005800957791507244 0.004000014625489712
f 13096 13097 13098
v -0.023740200325846672 0.005800957791507244 0.004000014625489712
v -0.023740200325846672 0.005800957791507244 6.356975390531261e-09
v -0.0249791257083416 0.004402498714625835 6.356975390531261e-09
f 13099 13100 13101
v -0.023740200325846672 0.005800957791507244 0.004000014625489712
v -0.0249791257083416 0.004402498714625835 6.356975390531261e-09
v -0.0249791257083416 0.004402498714625835 0.004000014625489712
f 13102 13103 13104
v -0.0249791257083416 0.004402498714625835 0.004000014625489712
v -0.0249791257083416 0.004402498714625835 6.356975390531261e-09
v -0.02584737539291382 0.0027481867000460625 6.356975390531261e-09
f 13105 13106 13107
v -0.0249791257083416 0.004402498714625835 0.004000014625489712
v -0.02584737539291382 0.0027481867000460625 6.356975390531261e-09
v -0.02584737539291382 0.0027481867000460625 0.004000014625489712
f 13108 13109 13110
v -0.02584737539291382 0.0027481867000460625 0.004000014625489712
v -0.02584737539291382 0.0027481867000460625 6.356975390531261e-09
v -0.026294494047760963 0.0009341565310023725 6.356975390531261e-09
f 13111 13112 13113
v -0.02584737539291382 0.0027481867000460625 0.004000014625489712
v -0.026294494047760963 0.0009341565310023725 6.356975390531261e-09
v -0.026294494047760963 0.0009341565310023725 0.004000014625489712
f 13114 13115 13116
v -0.026294494047760963 0.0009341565310023725 0.004000014625489712
v -0.026294494047760963 0.0009341565310023725 6.356975390531261e-09
v -0.026294494047760963 -0.0009341585100628436 6.356975390531261e-09
f 13117 13118 13119
v -0.026294494047760963 0.0009341565310023725 0.004000014625489712
v -0.026294494047760963 -0.0009341585100628436 6.356975390531261e-09
v -0.026294494047760963 -0.0009341585100628436 0.004000014625489712
f 13120 13121 13122
v -0.026294494047760963 -0.0009341585100628436 0.004000014625489712
v -0.026294494047760963 -0.0009341585100628436 6.356975390531261e-09
v -0.02584737539291382 -0.0027481885626912117 6.356975390531261e-09
f 13123 13124 13125
v -0.026294494047760963 -0.0009341585100628436 0.004000014625489712
v -0.02584737539291382 -0.0027481885626912117 6.356975390531261e-09
v -0.02584737539291382 -0.0027481885626912117 0.004000014625489712
f 13126 13127 13128
v -0.02584737539291382 -0.0027481885626912117 0.004000014625489712
v -0.02584737539291382 -0.0027481885626912117 6.356975390531261e-09
v -0.0249791257083416 -0.004402500577270985 6.356975390531261e-09
f 13129 13130 13131
v -0.02584737539291382 -0.0027481885626912117 0.004000014625489712
v -0.0249791257083416 -0.004402500577270985 6.356975390531261e-09
v -0.0249791257083416 -0.004402500577270985 0.004000014625489712
f 13132 13133 13134
v -0.0249791257083416 -0.004402500577270985 0.004000014625489712
v -0.0249791257083416 -0.004402500577270985 6.356975390531261e-09
v -0.023740200325846672 -0.005800959654152393 6.356975390531261e-09
f 13135 13136 13137
v -0.0249791257083416 -0.004402500577270985 0.004000014625489712
v -0.023740200325846672 -0.005800959654152393 6.356975390531261e-09
v -0.023740200325846672 -0.005800959654152393 0.004000014625489712
f 13138 13139 13140
v -0.023740200325846672 -0.005800959654152393 0.004000014625489712
v -0.023740200325846672 -0.005800959654152393 6.356975390531261e-09
v -0.02220260538160801 -0.006862287409603596 6.356975390531261e-09
f 13141 13142 13143
v -0.023740200325846672 -0.005800959654152393 0.004000014625489712
v -0.02220260538160801 -0.006862287409603596 6.356975390531261e-09
v -0.02220260538160801 -0.006862287409603596 0.004000014625489712
f 13144 13145 13146
v -0.02220260538160801 -0.006862287409603596 0.004000014625489712
v -0.02220260538160801 -0.006862287409603596 6.356975390531261e-09
v -0.020455695688724518 -0.0075248004868626595 6.356975390531261e-09
f 13147 13148 13149
v -0.02220260538160801 -0.006862287409603596 0.004000014625489712
v -0.020455695688724518 -0.0075248004868626595 6.356975390531261e-09
v -0.020455695688724518 -0.0075248004868626595 0.004000014625489712
f 13150 13151 13152
v -0.020455695688724518 -0.0075248004868626595 0.004000014625489712
v -0.020455695688724518 -0.0075248004868626595 6.356975390531261e-09
v -0.01860100030899048 -0.007750001735985279 6.356975390531261e-09
f 13153 13154 13155
v -0.020455695688724518 -0.0075248004868626595 0.004000014625489712
v -0.01860100030899048 -0.007750001735985279 6.356975390531261e-09
v -0.01860100030899048 -0.007750001735985279 0.004000014625489712
f 13156 13157 13158
v -0.01860100030899048 0.004499997012317181 0.00500000175088644
v -0.01860100030899048 0.004499997012317181 0.004000014625489712
v -0.019991576671600342 0.004279757849872112 0.004000014625489712
f 13159 13160 13161
v -0.01860100030899048 0.004499997012317181 0.00500000175088644
v -0.019991576671600342 0.004279757849872112 0.004000014625489712
v -0.019991576671600342 0.004279757849872112 0.00500000175088644
f 13162 13163 13164
v -0.019991576671600342 0.004279757849872112 0.00500000175088644
v -0.019991576671600342 0.004279757849872112 0.004000014625489712
v -0.021246032789349556 0.003640579991042614 0.004000014625489712
f 13165 13166 13167
v -0.019991576671600342 0.004279757849872112 0.00500000175088644
v -0.021246032789349556 0.003640579991042614 0.004000014625489712
v -0.021246032789349556 0.003640579991042614 0.00500000175088644
f 13168 13169 13170
v -0.021246032789349556 0.003640579991042614 0.00500000175088644
v -0.021246032789349556 0.003640579991042614 0.004000014625489712
v -0.02224157564342022 0.002645033411681652 0.004000014625489712
f 13171 13172 13173
v -0.021246032789349556 0.003640579991042614 0.00500000175088644
v -0.02224157564342022 0.002645033411681652 0.004000014625489712
v -0.02224157564342022 0.002645033411681652 0.00500000175088644
f 13174 13175 13176
v -0.02224157564342022 0.002645033411681652 0.00500000175088644
v -0.02224157564342022 0.002645033411681652 0.004000014625489712
v -0.022880753502249718 0.0013905791565775871 0.004000014625489712
f 13177 13178 13179
v -0.02224157564342022 0.002645033411681652 0.00500000175088644
v -0.022880753502249718 0.0013905791565775871 0.004000014625489712
v -0.022880753502249718 0.0013905791565775871 0.00500000175088644
f 13180 13181 13182
v -0.022880753502249718 0.0013905791565775871 0.00500000175088644
v -0.022880753502249718 0.0013905791565775871 0.004000014625489712
v -0.023101000115275383 2.736447957119026e-09 0.004000014625489712
f 13183 13184 13185
v -0.022880753502249718 0.0013905791565775871 0.00500000175088644
v -0.023101000115275383 2.736447957119026e-09 0.004000014625489712
v -0.023101000115275383 2.736447957119026e-09 0.00500000175088644
f 13186 13187 13188
v -0.023101000115275383 2.736447957119026e-09 0.00500000175088644
v -0.023101000115275383 2.736447957119026e-09 0.004000014625489712
v -0.022880753502249718 -0.0013905735686421394 0.004000014625489712
f 13189 13190 13191
v -0.023101000115275383 2.736447957119026e-09 0.00500000175088644
v -0.022880753502249718 -0.0013905735686421394 0.004000014625489712
v -0.022880753502249718 -0.0013905735686421394 0.00500000175088644
f 13192 13193 13194
v -0.022880753502249718 -0.0013905735686421394 0.00500000175088644
v -0.022880753502249718 -0.0013905735686421394 0.004000014625489712
v -0.02224157564342022 -0.0026450352743268013 0.004000014625489712
f 13195 13196 13197
v -0.022880753502249718 -0.0013905735686421394 0.00500000175088644
v -0.02224157564342022 -0.0026450352743268013 0.004000014625489712
v -0.02224157564342022 -0.0026450352743268013 0.00500000175088644
f 13198 13199 13200
v -0.02224157564342022 -0.0026450352743268013 0.00500000175088644
v -0.02224157564342022 -0.0026450352743268013 0.004000014625489712
v -0.021246032789349556 -0.0036405744031071663 0.004000014625489712
f 13201 13202 13203
v -0.02224157564342022 -0.0026450352743268013 0.00500000175088644
v -0.021246032789349556 -0.0036405744031071663 0.004000014625489712
v -0.021246032789349556 -0.0036405744031071663 0.00500000175088644
f 13204 13205 13206
v -0.021246032789349556 -0.0036405744031071663 0.00500000175088644
v -0.021246032789349556 -0.0036405744031071663 0.004000014625489712
v -0.019991576671600342 -0.004279752261936665 0.004000014625489712
f 13207 13208 13209
v -0.021246032789349556 -0.0036405744031071663 0.00500000175088644
v -0.019991576671600342 -0.004279752261936665 0.004000014625489712
v -0.019991576671600342 -0.004279752261936665 0.00500000175088644
f 13210 13211 13212
v -0.019991576671600342 -0.004279752261936665 0.00500000175088644
v -0.019991576671600342 -0.004279752261936665 0.004000014625489712
v -0.01860100030899048 -0.00449999887496233 0.004000014625489712
f 13213 13214 13215
v -0.019991576671600342 -0.004279752261936665 0.00500000175088644
v -0.01860100030899048 -0.00449999887496233 0.004000014625489712
v -0.01860100030899048 -0.00449999887496233 0.00500000175088644
f 13216 13217 13218
v -0.01860100030899048 -0.003049996681511402 0.00500000175088644
v -0.01860100030899048 -0.003049996681511402 0.004000014625489712
v -0.019768184050917625 -0.0028178291395306587 0.00500000175088644
f 13219 13220 13221
v -0.019768184050917625 -0.0028178291395306587 0.00500000175088644
v -0.01860100030899048 -0.003049996681511402 0.004000014625489712
v -0.019768184050917625 -0.0028178291395306587 0.004000014625489712
f 13222 13223 13224
v -0.019768184050917625 -0.0028178291395306587 0.00500000175088644
v -0.019768184050917625 -0.0028178291395306587 0.004000014625489712
v -0.020757675170898438 -0.002156672067940235 0.00500000175088644
f 13225 13226 13227
v -0.020757675170898438 -0.002156672067940235 0.00500000175088644
v -0.019768184050917625 -0.0028178291395306587 0.004000014625489712
v -0.020757675170898438 -0.002156672067940235 0.004000014625489712
f 13228 13229 13230
v -0.020757675170898438 -0.002156672067940235 0.00500000175088644
v -0.020757675170898438 -0.002156672067940235 0.004000014625489712
v -0.02141883224248886 -0.0011671828106045723 0.00500000175088644
f 13231 13232 13233
v -0.02141883224248886 -0.0011671828106045723 0.00500000175088644
v -0.020757675170898438 -0.002156672067940235 0.004000014625489712
v -0.02141883224248886 -0.0011671828106045723 0.004000014625489712
f 13234 13235 13236
v -0.02141883224248886 -0.0011671828106045723 0.00500000175088644
v -0.02141883224248886 -0.0011671828106045723 0.004000014625489712
v -0.021650999784469604 2.736447957119026e-09 0.00500000175088644
f 13237 13238 13239
v -0.021650999784469604 2.736447957119026e-09 0.00500000175088644
v -0.02141883224248886 -0.0011671828106045723 0.004000014625489712
v -0.021650999784469604 2.736447957119026e-09 0.004000014625489712
f 13240 13241 13242
v -0.021650999784469604 2.736447957119026e-09 0.00500000175088644
v -0.021650999784469604 2.736447957119026e-09 0.004000014625489712
v -0.02141883224248886 0.001167180947959423 0.00500000175088644
f 13243 13244 13245
v -0.02141883224248886 0.001167180947959423 0.00500000175088644
v -0.021650999784469604 2.736447957119026e-09 0.004000014625489712
v -0.02141883224248886 0.001167180947959423 0.004000014625489712
f 13246 13247 13248
v -0.02141883224248886 0.001167180947959423 0.00500000175088644
v -0.02141883224248886 0.001167180947959423 0.004000014625489712
v -0.020757675170898438 0.002156677655875683 0.00500000175088644
f 13249 13250 13251
v -0.020757675170898438 0.002156677655875683 0.00500000175088644
v -0.02141883224248886 0.001167180947959423 0.004000014625489712
v -0.020757675170898438 0.002156677655875683 0.004000014625489712
f 13252 13253 13254
v -0.020757675170898438 0.002156677655875683 0.00500000175088644
v -0.020757675170898438 0.002156677655875683 0.004000014625489712
v -0.019768184050917625 0.0028178347274661064 0.00500000175088644
f 13255 13256 13257
v -0.019768184050917625 0.0028178347274661064 0.00500000175088644
v -0.020757675170898438 0.002156677655875683 0.004000014625489712
v -0.019768184050917625 0.0028178347274661064 0.004000014625489712
f 13258 13259 13260
v -0.019768184050917625 0.0028178347274661064 0.00500000175088644
v -0.019768184050917625 0.0028178347274661064 0.004000014625489712
v -0.01860100030899048 0.00305000226944685 0.00500000175088644
f 13261 13262 13263
v -0.01860100030899048 0.00305000226944685 0.00500000175088644
v -0.019768184050917625 0.0028178347274661064 0.004000014625489712
v -0.01860100030899048 0.00305000226944685 0.004000014625489712
f 13264 13265 13266
v -0.01860100030899048 0.001650000922381878 6.356975390531261e-09
v -0.01860100030899048 0.001650000922381878 0.004000014625489712
v -0.019316907972097397 0.0014866022393107414 6.356975390531261e-09
f 13267 13268 13269
v -0.019316907972097397 0.0014866022393107414 6.356975390531261e-09
v -0.01860100030899048 0.001650000922381878 0.004000014625489712
v -0.019316907972097397 0.0014866022393107414 0.004000014625489712
f 13270 13271 13272
v -0.019316907972097397 0.0014866022393107414 6.356975390531261e-09
v -0.019316907972097397 0.0014866022393107414 0.004000014625489712
v -0.01989102177321911 0.0010287566110491753 6.356975390531261e-09
f 13273 13274 13275
v -0.01989102177321911 0.0010287566110491753 6.356975390531261e-09
v -0.019316907972097397 0.0014866022393107414 0.004000014625489712
v -0.01989102177321911 0.0010287566110491753 0.004000014625489712
f 13276 13277 13278
v -0.01989102177321911 0.0010287566110491753 6.356975390531261e-09
v -0.01989102177321911 0.0010287566110491753 0.004000014625489712
v -0.020209630951285362 0.00036715989699587226 6.356975390531261e-09
f 13279 13280 13281
v -0.020209630951285362 0.00036715989699587226 6.356975390531261e-09
v -0.01989102177321911 0.0010287566110491753 0.004000014625489712
v -0.020209630951285362 0.00036715989699587226 0.004000014625489712
f 13282 13283 13284
v -0.020209630951285362 0.00036715989699587226 6.356975390531261e-09
v -0.020209630951285362 0.00036715989699587226 0.004000014625489712
v -0.020209630951285362 -0.0003671618760563433 6.356975390531261e-09
f 13285 13286 13287
v -0.020209630951285362 -0.0003671618760563433 6.356975390531261e-09
v -0.020209630951285362 0.00036715989699587226 0.004000014625489712
v -0.020209630951285362 -0.0003671618760563433 0.004000014625489712
f 13288 13289 13290
v -0.020209630951285362 -0.0003671618760563433 6.356975390531261e-09
v -0.020209630951285362 -0.0003671618760563433 0.004000014625489712
v -0.01989102177321911 -0.0010287584736943245 6.356975390531261e-09
f 13291 13292 13293
v -0.01989102177321911 -0.0010287584736943245 6.356975390531261e-09
v -0.020209630951285362 -0.0003671618760563433 0.004000014625489712
v -0.01989102177321911 -0.0010287584736943245 0.004000014625489712
f 13294 13295 13296
v -0.01989102177321911 -0.0010287584736943245 6.356975390531261e-09
v -0.01989102177321911 -0.0010287584736943245 0.004000014625489712
v -0.019316907972097397 -0.0014865966513752937 6.356975390531261e-09
f 13297 13298 13299
v -0.019316907972097397 -0.0014865966513752937 6.356975390531261e-09
v -0.01989102177321911 -0.0010287584736943245 0.004000014625489712
v -0.019316907972097397 -0.0014865966513752937 0.004000014625489712
f 13300 13301 13302
v -0.019316907972097397 -0.0014865966513752937 6.356975390531261e-09
v -0.019316907972097397 -0.0014865966513752937 0.004000014625489712
v -0.01860100030899048 -0.0016500027850270271 6.356975390531261e-09
f 13303 13304 13305
v -0.01860100030899048 -0.0016500027850270271 6.356975390531261e-09
v -0.019316907972097397 -0.0014865966513752937 0.004000014625489712
v -0.01860100030899048 -0.0016500027850270271 0.004000014625489712
f 13306 13307 13308
v -0.007501000072807074 0.006699997000396252 -0.0030000146944075823
v -0.007501000072807074 0.006699997000396252 6.356975390531261e-09
v -0.008351000025868416 0.006472240202128887 -0.0030000146944075823
f 13309 13310 13311
v -0.008351000025868416 0.006472240202128887 -0.0030000146944075823
v -0.007501000072807074 0.006699997000396252 6.356975390531261e-09
v -0.008351000025868416 0.006472240202128887 6.356975390531261e-09
f 13312 13313 13314
v -0.008351000025868416 0.006472240202128887 -0.0030000146944075823
v -0.008351000025868416 0.006472240202128887 6.356975390531261e-09
v -0.008973243646323681 0.005849997512996197 -0.0030000146944075823
f 13315 13316 13317
v -0.008973243646323681 0.005849997512996197 -0.0030000146944075823
v -0.008351000025868416 0.006472240202128887 6.356975390531261e-09
v -0.008973243646323681 0.005849997512996197 6.356975390531261e-09
f 13318 13319 13320
v -0.008973243646323681 0.005849997512996197 -0.0030000146944075823
v -0.008973243646323681 0.005849997512996197 6.356975390531261e-09
v -0.009201000444591045 0.004999998025596142 -0.0030000146944075823
f 13321 13322 13323
v -0.009201000444591045 0.004999998025596142 -0.0030000146944075823
v -0.008973243646323681 0.005849997512996197 6.356975390531261e-09
v -0.009201000444591045 0.004999998025596142 6.356975390531261e-09
f 13324 13325 13326
v -0.009201000444591045 0.004999998025596142 -0.0030000146944075823
v -0.009201000444591045 0.004999998025596142 6.356975390531261e-09
v -0.008973243646323681 0.004149998538196087 -0.0030000146944075823
f 13327 13328 13329
v -0.008973243646323681 0.004149998538196087 -0.0030000146944075823
v -0.009201000444591045 0.004999998025596142 6.356975390531261e-09
v -0.008973243646323681 0.004149998538196087 6.356975390531261e-09
f 13330 13331 13332
v -0.008973243646323681 0.004149998538196087 -0.0030000146944075823
v -0.008973243646323681 0.004149998538196087 6.356975390531261e-09
v -0.008351000025868416 0.0035277558490633965 -0.0030000146944075823
f 13333 13334 13335
v -0.008351000025868416 0.0035277558490633965 -0.0030000146944075823
v -0.008973243646323681 0.004149998538196087 6.356975390531261e-09
v -0.008351000025868416 0.0035277558490633965 6.356975390531261e-09
f 13336 13337 13338
v -0.008351000025868416 0.0035277558490633965 -0.0030000146944075823
v -0.008351000025868416 0.0035277558490633965 6.356975390531261e-09
v -0.007501000072807074 0.003299999050796032 -0.0030000146944075823
f 13339 13340 13341
v -0.007501000072807074 0.003299999050796032 -0.0030000146944075823
v -0.008351000025868416 0.0035277558490633965 6.356975390531261e-09
v -0.007501000072807074 0.003299999050796032 6.356975390531261e-09
f 13342 13343 13344
v 0.007499000057578087 0.006699997000396252 -0.0030000146944075823
v 0.007499000057578087 0.006699997000396252 6.356975390531261e-09
v 0.006649000104516745 0.006472240202128887 -0.0030000146944075823
f 13345 13346 13347
v 0.006649000104516745 0.006472240202128887 -0.0030000146944075823
v 0.007499000057578087 0.006699997000396252 6.356975390531261e-09
v 0.006649000104516745 0.006472240202128887 6.356975390531261e-09
f 13348 13349 13350
v 0.006649000104516745 0.006472240202128887 -0.0030000146944075823
v 0.006649000104516745 0.006472240202128887 6.356975390531261e-09
v 0.006026756949722767 0.005849997512996197 -0.0030000146944075823
f 13351 13352 13353
v 0.006026756949722767 0.005849997512996197 -0.0030000146944075823
v 0.006649000104516745 0.006472240202128887 6.356975390531261e-09
v 0.006026756949722767 0.005849997512996197 6.356975390531261e-09
f 13354 13355 13356
v 0.006026756949722767 0.005849997512996197 -0.0030000146944075823
v 0.006026756949722767 0.005849997512996197 6.356975390531261e-09
v 0.005799000151455402 0.004999998025596142 -0.0030000146944075823
f 13357 13358 13359
v 0.005799000151455402 0.004999998025596142 -0.0030000146944075823
v 0.006026756949722767 0.005849997512996197 6.356975390531261e-09
v 0.005799000151455402 0.004999998025596142 6.356975390531261e-09
f 13360 13361 13362
v 0.005799000151455402 0.004999998025596142 -0.0030000146944075823
v 0.005799000151455402 0.004999998025596142 6.356975390531261e-09
v 0.006026756949722767 0.004149998538196087 -0.0030000146944075823
f 13363 13364 13365
v 0.006026756949722767 0.004149998538196087 -0.0030000146944075823
v 0.005799000151455402 0.004999998025596142 6.356975390531261e-09
v 0.006026756949722767 0.004149998538196087 6.356975390531261e-09
f 13366 13367 13368
v 0.006026756949722767 0.004149998538196087 -0.0030000146944075823
v 0.006026756949722767 0.004149998538196087 6.356975390531261e-09
v 0.006649000104516745 0.0035277558490633965 -0.0030000146944075823
f 13369 13370 13371
v 0.006649000104516745 0.0035277558490633965 -0.0030000146944075823
v 0.006026756949722767 0.004149998538196087 6.356975390531261e-09
v 0.006649000104516745 0.0035277558490633965 6.356975390531261e-09
f 13372 13373 13374
v 0.006649000104516745 0.0035277558490633965 -0.0030000146944075823
v 0.006649000104516745 0.0035277558490633965 6.356975390531261e-09
v 0.007499000057578087 0.003299999050796032 -0.0030000146944075823
f 13375 13376 13377
v 0.007499000057578087 0.003299999050796032 -0.0030000146944075823
v 0.006649000104516745 0.0035277558490633965 6.356975390531261e-09
v 0.007499000057578087 0.003299999050796032 6.356975390531261e-09
f 13378 13379 13380
v 0.007499000057578087 -0.003300000913441181 -0.0030000146944075823
v 0.007499000057578087 -0.003300000913441181 6.356975390531261e-09
v 0.006649000104516745 -0.0035277577117085457 -0.0030000146944075823
f 13381 13382 13383
v 0.006649000104516745 -0.0035277577117085457 -0.0030000146944075823
v 0.007499000057578087 -0.003300000913441181 6.356975390531261e-09
v 0.006649000104516745 -0.0035277577117085457 6.356975390531261e-09
f 13384 13385 13386
v 0.006649000104516745 -0.0035277577117085457 -0.0030000146944075823
v 0.006649000104516745 -0.0035277577117085457 6.356975390531261e-09
v 0.006026756949722767 -0.004150000400841236 -0.0030000146944075823
f 13387 13388 13389
v 0.006026756949722767 -0.004150000400841236 -0.0030000146944075823
v 0.006649000104516745 -0.0035277577117085457 6.356975390531261e-09
v 0.006026756949722767 -0.004150000400841236 6.356975390531261e-09
f 13390 13391 13392
v 0.006026756949722767 -0.004150000400841236 -0.0030000146944075823
v 0.006026756949722767 -0.004150000400841236 6.356975390531261e-09
v 0.005799000151455402 -0.004999999888241291 -0.0030000146944075823
f 13393 13394 13395
v 0.005799000151455402 -0.004999999888241291 -0.0030000146944075823
v 0.006026756949722767 -0.004150000400841236 6.356975390531261e-09
v 0.005799000151455402 -0.004999999888241291 6.356975390531261e-09
f 13396 13397 13398
v 0.005799000151455402 -0.004999999888241291 -0.0030000146944075823
v 0.005799000151455402 -0.004999999888241291 6.356975390531261e-09
v 0.006026756949722767 -0.005849999375641346 -0.0030000146944075823
f 13399 13400 13401
v 0.006026756949722767 -0.005849999375641346 -0.0030000146944075823
v 0.005799000151455402 -0.004999999888241291 6.356975390531261e-09
v 0.006026756949722767 -0.005849999375641346 6.356975390531261e-09
f 13402 13403 13404
v 0.006026756949722767 -0.005849999375641346 -0.0030000146944075823
v 0.006026756949722767 -0.005849999375641346 6.356975390531261e-09
v 0.006649000104516745 -0.006472242064774036 -0.0030000146944075823
f 13405 13406 13407
v 0.006649000104516745 -0.006472242064774036 -0.0030000146944075823
v 0.006026756949722767 -0.005849999375641346 6.356975390531261e-09
v 0.006649000104516745 -0.006472242064774036 6.356975390531261e-09
f 13408 13409 13410
v 0.006649000104516745 -0.006472242064774036 -0.0030000146944075823
v 0.006649000104516745 -0.006472242064774036 6.356975390531261e-09
v 0.007499000057578087 -0.006699998863041401 -0.0030000146944075823
f 13411 13412 13413
v 0.007499000057578087 -0.006699998863041401 -0.0030000146944075823
v 0.006649000104516745 -0.006472242064774036 6.356975390531261e-09
v 0.007499000057578087 -0.006699998863041401 6.356975390531261e-09
f 13414 13415 13416
v -0.007501000072807074 -0.003300000913441181 -0.0030000146944075823
v -0.007501000072807074 -0.003300000913441181 6.356975390531261e-09
v -0.008351000025868416 -0.0035277577117085457 -0.0030000146944075823
f 13417 13418 13419
v -0.008351000025868416 -0.0035277577117085457 -0.0030000146944075823
v -0.007501000072807074 -0.003300000913441181 6.356975390531261e-09
v -0.008351000025868416 -0.0035277577117085457 6.356975390531261e-09
f 13420 13421 13422
v -0.008351000025868416 -0.0035277577117085457 -0.0030000146944075823
v -0.008351000025868416 -0.0035277577117085457 6.356975390531261e-09
v -0.008973243646323681 -0.004150000400841236 -0.0030000146944075823
f 13423 13424 13425
v -0.008973243646323681 -0.004150000400841236 -0.0030000146944075823
v -0.008351000025868416 -0.0035277577117085457 6.356975390531261e-09
v -0.008973243646323681 -0.004150000400841236 6.356975390531261e-09
f 13426 13427 13428
v -0.008973243646323681 -0.004150000400841236 -0.0030000146944075823
v -0.008973243646323681 -0.004150000400841236 6.356975390531261e-09
v -0.009201000444591045 -0.004999999888241291 -0.0030000146944075823
f 13429 13430 13431
v -0.009201000444591045 -0.004999999888241291 -0.0030000146944075823
v -0.008973243646323681 -0.004150000400841236 6.356975390531261e-09
v -0.009201000444591045 -0.004999999888241291 6.356975390531261e-09
f 13432 13433 13434
v -0.009201000444591045 -0.004999999888241291 -0.0030000146944075823
v -0.009201000444591045 -0.004999999888241291 6.356975390531261e-09
v -0.008973243646323681 -0.005849999375641346 -0.0030000146944075823
f 13435 13436 13437
v -0.008973243646323681 -0.005849999375641346 -0.0030000146944075823
v -0.009201000444591045 -0.004999999888241291 6.356975390531261e-09
v -0.008973243646323681 -0.005849999375641346 6.356975390531261e-09
f 13438 13439 13440
v -0.008973243646323681 -0.005849999375641346 -0.0030000146944075823
v -0.008973243646323681 -0.005849999375641346 6.356975390531261e-09
v -0.008351000025868416 -0.006472242064774036 -0.0030000146944075823
f 13441 13442 13443
v -0.008351000025868416 -0.006472242064774036 -0.0030000146944075823
v -0.008973243646323681 -0.005849999375641346 6.356975390531261e-09
v -0.008351000025868416 -0.006472242064774036 6.356975390531261e-09
f 13444 13445 13446
v -0.008351000025868416 -0.006472242064774036 -0.0030000146944075823
v -0.008351000025868416 -0.006472242064774036 6.356975390531261e-09
v -0.007501000072807074 -0.006699998863041401 -0.0030000146944075823
f 13447 13448 13449
v -0.007501000072807074 -0.006699998863041401 -0.0030000146944075823
v -0.008351000025868416 -0.006472242064774036 6.356975390531261e-09
v -0.007501000072807074 -0.006699998863041401 6.356975390531261e-09
f 13450 13451 13452
v -0.007501000072807074 -0.0073500024154782295 -0.0030000146944075823
v -0.007501000072807074 -0.0073500024154782295 -0.004999988712370396
v -0.008520626462996006 -0.007117276079952717 -0.0030000146944075823
f 13453 13454 13455
v -0.008520626462996006 -0.007117276079952717 -0.0030000146944075823
v -0.007501000072807074 -0.0073500024154782295 -0.004999988712370396
v -0.008520626462996006 -0.007117276079952717 -0.004999988712370396
f 13456 13457 13458
v -0.008520626462996006 -0.007117276079952717 -0.0030000146944075823
v -0.008520626462996006 -0.007117276079952717 -0.004999988712370396
v -0.00933830440044403 -0.006465201266109943 -0.0030000146944075823
f 13459 13460 13461
v -0.00933830440044403 -0.006465201266109943 -0.0030000146944075823
v -0.008520626462996006 -0.007117276079952717 -0.004999988712370396
v -0.00933830440044403 -0.006465201266109943 -0.004999988712370396
f 13462 13463 13464
v -0.00933830440044403 -0.006465201266109943 -0.0030000146944075823
v -0.00933830440044403 -0.006465201266109943 -0.004999988712370396
v -0.009792080149054527 -0.005522926338016987 -0.0030000146944075823
f 13465 13466 13467
v -0.009792080149054527 -0.005522926338016987 -0.0030000146944075823
v -0.00933830440044403 -0.006465201266109943 -0.004999988712370396
v -0.009792080149054527 -0.005522926338016987 -0.004999988712370396
f 13468 13469 13470
v -0.009792080149054527 -0.005522926338016987 -0.0030000146944075823
v -0.009792080149054527 -0.005522926338016987 -0.004999988712370396
v -0.009792080149054527 -0.004477073438465595 -0.0030000146944075823
f 13471 13472 13473
v -0.009792080149054527 -0.004477073438465595 -0.0030000146944075823
v -0.009792080149054527 -0.005522926338016987 -0.004999988712370396
v -0.009792080149054527 -0.004477073438465595 -0.004999988712370396
f 13474 13475 13476
v -0.009792080149054527 -0.004477073438465595 -0.0030000146944075823
v -0.009792080149054527 -0.004477073438465595 -0.004999988712370396
v -0.00933830440044403 -0.0035347985103726387 -0.0030000146944075823
f 13477 13478 13479
v -0.00933830440044403 -0.0035347985103726387 -0.0030000146944075823
v -0.009792080149054527 -0.004477073438465595 -0.004999988712370396
v -0.00933830440044403 -0.0035347985103726387 -0.004999988712370396
f 13480 13481 13482
v -0.00933830440044403 -0.0035347985103726387 -0.0030000146944075823
v -0.00933830440044403 -0.0035347985103726387 -0.004999988712370396
v -0.008520626462996006 -0.0028827236965298653 -0.0030000146944075823
f 13483 13484 13485
v -0.008520626462996006 -0.0028827236965298653 -0.0030000146944075823
v -0.00933830440044403 -0.0035347985103726387 -0.004999988712370396
v -0.008520626462996006 -0.0028827236965298653 -0.004999988712370396
f 13486 13487 13488
v -0.008520626462996006 -0.0028827236965298653 -0.0030000146944075823
v -0.008520626462996006 -0.0028827236965298653 -0.004999988712370396
v -0.007501000072807074 -0.0026499973610043526 -0.0030000146944075823
f 13489 13490 13491
v -0.007501000072807074 -0.0026499973610043526 -0.0030000146944075823
v -0.008520626462996006 -0.0028827236965298653 -0.004999988712370396
v -0.007501000072807074 -0.0026499973610043526 -0.004999988712370396
f 13492 13493 13494
v -0.007501000072807074 0.0026500029489398003 -0.0030000146944075823
v -0.007501000072807074 0.0026500029489398003 -0.004999988712370396
v -0.008520626462996006 0.002882721833884716 -0.0030000146944075823
f 13495 13496 13497
v -0.008520626462996006 0.002882721833884716 -0.0030000146944075823
v -0.007501000072807074 0.0026500029489398003 -0.004999988712370396
v -0.008520626462996006 0.002882721833884716 -0.004999988712370396
f 13498 13499 13500
v -0.008520626462996006 0.002882721833884716 -0.0030000146944075823
v -0.008520626462996006 0.002882721833884716 -0.004999988712370396
v -0.00933830440044403 0.0035347966477274895 -0.0030000146944075823
f 13501 13502 13503
v -0.00933830440044403 0.0035347966477274895 -0.0030000146944075823
v -0.008520626462996006 0.002882721833884716 -0.004999988712370396
v -0.00933830440044403 0.0035347966477274895 -0.004999988712370396
f 13504 13505 13506
v -0.00933830440044403 0.0035347966477274895 -0.0030000146944075823
v -0.00933830440044403 0.0035347966477274895 -0.004999988712370396
v -0.009792080149054527 0.004477079026401043 -0.0030000146944075823
f 13507 13508 13509
v -0.009792080149054527 0.004477079026401043 -0.0030000146944075823
v -0.00933830440044403 0.0035347966477274895 -0.004999988712370396
v -0.009792080149054527 0.004477079026401043 -0.004999988712370396
f 13510 13511 13512
v -0.009792080149054527 0.004477079026401043 -0.0030000146944075823
v -0.009792080149054527 0.004477079026401043 -0.004999988712370396
v -0.009792080149054527 0.005522924475371838 -0.0030000146944075823
f 13513 13514 13515
v -0.009792080149054527 0.005522924475371838 -0.0030000146944075823
v -0.009792080149054527 0.004477079026401043 -0.004999988712370396
v -0.009792080149054527 0.005522924475371838 -0.004999988712370396
f 13516 13517 13518
v -0.009792080149054527 0.005522924475371838 -0.0030000146944075823
v -0.009792080149054527 0.005522924475371838 -0.004999988712370396
v -0.00933830440044403 0.006465199403464794 -0.0030000146944075823
f 13519 13520 13521
v -0.00933830440044403 0.006465199403464794 -0.0030000146944075823
v -0.009792080149054527 0.005522924475371838 -0.004999988712370396
v -0.00933830440044403 0.006465199403464794 -0.004999988712370396
f 13522 13523 13524
v -0.00933830440044403 0.006465199403464794 -0.0030000146944075823
v -0.00933830440044403 0.006465199403464794 -0.004999988712370396
v -0.008520626462996006 0.007117274217307568 -0.0030000146944075823
f 13525 13526 13527
v -0.008520626462996006 0.007117274217307568 -0.0030000146944075823
v -0.00933830440044403 0.006465199403464794 -0.004999988712370396
v -0.008520626462996006 0.007117274217307568 -0.004999988712370396
f 13528 13529 13530
v -0.008520626462996006 0.007117274217307568 -0.0030000146944075823
v -0.008520626462996006 0.007117274217307568 -0.004999988712370396
v -0.007501000072807074 0.00735000055283308 -0.0030000146944075823
f 13531 13532 13533
v -0.007501000072807074 0.00735000055283308 -0.0030000146944075823
v -0.008520626462996006 0.007117274217307568 -0.004999988712370396
v -0.007501000072807074 0.00735000055283308 -0.004999988712370396
f 13534 13535 13536
v 0.007499027065932751 -0.01205000001937151 6.356975390531261e-09
v 0.007499027065932751 -0.01205000001937151 -0.004999988712370396
v 0.006874027196317911 -0.011882533319294453 6.356975390531261e-09
f 13537 13538 13539
v 0.006874027196317911 -0.011882533319294453 6.356975390531261e-09
v 0.007499027065932751 -0.01205000001937151 -0.004999988712370396
v 0.006874027196317911 -0.011882533319294453 -0.004999988712370396
f 13540 13541 13542
v 0.006874027196317911 -0.011882533319294453 6.356975390531261e-09
v 0.006874027196317911 -0.011882533319294453 -0.004999988712370396
v 0.00641649542376399 -0.011425000615417957 6.356975390531261e-09
f 13543 13544 13545
v 0.00641649542376399 -0.011425000615417957 6.356975390531261e-09
v 0.006874027196317911 -0.011882533319294453 -0.004999988712370396
v 0.00641649542376399 -0.011425000615417957 -0.004999988712370396
f 13546 13547 13548
v 0.00641649542376399 -0.011425000615417957 6.356975390531261e-09
v 0.00641649542376399 -0.011425000615417957 -0.004999988712370396
v 0.006249026861041784 -0.010800001211464405 6.356975390531261e-09
f 13549 13550 13551
v 0.006249026861041784 -0.010800001211464405 6.356975390531261e-09
v 0.00641649542376399 -0.011425000615417957 -0.004999988712370396
v 0.006249026861041784 -0.010800001211464405 -0.004999988712370396
f 13552 13553 13554
v 0.006249026861041784 -0.010800001211464405 6.356975390531261e-09
v 0.006249026861041784 -0.010800001211464405 -0.004999988712370396
v 0.00641649542376399 -0.010175001807510853 6.356975390531261e-09
f 13555 13556 13557
v 0.00641649542376399 -0.010175001807510853 6.356975390531261e-09
v 0.006249026861041784 -0.010800001211464405 -0.004999988712370396
v 0.00641649542376399 -0.010175001807510853 -0.004999988712370396
f 13558 13559 13560
v 0.00641649542376399 -0.010175001807510853 6.356975390531261e-09
v 0.00641649542376399 -0.010175001807510853 -0.004999988712370396
v 0.006874027196317911 -0.009717469103634357 6.356975390531261e-09
f 13561 13562 13563
v 0.006874027196317911 -0.009717469103634357 6.356975390531261e-09
v 0.00641649542376399 -0.010175001807510853 -0.004999988712370396
v 0.006874027196317911 -0.009717469103634357 -0.004999988712370396
f 13564 13565 13566
v 0.006874027196317911 -0.009717469103634357 6.356975390531261e-09
v 0.006874027196317911 -0.009717469103634357 -0.004999988712370396
v 0.007499027065932751 -0.0095500024035573 6.356975390531261e-09
f 13567 13568 13569
v 0.007499027065932751 -0.0095500024035573 6.356975390531261e-09
v 0.006874027196317911 -0.009717469103634357 -0.004999988712370396
v 0.007499027065932751 -0.0095500024035573 -0.004999988712370396
f 13570 13571 13572
v -0.00750097306445241 0.009550000540912151 6.356975390531261e-09
v -0.00750097306445241 0.009550000540912151 -0.004999988712370396
v -0.008043327368795872 0.00967379193753004 6.356975390531261e-09
f 13573 13574 13575
v -0.008043327368795872 0.00967379193753004 6.356975390531261e-09
v -0.00750097306445241 0.009550000540912151 -0.004999988712370396
v -0.008043327368795872 0.00967379193753004 -0.004999988712370396
f 13576 13577 13578
v -0.008043327368795872 0.00967379193753004 6.356975390531261e-09
v -0.008043327368795872 0.00967379193753004 -0.004999988712370396
v -0.008478262461721897 0.010020638816058636 6.356975390531261e-09
f 13579 13580 13581
v -0.008478262461721897 0.010020638816058636 6.356975390531261e-09
v -0.008043327368795872 0.00967379193753004 -0.004999988712370396
v -0.008478262461721897 0.010020638816058636 -0.004999988712370396
f 13582 13583 13584
v -0.008478262461721897 0.010020638816058636 6.356975390531261e-09
v -0.008478262461721897 0.010020638816058636 -0.004999988712370396
v -0.00871963333338499 0.010521846823394299 6.356975390531261e-09
f 13585 13586 13587
v -0.00871963333338499 0.010521846823394299 6.356975390531261e-09
v -0.008478262461721897 0.010020638816058636 -0.004999988712370396
v -0.00871963333338499 0.010521846823394299 -0.004999988712370396
f 13588 13589 13590
v -0.00871963333338499 0.010521846823394299 6.356975390531261e-09
v -0.00871963333338499 0.010521846823394299 -0.004999988712370396
v -0.00871963333338499 0.011078151874244213 6.356975390531261e-09
f 13591 13592 13593
v -0.00871963333338499 0.011078151874244213 6.356975390531261e-09
v -0.00871963333338499 0.010521846823394299 -0.004999988712370396
v -0.00871963333338499 0.011078151874244213 -0.004999988712370396
f 13594 13595 13596
v -0.00871963333338499 0.011078151874244213 6.356975390531261e-09
v -0.00871963333338499 0.011078151874244213 -0.004999988712370396
v -0.008478262461721897 0.011579359881579876 6.356975390531261e-09
f 13597 13598 13599
v -0.008478262461721897 0.011579359881579876 6.356975390531261e-09
v -0.00871963333338499 0.011078151874244213 -0.004999988712370396
v -0.008478262461721897 0.011579359881579876 -0.004999988712370396
f 13600 13601 13602
v -0.008478262461721897 0.011579359881579876 6.356975390531261e-09
v -0.008478262461721897 0.011579359881579876 -0.004999988712370396
v -0.008043327368795872 0.011926214210689068 6.356975390531261e-09
f 13603 13604 13605
v -0.008043327368795872 0.011926214210689068 6.356975390531261e-09
v -0.008478262461721897 0.011579359881579876 -0.004999988712370396
v -0.008043327368795872 0.011926214210689068 -0.004999988712370396
f 13606 13607 13608
v -0.008043327368795872 0.011926214210689068 6.356975390531261e-09
v -0.008043327368795872 0.011926214210689068 -0.004999988712370396
v -0.00750097306445241 0.01204999815672636 6.356975390531261e-09
f 13609 13610 13611
v -0.00750097306445241 0.01204999815672636 6.356975390531261e-09
v -0.008043327368795872 0.011926214210689068 -0.004999988712370396
v -0.00750097306445241 0.01204999815672636 -0.004999988712370396
f 13612 13613 13614
v -0.00750097306445241 -0.01205000001937151 6.356975390531261e-09
v -0.00750097306445241 -0.01205000001937151 -0.004999988712370396
v -0.00812597293406725 -0.011882533319294453 6.356975390531261e-09
f 13615 13616 13617
v -0.00812597293406725 -0.011882533319294453 6.356975390531261e-09
v -0.00750097306445241 -0.01205000001937151 -0.004999988712370396
v -0.00812597293406725 -0.011882533319294453 -0.004999988712370396
f 13618 13619 13620
v -0.00812597293406725 -0.011882533319294453 6.356975390531261e-09
v -0.00812597293406725 -0.011882533319294453 -0.004999988712370396
v -0.00858350470662117 -0.011425000615417957 6.356975390531261e-09
f 13621 13622 13623
v -0.00858350470662117 -0.011425000615417957 6.356975390531261e-09
v -0.00812597293406725 -0.011882533319294453 -0.004999988712370396
v -0.00858350470662117 -0.011425000615417957 -0.004999988712370396
f 13624 13625 13626
v -0.00858350470662117 -0.011425000615417957 6.356975390531261e-09
v -0.00858350470662117 -0.011425000615417957 -0.004999988712370396
v -0.008750973269343376 -0.010800001211464405 6.356975390531261e-09
f 13627 13628 13629
v -0.008750973269343376 -0.010800001211464405 6.356975390531261e-09
v -0.00858350470662117 -0.011425000615417957 -0.004999988712370396
v -0.008750973269343376 -0.010800001211464405 -0.004999988712370396
f 13630 13631 13632
v -0.008750973269343376 -0.010800001211464405 6.356975390531261e-09
v -0.008750973269343376 -0.010800001211464405 -0.004999988712370396
v -0.00858350470662117 -0.010175001807510853 6.356975390531261e-09
f 13633 13634 13635
v -0.00858350470662117 -0.010175001807510853 6.356975390531261e-09
v -0.008750973269343376 -0.010800001211464405 -0.004999988712370396
v -0.00858350470662117 -0.010175001807510853 -0.004999988712370396
f 13636 13637 13638
v -0.00858350470662117 -0.010175001807510853 6.356975390531261e-09
v -0.00858350470662117 -0.010175001807510853 -0.004999988712370396
v -0.00812597293406725 -0.009717469103634357 6.356975390531261e-09
f 13639 13640 13641
v -0.00812597293406725 -0.009717469103634357 6.356975390531261e-09
v -0.00858350470662117 -0.010175001807510853 -0.004999988712370396
v -0.00812597293406725 -0.009717469103634357 -0.004999988712370396
f 13642 13643 13644
v -0.00812597293406725 -0.009717469103634357 6.356975390531261e-09
v -0.00812597293406725 -0.009717469103634357 -0.004999988712370396
v -0.00750097306445241 -0.0095500024035573 6.356975390531261e-09
f 13645 13646 13647
v -0.00750097306445241 -0.0095500024035573 6.356975390531261e-09
v -0.00812597293406725 -0.009717469103634357 -0.004999988712370396
v -0.00750097306445241 -0.0095500024035573 -0.004999988712370396
f 13648 13649 13650
v 0.007499027065932751 0.009550000540912151 6.356975390531261e-09
v 0.007499027065932751 0.009550000540912151 -0.004999988712370396
v 0.006874027196317911 0.009717467240989208 6.356975390531261e-09
f 13651 13652 13653
v 0.006874027196317911 0.009717467240989208 6.356975390531261e-09
v 0.007499027065932751 0.009550000540912151 -0.004999988712370396
v 0.006874027196317911 0.009717467240989208 -0.004999988712370396
f 13654 13655 13656
v 0.006874027196317911 0.009717467240989208 6.356975390531261e-09
v 0.006874027196317911 0.009717467240989208 -0.004999988712370396
v 0.00641649542376399 0.010174999944865704 6.356975390531261e-09
f 13657 13658 13659
v 0.00641649542376399 0.010174999944865704 6.356975390531261e-09
v 0.006874027196317911 0.009717467240989208 -0.004999988712370396
v 0.00641649542376399 0.010174999944865704 -0.004999988712370396
f 13660 13661 13662
v 0.00641649542376399 0.010174999944865704 6.356975390531261e-09
v 0.00641649542376399 0.010174999944865704 -0.004999988712370396
v 0.006249026861041784 0.010799999348819256 6.356975390531261e-09
f 13663 13664 13665
v 0.006249026861041784 0.010799999348819256 6.356975390531261e-09
v 0.00641649542376399 0.010174999944865704 -0.004999988712370396
v 0.006249026861041784 0.010799999348819256 -0.004999988712370396
f 13666 13667 13668
v 0.006249026861041784 0.010799999348819256 6.356975390531261e-09
v 0.006249026861041784 0.010799999348819256 -0.004999988712370396
v 0.00641649542376399 0.011424998752772808 6.356975390531261e-09
f 13669 13670 13671
v 0.00641649542376399 0.011424998752772808 6.356975390531261e-09
v 0.006249026861041784 0.010799999348819256 -0.004999988712370396
v 0.00641649542376399 0.011424998752772808 -0.004999988712370396
f 13672 13673 13674
v 0.00641649542376399 0.011424998752772808 6.356975390531261e-09
v 0.00641649542376399 0.011424998752772808 -0.004999988712370396
v 0.006874027196317911 0.011882531456649303 6.356975390531261e-09
f 13675 13676 13677
v 0.006874027196317911 0.011882531456649303 6.356975390531261e-09
v 0.00641649542376399 0.011424998752772808 -0.004999988712370396
v 0.006874027196317911 0.011882531456649303 -0.004999988712370396
f 13678 13679 13680
v 0.006874027196317911 0.011882531456649303 6.356975390531261e-09
v 0.006874027196317911 0.011882531456649303 -0.004999988712370396
v 0.007499027065932751 0.01204999815672636 6.356975390531261e-09
f 13681 13682 13683
v 0.007499027065932751 0.01204999815672636 6.356975390531261e-09
v 0.006874027196317911 0.011882531456649303 -0.004999988712370396
v 0.007499027065932751 0.01204999815672636 -0.004999988712370396
f 13684 13685 13686
v -0.01708139292895794 -0.007599559612572193 0.0020000103395432234
v -0.01708139292895794 -0.007599559612572193 6.356975390531261e-09
v -0.01561509259045124 -0.0075261639431118965 0.0020000103395432234
f 13687 13688 13689
v -0.01561509259045124 -0.0075261639431118965 0.0020000103395432234
v -0.01708139292895794 -0.007599559612572193 6.356975390531261e-09
v -0.01561509259045124 -0.0075261639431118965 6.356975390531261e-09
f 13690 13691 13692
v -0.01561509259045124 -0.0075261639431118965 0.0020000103395432234
v -0.01561509259045124 -0.0075261639431118965 6.356975390531261e-09
v -0.01419068593531847 -0.007881817407906055 0.0020000103395432234
f 13693 13694 13695
v -0.01419068593531847 -0.007881817407906055 0.0020000103395432234
v -0.01561509259045124 -0.0075261639431118965 6.356975390531261e-09
v -0.01419068593531847 -0.007881817407906055 6.356975390531261e-09
f 13696 13697 13698
v -0.01419068593531847 -0.007881817407906055 0.0020000103395432234
v -0.01419068593531847 -0.007881817407906055 6.356975390531261e-09
v -0.012930980883538723 -0.008635853417217731 0.0020000103395432234
f 13699 13700 13701
v -0.012930980883538723 -0.008635853417217731 0.0020000103395432234
v -0.01419068593531847 -0.007881817407906055 6.356975390531261e-09
v -0.012930980883538723 -0.008635853417217731 6.356975390531261e-09
f 13702 13703 13704
v -0.012930980883538723 -0.008635853417217731 0.0020000103395432234
v -0.012930980883538723 -0.008635853417217731 6.356975390531261e-09
v -0.011944585479795933 -0.00972325075417757 0.0020000103395432234
f 13705 13706 13707
v -0.011944585479795933 -0.00972325075417757 0.0020000103395432234
v -0.012930980883538723 -0.008635853417217731 6.356975390531261e-09
v -0.011944585479795933 -0.00972325075417757 6.356975390531261e-09
f 13708 13709 13710
v -0.011944585479795933 -0.00972325075417757 0.0020000103395432234
v -0.011944585479795933 -0.00972325075417757 6.356975390531261e-09
v -0.011316542513668537 -0.011050273664295673 0.0020000103395432234
f 13711 13712 13713
v -0.011316542513668537 -0.011050273664295673 0.0020000103395432234
v -0.011944585479795933 -0.00972325075417757 6.356975390531261e-09
v -0.011316542513668537 -0.011050273664295673 6.356975390531261e-09
f 13714 13715 13716
v -0.011316542513668537 -0.011050273664295673 0.0020000103395432234
v -0.011316542513668537 -0.011050273664295673 6.356975390531261e-09
v -0.011101000010967255 -0.012502496130764484 0.0020000103395432234
f 13717 13718 13719
v -0.011101000010967255 -0.012502496130764484 0.0020000103395432234
v -0.011316542513668537 -0.011050273664295673 6.356975390531261e-09
v -0.011101000010967255 -0.012502496130764484 6.356975390531261e-09
f 13720 13721 13722
