# Generated from R_link7_collision.STL
v -0.00033509815693832934 -0.00323636457324028 -0.1056608259677887
v -0.00033509815693832934 -0.00323636457324028 -0.10697600990533829
v -0.00033509815693832934 -0.010288435034453869 -0.10697600990533829
f 1 2 3
v -0.00033509815693832934 -0.00323636457324028 -0.1056608259677887
v -0.00033509815693832934 -0.010288435034453869 -0.10697600990533829
v -0.00033509815693832934 -0.010288435034453869 -0.1056608259677887
f 4 5 6
v -0.00033509815693832934 -0.00323636457324028 -0.10697600990533829
v -0.00033509815693832934 0.0038157054223120213 -0.10697600990533829
v -0.00033509815693832934 0.0038157054223120213 -0.10960638523101807
f 7 8 9
v -0.00033509815693832934 -0.010288435034453869 -0.10960638523101807
v -0.00033509815693832934 -0.010288435034453869 -0.10697600990533829
v -0.00033509815693832934 -0.00323636457324028 -0.10697600990533829
f 10 11 12
v -0.00033509815693832934 0.0038157054223120213 -0.10960638523101807
v -0.00033509815693832934 -0.010288435034453869 -0.10960638523101807
v -0.00033509815693832934 -0.00323636457324028 -0.10697600990533829
f 13 14 15
v -0.00033509815693832934 -0.010288435034453869 -0.10697600990533829
v -0.00033509815693832934 -0.010288435034453869 -0.10960638523101807
v -0.00033509815693832934 -0.02439257502555847 -0.10960638523101807
f 16 17 18
v -0.00033509815693832934 -0.010288435034453869 -0.10697600990533829
v -0.00033509815693832934 -0.02439257502555847 -0.10960638523101807
v -0.00033509815693832934 -0.02439257502555847 -0.10697600990533829
f 19 20 21
v -0.00033509815693832934 -0.02439257502555847 -0.10960638523101807
v -0.00033509815693832934 -0.02439257502555847 -0.11223676055669785
v -0.00033509815693832934 -0.0384967140853405 -0.11223676055669785
f 22 23 24
v -0.00033509815693832934 -0.02439257502555847 -0.10960638523101807
v -0.00033509815693832934 -0.0384967140853405 -0.11223676055669785
v -0.00033509815693832934 -0.0384967140853405 -0.10960638523101807
f 25 26 27
v -0.00033509815693832934 -0.02439257502555847 -0.10697600990533829
v -0.00033509815693832934 -0.02439257502555847 -0.10960638523101807
v -0.00033509815693832934 -0.0384967140853405 -0.10960638523101807
f 28 29 30
v -0.00033509815693832934 -0.02439257502555847 -0.10697600990533829
v -0.00033509815693832934 -0.0384967140853405 -0.10960638523101807
v -0.00033509815693832934 -0.0384967140853405 -0.10697600990533829
f 31 32 33
v -0.00033509815693832934 0.060232266783714294 -0.10697600990533829
v -0.00033509815693832934 0.060232266783714294 -0.10960638523101807
v -0.00033509815693832934 0.046128127723932266 -0.10960638523101807
f 34 35 36
v -0.00033509815693832934 0.060232266783714294 -0.10697600990533829
v -0.00033509815693832934 0.046128127723932266 -0.10960638523101807
v -0.00033509815693832934 0.046128127723932266 -0.10697600990533829
f 37 38 39
v -0.00033509815693832934 0.046128127723932266 -0.10697600990533829
v -0.00033509815693832934 0.046128127723932266 -0.10960638523101807
v -0.00033509815693832934 0.03202398493885994 -0.10960638523101807
f 40 41 42
v -0.00033509815693832934 0.03202398493885994 -0.10960638523101807
v -0.00033509815693832934 0.01791984587907791 -0.10960638523101807
v -0.00033509815693832934 0.01791984587907791 -0.10697600990533829
f 43 44 45
v -0.00033509815693832934 0.01791984587907791 -0.10697600990533829
v -0.00033509815693832934 0.01791984587907791 -0.10960638523101807
v -0.00033509815693832934 0.0038157054223120213 -0.10960638523101807
f 46 47 48
v -0.00033509815693832934 0.01791984587907791 -0.10697600990533829
v -0.00033509815693832934 0.0038157054223120213 -0.10960638523101807
v -0.00033509815693832934 0.0038157054223120213 -0.10697600990533829
f 49 50 51
v -0.00033509815693832934 0.10254468768835068 -0.10697600990533829
v -0.00033509815693832934 0.10254468768835068 -0.10960638523101807
v -0.00033509815693832934 0.08844054490327835 -0.10960638523101807
f 52 53 54
v -0.00033509815693832934 0.10254468768835068 -0.10697600990533829
v -0.00033509815693832934 0.08844054490327835 -0.10960638523101807
v -0.00033509815693832934 0.08844054490327835 -0.10697600990533829
f 55 56 57
v -0.00033509815693832934 0.10254468768835068 -0.10960638523101807
v -0.00033509815693832934 0.10254468768835068 -0.11223676055669785
v -0.00033509815693832934 0.08844054490327835 -0.11223676055669785
f 58 59 60
v -0.00033509815693832934 0.10254468768835068 -0.10960638523101807
v -0.00033509815693832934 0.08844054490327835 -0.11223676055669785
v -0.00033509815693832934 0.08844054490327835 -0.10960638523101807
f 61 62 63
v -0.00033509815693832934 0.08844054490327835 -0.10697600990533829
v -0.00033509815693832934 0.08844054490327835 -0.10960638523101807
v -0.00033509815693832934 0.07433640956878662 -0.10960638523101807
f 64 65 66
v -0.00033509815693832934 0.08844054490327835 -0.10697600990533829
v -0.00033509815693832934 0.07433640956878662 -0.10960638523101807
v -0.00033509815693832934 0.07433640956878662 -0.10697600990533829
f 67 68 69
v -0.00033509815693832934 0.06728433817625046 -0.10697600990533829
v -0.00033509815693832934 0.07433640956878662 -0.10697600990533829
v -0.00033509815693832934 0.07433640956878662 -0.10960638523101807
f 70 71 72
v -0.00033509815693832934 0.060232266783714294 -0.10960638523101807
v -0.00033509815693832934 0.060232266783714294 -0.10697600990533829
v -0.00033509815693832934 0.06728433817625046 -0.10697600990533829
f 73 74 75
v -0.00033509815693832934 0.07433640956878662 -0.10960638523101807
v -0.00033509815693832934 0.060232266783714294 -0.10960638523101807
v -0.00033509815693832934 0.06728433817625046 -0.10697600990533829
f 76 77 78
v -0.00033509815693832934 0.07433640956878662 -0.1056608259677887
v -0.00033509815693832934 0.07433640956878662 -0.10697600990533829
v -0.00033509815693832934 0.06728433817625046 -0.10697600990533829
f 79 80 81
v -0.00033509815693832934 0.07433640956878662 -0.1056608259677887
v -0.00033509815693832934 0.06728433817625046 -0.10697600990533829
v -0.00033509815693832934 0.06728433817625046 -0.1056608259677887
f 82 83 84
v -0.00033509815693832934 -0.02842232957482338 -0.11486712843179703
v -0.00033509815693832934 -0.05260085687041283 -0.11486712843179703
v -0.00033509815693832934 -0.0384967140853405 -0.11223676055669785
f 85 86 87
v -0.00033509815693832934 -0.05260085687041283 -0.10960638523101807
v -0.00033509815693832934 -0.0384967140853405 -0.11223676055669785
v -0.00033509815693832934 -0.05260085687041283 -0.11486712843179703
f 88 89 90
v -0.00033509815693832934 -0.02439257502555847 -0.11223676055669785
v -0.00033509815693832934 -0.02842232957482338 -0.11486712843179703
v -0.00033509815693832934 -0.0384967140853405 -0.11223676055669785
f 91 92 93
v -0.00033509815693832934 0.019934723153710365 -0.11486712843179703
v -0.00033509815693832934 -0.004243803210556507 -0.11486712843179703
v -0.00033509815693832934 0.0038157054223120213 -0.10960638523101807
f 94 95 96
v -0.00033509815693832934 0.019934723153710365 -0.11486712843179703
v -0.00033509815693832934 0.0038157054223120213 -0.10960638523101807
v -0.00033509815693832934 0.01791984587907791 -0.10960638523101807
f 97 98 99
v -0.00033509815693832934 -0.02842232957482338 -0.11486712843179703
v -0.00033509815693832934 -0.02439257502555847 -0.11223676055669785
v -0.00033509815693832934 -0.004243803210556507 -0.11486712843179703
f 100 101 102
v -0.00033509815693832934 -0.02439257502555847 -0.11223676055669785
v -0.00033509815693832934 -0.010288435034453869 -0.10960638523101807
v -0.00033509815693832934 -0.004243803210556507 -0.11486712843179703
f 103 104 105
v -0.00033509815693832934 -0.0384967140853405 -0.10960638523101807
v -0.00033509815693832934 -0.05260085687041283 -0.10960638523101807
v -0.00033509815693832934 -0.0384967140853405 -0.10697600990533829
f 106 107 108
v -0.00033509815693832934 -0.05260085687041283 -0.1043456420302391
v -0.00033509815693832934 -0.0384967140853405 -0.10697600990533829
v -0.00033509815693832934 -0.05260085687041283 -0.10960638523101807
f 109 110 111
v -0.00033509815693832934 -0.0384967140853405 -0.11223676055669785
v -0.00033509815693832934 -0.05260085687041283 -0.10960638523101807
v -0.00033509815693832934 -0.0384967140853405 -0.10960638523101807
f 112 113 114
v -0.00033509815693832934 -0.02439257502555847 -0.11223676055669785
v -0.00033509815693832934 -0.02439257502555847 -0.10960638523101807
v -0.00033509815693832934 -0.010288435034453869 -0.10960638523101807
f 115 116 117
v -0.00033509815693832934 -0.004243803210556507 -0.11486712843179703
v -0.00033509815693832934 -0.010288435034453869 -0.10960638523101807
v -0.00033509815693832934 0.0038157054223120213 -0.10960638523101807
f 118 119 120
v -0.00033509815693832934 0.03202398493885994 -0.10960638523101807
v -0.00033509815693832934 0.019934723153710365 -0.11486712843179703
v -0.00033509815693832934 0.01791984587907791 -0.10960638523101807
f 121 122 123
v -0.00033509815693832934 0.08844054490327835 -0.11223676055669785
v -0.00033509815693832934 0.06829177588224411 -0.11486712843179703
v -0.00033509815693832934 0.07433640956878662 -0.10960638523101807
f 124 125 126
v -0.00033509815693832934 0.06829177588224411 -0.11486712843179703
v -0.00033509815693832934 0.04411324858665466 -0.11486712843179703
v -0.00033509815693832934 0.046128127723932266 -0.10960638523101807
f 127 128 129
v -0.00033509815693832934 0.06829177588224411 -0.11486712843179703
v -0.00033509815693832934 0.046128127723932266 -0.10960638523101807
v -0.00033509815693832934 0.060232266783714294 -0.10960638523101807
f 130 131 132
v -0.00033509815693832934 0.09247030317783356 -0.11486712843179703
v -0.00033509815693832934 0.06829177588224411 -0.11486712843179703
v -0.00033509815693832934 0.08844054490327835 -0.11223676055669785
f 133 134 135
v -0.00033509815693832934 0.116648830473423 -0.11486712843179703
v -0.00033509815693832934 0.09247030317783356 -0.11486712843179703
v -0.00033509815693832934 0.10254468768835068 -0.11223676055669785
f 136 137 138
v -0.00033509815693832934 0.08844054490327835 -0.11223676055669785
v -0.00033509815693832934 0.10254468768835068 -0.11223676055669785
v -0.00033509815693832934 0.09247030317783356 -0.11486712843179703
f 139 140 141
v -0.00033509815693832934 0.116648830473423 -0.10960638523101807
v -0.00033509815693832934 0.116648830473423 -0.11486712843179703
v -0.00033509815693832934 0.10254468768835068 -0.11223676055669785
f 142 143 144
v -0.00033509815693832934 0.04411324858665466 -0.11486712843179703
v -0.00033509815693832934 0.03202398493885994 -0.10960638523101807
v -0.00033509815693832934 0.046128127723932266 -0.10960638523101807
f 145 146 147
v -0.00033509815693832934 0.08844054490327835 -0.11223676055669785
v -0.00033509815693832934 0.07433640956878662 -0.10960638523101807
v -0.00033509815693832934 0.08844054490327835 -0.10960638523101807
f 148 149 150
v -0.00033509815693832934 0.10254468768835068 -0.11223676055669785
v -0.00033509815693832934 0.10254468768835068 -0.10960638523101807
v -0.00033509815693832934 0.116648830473423 -0.10960638523101807
f 151 152 153
v -0.00033509815693832934 0.10254468768835068 -0.10960638523101807
v -0.00033509815693832934 0.10254468768835068 -0.10697600990533829
v -0.00033509815693832934 0.116648830473423 -0.10960638523101807
f 154 155 156
v -0.00033509815693832934 0.06829177588224411 -0.11486712843179703
v -0.00033509815693832934 0.060232266783714294 -0.10960638523101807
v -0.00033509815693832934 0.07433640956878662 -0.10960638523101807
f 157 158 159
v -0.00033509815693832934 0.03202398493885994 -0.10960638523101807
v -0.00033509815693832934 0.04411324858665466 -0.11486712843179703
v -0.00033509815693832934 0.019934723153710365 -0.11486712843179703
f 160 161 162
v -0.00033509815693832934 -0.00323636457324028 -0.10697600990533829
v -0.00033509815693832934 0.0023631665389984846 -0.10663498938083649
v -0.00033509815693832934 0.0038157054223120213 -0.10697600990533829
f 163 164 165
v -0.00033509815693832934 0.01791984587907791 -0.10697600990533829
v -0.00033509815693832934 0.0023631665389984846 -0.10663498938083649
v -0.00033509815693832934 0.03185603767633438 -0.10663498938083649
f 166 167 168
v -0.00033509815693832934 0.01791984587907791 -0.10697600990533829
v -0.00033509815693832934 0.0038157054223120213 -0.10697600990533829
v -0.00033509815693832934 0.0023631665389984846 -0.10663498938083649
f 169 170 171
v -0.00033509815693832934 0.03202398493885994 -0.10960638523101807
v -0.00033509815693832934 0.03185603767633438 -0.10663498938083649
v -0.00033509815693832934 0.046128127723932266 -0.10697600990533829
f 172 173 174
v -0.00033509815693832934 -0.010288435034453869 -0.1056608259677887
v -0.00033509815693832934 -0.010288435034453869 -0.10697600990533829
v -0.00033509815693832934 -0.02439257502555847 -0.10697600990533829
f 175 176 177
v -0.00033509815693832934 -0.034279514104127884 -0.1043456420302391
v -0.00033509815693832934 -0.01595817320048809 -0.1043456420302391
v -0.00033509815693832934 -0.02439257502555847 -0.10697600990533829
f 178 179 180
v -0.00033509815693832934 -0.034279514104127884 -0.1043456420302391
v -0.00033509815693832934 -0.02439257502555847 -0.10697600990533829
v -0.00033509815693832934 -0.0384967140853405 -0.10697600990533829
f 181 182 183
v -0.00033509815693832934 -0.02439257502555847 -0.10697600990533829
v -0.00033509815693832934 -0.01595817320048809 -0.1043456420302391
v -0.00033509815693832934 -0.010288435034453869 -0.1056608259677887
f 184 185 186
v -0.00033509815693832934 0.0023631665389984846 -0.10663498938083649
v -0.00033509815693832934 -0.00323636457324028 -0.10697600990533829
v -0.00033509815693832934 -0.00323636457324028 -0.1056608259677887
f 187 188 189
v -0.00033509815693832934 0.0023631665389984846 -0.10663498938083649
v -0.00033509815693832934 -0.00323636457324028 -0.1056608259677887
v -0.00033509815693832934 0.0023631665389984846 -0.1043456420302391
f 190 191 192
v -0.00033509815693832934 -0.010288435034453869 -0.1056608259677887
v -0.00033509815693832934 0.0023631665389984846 -0.1043456420302391
v -0.00033509815693832934 -0.00323636457324028 -0.1056608259677887
f 193 194 195
v -0.00033509815693832934 0.0023631665389984846 -0.1043456420302391
v -0.00033509815693832934 -0.010288435034453869 -0.1056608259677887
v -0.00033509815693832934 -0.01595817320048809 -0.1043456420302391
f 196 197 198
v -0.00033509815693832934 -0.034279514104127884 -0.1043456420302391
v -0.00033509815693832934 -0.0384967140853405 -0.10697600990533829
v -0.00033509815693832934 -0.05260085687041283 -0.1043456420302391
f 199 200 201
v -0.00033509815693832934 0.06134890764951706 -0.10663498938083649
v -0.00033509815693832934 0.060232266783714294 -0.10697600990533829
v -0.00033509815693832934 0.046128127723932266 -0.10697600990533829
f 202 203 204
v -0.00033509815693832934 0.06134890764951706 -0.10663498938083649
v -0.00033509815693832934 0.06728433817625046 -0.10697600990533829
v -0.00033509815693832934 0.060232266783714294 -0.10697600990533829
f 205 206 207
v -0.00033509815693832934 0.07433640956878662 -0.1056608259677887
v -0.00033509815693832934 0.08844054490327835 -0.10697600990533829
v -0.00033509815693832934 0.07433640956878662 -0.10697600990533829
f 208 209 210
v -0.00033509815693832934 0.09821552038192749 -0.1043456420302391
v -0.00033509815693832934 0.10254468768835068 -0.10697600990533829
v -0.00033509815693832934 0.08844054490327835 -0.10697600990533829
f 211 212 213
v -0.00033509815693832934 0.06728433817625046 -0.1056608259677887
v -0.00033509815693832934 0.06134890764951706 -0.10663498938083649
v -0.00033509815693832934 0.06134890764951706 -0.1043456420302391
f 214 215 216
v -0.00033509815693832934 0.03185603767633438 -0.10663498938083649
v -0.00033509815693832934 0.06134890764951706 -0.10663498938083649
v -0.00033509815693832934 0.046128127723932266 -0.10697600990533829
f 217 218 219
v -0.00033509815693832934 0.06134890764951706 -0.1043456420302391
v -0.00033509815693832934 0.07978221029043198 -0.1043456420302391
v -0.00033509815693832934 0.07433640956878662 -0.1056608259677887
f 220 221 222
v -0.00033509815693832934 0.06134890764951706 -0.1043456420302391
v -0.00033509815693832934 0.07433640956878662 -0.1056608259677887
v -0.00033509815693832934 0.06728433817625046 -0.1056608259677887
f 223 224 225
v -0.00033509815693832934 0.08844054490327835 -0.10697600990533829
v -0.00033509815693832934 0.07978221029043198 -0.1043456420302391
v -0.00033509815693832934 0.09821552038192749 -0.1043456420302391
f 226 227 228
v -0.00033509815693832934 0.09821552038192749 -0.1043456420302391
v -0.00033509815693832934 0.116648830473423 -0.1043456420302391
v -0.00033509815693832934 0.10254468768835068 -0.10697600990533829
f 229 230 231
v -0.00033509815693832934 0.08844054490327835 -0.10697600990533829
v -0.00033509815693832934 0.07433640956878662 -0.1056608259677887
v -0.00033509815693832934 0.07978221029043198 -0.1043456420302391
f 232 233 234
v -0.00033509815693832934 0.06728433817625046 -0.1056608259677887
v -0.00033509815693832934 0.06728433817625046 -0.10697600990533829
v -0.00033509815693832934 0.06134890764951706 -0.10663498938083649
f 235 236 237
v -0.00033509815693832934 0.116648830473423 -0.10960638523101807
v -0.00033509815693832934 0.10254468768835068 -0.10697600990533829
v -0.00033509815693832934 0.116648830473423 -0.1043456420302391
f 238 239 240
v -0.00033509815693832934 0.01791984587907791 -0.10697600990533829
v -0.00033509815693832934 0.03185603767633438 -0.10663498938083649
v -0.00033509815693832934 0.03202398493885994 -0.10960638523101807
f 241 242 243
v -0.00033509815693832934 0.07978221029043198 -0.1043456420302391
v -0.00033509815693832934 0.06134890764951706 -0.1043456420302391
v 0.005485234782099724 0.060768891125917435 -0.1043456420302391
f 244 245 246
v -0.00033509815693832934 0.07978221029043198 -0.1043456420302391
v 0.005485234782099724 0.060768891125917435 -0.1043456420302391
v 0.005485234782099724 0.07939553260803223 -0.1043456420302391
f 247 248 249
v -0.00033509815693832934 0.116648830473423 -0.1043456420302391
v -0.00033509815693832934 0.09821552038192749 -0.1043456420302391
v 0.005485234782099724 0.09802218526601791 -0.1043456420302391
f 250 251 252
v -0.00033509815693832934 0.116648830473423 -0.1043456420302391
v 0.005485234782099724 0.09802218526601791 -0.1043456420302391
v 0.005485234782099724 0.116648830473423 -0.1043456420302391
f 253 254 255
v -0.00033509815693832934 0.09821552038192749 -0.1043456420302391
v -0.00033509815693832934 0.07978221029043198 -0.1043456420302391
v 0.005485234782099724 0.07939553260803223 -0.1043456420302391
f 256 257 258
v -0.00033509815693832934 0.09821552038192749 -0.1043456420302391
v 0.005485234782099724 0.07939553260803223 -0.1043456420302391
v 0.005485234782099724 0.09802218526601791 -0.1043456420302391
f 259 260 261
v 0.005485234782099724 -0.00323636457324028 -0.10697600990533829
v 0.005485234782099724 -0.010288435034453869 -0.10697600990533829
v 0.005485234782099724 -0.010288435034453869 -0.10960638523101807
f 262 263 264
v 0.005485234782099724 0.0038157054223120213 -0.10960638523101807
v 0.005485234782099724 0.0038157054223120213 -0.10697600990533829
v 0.005485234782099724 -0.00323636457324028 -0.10697600990533829
f 265 266 267
v 0.005485234782099724 -0.010288435034453869 -0.10960638523101807
v 0.005485234782099724 0.0038157054223120213 -0.10960638523101807
v 0.005485234782099724 -0.00323636457324028 -0.10697600990533829
f 268 269 270
v 0.005485234782099724 -0.00323636457324028 -0.10697600990533829
v 0.005485234782099724 -0.00323636457324028 -0.1056608259677887
v 0.005485234782099724 -0.010288435034453869 -0.1056608259677887
f 271 272 273
v 0.005485234782099724 -0.00323636457324028 -0.10697600990533829
v 0.005485234782099724 -0.010288435034453869 -0.1056608259677887
v 0.005485234782099724 -0.010288435034453869 -0.10697600990533829
f 274 275 276
v 0.005485234782099724 -0.010288435034453869 -0.10960638523101807
v 0.005485234782099724 -0.010288435034453869 -0.10697600990533829
v 0.005485234782099724 -0.02439257502555847 -0.10697600990533829
f 277 278 279
v 0.005485234782099724 -0.010288435034453869 -0.10960638523101807
v 0.005485234782099724 -0.02439257502555847 -0.10697600990533829
v 0.005485234782099724 -0.02439257502555847 -0.10960638523101807
f 280 281 282
v 0.005485234782099724 -0.02439257502555847 -0.10960638523101807
v 0.005485234782099724 -0.02439257502555847 -0.10697600990533829
v 0.005485234782099724 -0.0384967140853405 -0.10697600990533829
f 283 284 285
v 0.005485234782099724 -0.02439257502555847 -0.10960638523101807
v 0.005485234782099724 -0.0384967140853405 -0.10697600990533829
v 0.005485234782099724 -0.0384967140853405 -0.10960638523101807
f 286 287 288
v 0.005485234782099724 -0.02439257502555847 -0.11223676055669785
v 0.005485234782099724 -0.02439257502555847 -0.10960638523101807
v 0.005485234782099724 -0.0384967140853405 -0.10960638523101807
f 289 290 291
v 0.005485234782099724 -0.02439257502555847 -0.11223676055669785
v 0.005485234782099724 -0.0384967140853405 -0.10960638523101807
v 0.005485234782099724 -0.0384967140853405 -0.11223676055669785
f 292 293 294
v 0.005485234782099724 0.060232266783714294 -0.10960638523101807
v 0.005485234782099724 0.060232266783714294 -0.10697600990533829
v 0.005485234782099724 0.046128127723932266 -0.10697600990533829
f 295 296 297
v 0.005485234782099724 0.060232266783714294 -0.10960638523101807
v 0.005485234782099724 0.046128127723932266 -0.10697600990533829
v 0.005485234782099724 0.046128127723932266 -0.10960638523101807
f 298 299 300
v 0.005485234782099724 0.01791984587907791 -0.10960638523101807
v 0.005485234782099724 0.01791984587907791 -0.10697600990533829
v 0.005485234782099724 0.0038157054223120213 -0.10697600990533829
f 301 302 303
v 0.005485234782099724 0.01791984587907791 -0.10960638523101807
v 0.005485234782099724 0.0038157054223120213 -0.10697600990533829
v 0.005485234782099724 0.0038157054223120213 -0.10960638523101807
f 304 305 306
v 0.005485234782099724 0.10254468768835068 -0.11223676055669785
v 0.005485234782099724 0.10254468768835068 -0.10960638523101807
v 0.005485234782099724 0.08844054490327835 -0.10960638523101807
f 307 308 309
v 0.005485234782099724 0.10254468768835068 -0.11223676055669785
v 0.005485234782099724 0.08844054490327835 -0.10960638523101807
v 0.005485234782099724 0.08844054490327835 -0.11223676055669785
f 310 311 312
v 0.005485234782099724 0.10254468768835068 -0.10960638523101807
v 0.005485234782099724 0.10254468768835068 -0.10697600990533829
v 0.005485234782099724 0.08844054490327835 -0.10697600990533829
f 313 314 315
v 0.005485234782099724 0.10254468768835068 -0.10960638523101807
v 0.005485234782099724 0.08844054490327835 -0.10697600990533829
v 0.005485234782099724 0.08844054490327835 -0.10960638523101807
f 316 317 318
v 0.005485234782099724 0.08844054490327835 -0.10960638523101807
v 0.005485234782099724 0.08844054490327835 -0.10697600990533829
v 0.005485234782099724 0.07433640956878662 -0.10697600990533829
f 319 320 321
v 0.005485234782099724 0.08844054490327835 -0.10960638523101807
v 0.005485234782099724 0.07433640956878662 -0.10697600990533829
v 0.005485234782099724 0.07433640956878662 -0.10960638523101807
f 322 323 324
v 0.005485234782099724 0.07433640956878662 -0.10697600990533829
v 0.005485234782099724 0.07433640956878662 -0.1056608259677887
v 0.005485234782099724 0.06728433817625046 -0.1056608259677887
f 325 326 327
v 0.005485234782099724 0.07433640956878662 -0.10697600990533829
v 0.005485234782099724 0.06728433817625046 -0.1056608259677887
v 0.005485234782099724 0.06728433817625046 -0.10697600990533829
f 328 329 330
v 0.005485234782099724 0.06728433817625046 -0.10697600990533829
v 0.005485234782099724 0.060232266783714294 -0.10697600990533829
v 0.005485234782099724 0.060232266783714294 -0.10960638523101807
f 331 332 333
v 0.005485234782099724 0.07433640956878662 -0.10960638523101807
v 0.005485234782099724 0.07433640956878662 -0.10697600990533829
v 0.005485234782099724 0.06728433817625046 -0.10697600990533829
f 334 335 336
v 0.005485234782099724 0.060232266783714294 -0.10960638523101807
v 0.005485234782099724 0.07433640956878662 -0.10960638523101807
v 0.005485234782099724 0.06728433817625046 -0.10697600990533829
f 337 338 339
v 0.005485234782099724 -0.015571496449410915 -0.1043456420302391
v 0.005485234782099724 -0.03408617526292801 -0.1043456420302391
v 0.005485234782099724 -0.0384967140853405 -0.10697600990533829
f 340 341 342
v 0.005485234782099724 -0.015571496449410915 -0.1043456420302391
v 0.005485234782099724 -0.0384967140853405 -0.10697600990533829
v 0.005485234782099724 -0.02439257502555847 -0.10697600990533829
f 343 344 345
v 0.005485234782099724 -0.02439257502555847 -0.10697600990533829
v 0.005485234782099724 -0.010288435034453869 -0.1056608259677887
v 0.005485234782099724 -0.015571496449410915 -0.1043456420302391
f 346 347 348
v 0.005485234782099724 0.0029431830625981092 -0.1043456420302391
v 0.005485234782099724 -0.015571496449410915 -0.1043456420302391
v 0.005485234782099724 -0.010288435034453869 -0.1056608259677887
f 349 350 351
v 0.005485234782099724 0.0029431830625981092 -0.1043456420302391
v 0.005485234782099724 -0.010288435034453869 -0.1056608259677887
v 0.005485234782099724 -0.00323636457324028 -0.1056608259677887
f 352 353 354
v 0.005485234782099724 0.0029431830625981092 -0.10663498938083649
v 0.005485234782099724 0.0029431830625981092 -0.1043456420302391
v 0.005485234782099724 -0.00323636457324028 -0.1056608259677887
f 355 356 357
v 0.005485234782099724 -0.0384967140853405 -0.10697600990533829
v 0.005485234782099724 -0.03408617526292801 -0.1043456420302391
v 0.005485234782099724 -0.05260085687041283 -0.1043456420302391
f 358 359 360
v 0.005485234782099724 -0.02439257502555847 -0.10697600990533829
v 0.005485234782099724 -0.010288435034453869 -0.10697600990533829
v 0.005485234782099724 -0.010288435034453869 -0.1056608259677887
f 361 362 363
v 0.005485234782099724 0.0038157054223120213 -0.10697600990533829
v 0.005485234782099724 0.0029431830625981092 -0.10663498938083649
v 0.005485234782099724 -0.00323636457324028 -0.10697600990533829
f 364 365 366
v 0.005485234782099724 -0.00323636457324028 -0.10697600990533829
v 0.005485234782099724 0.0029431830625981092 -0.10663498938083649
v 0.005485234782099724 -0.00323636457324028 -0.1056608259677887
f 367 368 369
v 0.005485234782099724 0.0029431830625981092 -0.10663498938083649
v 0.005485234782099724 0.0038157054223120213 -0.10697600990533829
v 0.005485234782099724 0.01791984587907791 -0.10697600990533829
f 370 371 372
v 0.005485234782099724 0.0029431830625981092 -0.10663498938083649
v 0.005485234782099724 0.01791984587907791 -0.10697600990533829
v 0.005485234782099724 0.02221841923892498 -0.10663498938083649
f 373 374 375
v 0.005485234782099724 -0.0384967140853405 -0.10697600990533829
v 0.005485234782099724 -0.05260085687041283 -0.1043456420302391
v 0.005485234782099724 -0.05260085687041283 -0.10960638523101807
f 376 377 378
v 0.005485234782099724 0.07939553260803223 -0.1043456420302391
v 0.005485234782099724 0.060768891125917435 -0.1043456420302391
v 0.005485234782099724 0.06728433817625046 -0.1056608259677887
f 379 380 381
v 0.005485234782099724 0.07939553260803223 -0.1043456420302391
v 0.005485234782099724 0.06728433817625046 -0.1056608259677887
v 0.005485234782099724 0.07433640956878662 -0.1056608259677887
f 382 383 384
v 0.005485234782099724 0.060768891125917435 -0.10663498938083649
v 0.005485234782099724 0.06728433817625046 -0.1056608259677887
v 0.005485234782099724 0.060768891125917435 -0.1043456420302391
f 385 386 387
v 0.005485234782099724 0.09802218526601791 -0.1043456420302391
v 0.005485234782099724 0.07939553260803223 -0.1043456420302391
v 0.005485234782099724 0.08844054490327835 -0.10697600990533829
f 388 389 390
v 0.005485234782099724 0.09802218526601791 -0.1043456420302391
v 0.005485234782099724 0.08844054490327835 -0.10697600990533829
v 0.005485234782099724 0.10254468768835068 -0.10697600990533829
f 391 392 393
v 0.005485234782099724 0.116648830473423 -0.1043456420302391
v 0.005485234782099724 0.09802218526601791 -0.1043456420302391
v 0.005485234782099724 0.10254468768835068 -0.10697600990533829
f 394 395 396
v 0.005485234782099724 0.07939553260803223 -0.1043456420302391
v 0.005485234782099724 0.07433640956878662 -0.1056608259677887
v 0.005485234782099724 0.08844054490327835 -0.10697600990533829
f 397 398 399
v 0.005485234782099724 0.04149365425109863 -0.10663498938083649
v 0.005485234782099724 0.02221841923892498 -0.10663498938083649
v 0.005485234782099724 0.01791984587907791 -0.10960638523101807
f 400 401 402
v 0.005485234782099724 0.046128127723932266 -0.10960638523101807
v 0.005485234782099724 0.046128127723932266 -0.10697600990533829
v 0.005485234782099724 0.04149365425109863 -0.10663498938083649
f 403 404 405
v 0.005485234782099724 0.06728433817625046 -0.10697600990533829
v 0.005485234782099724 0.060768891125917435 -0.10663498938083649
v 0.005485234782099724 0.060232266783714294 -0.10697600990533829
f 406 407 408
v 0.005485234782099724 0.046128127723932266 -0.10697600990533829
v 0.005485234782099724 0.060232266783714294 -0.10697600990533829
v 0.005485234782099724 0.060768891125917435 -0.10663498938083649
f 409 410 411
v 0.005485234782099724 0.060768891125917435 -0.10663498938083649
v 0.005485234782099724 0.06728433817625046 -0.10697600990533829
v 0.005485234782099724 0.06728433817625046 -0.1056608259677887
f 412 413 414
v 0.005485234782099724 0.046128127723932266 -0.10697600990533829
v 0.005485234782099724 0.060768891125917435 -0.10663498938083649
v 0.005485234782099724 0.04149365425109863 -0.10663498938083649
f 415 416 417
v 0.005485234782099724 0.08844054490327835 -0.10697600990533829
v 0.005485234782099724 0.07433640956878662 -0.1056608259677887
v 0.005485234782099724 0.07433640956878662 -0.10697600990533829
f 418 419 420
v 0.005485234782099724 0.01791984587907791 -0.10697600990533829
v 0.005485234782099724 0.01791984587907791 -0.10960638523101807
v 0.005485234782099724 0.02221841923892498 -0.10663498938083649
f 421 422 423
v 0.005485234782099724 -0.0384967140853405 -0.11223676055669785
v 0.005485234782099724 -0.0384967140853405 -0.10960638523101807
v 0.005485234782099724 -0.05260085687041283 -0.10960638523101807
f 424 425 426
v 0.005485234782099724 -0.004243803210556507 -0.11486712843179703
v 0.005485234782099724 0.0038157054223120213 -0.10960638523101807
v 0.005485234782099724 -0.010288435034453869 -0.10960638523101807
f 427 428 429
v 0.005485234782099724 0.019934723153710365 -0.11486712843179703
v 0.005485234782099724 0.01791984587907791 -0.10960638523101807
v 0.005485234782099724 0.0038157054223120213 -0.10960638523101807
f 430 431 432
v 0.005485234782099724 -0.010288435034453869 -0.10960638523101807
v 0.005485234782099724 -0.02439257502555847 -0.10960638523101807
v 0.005485234782099724 -0.02439257502555847 -0.11223676055669785
f 433 434 435
v 0.005485234782099724 0.04149365425109863 -0.10663498938083649
v 0.005485234782099724 0.01791984587907791 -0.10960638523101807
v 0.005485234782099724 0.046128127723932266 -0.10960638523101807
f 436 437 438
v 0.005485234782099724 -0.02842232957482338 -0.11486712843179703
v 0.005485234782099724 -0.0384967140853405 -0.11223676055669785
v 0.005485234782099724 -0.05260085687041283 -0.11486712843179703
f 439 440 441
v 0.005485234782099724 -0.05260085687041283 -0.10960638523101807
v 0.005485234782099724 -0.05260085687041283 -0.11486712843179703
v 0.005485234782099724 -0.0384967140853405 -0.11223676055669785
f 442 443 444
v 0.005485234782099724 -0.02439257502555847 -0.11223676055669785
v 0.005485234782099724 -0.0384967140853405 -0.11223676055669785
v 0.005485234782099724 -0.02842232957482338 -0.11486712843179703
f 445 446 447
v 0.005485234782099724 0.0038157054223120213 -0.10960638523101807
v 0.005485234782099724 -0.004243803210556507 -0.11486712843179703
v 0.005485234782099724 0.019934723153710365 -0.11486712843179703
f 448 449 450
v 0.005485234782099724 -0.02842232957482338 -0.11486712843179703
v 0.005485234782099724 -0.004243803210556507 -0.11486712843179703
v 0.005485234782099724 -0.02439257502555847 -0.11223676055669785
f 451 452 453
v 0.005485234782099724 0.046128127723932266 -0.10960638523101807
v 0.005485234782099724 0.01791984587907791 -0.10960638523101807
v 0.005485234782099724 0.019934723153710365 -0.11486712843179703
f 454 455 456
v 0.005485234782099724 0.046128127723932266 -0.10960638523101807
v 0.005485234782099724 0.019934723153710365 -0.11486712843179703
v 0.005485234782099724 0.04411324858665466 -0.11486712843179703
f 457 458 459
v 0.005485234782099724 -0.004243803210556507 -0.11486712843179703
v 0.005485234782099724 -0.010288435034453869 -0.10960638523101807
v 0.005485234782099724 -0.02439257502555847 -0.11223676055669785
f 460 461 462
v 0.005485234782099724 0.060232266783714294 -0.10960638523101807
v 0.005485234782099724 0.046128127723932266 -0.10960638523101807
v 0.005485234782099724 0.04411324858665466 -0.11486712843179703
f 463 464 465
v 0.005485234782099724 0.06829177588224411 -0.11486712843179703
v 0.005485234782099724 0.07433640956878662 -0.10960638523101807
v 0.005485234782099724 0.060232266783714294 -0.10960638523101807
f 466 467 468
v 0.005485234782099724 0.10254468768835068 -0.10960638523101807
v 0.005485234782099724 0.116648830473423 -0.10960638523101807
v 0.005485234782099724 0.10254468768835068 -0.10697600990533829
f 469 470 471
v 0.005485234782099724 0.116648830473423 -0.1043456420302391
v 0.005485234782099724 0.10254468768835068 -0.10697600990533829
v 0.005485234782099724 0.116648830473423 -0.10960638523101807
f 472 473 474
v 0.005485234782099724 0.08844054490327835 -0.10960638523101807
v 0.005485234782099724 0.07433640956878662 -0.10960638523101807
v 0.005485234782099724 0.08844054490327835 -0.11223676055669785
f 475 476 477
v 0.005485234782099724 0.06829177588224411 -0.11486712843179703
v 0.005485234782099724 0.08844054490327835 -0.11223676055669785
v 0.005485234782099724 0.07433640956878662 -0.10960638523101807
f 478 479 480
v 0.005485234782099724 0.09247030317783356 -0.11486712843179703
v 0.005485234782099724 0.08844054490327835 -0.11223676055669785
v 0.005485234782099724 0.06829177588224411 -0.11486712843179703
f 481 482 483
v 0.005485234782099724 0.116648830473423 -0.11486712843179703
v 0.005485234782099724 0.116648830473423 -0.10960638523101807
v 0.005485234782099724 0.10254468768835068 -0.10960638523101807
f 484 485 486
v 0.005485234782099724 0.116648830473423 -0.11486712843179703
v 0.005485234782099724 0.10254468768835068 -0.10960638523101807
v 0.005485234782099724 0.10254468768835068 -0.11223676055669785
f 487 488 489
v 0.005485234782099724 0.10254468768835068 -0.11223676055669785
v 0.005485234782099724 0.09247030317783356 -0.11486712843179703
v 0.005485234782099724 0.116648830473423 -0.11486712843179703
f 490 491 492
v 0.005485234782099724 0.10254468768835068 -0.11223676055669785
v 0.005485234782099724 0.08844054490327835 -0.11223676055669785
v 0.005485234782099724 0.09247030317783356 -0.11486712843179703
f 493 494 495
v 0.005485234782099724 0.060232266783714294 -0.10960638523101807
v 0.005485234782099724 0.04411324858665466 -0.11486712843179703
v 0.005485234782099724 0.06829177588224411 -0.11486712843179703
f 496 497 498
v 0.005485234782099724 -0.05260085687041283 -0.10960638523101807
v 0.005485234782099724 -0.0384967140853405 -0.10960638523101807
v 0.005485234782099724 -0.0384967140853405 -0.10697600990533829
f 499 500 501
v 0.005485234782099724 -0.02842232957482338 -0.11486712843179703
v 0.005485234782099724 -0.05260085687041283 -0.11486712843179703
v -0.00033509815693832934 -0.05260085687041283 -0.11486712843179703
f 502 503 504
v 0.005485234782099724 -0.02842232957482338 -0.11486712843179703
v -0.00033509815693832934 -0.05260085687041283 -0.11486712843179703
v -0.00033509815693832934 -0.02842232957482338 -0.11486712843179703
f 505 506 507
v 0.005485234782099724 0.019934723153710365 -0.11486712843179703
v 0.005485234782099724 -0.004243803210556507 -0.11486712843179703
v -0.00033509815693832934 -0.004243803210556507 -0.11486712843179703
f 508 509 510
v 0.005485234782099724 0.019934723153710365 -0.11486712843179703
v -0.00033509815693832934 -0.004243803210556507 -0.11486712843179703
v -0.00033509815693832934 0.019934723153710365 -0.11486712843179703
f 511 512 513
v 0.005485234782099724 -0.004243803210556507 -0.11486712843179703
v 0.005485234782099724 -0.02842232957482338 -0.11486712843179703
v -0.00033509815693832934 -0.02842232957482338 -0.11486712843179703
f 514 515 516
v 0.005485234782099724 -0.004243803210556507 -0.11486712843179703
v -0.00033509815693832934 -0.02842232957482338 -0.11486712843179703
v -0.00033509815693832934 -0.004243803210556507 -0.11486712843179703
f 517 518 519
v 0.005485234782099724 0.06829177588224411 -0.11486712843179703
v 0.005485234782099724 0.04411324858665466 -0.11486712843179703
v -0.00033509815693832934 0.04411324858665466 -0.11486712843179703
f 520 521 522
v 0.005485234782099724 0.06829177588224411 -0.11486712843179703
v -0.00033509815693832934 0.04411324858665466 -0.11486712843179703
v -0.00033509815693832934 0.06829177588224411 -0.11486712843179703
f 523 524 525
v 0.005485234782099724 0.116648830473423 -0.11486712843179703
v 0.005485234782099724 0.09247030317783356 -0.11486712843179703
v -0.00033509815693832934 0.09247030317783356 -0.11486712843179703
f 526 527 528
v 0.005485234782099724 0.116648830473423 -0.11486712843179703
v -0.00033509815693832934 0.09247030317783356 -0.11486712843179703
v -0.00033509815693832934 0.116648830473423 -0.11486712843179703
f 529 530 531
v 0.005485234782099724 0.09247030317783356 -0.11486712843179703
v 0.005485234782099724 0.06829177588224411 -0.11486712843179703
v -0.00033509815693832934 0.06829177588224411 -0.11486712843179703
f 532 533 534
v 0.005485234782099724 0.09247030317783356 -0.11486712843179703
v -0.00033509815693832934 0.06829177588224411 -0.11486712843179703
v -0.00033509815693832934 0.09247030317783356 -0.11486712843179703
f 535 536 537
v 0.005485234782099724 0.04411324858665466 -0.11486712843179703
v 0.005485234782099724 0.019934723153710365 -0.11486712843179703
v -0.00033509815693832934 0.019934723153710365 -0.11486712843179703
f 538 539 540
v 0.005485234782099724 0.04411324858665466 -0.11486712843179703
v -0.00033509815693832934 0.019934723153710365 -0.11486712843179703
v -0.00033509815693832934 0.04411324858665466 -0.11486712843179703
f 541 542 543
v 0.005485234782099724 -0.05260085687041283 -0.10960638523101807
v -0.00033509815693832934 -0.05260085687041283 -0.10960638523101807
v -0.00033509815693832934 -0.05260085687041283 -0.11486712843179703
f 544 545 546
v 0.005485234782099724 -0.05260085687041283 -0.10960638523101807
v -0.00033509815693832934 -0.05260085687041283 -0.11486712843179703
v 0.005485234782099724 -0.05260085687041283 -0.11486712843179703
f 547 548 549
v 0.005485234782099724 -0.05260085687041283 -0.1043456420302391
v -0.00033509815693832934 -0.05260085687041283 -0.1043456420302391
v -0.00033509815693832934 -0.05260085687041283 -0.10960638523101807
f 550 551 552
v 0.005485234782099724 -0.05260085687041283 -0.1043456420302391
v -0.00033509815693832934 -0.05260085687041283 -0.10960638523101807
v 0.005485234782099724 -0.05260085687041283 -0.10960638523101807
f 553 554 555
v 0.005485234782099724 0.116648830473423 -0.10960638523101807
v 0.005485234782099724 0.116648830473423 -0.11486712843179703
v -0.00033509815693832934 0.116648830473423 -0.11486712843179703
f 556 557 558
v 0.005485234782099724 0.116648830473423 -0.10960638523101807
v -0.00033509815693832934 0.116648830473423 -0.11486712843179703
v -0.00033509815693832934 0.116648830473423 -0.10960638523101807
f 559 560 561
v 0.005485234782099724 0.116648830473423 -0.1043456420302391
v 0.005485234782099724 0.116648830473423 -0.10960638523101807
v -0.00033509815693832934 0.116648830473423 -0.10960638523101807
f 562 563 564
v 0.005485234782099724 0.116648830473423 -0.1043456420302391
v -0.00033509815693832934 0.116648830473423 -0.10960638523101807
v -0.00033509815693832934 0.116648830473423 -0.1043456420302391
f 565 566 567
v 0.008172332309186459 0.012815597467124462 -0.03989533707499504
v 0.013438836671411991 0.0265895314514637 -0.03989533707499504
v -0.00033509815693832934 0.03185603767633438 -0.03989533707499504
f 568 569 570
v 0.008172332309186459 0.012815597467124462 -0.03989533707499504
v -0.00033509815693832934 0.03185603767633438 -0.03989533707499504
v -0.005601602606475353 0.01808210276067257 -0.03989533707499504
f 571 572 573
v -0.005601602606475353 0.01808210276067257 -0.03989533707499504
v -0.00033509815693832934 0.03185603767633438 -0.03989533707499504
v -0.014109033159911633 0.037122540175914764 -0.03989533707499504
f 574 575 576
v -0.005601602606475353 0.01808210276067257 -0.03989533707499504
v -0.014109033159911633 0.037122540175914764 -0.03989533707499504
v -0.01937553659081459 0.023348607122898102 -0.03989533707499504
f 577 578 579
v -0.00033509815693832934 0.03185603767633438 -0.03989533707499504
v 0.004931406117975712 0.045629970729351044 -0.03989533707499504
v -0.0088425287976861 0.050896476954221725 -0.03989533707499504
f 580 581 582
v -0.00033509815693832934 0.03185603767633438 -0.03989533707499504
v -0.0088425287976861 0.050896476954221725 -0.03989533707499504
v -0.014109033159911633 0.037122540175914764 -0.03989533707499504
f 583 584 585
v 0.013438836671411991 0.0265895314514637 -0.03989533707499504
v 0.01870534010231495 0.04036346822977066 -0.03989533707499504
v 0.004931406117975712 0.045629970729351044 -0.03989533707499504
f 586 587 588
v 0.013438836671411991 0.0265895314514637 -0.03989533707499504
v 0.004931406117975712 0.045629970729351044 -0.03989533707499504
v -0.00033509815693832934 0.03185603767633438 -0.03989533707499504
f 589 590 591
v -0.0088425287976861 0.050896476954221725 -0.03989533707499504
v -0.012085309252142906 0.05890713632106781 -0.03989533707499504
v -0.01731939986348152 0.05596750229597092 -0.03989533707499504
f 592 593 594
v -0.02536320500075817 0.047458063811063766 -0.03989533707499504
v -0.014109033159911633 0.037122540175914764 -0.03989533707499504
v -0.021815918385982513 0.052065037190914154 -0.03989533707499504
f 595 596 597
v -0.021815918385982513 0.052065037190914154 -0.03989533707499504
v -0.0088425287976861 0.050896476954221725 -0.03989533707499504
v -0.01731939986348152 0.05596750229597092 -0.03989533707499504
f 598 599 600
v -0.006370628718286753 0.060724735260009766 -0.03989533707499504
v -0.012085309252142906 0.05890713632106781 -0.03989533707499504
v -0.0088425287976861 0.050896476954221725 -0.03989533707499504
f 601 602 603
v 0.004931406117975712 0.045629970729351044 -0.03989533707499504
v 0.010197910480201244 0.059403903782367706 -0.03989533707499504
v 0.005078209564089775 0.06084785237908363 -0.03989533707499504
f 604 605 606
v 0.004931406117975712 0.045629970729351044 -0.03989533707499504
v -0.0005346598336473107 0.06134822964668274 -0.03989533707499504
v -0.0088425287976861 0.050896476954221725 -0.03989533707499504
f 607 608 609
v -0.006370628718286753 0.060724735260009766 -0.03989533707499504
v -0.0088425287976861 0.050896476954221725 -0.03989533707499504
v -0.0005346598336473107 0.06134822964668274 -0.03989533707499504
f 610 611 612
v 0.005078209564089775 0.06084785237908363 -0.03989533707499504
v -0.0005346598336473107 0.06134822964668274 -0.03989533707499504
v 0.004931406117975712 0.045629970729351044 -0.03989533707499504
f 613 614 615
v -0.0088425287976861 0.050896476954221725 -0.03989533707499504
v -0.021815918385982513 0.052065037190914154 -0.03989533707499504
v -0.014109033159911633 0.037122540175914764 -0.03989533707499504
f 616 617 618
v 0.004931406117975712 0.045629970729351044 -0.03989533707499504
v 0.01526692882180214 0.05688414350152016 -0.03989533707499504
v 0.010197910480201244 0.059403903782367706 -0.03989533707499504
f 619 620 621
v -0.029326915740966797 0.03726934269070625 -0.03989533707499504
v -0.029827293008565903 0.031656473875045776 -0.03989533707499504
v -0.014109033159911633 0.037122540175914764 -0.03989533707499504
f 622 623 624
v -0.02920379675924778 0.025820506736636162 -0.03989533707499504
v -0.01937553659081459 0.023348607122898102 -0.03989533707499504
v -0.029827293008565903 0.031656473875045776 -0.03989533707499504
f 625 626 627
v -0.01937553659081459 0.023348607122898102 -0.03989533707499504
v -0.02920379675924778 0.025820506736636162 -0.03989533707499504
v -0.027386195957660675 0.02010582573711872 -0.03989533707499504
f 628 629 630
v -0.02788296714425087 0.042389046400785446 -0.03989533707499504
v -0.029326915740966797 0.03726934269070625 -0.03989533707499504
v -0.014109033159911633 0.037122540175914764 -0.03989533707499504
f 631 632 633
v -0.027386195957660675 0.02010582573711872 -0.03989533707499504
v -0.02444656565785408 0.014871735125780106 -0.03989533707499504
v -0.01937553659081459 0.023348607122898102 -0.03989533707499504
f 634 635 636
v -0.02444656565785408 0.014871735125780106 -0.03989533707499504
v -0.02054409869015217 0.01037521567195654 -0.03989533707499504
v -0.01937553659081459 0.023348607122898102 -0.03989533707499504
f 637 638 639
v -0.005601602606475353 0.01808210276067257 -0.03989533707499504
v -0.02054409869015217 0.01037521567195654 -0.03989533707499504
v -0.01593712531030178 0.006827929522842169 -0.03989533707499504
f 640 641 642
v -0.005601602606475353 0.01808210276067257 -0.03989533707499504
v -0.01937553659081459 0.023348607122898102 -0.03989533707499504
v -0.02054409869015217 0.01037521567195654 -0.03989533707499504
f 643 644 645
v -0.014109033159911633 0.037122540175914764 -0.03989533707499504
v -0.029827293008565903 0.031656473875045776 -0.03989533707499504
v -0.01937553659081459 0.023348607122898102 -0.03989533707499504
f 646 647 648
v -0.014109033159911633 0.037122540175914764 -0.03989533707499504
v -0.02536320500075817 0.047458063811063766 -0.03989533707499504
v -0.02788296714425087 0.042389046400785446 -0.03989533707499504
f 649 650 651
v 0.004931406117975712 0.045629970729351044 -0.03989533707499504
v 0.01870534010231495 0.04036346822977066 -0.03989533707499504
v 0.019873902201652527 0.05333685874938965 -0.03989533707499504
f 652 653 654
v 0.02915709652006626 0.03205559775233269 -0.03989533707499504
v 0.01870534010231495 0.04036346822977066 -0.03989533707499504
v 0.013438836671411991 0.0265895314514637 -0.03989533707499504
f 655 656 657
v 0.019873902201652527 0.05333685874938965 -0.03989533707499504
v 0.01870534010231495 0.04036346822977066 -0.03989533707499504
v 0.02377636916935444 0.04884033650159836 -0.03989533707499504
f 658 659 660
v 0.02377636916935444 0.04884033650159836 -0.03989533707499504
v 0.01870534010231495 0.04036346822977066 -0.03989533707499504
v 0.026715999469161034 0.04360624775290489 -0.03989533707499504
f 661 662 663
v 0.02853360027074814 0.03789156675338745 -0.03989533707499504
v 0.01870534010231495 0.04036346822977066 -0.03989533707499504
v 0.02915709652006626 0.03205559775233269 -0.03989533707499504
f 664 665 666
v 0.028656719252467155 0.02644272893667221 -0.03989533707499504
v 0.013438836671411991 0.0265895314514637 -0.03989533707499504
v 0.02721277065575123 0.021323027089238167 -0.03989533707499504
f 667 668 669
v 0.028656719252467155 0.02644272893667221 -0.03989533707499504
v 0.02915709652006626 0.03205559775233269 -0.03989533707499504
v 0.013438836671411991 0.0265895314514637 -0.03989533707499504
f 670 671 672
v 0.02853360027074814 0.03789156675338745 -0.03989533707499504
v 0.026715999469161034 0.04360624775290489 -0.03989533707499504
v 0.01870534010231495 0.04036346822977066 -0.03989533707499504
f 673 674 675
v 0.02469300851225853 0.016254009678959846 -0.03989533707499504
v 0.02721277065575123 0.021323027089238167 -0.03989533707499504
v 0.013438836671411991 0.0265895314514637 -0.03989533707499504
f 676 677 678
v -0.0001355365093331784 0.002363841747865081 -0.03989533707499504
v 0.008172332309186459 0.012815597467124462 -0.03989533707499504
v -0.005601602606475353 0.01808210276067257 -0.03989533707499504
f 679 680 681
v -0.010868106968700886 0.00430816737934947 -0.03989533707499504
v -0.0057484060525894165 0.0028642192482948303 -0.03989533707499504
v -0.005601602606475353 0.01808210276067257 -0.03989533707499504
f 682 683 684
v -0.0001355365093331784 0.002363841747865081 -0.03989533707499504
v -0.005601602606475353 0.01808210276067257 -0.03989533707499504
v -0.0057484060525894165 0.0028642192482948303 -0.03989533707499504
f 685 686 687
v -0.0001355365093331784 0.002363841747865081 -0.03989533707499504
v 0.005700432229787111 0.0029873379971832037 -0.03989533707499504
v 0.008172332309186459 0.012815597467124462 -0.03989533707499504
f 688 689 690
v -0.01593712531030178 0.006827929522842169 -0.03989533707499504
v -0.010868106968700886 0.00430816737934947 -0.03989533707499504
v -0.005601602606475353 0.01808210276067257 -0.03989533707499504
f 691 692 693
v 0.008172332309186459 0.012815597467124462 -0.03989533707499504
v 0.01664920337498188 0.00774456886574626 -0.03989533707499504
v 0.021145721897482872 0.011647035367786884 -0.03989533707499504
f 694 695 696
v 0.008172332309186459 0.012815597467124462 -0.03989533707499504
v 0.005700432229787111 0.0029873379971832037 -0.03989533707499504
v 0.011415112763643265 0.0048049381002783775 -0.03989533707499504
f 697 698 699
v 0.011415112763643265 0.0048049381002783775 -0.03989533707499504
v 0.01664920337498188 0.00774456886574626 -0.03989533707499504
v 0.008172332309186459 0.012815597467124462 -0.03989533707499504
f 700 701 702
v 0.013438836671411991 0.0265895314514637 -0.03989533707499504
v 0.008172332309186459 0.012815597467124462 -0.03989533707499504
v 0.021145721897482872 0.011647035367786884 -0.03989533707499504
f 703 704 705
v 0.013438836671411991 0.0265895314514637 -0.03989533707499504
v 0.021145721897482872 0.011647035367786884 -0.03989533707499504
v 0.02469300851225853 0.016254009678959846 -0.03989533707499504
f 706 707 708
v 0.019873902201652527 0.05333685874938965 -0.03989533707499504
v 0.01526692882180214 0.05688414350152016 -0.03989533707499504
v 0.004931406117975712 0.045629970729351044 -0.03989533707499504
f 709 710 711
v -0.00033509815693832934 -0.034279514104127884 -0.1043456420302391
v -0.00033509815693832934 -0.05260085687041283 -0.1043456420302391
v 0.005485234782099724 -0.05260085687041283 -0.1043456420302391
f 712 713 714
v -0.00033509815693832934 -0.034279514104127884 -0.1043456420302391
v 0.005485234782099724 -0.05260085687041283 -0.1043456420302391
v 0.005485234782099724 -0.03408617526292801 -0.1043456420302391
f 715 716 717
v -0.00033509815693832934 0.0023631665389984846 -0.1043456420302391
v -0.00033509815693832934 -0.01595817320048809 -0.1043456420302391
v 0.005485234782099724 -0.015571496449410915 -0.1043456420302391
f 718 719 720
v -0.00033509815693832934 0.0023631665389984846 -0.1043456420302391
v 0.005485234782099724 -0.015571496449410915 -0.1043456420302391
v 0.005485234782099724 0.0029431830625981092 -0.1043456420302391
f 721 722 723
v -0.00033509815693832934 -0.01595817320048809 -0.1043456420302391
v -0.00033509815693832934 -0.034279514104127884 -0.1043456420302391
v 0.005485234782099724 -0.03408617526292801 -0.1043456420302391
f 724 725 726
v -0.00033509815693832934 -0.01595817320048809 -0.1043456420302391
v 0.005485234782099724 -0.03408617526292801 -0.1043456420302391
v 0.005485234782099724 -0.015571496449410915 -0.1043456420302391
f 727 728 729
v 0.02469300851225853 0.016254009678959846 -0.07326516509056091
v 0.02609655261039734 0.01877180114388466 -0.07326516509056091
v 0.02609655261039734 0.01877180114388466 -0.05658024922013283
f 730 731 732
v 0.02469300851225853 0.016254009678959846 -0.07326516509056091
v 0.02609655261039734 0.01877180114388466 -0.05658024922013283
v 0.02469300851225853 0.016254009678959846 -0.05658024922013283
f 733 734 735
v 0.02609655261039734 0.01877180114388466 -0.07326516509056091
v 0.02721277065575123 0.021323027089238167 -0.07326516509056091
v 0.02721277065575123 0.021323027089238167 -0.05658024922013283
f 736 737 738
v 0.02609655261039734 0.01877180114388466 -0.07326516509056091
v 0.02721277065575123 0.021323027089238167 -0.05658024922013283
v 0.02609655261039734 0.01877180114388466 -0.05658024922013283
f 739 740 741
v 0.02609655261039734 0.01877180114388466 -0.0899500772356987
v 0.02721277065575123 0.021323027089238167 -0.0899500772356987
v 0.02721277065575123 0.021323027089238167 -0.07326516509056091
f 742 743 744
v 0.02609655261039734 0.01877180114388466 -0.0899500772356987
v 0.02721277065575123 0.021323027089238167 -0.07326516509056091
v 0.02609655261039734 0.01877180114388466 -0.07326516509056091
f 745 746 747
v 0.02469300851225853 0.016254009678959846 -0.0899500772356987
v 0.02609655261039734 0.01877180114388466 -0.0899500772356987
v 0.02609655261039734 0.01877180114388466 -0.07326516509056091
f 748 749 750
v 0.02469300851225853 0.016254009678959846 -0.0899500772356987
v 0.02609655261039734 0.01877180114388466 -0.07326516509056091
v 0.02469300851225853 0.016254009678959846 -0.07326516509056091
f 751 752 753
v 0.021145721897482872 0.011647035367786884 -0.07326516509056091
v 0.02305532619357109 0.01389169879257679 -0.07326516509056091
v 0.02305532619357109 0.01389169879257679 -0.05658024922013283
f 754 755 756
v 0.021145721897482872 0.011647035367786884 -0.07326516509056091
v 0.02305532619357109 0.01389169879257679 -0.05658024922013283
v 0.021145721897482872 0.011647035367786884 -0.05658024922013283
f 757 758 759
v 0.02305532619357109 0.01389169879257679 -0.07326516509056091
v 0.02469300851225853 0.016254009678959846 -0.07326516509056091
v 0.02469300851225853 0.016254009678959846 -0.05658024922013283
f 760 761 762
v 0.02305532619357109 0.01389169879257679 -0.07326516509056091
v 0.02469300851225853 0.016254009678959846 -0.05658024922013283
v 0.02305532619357109 0.01389169879257679 -0.05658024922013283
f 763 764 765
v 0.02305532619357109 0.01389169879257679 -0.0899500772356987
v 0.02469300851225853 0.016254009678959846 -0.0899500772356987
v 0.02469300851225853 0.016254009678959846 -0.07326516509056091
f 766 767 768
v 0.02305532619357109 0.01389169879257679 -0.0899500772356987
v 0.02469300851225853 0.016254009678959846 -0.07326516509056091
v 0.02305532619357109 0.01389169879257679 -0.07326516509056091
f 769 770 771
v 0.021145721897482872 0.011647035367786884 -0.0899500772356987
v 0.02305532619357109 0.01389169879257679 -0.0899500772356987
v 0.02305532619357109 0.01389169879257679 -0.07326516509056091
f 772 773 774
v 0.021145721897482872 0.011647035367786884 -0.0899500772356987
v 0.02305532619357109 0.01389169879257679 -0.07326516509056091
v 0.021145721897482872 0.011647035367786884 -0.07326516509056091
f 775 776 777
v 0.01664920337498188 0.00774456886574626 -0.07326516509056091
v 0.01901310682296753 0.009596738032996655 -0.07326516509056091
v 0.01901310682296753 0.009596738032996655 -0.05658024922013283
f 778 779 780
v 0.01664920337498188 0.00774456886574626 -0.07326516509056091
v 0.01901310682296753 0.009596738032996655 -0.05658024922013283
v 0.01664920337498188 0.00774456886574626 -0.05658024922013283
f 781 782 783
v 0.01901310682296753 0.009596738032996655 -0.07326516509056091
v 0.021145721897482872 0.011647035367786884 -0.07326516509056091
v 0.021145721897482872 0.011647035367786884 -0.05658024922013283
f 784 785 786
v 0.01901310682296753 0.009596738032996655 -0.07326516509056091
v 0.021145721897482872 0.011647035367786884 -0.05658024922013283
v 0.01901310682296753 0.009596738032996655 -0.05658024922013283
f 787 788 789
v 0.01901310682296753 0.009596738032996655 -0.0899500772356987
v 0.021145721897482872 0.011647035367786884 -0.0899500772356987
v 0.021145721897482872 0.011647035367786884 -0.07326516509056091
f 790 791 792
v 0.01901310682296753 0.009596738032996655 -0.0899500772356987
v 0.021145721897482872 0.011647035367786884 -0.07326516509056091
v 0.01901310682296753 0.009596738032996655 -0.07326516509056091
f 793 794 795
v 0.01664920337498188 0.00774456886574626 -0.0899500772356987
v 0.01901310682296753 0.009596738032996655 -0.0899500772356987
v 0.01901310682296753 0.009596738032996655 -0.07326516509056091
f 796 797 798
v 0.01664920337498188 0.00774456886574626 -0.0899500772356987
v 0.01901310682296753 0.009596738032996655 -0.07326516509056091
v 0.01664920337498188 0.00774456886574626 -0.07326516509056091
f 799 800 801
v 0.01411327626556158 0.006144680082798004 -0.0899500772356987
v 0.01664920337498188 0.00774456886574626 -0.0899500772356987
v 0.01664920337498188 0.00774456886574626 -0.07326516509056091
f 802 803 804
v 0.01411327626556158 0.006144680082798004 -0.0899500772356987
v 0.01664920337498188 0.00774456886574626 -0.07326516509056091
v 0.01411327626556158 0.006144680082798004 -0.07326516509056091
f 805 806 807
v 0.011415112763643265 0.0048049381002783775 -0.0899500772356987
v 0.01411327626556158 0.006144680082798004 -0.0899500772356987
v 0.01411327626556158 0.006144680082798004 -0.07326516509056091
f 808 809 810
v 0.011415112763643265 0.0048049381002783775 -0.0899500772356987
v 0.01411327626556158 0.006144680082798004 -0.07326516509056091
v 0.011415112763643265 0.0048049381002783775 -0.07326516509056091
f 811 812 813
v 0.005700432229787111 0.0029873379971832037 -0.07326516509056091
v 0.008595884777605534 0.0037479077000170946 -0.07326516509056091
v 0.008595884777605534 0.0037479077000170946 -0.05658024922013283
f 814 815 816
v 0.005700432229787111 0.0029873379971832037 -0.07326516509056091
v 0.008595884777605534 0.0037479077000170946 -0.05658024922013283
v 0.005700432229787111 0.0029873379971832037 -0.05658024922013283
f 817 818 819
v 0.008595884777605534 0.0037479077000170946 -0.07326516509056091
v 0.011415112763643265 0.0048049381002783775 -0.07326516509056091
v 0.011415112763643265 0.0048049381002783775 -0.05658024922013283
f 820 821 822
v 0.008595884777605534 0.0037479077000170946 -0.07326516509056091
v 0.011415112763643265 0.0048049381002783775 -0.05658024922013283
v 0.008595884777605534 0.0037479077000170946 -0.05658024922013283
f 823 824 825
v 0.008595884777605534 0.0037479077000170946 -0.0899500772356987
v 0.011415112763643265 0.0048049381002783775 -0.0899500772356987
v 0.011415112763643265 0.0048049381002783775 -0.07326516509056091
f 826 827 828
v 0.008595884777605534 0.0037479077000170946 -0.0899500772356987
v 0.011415112763643265 0.0048049381002783775 -0.07326516509056091
v 0.008595884777605534 0.0037479077000170946 -0.07326516509056091
f 829 830 831
v 0.005700432229787111 0.0029873379971832037 -0.0899500772356987
v 0.008595884777605534 0.0037479077000170946 -0.0899500772356987
v 0.008595884777605534 0.0037479077000170946 -0.07326516509056091
f 832 833 834
v 0.005700432229787111 0.0029873379971832037 -0.0899500772356987
v 0.008595884777605534 0.0037479077000170946 -0.07326516509056091
v 0.005700432229787111 0.0029873379971832037 -0.07326516509056091
f 835 836 837
v -0.0001355365093331784 0.002363841747865081 -0.07326516509056091
v 0.0027749172877520323 0.0025276001542806625 -0.07326516509056091
v 0.0027749172877520323 0.0025276001542806625 -0.05658024922013283
f 838 839 840
v -0.0001355365093331784 0.002363841747865081 -0.07326516509056091
v 0.0027749172877520323 0.0025276001542806625 -0.05658024922013283
v -0.0001355365093331784 0.002363841747865081 -0.05658024922013283
f 841 842 843
v 0.0027749172877520323 0.0025276001542806625 -0.07326516509056091
v 0.005700432229787111 0.0029873379971832037 -0.07326516509056091
v 0.005700432229787111 0.0029873379971832037 -0.05658024922013283
f 844 845 846
v 0.0027749172877520323 0.0025276001542806625 -0.07326516509056091
v 0.005700432229787111 0.0029873379971832037 -0.05658024922013283
v 0.0027749172877520323 0.0025276001542806625 -0.05658024922013283
f 847 848 849
v 0.004238561261445284 0.0027199590113013983 -0.0982925295829773
v 0.005700432229787111 0.0029873379971832037 -0.0982925295829773
v 0.005700432229787111 0.0029873379971832037 -0.0899500772356987
f 850 851 852
v 0.004238561261445284 0.0027199590113013983 -0.0982925295829773
v 0.005700432229787111 0.0029873379971832037 -0.0899500772356987
v 0.004238561261445284 0.0027199590113013983 -0.0899500772356987
f 853 854 855
v 0.0027749172877520323 0.0025276001542806625 -0.0982925295829773
v 0.004238561261445284 0.0027199590113013983 -0.0982925295829773
v 0.004238561261445284 0.0027199590113013983 -0.0899500772356987
f 856 857 858
v 0.0027749172877520323 0.0025276001542806625 -0.0982925295829773
v 0.004238561261445284 0.0027199590113013983 -0.0899500772356987
v 0.0027749172877520323 0.0025276001542806625 -0.0899500772356987
f 859 860 861
v 0.004238561261445284 0.0027199590113013983 -0.0899500772356987
v 0.005700432229787111 0.0029873379971832037 -0.0899500772356987
v 0.005700432229787111 0.0029873379971832037 -0.07326516509056091
f 862 863 864
v 0.0027749172877520323 0.0025276001542806625 -0.07326516509056091
v 0.0027749172877520323 0.0025276001542806625 -0.0899500772356987
v 0.004238561261445284 0.0027199590113013983 -0.0899500772356987
f 865 866 867
v 0.005700432229787111 0.0029873379971832037 -0.07326516509056091
v 0.0027749172877520323 0.0025276001542806625 -0.07326516509056091
v 0.004238561261445284 0.0027199590113013983 -0.0899500772356987
f 868 869 870
v -0.0001355365093331784 0.002363841747865081 -0.0899500772356987
v 0.0027749172877520323 0.0025276001542806625 -0.0899500772356987
v 0.0027749172877520323 0.0025276001542806625 -0.07326516509056091
f 871 872 873
v -0.0001355365093331784 0.002363841747865081 -0.0899500772356987
v 0.0027749172877520323 0.0025276001542806625 -0.07326516509056091
v -0.0001355365093331784 0.002363841747865081 -0.07326516509056091
f 874 875 876
v -0.0057484060525894165 0.0028642192482948303 -0.07326516509056091
v -0.002988988533616066 0.0024828133173286915 -0.07326516509056091
v -0.002988988533616066 0.0024828133173286915 -0.05658024922013283
f 877 878 879
v -0.0057484060525894165 0.0028642192482948303 -0.07326516509056091
v -0.002988988533616066 0.0024828133173286915 -0.05658024922013283
v -0.0057484060525894165 0.0028642192482948303 -0.05658024922013283
f 880 881 882
v -0.002988988533616066 0.0024828133173286915 -0.07326516509056091
v -0.0001355365093331784 0.002363841747865081 -0.07326516509056091
v -0.0001355365093331784 0.002363841747865081 -0.05658024922013283
f 883 884 885
v -0.002988988533616066 0.0024828133173286915 -0.07326516509056091
v -0.0001355365093331784 0.002363841747865081 -0.05658024922013283
v -0.002988988533616066 0.0024828133173286915 -0.05658024922013283
f 886 887 888
v -0.0015718339709565043 0.002389108296483755 -0.0982925295829773
v -0.0001355365093331784 0.002363841747865081 -0.0982925295829773
v -0.0001355365093331784 0.002363841747865081 -0.0899500772356987
f 889 890 891
v -0.0015718339709565043 0.002389108296483755 -0.0982925295829773
v -0.0001355365093331784 0.002363841747865081 -0.0899500772356987
v -0.0015718339709565043 0.002389108296483755 -0.0899500772356987
f 892 893 894
v -0.002988988533616066 0.0024828133173286915 -0.0982925295829773
v -0.0015718339709565043 0.002389108296483755 -0.0982925295829773
v -0.0015718339709565043 0.002389108296483755 -0.0899500772356987
f 895 896 897
v -0.002988988533616066 0.0024828133173286915 -0.0982925295829773
v -0.0015718339709565043 0.002389108296483755 -0.0899500772356987
v -0.002988988533616066 0.0024828133173286915 -0.0899500772356987
f 898 899 900
v -0.0015718339709565043 0.002389108296483755 -0.0899500772356987
v -0.0001355365093331784 0.002363841747865081 -0.0899500772356987
v -0.0001355365093331784 0.002363841747865081 -0.07326516509056091
f 901 902 903
v -0.002988988533616066 0.0024828133173286915 -0.07326516509056091
v -0.002988988533616066 0.0024828133173286915 -0.0899500772356987
v -0.0015718339709565043 0.002389108296483755 -0.0899500772356987
f 904 905 906
v -0.0001355365093331784 0.002363841747865081 -0.07326516509056091
v -0.002988988533616066 0.0024828133173286915 -0.07326516509056091
v -0.0015718339709565043 0.002389108296483755 -0.0899500772356987
f 907 908 909
v -0.0057484060525894165 0.0028642192482948303 -0.0899500772356987
v -0.002988988533616066 0.0024828133173286915 -0.0899500772356987
v -0.002988988533616066 0.0024828133173286915 -0.07326516509056091
f 910 911 912
v -0.0057484060525894165 0.0028642192482948303 -0.0899500772356987
v -0.002988988533616066 0.0024828133173286915 -0.07326516509056091
v -0.0057484060525894165 0.0028642192482948303 -0.07326516509056091
f 913 914 915
v -0.010868106968700886 0.00430816737934947 -0.07326516509056091
v -0.00838285218924284 0.0034824039321392775 -0.07326516509056091
v -0.00838285218924284 0.0034824039321392775 -0.05658024922013283
f 916 917 918
v -0.010868106968700886 0.00430816737934947 -0.07326516509056091
v -0.00838285218924284 0.0034824039321392775 -0.05658024922013283
v -0.010868106968700886 0.00430816737934947 -0.05658024922013283
f 919 920 921
v -0.00838285218924284 0.0034824039321392775 -0.07326516509056091
v -0.0057484060525894165 0.0028642192482948303 -0.07326516509056091
v -0.0057484060525894165 0.0028642192482948303 -0.05658024922013283
f 922 923 924
v -0.00838285218924284 0.0034824039321392775 -0.07326516509056091
v -0.0057484060525894165 0.0028642192482948303 -0.05658024922013283
v -0.00838285218924284 0.0034824039321392775 -0.05658024922013283
f 925 926 927
v -0.01593712531030178 0.006827929522842169 -0.07326516509056091
v -0.013419333845376968 0.005424385890364647 -0.07326516509056091
v -0.013419333845376968 0.005424385890364647 -0.05658024922013283
f 928 929 930
v -0.01593712531030178 0.006827929522842169 -0.07326516509056091
v -0.013419333845376968 0.005424385890364647 -0.05658024922013283
v -0.01593712531030178 0.006827929522842169 -0.05658024922013283
f 931 932 933
v -0.013419333845376968 0.005424385890364647 -0.07326516509056091
v -0.010868106968700886 0.00430816737934947 -0.07326516509056091
v -0.010868106968700886 0.00430816737934947 -0.05658024922013283
f 934 935 936
v -0.013419333845376968 0.005424385890364647 -0.07326516509056091
v -0.010868106968700886 0.00430816737934947 -0.05658024922013283
v -0.013419333845376968 0.005424385890364647 -0.05658024922013283
f 937 938 939
v -0.02054409869015217 0.01037521567195654 -0.07326516509056091
v -0.018299436196684837 0.008465612307190895 -0.07326516509056091
v -0.018299436196684837 0.008465612307190895 -0.05658024922013283
f 940 941 942
v -0.02054409869015217 0.01037521567195654 -0.07326516509056091
v -0.018299436196684837 0.008465612307190895 -0.05658024922013283
v -0.02054409869015217 0.01037521567195654 -0.05658024922013283
f 943 944 945
v -0.018299436196684837 0.008465612307190895 -0.07326516509056091
v -0.01593712531030178 0.006827929522842169 -0.07326516509056091
v -0.01593712531030178 0.006827929522842169 -0.05658024922013283
f 946 947 948
v -0.018299436196684837 0.008465612307190895 -0.07326516509056091
v -0.01593712531030178 0.006827929522842169 -0.05658024922013283
v -0.018299436196684837 0.008465612307190895 -0.05658024922013283
f 949 950 951
v -0.02444656565785408 0.014871735125780106 -0.07326516509056091
v -0.022594396024942398 0.012507832609117031 -0.07326516509056091
v -0.022594396024942398 0.012507832609117031 -0.05658024922013283
f 952 953 954
v -0.02444656565785408 0.014871735125780106 -0.07326516509056091
v -0.022594396024942398 0.012507832609117031 -0.05658024922013283
v -0.02444656565785408 0.014871735125780106 -0.05658024922013283
f 955 956 957
v -0.022594396024942398 0.012507832609117031 -0.07326516509056091
v -0.02054409869015217 0.01037521567195654 -0.07326516509056091
v -0.02054409869015217 0.01037521567195654 -0.05658024922013283
f 958 959 960
v -0.022594396024942398 0.012507832609117031 -0.07326516509056091
v -0.02054409869015217 0.01037521567195654 -0.05658024922013283
v -0.022594396024942398 0.012507832609117031 -0.05658024922013283
f 961 962 963
v -0.02920379675924778 0.025820506736636162 -0.07326516509056091
v -0.0284432265907526 0.022925052791833878 -0.07326516509056091
v -0.0284432265907526 0.022925052791833878 -0.05658024922013283
f 964 965 966
v -0.02920379675924778 0.025820506736636162 -0.07326516509056091
v -0.0284432265907526 0.022925052791833878 -0.05658024922013283
v -0.02920379675924778 0.025820506736636162 -0.05658024922013283
f 967 968 969
v -0.0284432265907526 0.022925052791833878 -0.07326516509056091
v -0.027386195957660675 0.02010582573711872 -0.07326516509056091
v -0.027386195957660675 0.02010582573711872 -0.05658024922013283
f 970 971 972
v -0.0284432265907526 0.022925052791833878 -0.07326516509056091
v -0.027386195957660675 0.02010582573711872 -0.05658024922013283
v -0.0284432265907526 0.022925052791833878 -0.05658024922013283
f 973 974 975
v -0.029827293008565903 0.031656473875045776 -0.07326516509056091
v -0.029663534834980965 0.028746021911501884 -0.07326516509056091
v -0.029663534834980965 0.028746021911501884 -0.05658024922013283
f 976 977 978
v -0.029827293008565903 0.031656473875045776 -0.07326516509056091
v -0.029663534834980965 0.028746021911501884 -0.05658024922013283
v -0.029827293008565903 0.031656473875045776 -0.05658024922013283
f 979 980 981
v -0.029663534834980965 0.028746021911501884 -0.07326516509056091
v -0.02920379675924778 0.025820506736636162 -0.07326516509056091
v -0.02920379675924778 0.025820506736636162 -0.05658024922013283
f 982 983 984
v -0.029663534834980965 0.028746021911501884 -0.07326516509056091
v -0.02920379675924778 0.025820506736636162 -0.05658024922013283
v -0.029663534834980965 0.028746021911501884 -0.05658024922013283
f 985 986 987
v -0.029326915740966797 0.03726934269070625 -0.07326516509056091
v -0.029708322137594223 0.03450992703437805 -0.07326516509056091
v -0.029708322137594223 0.03450992703437805 -0.05658024922013283
f 988 989 990
v -0.029326915740966797 0.03726934269070625 -0.07326516509056091
v -0.029708322137594223 0.03450992703437805 -0.05658024922013283
v -0.029326915740966797 0.03726934269070625 -0.05658024922013283
f 991 992 993
v -0.029708322137594223 0.03450992703437805 -0.07326516509056091
v -0.029827293008565903 0.031656473875045776 -0.07326516509056091
v -0.029827293008565903 0.031656473875045776 -0.05658024922013283
f 994 995 996
v -0.029708322137594223 0.03450992703437805 -0.07326516509056091
v -0.029827293008565903 0.031656473875045776 -0.05658024922013283
v -0.029708322137594223 0.03450992703437805 -0.05658024922013283
f 997 998 999
v -0.02788296714425087 0.042389046400785446 -0.07326516509056091
v -0.02870872989296913 0.03990378975868225 -0.07326516509056091
v -0.02870872989296913 0.03990378975868225 -0.05658024922013283
f 1000 1001 1002
v -0.02788296714425087 0.042389046400785446 -0.07326516509056091
v -0.02870872989296913 0.03990378975868225 -0.05658024922013283
v -0.02788296714425087 0.042389046400785446 -0.05658024922013283
f 1003 1004 1005
v -0.02870872989296913 0.03990378975868225 -0.07326516509056091
v -0.029326915740966797 0.03726934269070625 -0.07326516509056091
v -0.029326915740966797 0.03726934269070625 -0.05658024922013283
f 1006 1007 1008
v -0.02870872989296913 0.03990378975868225 -0.07326516509056091
v -0.029326915740966797 0.03726934269070625 -0.05658024922013283
v -0.02870872989296913 0.03990378975868225 -0.05658024922013283
f 1009 1010 1011
v -0.02536320500075817 0.047458063811063766 -0.07326516509056091
v -0.02676674909889698 0.044940270483493805 -0.07326516509056091
v -0.02676674909889698 0.044940270483493805 -0.05658024922013283
f 1012 1013 1014
v -0.02536320500075817 0.047458063811063766 -0.07326516509056091
v -0.02676674909889698 0.044940270483493805 -0.05658024922013283
v -0.02536320500075817 0.047458063811063766 -0.05658024922013283
f 1015 1016 1017
v -0.02676674909889698 0.044940270483493805 -0.07326516509056091
v -0.02788296714425087 0.042389046400785446 -0.07326516509056091
v -0.02788296714425087 0.042389046400785446 -0.05658024922013283
f 1018 1019 1020
v -0.02676674909889698 0.044940270483493805 -0.07326516509056091
v -0.02788296714425087 0.042389046400785446 -0.05658024922013283
v -0.02676674909889698 0.044940270483493805 -0.05658024922013283
f 1021 1022 1023
v -0.021815918385982513 0.052065037190914154 -0.07326516509056091
v -0.023725522682070732 0.04982037469744682 -0.07326516509056091
v -0.023725522682070732 0.04982037469744682 -0.05658024922013283
f 1024 1025 1026
v -0.021815918385982513 0.052065037190914154 -0.07326516509056091
v -0.023725522682070732 0.04982037469744682 -0.05658024922013283
v -0.021815918385982513 0.052065037190914154 -0.05658024922013283
f 1027 1028 1029
v -0.023725522682070732 0.04982037469744682 -0.07326516509056091
v -0.02536320500075817 0.047458063811063766 -0.07326516509056091
v -0.02536320500075817 0.047458063811063766 -0.05658024922013283
f 1030 1031 1032
v -0.023725522682070732 0.04982037469744682 -0.07326516509056091
v -0.02536320500075817 0.047458063811063766 -0.05658024922013283
v -0.023725522682070732 0.04982037469744682 -0.05658024922013283
f 1033 1034 1035
v -0.01731939986348152 0.05596750229597092 -0.07326516509056091
v -0.01968330144882202 0.05411533638834953 -0.07326516509056091
v -0.01968330144882202 0.05411533638834953 -0.05658024922013283
f 1036 1037 1038
v -0.01731939986348152 0.05596750229597092 -0.07326516509056091
v -0.01968330144882202 0.05411533638834953 -0.05658024922013283
v -0.01731939986348152 0.05596750229597092 -0.05658024922013283
f 1039 1040 1041
v -0.01968330144882202 0.05411533638834953 -0.07326516509056091
v -0.021815918385982513 0.052065037190914154 -0.07326516509056091
v -0.021815918385982513 0.052065037190914154 -0.05658024922013283
f 1042 1043 1044
v -0.01968330144882202 0.05411533638834953 -0.07326516509056091
v -0.021815918385982513 0.052065037190914154 -0.05658024922013283
v -0.01968330144882202 0.05411533638834953 -0.05658024922013283
f 1045 1046 1047
v -0.006370628718286753 0.060724735260009766 -0.07326516509056091
v -0.009266081266105175 0.05996416509151459 -0.07326516509056091
v -0.009266081266105175 0.05996416509151459 -0.05658024922013283
f 1048 1049 1050
v -0.006370628718286753 0.060724735260009766 -0.07326516509056091
v -0.009266081266105175 0.05996416509151459 -0.05658024922013283
v -0.006370628718286753 0.060724735260009766 -0.05658024922013283
f 1051 1052 1053
v -0.009266081266105175 0.05996416509151459 -0.07326516509056091
v -0.012085309252142906 0.05890713632106781 -0.07326516509056091
v -0.012085309252142906 0.05890713632106781 -0.05658024922013283
f 1054 1055 1056
v -0.009266081266105175 0.05996416509151459 -0.07326516509056091
v -0.012085309252142906 0.05890713632106781 -0.05658024922013283
v -0.009266081266105175 0.05996416509151459 -0.05658024922013283
f 1057 1058 1059
v -0.0005346598336473107 0.06134822964668274 -0.07326516509056091
v -0.00344511354342103 0.06118447333574295 -0.07326516509056091
v -0.00344511354342103 0.06118447333574295 -0.05658024922013283
f 1060 1061 1062
v -0.0005346598336473107 0.06134822964668274 -0.07326516509056091
v -0.00344511354342103 0.06118447333574295 -0.05658024922013283
v -0.0005346598336473107 0.06134822964668274 -0.05658024922013283
f 1063 1064 1065
v -0.00344511354342103 0.06118447333574295 -0.07326516509056091
v -0.006370628718286753 0.060724735260009766 -0.07326516509056091
v -0.006370628718286753 0.060724735260009766 -0.05658024922013283
f 1066 1067 1068
v -0.00344511354342103 0.06118447333574295 -0.07326516509056091
v -0.006370628718286753 0.060724735260009766 -0.05658024922013283
v -0.00344511354342103 0.06118447333574295 -0.05658024922013283
f 1069 1070 1071
v -0.00344511354342103 0.06118447333574295 -0.0899500772356987
v -0.006370628718286753 0.060724735260009766 -0.0899500772356987
v -0.006370628718286753 0.060724735260009766 -0.07326516509056091
f 1072 1073 1074
v -0.00344511354342103 0.06118447333574295 -0.0899500772356987
v -0.006370628718286753 0.060724735260009766 -0.07326516509056091
v -0.00344511354342103 0.06118447333574295 -0.07326516509056091
f 1075 1076 1077
v -0.0005346598336473107 0.06134822964668274 -0.0899500772356987
v -0.00344511354342103 0.06118447333574295 -0.0899500772356987
v -0.00344511354342103 0.06118447333574295 -0.07326516509056091
f 1078 1079 1080
v -0.0005346598336473107 0.06134822964668274 -0.0899500772356987
v -0.00344511354342103 0.06118447333574295 -0.07326516509056091
v -0.0005346598336473107 0.06134822964668274 -0.07326516509056091
f 1081 1082 1083
v 0.005078209564089775 0.06084785237908363 -0.07326516509056091
v 0.002318792277947068 0.06122925877571106 -0.07326516509056091
v 0.002318792277947068 0.06122925877571106 -0.05658024922013283
f 1084 1085 1086
v 0.005078209564089775 0.06084785237908363 -0.07326516509056091
v 0.002318792277947068 0.06122925877571106 -0.05658024922013283
v 0.005078209564089775 0.06084785237908363 -0.05658024922013283
f 1087 1088 1089
v 0.002318792277947068 0.06122925877571106 -0.07326516509056091
v -0.0005346598336473107 0.06134822964668274 -0.07326516509056091
v -0.0005346598336473107 0.06134822964668274 -0.05658024922013283
f 1090 1091 1092
v 0.002318792277947068 0.06122925877571106 -0.07326516509056091
v -0.0005346598336473107 0.06134822964668274 -0.05658024922013283
v 0.002318792277947068 0.06122925877571106 -0.05658024922013283
f 1093 1094 1095
v 0.0009016377152875066 0.06132296472787857 -0.0982925295829773
v -0.0005346598336473107 0.06134822964668274 -0.0982925295829773
v -0.0005346598336473107 0.06134822964668274 -0.0899500772356987
f 1096 1097 1098
v 0.0009016377152875066 0.06132296472787857 -0.0982925295829773
v -0.0005346598336473107 0.06134822964668274 -0.0899500772356987
v 0.0009016377152875066 0.06132296472787857 -0.0899500772356987
f 1099 1100 1101
v 0.002318792277947068 0.06122925877571106 -0.0982925295829773
v 0.0009016377152875066 0.06132296472787857 -0.0982925295829773
v 0.0009016377152875066 0.06132296472787857 -0.0899500772356987
f 1102 1103 1104
v 0.002318792277947068 0.06122925877571106 -0.0982925295829773
v 0.0009016377152875066 0.06132296472787857 -0.0899500772356987
v 0.002318792277947068 0.06122925877571106 -0.0899500772356987
f 1105 1106 1107
v 0.0009016377152875066 0.06132296472787857 -0.0899500772356987
v -0.0005346598336473107 0.06134822964668274 -0.0899500772356987
v -0.0005346598336473107 0.06134822964668274 -0.07326516509056091
f 1108 1109 1110
v 0.002318792277947068 0.06122925877571106 -0.07326516509056091
v 0.002318792277947068 0.06122925877571106 -0.0899500772356987
v 0.0009016377152875066 0.06132296472787857 -0.0899500772356987
f 1111 1112 1113
v -0.0005346598336473107 0.06134822964668274 -0.07326516509056091
v 0.002318792277947068 0.06122925877571106 -0.07326516509056091
v 0.0009016377152875066 0.06132296472787857 -0.0899500772356987
f 1114 1115 1116
v 0.005078209564089775 0.06084785237908363 -0.0899500772356987
v 0.002318792277947068 0.06122925877571106 -0.0899500772356987
v 0.002318792277947068 0.06122925877571106 -0.07326516509056091
f 1117 1118 1119
v 0.005078209564089775 0.06084785237908363 -0.0899500772356987
v 0.002318792277947068 0.06122925877571106 -0.07326516509056091
v 0.005078209564089775 0.06084785237908363 -0.07326516509056091
f 1120 1121 1122
v 0.010197910480201244 0.059403903782367706 -0.07326516509056091
v 0.007712656166404486 0.060229670256376266 -0.07326516509056091
v 0.007712656166404486 0.060229670256376266 -0.05658024922013283
f 1123 1124 1125
v 0.010197910480201244 0.059403903782367706 -0.07326516509056091
v 0.007712656166404486 0.060229670256376266 -0.05658024922013283
v 0.010197910480201244 0.059403903782367706 -0.05658024922013283
f 1126 1127 1128
v 0.007712656166404486 0.060229670256376266 -0.07326516509056091
v 0.005078209564089775 0.06084785237908363 -0.07326516509056091
v 0.005078209564089775 0.06084785237908363 -0.05658024922013283
f 1129 1130 1131
v 0.007712656166404486 0.060229670256376266 -0.07326516509056091
v 0.005078209564089775 0.06084785237908363 -0.05658024922013283
v 0.007712656166404486 0.060229670256376266 -0.05658024922013283
f 1132 1133 1134
v 0.006412728689610958 0.06056659668684006 -0.0982925295829773
v 0.005078209564089775 0.06084785237908363 -0.0982925295829773
v 0.005078209564089775 0.06084785237908363 -0.0899500772356987
f 1135 1136 1137
v 0.006412728689610958 0.06056659668684006 -0.0982925295829773
v 0.005078209564089775 0.06084785237908363 -0.0899500772356987
v 0.006412728689610958 0.06056659668684006 -0.0899500772356987
f 1138 1139 1140
v 0.007712656166404486 0.060229670256376266 -0.0982925295829773
v 0.006412728689610958 0.06056659668684006 -0.0982925295829773
v 0.006412728689610958 0.06056659668684006 -0.0899500772356987
f 1141 1142 1143
v 0.007712656166404486 0.060229670256376266 -0.0982925295829773
v 0.006412728689610958 0.06056659668684006 -0.0899500772356987
v 0.007712656166404486 0.060229670256376266 -0.0899500772356987
f 1144 1145 1146
v 0.006412728689610958 0.06056659668684006 -0.0899500772356987
v 0.005078209564089775 0.06084785237908363 -0.0899500772356987
v 0.005078209564089775 0.06084785237908363 -0.07326516509056091
f 1147 1148 1149
v 0.007712656166404486 0.060229670256376266 -0.07326516509056091
v 0.007712656166404486 0.060229670256376266 -0.0899500772356987
v 0.006412728689610958 0.06056659668684006 -0.0899500772356987
f 1150 1151 1152
v 0.005078209564089775 0.06084785237908363 -0.07326516509056091
v 0.007712656166404486 0.060229670256376266 -0.07326516509056091
v 0.006412728689610958 0.06056659668684006 -0.0899500772356987
f 1153 1154 1155
v 0.010197910480201244 0.059403903782367706 -0.0899500772356987
v 0.007712656166404486 0.060229670256376266 -0.0899500772356987
v 0.007712656166404486 0.060229670256376266 -0.07326516509056091
f 1156 1157 1158
v 0.010197910480201244 0.059403903782367706 -0.0899500772356987
v 0.007712656166404486 0.060229670256376266 -0.07326516509056091
v 0.010197910480201244 0.059403903782367706 -0.07326516509056091
f 1159 1160 1161
v 0.01526692882180214 0.05688414350152016 -0.07326516509056091
v 0.012749137356877327 0.058287687599658966 -0.07326516509056091
v 0.012749137356877327 0.058287687599658966 -0.05658024922013283
f 1162 1163 1164
v 0.01526692882180214 0.05688414350152016 -0.07326516509056091
v 0.012749137356877327 0.058287687599658966 -0.05658024922013283
v 0.01526692882180214 0.05688414350152016 -0.05658024922013283
f 1165 1166 1167
v 0.012749137356877327 0.058287687599658966 -0.07326516509056091
v 0.010197910480201244 0.059403903782367706 -0.07326516509056091
v 0.010197910480201244 0.059403903782367706 -0.05658024922013283
f 1168 1169 1170
v 0.012749137356877327 0.058287687599658966 -0.07326516509056091
v 0.010197910480201244 0.059403903782367706 -0.05658024922013283
v 0.012749137356877327 0.058287687599658966 -0.05658024922013283
f 1171 1172 1173
v 0.012749137356877327 0.058287687599658966 -0.0899500772356987
v 0.010197910480201244 0.059403903782367706 -0.0899500772356987
v 0.010197910480201244 0.059403903782367706 -0.07326516509056091
f 1174 1175 1176
v 0.012749137356877327 0.058287687599658966 -0.0899500772356987
v 0.010197910480201244 0.059403903782367706 -0.07326516509056091
v 0.012749137356877327 0.058287687599658966 -0.07326516509056091
f 1177 1178 1179
v 0.01526692882180214 0.05688414350152016 -0.0899500772356987
v 0.012749137356877327 0.058287687599658966 -0.0899500772356987
v 0.012749137356877327 0.058287687599658966 -0.07326516509056091
f 1180 1181 1182
v 0.01526692882180214 0.05688414350152016 -0.0899500772356987
v 0.012749137356877327 0.058287687599658966 -0.07326516509056091
v 0.01526692882180214 0.05688414350152016 -0.07326516509056091
f 1183 1184 1185
v 0.019873902201652527 0.05333685874938965 -0.07326516509056091
v 0.017629239708185196 0.05524646118283272 -0.07326516509056091
v 0.017629239708185196 0.05524646118283272 -0.05658024922013283
f 1186 1187 1188
v 0.019873902201652527 0.05333685874938965 -0.07326516509056091
v 0.017629239708185196 0.05524646118283272 -0.05658024922013283
v 0.019873902201652527 0.05333685874938965 -0.05658024922013283
f 1189 1190 1191
v 0.017629239708185196 0.05524646118283272 -0.07326516509056091
v 0.01526692882180214 0.05688414350152016 -0.07326516509056091
v 0.01526692882180214 0.05688414350152016 -0.05658024922013283
f 1192 1193 1194
v 0.017629239708185196 0.05524646118283272 -0.07326516509056091
v 0.01526692882180214 0.05688414350152016 -0.05658024922013283
v 0.017629239708185196 0.05524646118283272 -0.05658024922013283
f 1195 1196 1197
v 0.017629239708185196 0.05524646118283272 -0.0899500772356987
v 0.01526692882180214 0.05688414350152016 -0.0899500772356987
v 0.01526692882180214 0.05688414350152016 -0.07326516509056091
f 1198 1199 1200
v 0.017629239708185196 0.05524646118283272 -0.0899500772356987
v 0.01526692882180214 0.05688414350152016 -0.07326516509056091
v 0.017629239708185196 0.05524646118283272 -0.07326516509056091
f 1201 1202 1203
v 0.019873902201652527 0.05333685874938965 -0.0899500772356987
v 0.017629239708185196 0.05524646118283272 -0.0899500772356987
v 0.017629239708185196 0.05524646118283272 -0.07326516509056091
f 1204 1205 1206
v 0.019873902201652527 0.05333685874938965 -0.0899500772356987
v 0.017629239708185196 0.05524646118283272 -0.07326516509056091
v 0.019873902201652527 0.05333685874938965 -0.07326516509056091
f 1207 1208 1209
v 0.02377636916935444 0.04884033650159836 -0.07326516509056091
v 0.021924199536442757 0.051204241812229156 -0.07326516509056091
v 0.021924199536442757 0.051204241812229156 -0.05658024922013283
f 1210 1211 1212
v 0.02377636916935444 0.04884033650159836 -0.07326516509056091
v 0.021924199536442757 0.051204241812229156 -0.05658024922013283
v 0.02377636916935444 0.04884033650159836 -0.05658024922013283
f 1213 1214 1215
v 0.021924199536442757 0.051204241812229156 -0.07326516509056091
v 0.019873902201652527 0.05333685874938965 -0.07326516509056091
v 0.019873902201652527 0.05333685874938965 -0.05658024922013283
f 1216 1217 1218
v 0.021924199536442757 0.051204241812229156 -0.07326516509056091
v 0.019873902201652527 0.05333685874938965 -0.05658024922013283
v 0.021924199536442757 0.051204241812229156 -0.05658024922013283
f 1219 1220 1221
v 0.021924199536442757 0.051204241812229156 -0.0899500772356987
v 0.019873902201652527 0.05333685874938965 -0.0899500772356987
v 0.019873902201652527 0.05333685874938965 -0.07326516509056091
f 1222 1223 1224
v 0.021924199536442757 0.051204241812229156 -0.0899500772356987
v 0.019873902201652527 0.05333685874938965 -0.07326516509056091
v 0.021924199536442757 0.051204241812229156 -0.07326516509056091
f 1225 1226 1227
v 0.02377636916935444 0.04884033650159836 -0.0899500772356987
v 0.021924199536442757 0.051204241812229156 -0.0899500772356987
v 0.021924199536442757 0.051204241812229156 -0.07326516509056091
f 1228 1229 1230
v 0.02377636916935444 0.04884033650159836 -0.0899500772356987
v 0.021924199536442757 0.051204241812229156 -0.07326516509056091
v 0.02377636916935444 0.04884033650159836 -0.07326516509056091
f 1231 1232 1233
v 0.02853360027074814 0.03789156675338745 -0.07326516509056091
v 0.02777303010225296 0.040787018835544586 -0.07326516509056091
v 0.02777303010225296 0.040787018835544586 -0.05658024922013283
f 1234 1235 1236
v 0.02853360027074814 0.03789156675338745 -0.07326516509056091
v 0.02777303010225296 0.040787018835544586 -0.05658024922013283
v 0.02853360027074814 0.03789156675338745 -0.05658024922013283
f 1237 1238 1239
v 0.02777303010225296 0.040787018835544586 -0.07326516509056091
v 0.026715999469161034 0.04360624775290489 -0.07326516509056091
v 0.026715999469161034 0.04360624775290489 -0.05658024922013283
f 1240 1241 1242
v 0.02777303010225296 0.040787018835544586 -0.07326516509056091
v 0.026715999469161034 0.04360624775290489 -0.05658024922013283
v 0.02777303010225296 0.040787018835544586 -0.05658024922013283
f 1243 1244 1245
v 0.02777303010225296 0.040787018835544586 -0.0899500772356987
v 0.026715999469161034 0.04360624775290489 -0.0899500772356987
v 0.026715999469161034 0.04360624775290489 -0.07326516509056091
f 1246 1247 1248
v 0.02777303010225296 0.040787018835544586 -0.0899500772356987
v 0.026715999469161034 0.04360624775290489 -0.07326516509056091
v 0.02777303010225296 0.040787018835544586 -0.07326516509056091
f 1249 1250 1251
v 0.02853360027074814 0.03789156675338745 -0.0899500772356987
v 0.02777303010225296 0.040787018835544586 -0.0899500772356987
v 0.02777303010225296 0.040787018835544586 -0.07326516509056091
f 1252 1253 1254
v 0.02853360027074814 0.03789156675338745 -0.0899500772356987
v 0.02777303010225296 0.040787018835544586 -0.07326516509056091
v 0.02853360027074814 0.03789156675338745 -0.07326516509056091
f 1255 1256 1257
v 0.02915709652006626 0.03205559775233269 -0.07326516509056091
v 0.028993338346481323 0.03496605157852173 -0.07326516509056091
v 0.028993338346481323 0.03496605157852173 -0.05658024922013283
f 1258 1259 1260
v 0.02915709652006626 0.03205559775233269 -0.07326516509056091
v 0.028993338346481323 0.03496605157852173 -0.05658024922013283
v 0.02915709652006626 0.03205559775233269 -0.05658024922013283
f 1261 1262 1263
v 0.028993338346481323 0.03496605157852173 -0.07326516509056091
v 0.02853360027074814 0.03789156675338745 -0.07326516509056091
v 0.02853360027074814 0.03789156675338745 -0.05658024922013283
f 1264 1265 1266
v 0.028993338346481323 0.03496605157852173 -0.07326516509056091
v 0.02853360027074814 0.03789156675338745 -0.05658024922013283
v 0.028993338346481323 0.03496605157852173 -0.05658024922013283
f 1267 1268 1269
v 0.028993338346481323 0.03496605157852173 -0.0899500772356987
v 0.02853360027074814 0.03789156675338745 -0.0899500772356987
v 0.02853360027074814 0.03789156675338745 -0.07326516509056091
f 1270 1271 1272
v 0.028993338346481323 0.03496605157852173 -0.0899500772356987
v 0.02853360027074814 0.03789156675338745 -0.07326516509056091
v 0.028993338346481323 0.03496605157852173 -0.07326516509056091
f 1273 1274 1275
v 0.02915709652006626 0.03205559775233269 -0.0899500772356987
v 0.028993338346481323 0.03496605157852173 -0.0899500772356987
v 0.028993338346481323 0.03496605157852173 -0.07326516509056091
f 1276 1277 1278
v 0.02915709652006626 0.03205559775233269 -0.0899500772356987
v 0.028993338346481323 0.03496605157852173 -0.07326516509056091
v 0.02915709652006626 0.03205559775233269 -0.07326516509056091
f 1279 1280 1281
v 0.028656719252467155 0.02644272893667221 -0.07326516509056091
v 0.02903812564909458 0.02920214645564556 -0.07326516509056091
v 0.02903812564909458 0.02920214645564556 -0.05658024922013283
f 1282 1283 1284
v 0.028656719252467155 0.02644272893667221 -0.07326516509056091
v 0.02903812564909458 0.02920214645564556 -0.05658024922013283
v 0.028656719252467155 0.02644272893667221 -0.05658024922013283
f 1285 1286 1287
v 0.02903812564909458 0.02920214645564556 -0.07326516509056091
v 0.02915709652006626 0.03205559775233269 -0.07326516509056091
v 0.02915709652006626 0.03205559775233269 -0.05658024922013283
f 1288 1289 1290
v 0.02903812564909458 0.02920214645564556 -0.07326516509056091
v 0.02915709652006626 0.03205559775233269 -0.05658024922013283
v 0.02903812564909458 0.02920214645564556 -0.05658024922013283
f 1291 1292 1293
v 0.02903812564909458 0.02920214645564556 -0.0899500772356987
v 0.02915709652006626 0.03205559775233269 -0.0899500772356987
v 0.02915709652006626 0.03205559775233269 -0.07326516509056091
f 1294 1295 1296
v 0.02903812564909458 0.02920214645564556 -0.0899500772356987
v 0.02915709652006626 0.03205559775233269 -0.07326516509056091
v 0.02903812564909458 0.02920214645564556 -0.07326516509056091
f 1297 1298 1299
v 0.028656719252467155 0.02644272893667221 -0.0899500772356987
v 0.02903812564909458 0.02920214645564556 -0.0899500772356987
v 0.02903812564909458 0.02920214645564556 -0.07326516509056091
f 1300 1301 1302
v 0.028656719252467155 0.02644272893667221 -0.0899500772356987
v 0.02903812564909458 0.02920214645564556 -0.07326516509056091
v 0.028656719252467155 0.02644272893667221 -0.07326516509056091
f 1303 1304 1305
v 0.02721277065575123 0.021323027089238167 -0.07326516509056091
v 0.02803853340446949 0.023808281868696213 -0.07326516509056091
v 0.02803853340446949 0.023808281868696213 -0.05658024922013283
f 1306 1307 1308
v 0.02721277065575123 0.021323027089238167 -0.07326516509056091
v 0.02803853340446949 0.023808281868696213 -0.05658024922013283
v 0.02721277065575123 0.021323027089238167 -0.05658024922013283
f 1309 1310 1311
v 0.02803853340446949 0.023808281868696213 -0.07326516509056091
v 0.028656719252467155 0.02644272893667221 -0.07326516509056091
v 0.028656719252467155 0.02644272893667221 -0.05658024922013283
f 1312 1313 1314
v 0.02803853340446949 0.023808281868696213 -0.07326516509056091
v 0.028656719252467155 0.02644272893667221 -0.05658024922013283
v 0.02803853340446949 0.023808281868696213 -0.05658024922013283
f 1315 1316 1317
v 0.02803853340446949 0.023808281868696213 -0.0899500772356987
v 0.028656719252467155 0.02644272893667221 -0.0899500772356987
v 0.028656719252467155 0.02644272893667221 -0.07326516509056091
f 1318 1319 1320
v 0.02803853340446949 0.023808281868696213 -0.0899500772356987
v 0.028656719252467155 0.02644272893667221 -0.07326516509056091
v 0.02803853340446949 0.023808281868696213 -0.07326516509056091
f 1321 1322 1323
v 0.02721277065575123 0.021323027089238167 -0.0899500772356987
v 0.02803853340446949 0.023808281868696213 -0.0899500772356987
v 0.02803853340446949 0.023808281868696213 -0.07326516509056091
f 1324 1325 1326
v 0.02721277065575123 0.021323027089238167 -0.0899500772356987
v 0.02803853340446949 0.023808281868696213 -0.07326516509056091
v 0.02721277065575123 0.021323027089238167 -0.07326516509056091
f 1327 1328 1329
v 0.02609655261039734 0.01877180114388466 -0.05658024922013283
v 0.02721277065575123 0.021323027089238167 -0.05658024922013283
v 0.02721277065575123 0.021323027089238167 -0.03989533707499504
f 1330 1331 1332
v 0.02469300851225853 0.016254009678959846 -0.03989533707499504
v 0.02609655261039734 0.01877180114388466 -0.05658024922013283
v 0.02721277065575123 0.021323027089238167 -0.03989533707499504
f 1333 1334 1335
v 0.02469300851225853 0.016254009678959846 -0.03989533707499504
v 0.02469300851225853 0.016254009678959846 -0.05658024922013283
v 0.02609655261039734 0.01877180114388466 -0.05658024922013283
f 1336 1337 1338
v 0.02469300851225853 0.016254009678959846 -0.03989533707499504
v 0.02305532619357109 0.01389169879257679 -0.05658024922013283
v 0.02469300851225853 0.016254009678959846 -0.05658024922013283
f 1339 1340 1341
v 0.02305532619357109 0.01389169879257679 -0.05658024922013283
v 0.02469300851225853 0.016254009678959846 -0.03989533707499504
v 0.021145721897482872 0.011647035367786884 -0.03989533707499504
f 1342 1343 1344
v 0.021145721897482872 0.011647035367786884 -0.05658024922013283
v 0.02305532619357109 0.01389169879257679 -0.05658024922013283
v 0.021145721897482872 0.011647035367786884 -0.03989533707499504
f 1345 1346 1347
v 0.021145721897482872 0.011647035367786884 -0.03989533707499504
v 0.01664920337498188 0.00774456886574626 -0.03989533707499504
v 0.01664920337498188 0.00774456886574626 -0.05658024922013283
f 1348 1349 1350
v 0.021145721897482872 0.011647035367786884 -0.03989533707499504
v 0.01664920337498188 0.00774456886574626 -0.05658024922013283
v 0.01901310682296753 0.009596738032996655 -0.05658024922013283
f 1351 1352 1353
v 0.011415112763643265 0.0048049381002783775 -0.03989533707499504
v 0.005700432229787111 0.0029873379971832037 -0.03989533707499504
v 0.008595884777605534 0.0037479077000170946 -0.05658024922013283
f 1354 1355 1356
v 0.011415112763643265 0.0048049381002783775 -0.03989533707499504
v 0.008595884777605534 0.0037479077000170946 -0.05658024922013283
v 0.011415112763643265 0.0048049381002783775 -0.05658024922013283
f 1357 1358 1359
v -0.0001355365093331784 0.002363841747865081 -0.03989533707499504
v 0.0027749172877520323 0.0025276001542806625 -0.05658024922013283
v 0.005700432229787111 0.0029873379971832037 -0.03989533707499504
f 1360 1361 1362
v 0.011415112763643265 0.0048049381002783775 -0.03989533707499504
v 0.011415112763643265 0.0048049381002783775 -0.05658024922013283
v 0.01664920337498188 0.00774456886574626 -0.05658024922013283
f 1363 1364 1365
v 0.011415112763643265 0.0048049381002783775 -0.03989533707499504
v 0.01664920337498188 0.00774456886574626 -0.05658024922013283
v 0.01664920337498188 0.00774456886574626 -0.03989533707499504
f 1366 1367 1368
v -0.0057484060525894165 0.0028642192482948303 -0.03989533707499504
v -0.002988988533616066 0.0024828133173286915 -0.05658024922013283
v -0.0001355365093331784 0.002363841747865081 -0.03989533707499504
f 1369 1370 1371
v 0.021145721897482872 0.011647035367786884 -0.03989533707499504
v 0.01901310682296753 0.009596738032996655 -0.05658024922013283
v 0.021145721897482872 0.011647035367786884 -0.05658024922013283
f 1372 1373 1374
v 0.01664920337498188 0.00774456886574626 -0.07326516509056091
v 0.01664920337498188 0.00774456886574626 -0.05658024922013283
v 0.01411327626556158 0.006144680082798004 -0.07326516509056091
f 1375 1376 1377
v 0.011415112763643265 0.0048049381002783775 -0.05658024922013283
v 0.01411327626556158 0.006144680082798004 -0.07326516509056091
v 0.01664920337498188 0.00774456886574626 -0.05658024922013283
f 1378 1379 1380
v 0.011415112763643265 0.0048049381002783775 -0.07326516509056091
v 0.01411327626556158 0.006144680082798004 -0.07326516509056091
v 0.011415112763643265 0.0048049381002783775 -0.05658024922013283
f 1381 1382 1383
v 0.005700432229787111 0.0029873379971832037 -0.03989533707499504
v 0.005700432229787111 0.0029873379971832037 -0.05658024922013283
v 0.008595884777605534 0.0037479077000170946 -0.05658024922013283
f 1384 1385 1386
v 0.005700432229787111 0.0029873379971832037 -0.03989533707499504
v 0.0027749172877520323 0.0025276001542806625 -0.05658024922013283
v 0.005700432229787111 0.0029873379971832037 -0.05658024922013283
f 1387 1388 1389
v -0.0057484060525894165 0.0028642192482948303 -0.03989533707499504
v -0.0057484060525894165 0.0028642192482948303 -0.05658024922013283
v -0.002988988533616066 0.0024828133173286915 -0.05658024922013283
f 1390 1391 1392
v -0.002988988533616066 0.0024828133173286915 -0.05658024922013283
v -0.0001355365093331784 0.002363841747865081 -0.05658024922013283
v -0.0001355365093331784 0.002363841747865081 -0.03989533707499504
f 1393 1394 1395
v -0.0001355365093331784 0.002363841747865081 -0.05658024922013283
v 0.0027749172877520323 0.0025276001542806625 -0.05658024922013283
v -0.0001355365093331784 0.002363841747865081 -0.03989533707499504
f 1396 1397 1398
v -0.0057484060525894165 0.0028642192482948303 -0.05658024922013283
v -0.0057484060525894165 0.0028642192482948303 -0.03989533707499504
v -0.00838285218924284 0.0034824039321392775 -0.05658024922013283
f 1399 1400 1401
v -0.010868106968700886 0.00430816737934947 -0.03989533707499504
v -0.010868106968700886 0.00430816737934947 -0.05658024922013283
v -0.00838285218924284 0.0034824039321392775 -0.05658024922013283
f 1402 1403 1404
v -0.0057484060525894165 0.0028642192482948303 -0.03989533707499504
v -0.010868106968700886 0.00430816737934947 -0.03989533707499504
v -0.00838285218924284 0.0034824039321392775 -0.05658024922013283
f 1405 1406 1407
v -0.010868106968700886 0.00430816737934947 -0.03989533707499504
v -0.01593712531030178 0.006827929522842169 -0.03989533707499504
v -0.013419333845376968 0.005424385890364647 -0.05658024922013283
f 1408 1409 1410
v -0.010868106968700886 0.00430816737934947 -0.03989533707499504
v -0.013419333845376968 0.005424385890364647 -0.05658024922013283
v -0.010868106968700886 0.00430816737934947 -0.05658024922013283
f 1411 1412 1413
v -0.01593712531030178 0.006827929522842169 -0.03989533707499504
v -0.01593712531030178 0.006827929522842169 -0.05658024922013283
v -0.013419333845376968 0.005424385890364647 -0.05658024922013283
f 1414 1415 1416
v -0.018299436196684837 0.008465612307190895 -0.05658024922013283
v -0.01593712531030178 0.006827929522842169 -0.05658024922013283
v -0.01593712531030178 0.006827929522842169 -0.03989533707499504
f 1417 1418 1419
v -0.02054409869015217 0.01037521567195654 -0.03989533707499504
v -0.018299436196684837 0.008465612307190895 -0.05658024922013283
v -0.01593712531030178 0.006827929522842169 -0.03989533707499504
f 1420 1421 1422
v -0.02054409869015217 0.01037521567195654 -0.03989533707499504
v -0.02444656565785408 0.014871735125780106 -0.03989533707499504
v -0.02444656565785408 0.014871735125780106 -0.05658024922013283
f 1423 1424 1425
v -0.02054409869015217 0.01037521567195654 -0.03989533707499504
v -0.02444656565785408 0.014871735125780106 -0.05658024922013283
v -0.022594396024942398 0.012507832609117031 -0.05658024922013283
f 1426 1427 1428
v -0.02920379675924778 0.025820506736636162 -0.03989533707499504
v -0.0284432265907526 0.022925052791833878 -0.05658024922013283
v -0.027386195957660675 0.02010582573711872 -0.03989533707499504
f 1429 1430 1431
v -0.029827293008565903 0.031656473875045776 -0.03989533707499504
v -0.029326915740966797 0.03726934269070625 -0.03989533707499504
v -0.029326915740966797 0.03726934269070625 -0.05658024922013283
f 1432 1433 1434
v -0.029827293008565903 0.031656473875045776 -0.03989533707499504
v -0.029326915740966797 0.03726934269070625 -0.05658024922013283
v -0.029708322137594223 0.03450992703437805 -0.05658024922013283
f 1435 1436 1437
v -0.02920379675924778 0.025820506736636162 -0.03989533707499504
v -0.029827293008565903 0.031656473875045776 -0.03989533707499504
v -0.029663534834980965 0.028746021911501884 -0.05658024922013283
f 1438 1439 1440
v -0.02920379675924778 0.025820506736636162 -0.03989533707499504
v -0.029663534834980965 0.028746021911501884 -0.05658024922013283
v -0.02920379675924778 0.025820506736636162 -0.05658024922013283
f 1441 1442 1443
v -0.027386195957660675 0.02010582573711872 -0.03989533707499504
v -0.027386195957660675 0.02010582573711872 -0.05658024922013283
v -0.02444656565785408 0.014871735125780106 -0.05658024922013283
f 1444 1445 1446
v -0.027386195957660675 0.02010582573711872 -0.03989533707499504
v -0.02444656565785408 0.014871735125780106 -0.05658024922013283
v -0.02444656565785408 0.014871735125780106 -0.03989533707499504
f 1447 1448 1449
v -0.02788296714425087 0.042389046400785446 -0.03989533707499504
v -0.02870872989296913 0.03990378975868225 -0.05658024922013283
v -0.029326915740966797 0.03726934269070625 -0.03989533707499504
f 1450 1451 1452
v -0.02054409869015217 0.01037521567195654 -0.03989533707499504
v -0.02054409869015217 0.01037521567195654 -0.05658024922013283
v -0.018299436196684837 0.008465612307190895 -0.05658024922013283
f 1453 1454 1455
v -0.02054409869015217 0.01037521567195654 -0.03989533707499504
v -0.022594396024942398 0.012507832609117031 -0.05658024922013283
v -0.02054409869015217 0.01037521567195654 -0.05658024922013283
f 1456 1457 1458
v -0.027386195957660675 0.02010582573711872 -0.03989533707499504
v -0.0284432265907526 0.022925052791833878 -0.05658024922013283
v -0.027386195957660675 0.02010582573711872 -0.05658024922013283
f 1459 1460 1461
v -0.027386195957660675 0.02010582573711872 -0.05658024922013283
v -0.027386195957660675 0.02010582573711872 -0.07326516509056091
v -0.02444656565785408 0.014871735125780106 -0.07326516509056091
f 1462 1463 1464
v -0.027386195957660675 0.02010582573711872 -0.05658024922013283
v -0.02444656565785408 0.014871735125780106 -0.07326516509056091
v -0.02444656565785408 0.014871735125780106 -0.05658024922013283
f 1465 1466 1467
v -0.029827293008565903 0.031656473875045776 -0.03989533707499504
v -0.029827293008565903 0.031656473875045776 -0.05658024922013283
v -0.029663534834980965 0.028746021911501884 -0.05658024922013283
f 1468 1469 1470
v -0.02788296714425087 0.042389046400785446 -0.03989533707499504
v -0.02788296714425087 0.042389046400785446 -0.05658024922013283
v -0.02870872989296913 0.03990378975868225 -0.05658024922013283
f 1471 1472 1473
v -0.02870872989296913 0.03990378975868225 -0.05658024922013283
v -0.029326915740966797 0.03726934269070625 -0.05658024922013283
v -0.029326915740966797 0.03726934269070625 -0.03989533707499504
f 1474 1475 1476
v -0.029708322137594223 0.03450992703437805 -0.05658024922013283
v -0.029827293008565903 0.031656473875045776 -0.05658024922013283
v -0.029827293008565903 0.031656473875045776 -0.03989533707499504
f 1477 1478 1479
v -0.02920379675924778 0.025820506736636162 -0.05658024922013283
v -0.0284432265907526 0.022925052791833878 -0.05658024922013283
v -0.02920379675924778 0.025820506736636162 -0.03989533707499504
f 1480 1481 1482
v -0.02788296714425087 0.042389046400785446 -0.05658024922013283
v -0.02788296714425087 0.042389046400785446 -0.03989533707499504
v -0.02676674909889698 0.044940270483493805 -0.05658024922013283
f 1483 1484 1485
v 0.02721277065575123 0.021323027089238167 -0.10663498938083649
v 0.02721277065575123 0.021323027089238167 -0.0899500772356987
v 0.02609655261039734 0.01877180114388466 -0.0899500772356987
f 1486 1487 1488
v 0.02469300851225853 0.016254009678959846 -0.10663498938083649
v 0.02609655261039734 0.01877180114388466 -0.0899500772356987
v 0.02469300851225853 0.016254009678959846 -0.0899500772356987
f 1489 1490 1491
v 0.021145721897482872 0.011647035367786884 -0.10663498938083649
v 0.02305532619357109 0.01389169879257679 -0.0899500772356987
v 0.021145721897482872 0.011647035367786884 -0.0899500772356987
f 1492 1493 1494
v 0.021145721897482872 0.011647035367786884 -0.10663498938083649
v 0.021145721897482872 0.011647035367786884 -0.0899500772356987
v 0.01901310682296753 0.009596738032996655 -0.0899500772356987
f 1495 1496 1497
v 0.02469300851225853 0.016254009678959846 -0.10663498938083649
v 0.02469300851225853 0.016254009678959846 -0.0899500772356987
v 0.02305532619357109 0.01389169879257679 -0.0899500772356987
f 1498 1499 1500
v 0.01664920337498188 0.00774456886574626 -0.10663498938083649
v 0.01664920337498188 0.00774456886574626 -0.0899500772356987
v 0.01411327626556158 0.006144680082798004 -0.0899500772356987
f 1501 1502 1503
v 0.011415112763643265 0.0048049381002783775 -0.10663498938083649
v 0.01411327626556158 0.006144680082798004 -0.0899500772356987
v 0.011415112763643265 0.0048049381002783775 -0.0899500772356987
f 1504 1505 1506
v 0.005700432229787111 0.0029873379971832037 -0.0982925295829773
v 0.008595884777605534 0.0037479077000170946 -0.0899500772356987
v 0.005700432229787111 0.0029873379971832037 -0.0899500772356987
f 1507 1508 1509
v 0.011415112763643265 0.0048049381002783775 -0.10663498938083649
v 0.011415112763643265 0.0048049381002783775 -0.0899500772356987
v 0.008595884777605534 0.0037479077000170946 -0.0899500772356987
f 1510 1511 1512
v 0.01664920337498188 0.00774456886574626 -0.10663498938083649
v 0.01901310682296753 0.009596738032996655 -0.0899500772356987
v 0.01664920337498188 0.00774456886574626 -0.0899500772356987
f 1513 1514 1515
v 0.021145721897482872 0.011647035367786884 -0.10663498938083649
v 0.02469300851225853 0.016254009678959846 -0.10663498938083649
v 0.02305532619357109 0.01389169879257679 -0.0899500772356987
f 1516 1517 1518
v 0.02609655261039734 0.01877180114388466 -0.0899500772356987
v 0.02469300851225853 0.016254009678959846 -0.10663498938083649
v 0.02721277065575123 0.021323027089238167 -0.10663498938083649
f 1519 1520 1521
v 0.005485234782099724 0.0029431830625981092 -0.1043456420302391
v 0.008595884777605534 0.0037479077000170946 -0.0899500772356987
v 0.005700432229787111 0.0029873379971832037 -0.0982925295829773
f 1522 1523 1524
v 0.01664920337498188 0.00774456886574626 -0.10663498938083649
v 0.021145721897482872 0.011647035367786884 -0.10663498938083649
v 0.01901310682296753 0.009596738032996655 -0.0899500772356987
f 1525 1526 1527
v 0.011415112763643265 0.0048049381002783775 -0.10663498938083649
v 0.01664920337498188 0.00774456886574626 -0.10663498938083649
v 0.01411327626556158 0.006144680082798004 -0.0899500772356987
f 1528 1529 1530
v 0.005485234782099724 0.0029431830625981092 -0.1043456420302391
v 0.005485234782099724 0.0029431830625981092 -0.10663498938083649
v 0.008595884777605534 0.0037479077000170946 -0.0899500772356987
f 1531 1532 1533
v -0.0001355365093331784 0.002363841747865081 -0.0899500772356987
v -0.0001355365093331784 0.002363841747865081 -0.0982925295829773
v 0.0027749172877520323 0.0025276001542806625 -0.0982925295829773
f 1534 1535 1536
v -0.0001355365093331784 0.002363841747865081 -0.0899500772356987
v 0.0027749172877520323 0.0025276001542806625 -0.0982925295829773
v 0.0027749172877520323 0.0025276001542806625 -0.0899500772356987
f 1537 1538 1539
v 0.0027749172877520323 0.0025276001542806625 -0.0982925295829773
v -0.00033509815693832934 0.0023631665389984846 -0.1043456420302391
v 0.005485234782099724 0.0029431830625981092 -0.1043456420302391
f 1540 1541 1542
v 0.008595884777605534 0.0037479077000170946 -0.0899500772356987
v 0.005485234782099724 0.0029431830625981092 -0.10663498938083649
v 0.011415112763643265 0.0048049381002783775 -0.10663498938083649
f 1543 1544 1545
v 0.004238561261445284 0.0027199590113013983 -0.0982925295829773
v 0.0027749172877520323 0.0025276001542806625 -0.0982925295829773
v 0.005485234782099724 0.0029431830625981092 -0.1043456420302391
f 1546 1547 1548
v 0.0027749172877520323 0.0025276001542806625 -0.0982925295829773
v -0.0001355365093331784 0.002363841747865081 -0.0982925295829773
v -0.00033509815693832934 0.0023631665389984846 -0.1043456420302391
f 1549 1550 1551
v 0.005700432229787111 0.0029873379971832037 -0.0982925295829773
v 0.004238561261445284 0.0027199590113013983 -0.0982925295829773
v 0.005485234782099724 0.0029431830625981092 -0.1043456420302391
f 1552 1553 1554
v -0.0057484060525894165 0.0028642192482948303 -0.0899500772356987
v -0.0057484060525894165 0.0028642192482948303 -0.07326516509056091
v -0.00838285218924284 0.0034824039321392775 -0.07326516509056091
f 1555 1556 1557
v -0.010868106968700886 0.00430816737934947 -0.10663498938083649
v -0.00838285218924284 0.0034824039321392775 -0.07326516509056091
v -0.010868106968700886 0.00430816737934947 -0.07326516509056091
f 1558 1559 1560
v -0.010868106968700886 0.00430816737934947 -0.10663498938083649
v -0.013419333845376968 0.005424385890364647 -0.07326516509056091
v -0.01593712531030178 0.006827929522842169 -0.07326516509056091
f 1561 1562 1563
v -0.020268792286515236 0.01011949498206377 -0.10663498938083649
v -0.01593712531030178 0.006827929522842169 -0.07326516509056091
v -0.018299436196684837 0.008465612307190895 -0.07326516509056091
f 1564 1565 1566
v -0.010868106968700886 0.00430816737934947 -0.10663498938083649
v -0.010868106968700886 0.00430816737934947 -0.07326516509056091
v -0.013419333845376968 0.005424385890364647 -0.07326516509056091
f 1567 1568 1569
v -0.020268792286515236 0.01011949498206377 -0.10663498938083649
v -0.02054409869015217 0.01037521567195654 -0.07326516509056091
v -0.022594396024942398 0.012507832609117031 -0.07326516509056091
f 1570 1571 1572
v -0.020268792286515236 0.01011949498206377 -0.10663498938083649
v -0.022594396024942398 0.012507832609117031 -0.07326516509056091
v -0.02444656565785408 0.014871735125780106 -0.07326516509056091
f 1573 1574 1575
v -0.02726234495639801 0.019824713468551636 -0.10663498938083649
v -0.027386195957660675 0.02010582573711872 -0.07326516509056091
v -0.0284432265907526 0.022925052791833878 -0.07326516509056091
f 1576 1577 1578
v -0.029825929552316666 0.03150928020477295 -0.10663498938083649
v -0.02920379675924778 0.025820506736636162 -0.07326516509056091
v -0.029663534834980965 0.028746021911501884 -0.07326516509056091
f 1579 1580 1581
v -0.02726234495639801 0.019824713468551636 -0.10663498938083649
v -0.0284432265907526 0.022925052791833878 -0.07326516509056091
v -0.02920379675924778 0.025820506736636162 -0.07326516509056091
f 1582 1583 1584
v -0.02726234495639801 0.019824713468551636 -0.10663498938083649
v -0.02444656565785408 0.014871735125780106 -0.07326516509056091
v -0.027386195957660675 0.02010582573711872 -0.07326516509056091
f 1585 1586 1587
v -0.020268792286515236 0.01011949498206377 -0.10663498938083649
v -0.018299436196684837 0.008465612307190895 -0.07326516509056091
v -0.02054409869015217 0.01037521567195654 -0.07326516509056091
f 1588 1589 1590
v -0.0001355365093331784 0.002363841747865081 -0.0982925295829773
v -0.0015718339709565043 0.002389108296483755 -0.0982925295829773
v -0.00033509815693832934 0.0023631665389984846 -0.1043456420302391
f 1591 1592 1593
v -0.0057484060525894165 0.0028642192482948303 -0.0899500772356987
v -0.002988988533616066 0.0024828133173286915 -0.0982925295829773
v -0.002988988533616066 0.0024828133173286915 -0.0899500772356987
f 1594 1595 1596
v -0.00033509815693832934 0.0023631665389984846 -0.10663498938083649
v -0.002988988533616066 0.0024828133173286915 -0.0982925295829773
v -0.010868106968700886 0.00430816737934947 -0.10663498938083649
f 1597 1598 1599
v -0.002988988533616066 0.0024828133173286915 -0.0982925295829773
v -0.00033509815693832934 0.0023631665389984846 -0.10663498938083649
v -0.0015718339709565043 0.002389108296483755 -0.0982925295829773
f 1600 1601 1602
v -0.0057484060525894165 0.0028642192482948303 -0.0899500772356987
v -0.010868106968700886 0.00430816737934947 -0.10663498938083649
v -0.002988988533616066 0.0024828133173286915 -0.0982925295829773
f 1603 1604 1605
v -0.0015718339709565043 0.002389108296483755 -0.0982925295829773
v -0.00033509815693832934 0.0023631665389984846 -0.10663498938083649
v -0.00033509815693832934 0.0023631665389984846 -0.1043456420302391
f 1606 1607 1608
v -0.0057484060525894165 0.0028642192482948303 -0.0899500772356987
v -0.00838285218924284 0.0034824039321392775 -0.07326516509056091
v -0.010868106968700886 0.00430816737934947 -0.10663498938083649
f 1609 1610 1611
v -0.029825929552316666 0.03150928020477295 -0.10663498938083649
v -0.029827293008565903 0.031656473875045776 -0.07326516509056091
v -0.029708322137594223 0.03450992703437805 -0.07326516509056091
f 1612 1613 1614
v -0.029825929552316666 0.03150928020477295 -0.10663498938083649
v -0.029708322137594223 0.03450992703437805 -0.07326516509056091
v -0.029326915740966797 0.03726934269070625 -0.07326516509056091
f 1615 1616 1617
v -0.020268792286515236 0.01011949498206377 -0.10663498938083649
v -0.02444656565785408 0.014871735125780106 -0.07326516509056091
v -0.02726234495639801 0.019824713468551636 -0.10663498938083649
f 1618 1619 1620
v -0.02870872989296913 0.03990378975868225 -0.07326516509056091
v -0.02788296714425087 0.042389046400785446 -0.10663498938083649
v -0.029326915740966797 0.03726934269070625 -0.07326516509056091
f 1621 1622 1623
v -0.029825929552316666 0.03150928020477295 -0.10663498938083649
v -0.02726234495639801 0.019824713468551636 -0.10663498938083649
v -0.02920379675924778 0.025820506736636162 -0.07326516509056091
f 1624 1625 1626
v -0.029825929552316666 0.03150928020477295 -0.10663498938083649
v -0.029326915740966797 0.03726934269070625 -0.07326516509056091
v -0.02788296714425087 0.042389046400785446 -0.10663498938083649
f 1627 1628 1629
v -0.020268792286515236 0.01011949498206377 -0.10663498938083649
v -0.010868106968700886 0.00430816737934947 -0.10663498938083649
v -0.01593712531030178 0.006827929522842169 -0.07326516509056091
f 1630 1631 1632
v -0.029825929552316666 0.03150928020477295 -0.10663498938083649
v -0.029663534834980965 0.028746021911501884 -0.07326516509056091
v -0.029827293008565903 0.031656473875045776 -0.07326516509056091
f 1633 1634 1635
v -0.02536320500075817 0.047458063811063766 -0.03989533707499504
v -0.02536320500075817 0.047458063811063766 -0.05658024922013283
v -0.02676674909889698 0.044940270483493805 -0.05658024922013283
f 1636 1637 1638
v -0.02788296714425087 0.042389046400785446 -0.03989533707499504
v -0.02536320500075817 0.047458063811063766 -0.03989533707499504
v -0.02676674909889698 0.044940270483493805 -0.05658024922013283
f 1639 1640 1641
v -0.02536320500075817 0.047458063811063766 -0.03989533707499504
v -0.021815918385982513 0.052065037190914154 -0.03989533707499504
v -0.023725522682070732 0.04982037469744682 -0.05658024922013283
f 1642 1643 1644
v -0.02536320500075817 0.047458063811063766 -0.03989533707499504
v -0.023725522682070732 0.04982037469744682 -0.05658024922013283
v -0.02536320500075817 0.047458063811063766 -0.05658024922013283
f 1645 1646 1647
v -0.021815918385982513 0.052065037190914154 -0.03989533707499504
v -0.021815918385982513 0.052065037190914154 -0.05658024922013283
v -0.023725522682070732 0.04982037469744682 -0.05658024922013283
f 1648 1649 1650
v -0.021815918385982513 0.052065037190914154 -0.05658024922013283
v -0.021815918385982513 0.052065037190914154 -0.03989533707499504
v -0.01968330144882202 0.05411533638834953 -0.05658024922013283
f 1651 1652 1653
v -0.01731939986348152 0.05596750229597092 -0.05658024922013283
v -0.01968330144882202 0.05411533638834953 -0.05658024922013283
v -0.01731939986348152 0.05596750229597092 -0.03989533707499504
f 1654 1655 1656
v -0.012085309252142906 0.05890713632106781 -0.03989533707499504
v -0.012085309252142906 0.05890713632106781 -0.05658024922013283
v -0.01731939986348152 0.05596750229597092 -0.05658024922013283
f 1657 1658 1659
v -0.012085309252142906 0.05890713632106781 -0.03989533707499504
v -0.01731939986348152 0.05596750229597092 -0.05658024922013283
v -0.01731939986348152 0.05596750229597092 -0.03989533707499504
f 1660 1661 1662
v -0.006370628718286753 0.060724735260009766 -0.03989533707499504
v -0.0005346598336473107 0.06134822964668274 -0.03989533707499504
v -0.00344511354342103 0.06118447333574295 -0.05658024922013283
f 1663 1664 1665
v -0.009266081266105175 0.05996416509151459 -0.05658024922013283
v -0.012085309252142906 0.05890713632106781 -0.03989533707499504
v -0.006370628718286753 0.060724735260009766 -0.03989533707499504
f 1666 1667 1668
v -0.0005346598336473107 0.06134822964668274 -0.03989533707499504
v 0.005078209564089775 0.06084785237908363 -0.03989533707499504
v 0.005078209564089775 0.06084785237908363 -0.05658024922013283
f 1669 1670 1671
v -0.0005346598336473107 0.06134822964668274 -0.03989533707499504
v 0.005078209564089775 0.06084785237908363 -0.05658024922013283
v 0.002318792277947068 0.06122925877571106 -0.05658024922013283
f 1672 1673 1674
v -0.021815918385982513 0.052065037190914154 -0.03989533707499504
v -0.01731939986348152 0.05596750229597092 -0.03989533707499504
v -0.01968330144882202 0.05411533638834953 -0.05658024922013283
f 1675 1676 1677
v -0.02788296714425087 0.042389046400785446 -0.10663498938083649
v -0.02788296714425087 0.042389046400785446 -0.07326516509056091
v -0.02676674909889698 0.044940270483493805 -0.07326516509056091
f 1678 1679 1680
v -0.023870298638939857 0.04963028058409691 -0.10663498938083649
v -0.02536320500075817 0.047458063811063766 -0.07326516509056091
v -0.023725522682070732 0.04982037469744682 -0.07326516509056091
f 1681 1682 1683
v -0.023870298638939857 0.04963028058409691 -0.10663498938083649
v -0.023725522682070732 0.04982037469744682 -0.07326516509056091
v -0.021815918385982513 0.052065037190914154 -0.07326516509056091
f 1684 1685 1686
v -0.023870298638939857 0.04963028058409691 -0.10663498938083649
v -0.02676674909889698 0.044940270483493805 -0.07326516509056091
v -0.02536320500075817 0.047458063811063766 -0.07326516509056091
f 1687 1688 1689
v -0.012085309252142906 0.05890713632106781 -0.05658024922013283
v -0.012085309252142906 0.05890713632106781 -0.07326516509056091
v -0.01731939986348152 0.05596750229597092 -0.07326516509056091
f 1690 1691 1692
v -0.012085309252142906 0.05890713632106781 -0.05658024922013283
v -0.01731939986348152 0.05596750229597092 -0.07326516509056091
v -0.01731939986348152 0.05596750229597092 -0.05658024922013283
f 1693 1694 1695
v -0.012085309252142906 0.05890713632106781 -0.03989533707499504
v -0.009266081266105175 0.05996416509151459 -0.05658024922013283
v -0.012085309252142906 0.05890713632106781 -0.05658024922013283
f 1696 1697 1698
v -0.006370628718286753 0.060724735260009766 -0.03989533707499504
v -0.006370628718286753 0.060724735260009766 -0.05658024922013283
v -0.009266081266105175 0.05996416509151459 -0.05658024922013283
f 1699 1700 1701
v -0.0005346598336473107 0.06134822964668274 -0.03989533707499504
v -0.0005346598336473107 0.06134822964668274 -0.05658024922013283
v -0.00344511354342103 0.06118447333574295 -0.05658024922013283
f 1702 1703 1704
v 0.002318792277947068 0.06122925877571106 -0.05658024922013283
v -0.0005346598336473107 0.06134822964668274 -0.05658024922013283
v -0.0005346598336473107 0.06134822964668274 -0.03989533707499504
f 1705 1706 1707
v -0.00344511354342103 0.06118447333574295 -0.05658024922013283
v -0.006370628718286753 0.060724735260009766 -0.05658024922013283
v -0.006370628718286753 0.060724735260009766 -0.03989533707499504
f 1708 1709 1710
v 0.005078209564089775 0.06084785237908363 -0.05658024922013283
v 0.005078209564089775 0.06084785237908363 -0.03989533707499504
v 0.007712656166404486 0.060229670256376266 -0.05658024922013283
f 1711 1712 1713
v 0.010197910480201244 0.059403903782367706 -0.03989533707499504
v 0.010197910480201244 0.059403903782367706 -0.05658024922013283
v 0.007712656166404486 0.060229670256376266 -0.05658024922013283
f 1714 1715 1716
v 0.005078209564089775 0.06084785237908363 -0.03989533707499504
v 0.010197910480201244 0.059403903782367706 -0.03989533707499504
v 0.007712656166404486 0.060229670256376266 -0.05658024922013283
f 1717 1718 1719
v 0.01526692882180214 0.05688414350152016 -0.03989533707499504
v 0.012749137356877327 0.058287687599658966 -0.05658024922013283
v 0.010197910480201244 0.059403903782367706 -0.03989533707499504
f 1720 1721 1722
v 0.010197910480201244 0.059403903782367706 -0.03989533707499504
v 0.012749137356877327 0.058287687599658966 -0.05658024922013283
v 0.010197910480201244 0.059403903782367706 -0.05658024922013283
f 1723 1724 1725
v 0.01526692882180214 0.05688414350152016 -0.03989533707499504
v 0.01526692882180214 0.05688414350152016 -0.05658024922013283
v 0.012749137356877327 0.058287687599658966 -0.05658024922013283
f 1726 1727 1728
v 0.017629239708185196 0.05524646118283272 -0.05658024922013283
v 0.01526692882180214 0.05688414350152016 -0.05658024922013283
v 0.01526692882180214 0.05688414350152016 -0.03989533707499504
f 1729 1730 1731
v 0.019873902201652527 0.05333685874938965 -0.03989533707499504
v 0.017629239708185196 0.05524646118283272 -0.05658024922013283
v 0.01526692882180214 0.05688414350152016 -0.03989533707499504
f 1732 1733 1734
v 0.02377636916935444 0.04884033650159836 -0.03989533707499504
v 0.021924199536442757 0.051204241812229156 -0.05658024922013283
v 0.019873902201652527 0.05333685874938965 -0.03989533707499504
f 1735 1736 1737
v 0.02853360027074814 0.03789156675338745 -0.03989533707499504
v 0.02777303010225296 0.040787018835544586 -0.05658024922013283
v 0.026715999469161034 0.04360624775290489 -0.03989533707499504
f 1738 1739 1740
v 0.028656719252467155 0.02644272893667221 -0.03989533707499504
v 0.02903812564909458 0.02920214645564556 -0.05658024922013283
v 0.02915709652006626 0.03205559775233269 -0.03989533707499504
f 1741 1742 1743
v 0.02853360027074814 0.03789156675338745 -0.03989533707499504
v 0.02915709652006626 0.03205559775233269 -0.03989533707499504
v 0.02915709652006626 0.03205559775233269 -0.05658024922013283
f 1744 1745 1746
v 0.02853360027074814 0.03789156675338745 -0.03989533707499504
v 0.02915709652006626 0.03205559775233269 -0.05658024922013283
v 0.028993338346481323 0.03496605157852173 -0.05658024922013283
f 1747 1748 1749
v 0.026715999469161034 0.04360624775290489 -0.03989533707499504
v 0.026715999469161034 0.04360624775290489 -0.05658024922013283
v 0.02377636916935444 0.04884033650159836 -0.05658024922013283
f 1750 1751 1752
v 0.026715999469161034 0.04360624775290489 -0.03989533707499504
v 0.02377636916935444 0.04884033650159836 -0.05658024922013283
v 0.02377636916935444 0.04884033650159836 -0.03989533707499504
f 1753 1754 1755
v 0.02721277065575123 0.021323027089238167 -0.03989533707499504
v 0.02803853340446949 0.023808281868696213 -0.05658024922013283
v 0.028656719252467155 0.02644272893667221 -0.03989533707499504
f 1756 1757 1758
v 0.019873902201652527 0.05333685874938965 -0.03989533707499504
v 0.019873902201652527 0.05333685874938965 -0.05658024922013283
v 0.017629239708185196 0.05524646118283272 -0.05658024922013283
f 1759 1760 1761
v 0.019873902201652527 0.05333685874938965 -0.03989533707499504
v 0.021924199536442757 0.051204241812229156 -0.05658024922013283
v 0.019873902201652527 0.05333685874938965 -0.05658024922013283
f 1762 1763 1764
v 0.026715999469161034 0.04360624775290489 -0.03989533707499504
v 0.02777303010225296 0.040787018835544586 -0.05658024922013283
v 0.026715999469161034 0.04360624775290489 -0.05658024922013283
f 1765 1766 1767
v 0.026715999469161034 0.04360624775290489 -0.05658024922013283
v 0.026715999469161034 0.04360624775290489 -0.07326516509056091
v 0.02377636916935444 0.04884033650159836 -0.07326516509056091
f 1768 1769 1770
v 0.026715999469161034 0.04360624775290489 -0.05658024922013283
v 0.02377636916935444 0.04884033650159836 -0.07326516509056091
v 0.02377636916935444 0.04884033650159836 -0.05658024922013283
f 1771 1772 1773
v 0.02377636916935444 0.04884033650159836 -0.05658024922013283
v 0.021924199536442757 0.051204241812229156 -0.05658024922013283
v 0.02377636916935444 0.04884033650159836 -0.03989533707499504
f 1774 1775 1776
v 0.02853360027074814 0.03789156675338745 -0.03989533707499504
v 0.028993338346481323 0.03496605157852173 -0.05658024922013283
v 0.02853360027074814 0.03789156675338745 -0.05658024922013283
f 1777 1778 1779
v 0.028656719252467155 0.02644272893667221 -0.03989533707499504
v 0.028656719252467155 0.02644272893667221 -0.05658024922013283
v 0.02903812564909458 0.02920214645564556 -0.05658024922013283
f 1780 1781 1782
v 0.02721277065575123 0.021323027089238167 -0.03989533707499504
v 0.02721277065575123 0.021323027089238167 -0.05658024922013283
v 0.02803853340446949 0.023808281868696213 -0.05658024922013283
f 1783 1784 1785
v 0.02803853340446949 0.023808281868696213 -0.05658024922013283
v 0.028656719252467155 0.02644272893667221 -0.05658024922013283
v 0.028656719252467155 0.02644272893667221 -0.03989533707499504
f 1786 1787 1788
v 0.02903812564909458 0.02920214645564556 -0.05658024922013283
v 0.02915709652006626 0.03205559775233269 -0.05658024922013283
v 0.02915709652006626 0.03205559775233269 -0.03989533707499504
f 1789 1790 1791
v 0.02853360027074814 0.03789156675338745 -0.05658024922013283
v 0.02777303010225296 0.040787018835544586 -0.05658024922013283
v 0.02853360027074814 0.03789156675338745 -0.03989533707499504
f 1792 1793 1794
v -0.01731939986348152 0.05596750229597092 -0.07326516509056091
v -0.017483316361904144 0.055851202458143234 -0.10663498938083649
v -0.01968330144882202 0.05411533638834953 -0.07326516509056091
f 1795 1796 1797
v -0.012085309252142906 0.05890713632106781 -0.07326516509056091
v -0.017483316361904144 0.055851202458143234 -0.10663498938083649
v -0.01731939986348152 0.05596750229597092 -0.07326516509056091
f 1798 1799 1800
v -0.006370628718286753 0.060724735260009766 -0.0899500772356987
v -0.009266081266105175 0.05996416509151459 -0.07326516509056091
v -0.006370628718286753 0.060724735260009766 -0.07326516509056091
f 1801 1802 1803
v -0.009263448417186737 0.05996500328183174 -0.10663498938083649
v -0.012085309252142906 0.05890713632106781 -0.07326516509056091
v -0.009266081266105175 0.05996416509151459 -0.07326516509056091
f 1804 1805 1806
v -0.006370628718286753 0.060724735260009766 -0.0899500772356987
v -0.009263448417186737 0.05996500328183174 -0.10663498938083649
v -0.009266081266105175 0.05996416509151459 -0.07326516509056091
f 1807 1808 1809
v -0.0005346598336473107 0.06134822964668274 -0.0982925295829773
v -0.00344511354342103 0.06118447333574295 -0.0899500772356987
v -0.0005346598336473107 0.06134822964668274 -0.0899500772356987
f 1810 1811 1812
v 0.005078209564089775 0.06084785237908363 -0.0899500772356987
v 0.005078209564089775 0.06084785237908363 -0.0982925295829773
v 0.002318792277947068 0.06122925877571106 -0.0982925295829773
f 1813 1814 1815
v 0.005078209564089775 0.06084785237908363 -0.0899500772356987
v 0.002318792277947068 0.06122925877571106 -0.0982925295829773
v 0.002318792277947068 0.06122925877571106 -0.0899500772356987
f 1816 1817 1818
v 0.010197910480201244 0.059403903782367706 -0.0899500772356987
v 0.007712656166404486 0.060229670256376266 -0.0982925295829773
v 0.007712656166404486 0.060229670256376266 -0.0899500772356987
f 1819 1820 1821
v -0.009263448417186737 0.05996500328183174 -0.10663498938083649
v -0.006370628718286753 0.060724735260009766 -0.0899500772356987
v -0.00344511354342103 0.06118447333574295 -0.0899500772356987
f 1822 1823 1824
v -0.00344511354342103 0.06118447333574295 -0.0899500772356987
v -0.0005346598336473107 0.06134822964668274 -0.0982925295829773
v -0.00033509815693832934 0.06134890764951706 -0.1043456420302391
f 1825 1826 1827
v -0.017483316361904144 0.055851202458143234 -0.10663498938083649
v -0.023870298638939857 0.04963028058409691 -0.10663498938083649
v -0.021815918385982513 0.052065037190914154 -0.07326516509056091
f 1828 1829 1830
v -0.017483316361904144 0.055851202458143234 -0.10663498938083649
v -0.021815918385982513 0.052065037190914154 -0.07326516509056091
v -0.01968330144882202 0.05411533638834953 -0.07326516509056091
f 1831 1832 1833
v -0.023870298638939857 0.04963028058409691 -0.10663498938083649
v -0.02788296714425087 0.042389046400785446 -0.10663498938083649
v -0.02676674909889698 0.044940270483493805 -0.07326516509056091
f 1834 1835 1836
v -0.009263448417186737 0.05996500328183174 -0.10663498938083649
v -0.017483316361904144 0.055851202458143234 -0.10663498938083649
v -0.012085309252142906 0.05890713632106781 -0.07326516509056091
f 1837 1838 1839
v -0.00033509815693832934 0.06134890764951706 -0.10663498938083649
v -0.00344511354342103 0.06118447333574295 -0.0899500772356987
v -0.00033509815693832934 0.06134890764951706 -0.1043456420302391
f 1840 1841 1842
v -0.00033509815693832934 0.06134890764951706 -0.10663498938083649
v -0.009263448417186737 0.05996500328183174 -0.10663498938083649
v -0.00344511354342103 0.06118447333574295 -0.0899500772356987
f 1843 1844 1845
v 0.0009016377152875066 0.06132296472787857 -0.0982925295829773
v 0.002318792277947068 0.06122925877571106 -0.0982925295829773
v -0.00033509815693832934 0.06134890764951706 -0.1043456420302391
f 1846 1847 1848
v 0.005485234782099724 0.060768891125917435 -0.1043456420302391
v 0.002318792277947068 0.06122925877571106 -0.0982925295829773
v 0.005078209564089775 0.06084785237908363 -0.0982925295829773
f 1849 1850 1851
v 0.006412728689610958 0.06056659668684006 -0.0982925295829773
v 0.005485234782099724 0.060768891125917435 -0.10663498938083649
v 0.005485234782099724 0.060768891125917435 -0.1043456420302391
f 1852 1853 1854
v 0.005485234782099724 0.060768891125917435 -0.10663498938083649
v 0.006412728689610958 0.06056659668684006 -0.0982925295829773
v 0.007712656166404486 0.060229670256376266 -0.0982925295829773
f 1855 1856 1857
v 0.006412728689610958 0.06056659668684006 -0.0982925295829773
v 0.005485234782099724 0.060768891125917435 -0.1043456420302391
v 0.005078209564089775 0.06084785237908363 -0.0982925295829773
f 1858 1859 1860
v 0.007712656166404486 0.060229670256376266 -0.0982925295829773
v 0.010197910480201244 0.059403903782367706 -0.10663498938083649
v 0.005485234782099724 0.060768891125917435 -0.10663498938083649
f 1861 1862 1863
v 0.005485234782099724 0.060768891125917435 -0.1043456420302391
v -0.00033509815693832934 0.06134890764951706 -0.1043456420302391
v 0.002318792277947068 0.06122925877571106 -0.0982925295829773
f 1864 1865 1866
v -0.00033509815693832934 0.06134890764951706 -0.1043456420302391
v -0.0005346598336473107 0.06134822964668274 -0.0982925295829773
v 0.0009016377152875066 0.06132296472787857 -0.0982925295829773
f 1867 1868 1869
v 0.010197910480201244 0.059403903782367706 -0.10663498938083649
v 0.007712656166404486 0.060229670256376266 -0.0982925295829773
v 0.010197910480201244 0.059403903782367706 -0.0899500772356987
f 1870 1871 1872
v 0.01526692882180214 0.05688414350152016 -0.10663498938083649
v 0.012749137356877327 0.058287687599658966 -0.0899500772356987
v 0.01526692882180214 0.05688414350152016 -0.0899500772356987
f 1873 1874 1875
v 0.019873902201652527 0.05333685874938965 -0.10663498938083649
v 0.017629239708185196 0.05524646118283272 -0.0899500772356987
v 0.019873902201652527 0.05333685874938965 -0.0899500772356987
f 1876 1877 1878
v 0.019873902201652527 0.05333685874938965 -0.10663498938083649
v 0.019873902201652527 0.05333685874938965 -0.0899500772356987
v 0.021924199536442757 0.051204241812229156 -0.0899500772356987
f 1879 1880 1881
v 0.01526692882180214 0.05688414350152016 -0.10663498938083649
v 0.01526692882180214 0.05688414350152016 -0.0899500772356987
v 0.017629239708185196 0.05524646118283272 -0.0899500772356987
f 1882 1883 1884
v 0.026715999469161034 0.04360624775290489 -0.07326516509056091
v 0.026715999469161034 0.04360624775290489 -0.0899500772356987
v 0.02377636916935444 0.04884033650159836 -0.0899500772356987
f 1885 1886 1887
v 0.026715999469161034 0.04360624775290489 -0.07326516509056091
v 0.02377636916935444 0.04884033650159836 -0.0899500772356987
v 0.02377636916935444 0.04884033650159836 -0.07326516509056091
f 1888 1889 1890
v 0.026715999469161034 0.04360624775290489 -0.0899500772356987
v 0.026715999469161034 0.04360624775290489 -0.10663498938083649
v 0.02377636916935444 0.04884033650159836 -0.10663498938083649
f 1891 1892 1893
v 0.026715999469161034 0.04360624775290489 -0.0899500772356987
v 0.02377636916935444 0.04884033650159836 -0.10663498938083649
v 0.02377636916935444 0.04884033650159836 -0.0899500772356987
f 1894 1895 1896
v 0.02853360027074814 0.03789156675338745 -0.10663498938083649
v 0.02777303010225296 0.040787018835544586 -0.0899500772356987
v 0.02853360027074814 0.03789156675338745 -0.0899500772356987
f 1897 1898 1899
v 0.02915709652006626 0.03205559775233269 -0.10663498938083649
v 0.028993338346481323 0.03496605157852173 -0.0899500772356987
v 0.02915709652006626 0.03205559775233269 -0.0899500772356987
f 1900 1901 1902
v 0.02853360027074814 0.03789156675338745 -0.10663498938083649
v 0.02853360027074814 0.03789156675338745 -0.0899500772356987
v 0.028993338346481323 0.03496605157852173 -0.0899500772356987
f 1903 1904 1905
v 0.026715999469161034 0.04360624775290489 -0.10663498938083649
v 0.026715999469161034 0.04360624775290489 -0.0899500772356987
v 0.02777303010225296 0.040787018835544586 -0.0899500772356987
f 1906 1907 1908
v 0.02377636916935444 0.04884033650159836 -0.10663498938083649
v 0.021924199536442757 0.051204241812229156 -0.0899500772356987
v 0.02377636916935444 0.04884033650159836 -0.0899500772356987
f 1909 1910 1911
v 0.01526692882180214 0.05688414350152016 -0.10663498938083649
v 0.010197910480201244 0.059403903782367706 -0.10663498938083649
v 0.012749137356877327 0.058287687599658966 -0.0899500772356987
f 1912 1913 1914
v 0.019873902201652527 0.05333685874938965 -0.10663498938083649
v 0.01526692882180214 0.05688414350152016 -0.10663498938083649
v 0.017629239708185196 0.05524646118283272 -0.0899500772356987
f 1915 1916 1917
v 0.02853360027074814 0.03789156675338745 -0.10663498938083649
v 0.026715999469161034 0.04360624775290489 -0.10663498938083649
v 0.02777303010225296 0.040787018835544586 -0.0899500772356987
f 1918 1919 1920
v 0.019873902201652527 0.05333685874938965 -0.10663498938083649
v 0.021924199536442757 0.051204241812229156 -0.0899500772356987
v 0.02377636916935444 0.04884033650159836 -0.10663498938083649
f 1921 1922 1923
v 0.028656719252467155 0.02644272893667221 -0.10663498938083649
v 0.02903812564909458 0.02920214645564556 -0.0899500772356987
v 0.028656719252467155 0.02644272893667221 -0.0899500772356987
f 1924 1925 1926
v 0.028656719252467155 0.02644272893667221 -0.10663498938083649
v 0.028656719252467155 0.02644272893667221 -0.0899500772356987
v 0.02803853340446949 0.023808281868696213 -0.0899500772356987
f 1927 1928 1929
v 0.028656719252467155 0.02644272893667221 -0.10663498938083649
v 0.02915709652006626 0.03205559775233269 -0.10663498938083649
v 0.02903812564909458 0.02920214645564556 -0.0899500772356987
f 1930 1931 1932
v 0.02803853340446949 0.023808281868696213 -0.0899500772356987
v 0.02721277065575123 0.021323027089238167 -0.10663498938083649
v 0.028656719252467155 0.02644272893667221 -0.10663498938083649
f 1933 1934 1935
v 0.02803853340446949 0.023808281868696213 -0.0899500772356987
v 0.02721277065575123 0.021323027089238167 -0.0899500772356987
v 0.02721277065575123 0.021323027089238167 -0.10663498938083649
f 1936 1937 1938
v 0.028993338346481323 0.03496605157852173 -0.0899500772356987
v 0.02915709652006626 0.03205559775233269 -0.10663498938083649
v 0.02853360027074814 0.03789156675338745 -0.10663498938083649
f 1939 1940 1941
v 0.02903812564909458 0.02920214645564556 -0.0899500772356987
v 0.02915709652006626 0.03205559775233269 -0.10663498938083649
v 0.02915709652006626 0.03205559775233269 -0.0899500772356987
f 1942 1943 1944
v 0.010197910480201244 0.059403903782367706 -0.0899500772356987
v 0.012749137356877327 0.058287687599658966 -0.0899500772356987
v 0.010197910480201244 0.059403903782367706 -0.10663498938083649
f 1945 1946 1947
v -0.02870872989296913 0.03990378975868225 -0.07326516509056091
v -0.02788296714425087 0.042389046400785446 -0.07326516509056091
v -0.02788296714425087 0.042389046400785446 -0.10663498938083649
f 1948 1949 1950
v -0.029825929552316666 0.03150928020477295 -0.10663498938083649
v -0.023870298638939857 0.04963028058409691 -0.10663498938083649
v -0.017483316361904144 0.055851202458143234 -0.10663498938083649
f 1951 1952 1953
v -0.02788296714425087 0.042389046400785446 -0.10663498938083649
v -0.023870298638939857 0.04963028058409691 -0.10663498938083649
v -0.029825929552316666 0.03150928020477295 -0.10663498938083649
f 1954 1955 1956
v -0.02726234495639801 0.019824713468551636 -0.10663498938083649
v -0.029825929552316666 0.03150928020477295 -0.10663498938083649
v -0.017483316361904144 0.055851202458143234 -0.10663498938083649
f 1957 1958 1959
v -0.02726234495639801 0.019824713468551636 -0.10663498938083649
v -0.017483316361904144 0.055851202458143234 -0.10663498938083649
v -0.009263448417186737 0.05996500328183174 -0.10663498938083649
f 1960 1961 1962
v -0.00033509815693832934 0.06134890764951706 -0.10663498938083649
v -0.020268792286515236 0.01011949498206377 -0.10663498938083649
v -0.009263448417186737 0.05996500328183174 -0.10663498938083649
f 1963 1964 1965
v -0.00033509815693832934 0.03185603767633438 -0.10663498938083649
v -0.020268792286515236 0.01011949498206377 -0.10663498938083649
v -0.00033509815693832934 0.06134890764951706 -0.10663498938083649
f 1966 1967 1968
v -0.020268792286515236 0.01011949498206377 -0.10663498938083649
v -0.00033509815693832934 0.03185603767633438 -0.10663498938083649
v -0.010868106968700886 0.00430816737934947 -0.10663498938083649
f 1969 1970 1971
v -0.00033509815693832934 0.0023631665389984846 -0.10663498938083649
v -0.010868106968700886 0.00430816737934947 -0.10663498938083649
v -0.00033509815693832934 0.03185603767633438 -0.10663498938083649
f 1972 1973 1974
v -0.02726234495639801 0.019824713468551636 -0.10663498938083649
v -0.009263448417186737 0.05996500328183174 -0.10663498938083649
v -0.020268792286515236 0.01011949498206377 -0.10663498938083649
f 1975 1976 1977
v 0.019999314099550247 0.026524996384978294 -0.10663498938083649
v 0.011970615945756435 0.029594792053103447 -0.10663498938083649
v 0.01682949997484684 0.04230264201760292 -0.10663498938083649
f 1978 1979 1980
v 0.019999314099550247 0.026524996384978294 -0.10663498938083649
v 0.01682949997484684 0.04230264201760292 -0.10663498938083649
v 0.024858197197318077 0.03923284634947777 -0.10663498938083649
f 1981 1982 1983
v 0.011970615945756435 0.029594792053103447 -0.10663498938083649
v 0.019999314099550247 0.026524996384978294 -0.10663498938083649
v 0.015140431001782417 0.013817147351801395 -0.10663498938083649
f 1984 1985 1986
v 0.010197910480201244 0.059403903782367706 -0.10663498938083649
v 0.005485234782099724 0.04149365425109863 -0.10663498938083649
v 0.005485234782099724 0.060768891125917435 -0.10663498938083649
f 1987 1988 1989
v 0.019873902201652527 0.05333685874938965 -0.10663498938083649
v 0.01682949997484684 0.04230264201760292 -0.10663498938083649
v 0.01526692882180214 0.05688414350152016 -0.10663498938083649
f 1990 1991 1992
v 0.005485234782099724 0.04149365425109863 -0.10663498938083649
v 0.010197910480201244 0.059403903782367706 -0.10663498938083649
v 0.01526692882180214 0.05688414350152016 -0.10663498938083649
f 1993 1994 1995
v 0.01682949997484684 0.04230264201760292 -0.10663498938083649
v 0.019873902201652527 0.05333685874938965 -0.10663498938083649
v 0.02377636916935444 0.04884033650159836 -0.10663498938083649
f 1996 1997 1998
v 0.011970615945756435 0.029594792053103447 -0.10663498938083649
v 0.005485234782099724 0.02221841923892498 -0.10663498938083649
v 0.005485234782099724 0.04149365425109863 -0.10663498938083649
f 1999 2000 2001
v 0.01526692882180214 0.05688414350152016 -0.10663498938083649
v 0.01682949997484684 0.04230264201760292 -0.10663498938083649
v 0.005485234782099724 0.04149365425109863 -0.10663498938083649
f 2002 2003 2004
v 0.01682949997484684 0.04230264201760292 -0.10663498938083649
v 0.011970615945756435 0.029594792053103447 -0.10663498938083649
v 0.005485234782099724 0.04149365425109863 -0.10663498938083649
f 2005 2006 2007
v 0.005485234782099724 0.0029431830625981092 -0.10663498938083649
v 0.015140431001782417 0.013817147351801395 -0.10663498938083649
v 0.011415112763643265 0.0048049381002783775 -0.10663498938083649
f 2008 2009 2010
v 0.005485234782099724 0.0029431830625981092 -0.10663498938083649
v 0.005485234782099724 0.02221841923892498 -0.10663498938083649
v 0.015140431001782417 0.013817147351801395 -0.10663498938083649
f 2011 2012 2013
v 0.015140431001782417 0.013817147351801395 -0.10663498938083649
v 0.005485234782099724 0.02221841923892498 -0.10663498938083649
v 0.011970615945756435 0.029594792053103447 -0.10663498938083649
f 2014 2015 2016
v 0.02377636916935444 0.04884033650159836 -0.10663498938083649
v 0.024858197197318077 0.03923284634947777 -0.10663498938083649
v 0.01682949997484684 0.04230264201760292 -0.10663498938083649
f 2017 2018 2019
v 0.02853360027074814 0.03789156675338745 -0.10663498938083649
v 0.024858197197318077 0.03923284634947777 -0.10663498938083649
v 0.026715999469161034 0.04360624775290489 -0.10663498938083649
f 2020 2021 2022
v 0.02377636916935444 0.04884033650159836 -0.10663498938083649
v 0.026715999469161034 0.04360624775290489 -0.10663498938083649
v 0.024858197197318077 0.03923284634947777 -0.10663498938083649
f 2023 2024 2025
v 0.019999314099550247 0.026524996384978294 -0.10663498938083649
v 0.024858197197318077 0.03923284634947777 -0.10663498938083649
v 0.02915709652006626 0.03205559775233269 -0.10663498938083649
f 2026 2027 2028
v 0.02853360027074814 0.03789156675338745 -0.10663498938083649
v 0.02915709652006626 0.03205559775233269 -0.10663498938083649
v 0.024858197197318077 0.03923284634947777 -0.10663498938083649
f 2029 2030 2031
v 0.028656719252467155 0.02644272893667221 -0.10663498938083649
v 0.019999314099550247 0.026524996384978294 -0.10663498938083649
v 0.02915709652006626 0.03205559775233269 -0.10663498938083649
f 2032 2033 2034
v 0.01664920337498188 0.00774456886574626 -0.10663498938083649
v 0.015140431001782417 0.013817147351801395 -0.10663498938083649
v 0.021145721897482872 0.011647035367786884 -0.10663498938083649
f 2035 2036 2037
v 0.019999314099550247 0.026524996384978294 -0.10663498938083649
v 0.02469300851225853 0.016254009678959846 -0.10663498938083649
v 0.015140431001782417 0.013817147351801395 -0.10663498938083649
f 2038 2039 2040
v 0.011415112763643265 0.0048049381002783775 -0.10663498938083649
v 0.015140431001782417 0.013817147351801395 -0.10663498938083649
v 0.01664920337498188 0.00774456886574626 -0.10663498938083649
f 2041 2042 2043
v 0.021145721897482872 0.011647035367786884 -0.10663498938083649
v 0.015140431001782417 0.013817147351801395 -0.10663498938083649
v 0.02469300851225853 0.016254009678959846 -0.10663498938083649
f 2044 2045 2046
v 0.02721277065575123 0.021323027089238167 -0.10663498938083649
v 0.02469300851225853 0.016254009678959846 -0.10663498938083649
v 0.019999314099550247 0.026524996384978294 -0.10663498938083649
f 2047 2048 2049
v 0.02721277065575123 0.021323027089238167 -0.10663498938083649
v 0.019999314099550247 0.026524996384978294 -0.10663498938083649
v 0.028656719252467155 0.02644272893667221 -0.10663498938083649
f 2050 2051 2052
